directline#1#2010-04-16#BMW#3#100#K1000#Garage#si#0#Persona fisica#M#34#BO#92100#ALESSANDRIA#4##Impiegato#M#34#BO#92100#ALESSANDRIA#veicolo già assicurato con atr#No#No#BM#13#0#0#0#0#0#0#0#0#3,000,000
directline#2#2010-04-16#BMW#3#100#K1000#Garage#si#0#Persona fisica#M#34#BO#15122#ALESSANDRIA#4##Impiegato#M#34#BO#15122#ALESSANDRIA#veicolo già assicurato con atr#No#No#BM#13#0#0#0#0#0#0#0#0#3,000,000
directline#3#2010-04-16#BMW#3#100#K1000#Garage#si#0#Persona fisica#M#34#BO#60122#ALESSANDRIA#4##Impiegato#M#34#BO#60122#ALESSANDRIA#veicolo già assicurato con atr#No#No#BM#13#0#0#0#0#0#0#0#0#3,000,000
directline#4#2010-04-16#BMW#3#100#K1000#Garage#si#0#Persona fisica#M#34#BO#11100#ALESSANDRIA#4##Impiegato#M#34#BO#11100#ALESSANDRIA#veicolo già assicurato con atr#No#No#BM#13#0#0#0#0#0#0#0#0#3,000,000
directline#5#2010-04-16#BMW#3#100#K1000#Garage#si#0#Persona fisica#M#34#BO#63100#ALESSANDRIA#4##Impiegato#M#34#BO#63100#ALESSANDRIA#veicolo già assicurato con atr#No#No#BM#13#0#0#0#0#0#0#0#0#3,000,000
directline#6#2010-04-16#BMW#3#100#K1000#Garage#si#0#Persona fisica#M#34#BO#67100#ALESSANDRIA#4##Impiegato#M#34#BO#67100#ALESSANDRIA#veicolo già assicurato con atr#No#No#BM#13#0#0#0#0#0#0#0#0#3,000,000
directline#7#2010-04-16#BMW#3#100#K1000#Garage#si#0#Persona fisica#M#34#BO#52100#ALESSANDRIA#4##Impiegato#M#34#BO#52100#ALESSANDRIA#veicolo già assicurato con atr#No#No#BM#13#0#0#0#0#0#0#0#0#3,000,000
directline#8#2010-04-16#BMW#3#100#K1000#Garage#si#0#Persona fisica#M#34#BO#14100#ALESSANDRIA#4##Impiegato#M#34#BO#14100#ALESSANDRIA#veicolo già assicurato con atr#No#No#BM#13#0#0#0#0#0#0#0#0#3,000,000
directline#9#2010-04-16#BMW#3#100#K1000#Garage#si#0#Persona fisica#M#34#BO#83100#ALESSANDRIA#4##Impiegato#M#34#BO#83100#ALESSANDRIA#veicolo già assicurato con atr#No#No#BM#13#0#0#0#0#0#0#0#0#3,000,000
directline#10#2010-04-16#BMW#3#100#K1000#Garage#si#0#Persona fisica#M#34#BO#70122#ALESSANDRIA#4##Impiegato#M#34#BO#70122#ALESSANDRIA#veicolo già assicurato con atr#No#No#BM#13#0#0#0#0#0#0#0#0#3,000,000
directline#11#2010-04-16#BMW#3#100#K1000#Garage#si#0#Persona fisica#M#34#BO#24122#ALESSANDRIA#4##Impiegato#M#34#BO#24122#ALESSANDRIA#veicolo già assicurato con atr#No#No#BM#13#0#0#0#0#0#0#0#0#3,000,000
directline#12#2010-04-16#BMW#3#100#K1000#Garage#si#0#Persona fisica#M#34#BO#13900#ALESSANDRIA#4##Impiegato#M#34#BO#13900#ALESSANDRIA#veicolo già assicurato con atr#No#No#BM#13#0#0#0#0#0#0#0#0#3,000,000
directline#13#2010-04-16#BMW#3#100#K1000#Garage#si#0#Persona fisica#M#34#BO#32100#ALESSANDRIA#4##Impiegato#M#34#BO#32100#ALESSANDRIA#veicolo già assicurato con atr#No#No#BM#13#0#0#0#0#0#0#0#0#3,000,000
directline#14#2010-04-16#BMW#3#100#K1000#Garage#si#0#Persona fisica#M#34#BO#82100#ALESSANDRIA#4##Impiegato#M#34#BO#82100#ALESSANDRIA#veicolo già assicurato con atr#No#No#BM#13#0#0#0#0#0#0#0#0#3,000,000
directline#15#2010-04-16#BMW#3#100#K1000#Garage#si#0#Persona fisica#M#34#BO#40122#ALESSANDRIA#4##Impiegato#M#34#BO#40122#ALESSANDRIA#veicolo già assicurato con atr#No#No#BM#13#0#0#0#0#0#0#0#0#3,000,000
directline#16#2010-04-16#BMW#3#100#K1000#Garage#si#0#Persona fisica#M#34#BO#72100#ALESSANDRIA#4##Impiegato#M#34#BO#72100#ALESSANDRIA#veicolo già assicurato con atr#No#No#BM#13#0#0#0#0#0#0#0#0#3,000,000
directline#17#2010-04-16#BMW#3#100#K1000#Garage#si#0#Persona fisica#M#34#BO#25122#ALESSANDRIA#4##Impiegato#M#34#BO#25122#ALESSANDRIA#veicolo già assicurato con atr#No#No#BM#13#0#0#0#0#0#0#0#0#3,000,000
directline#18#2010-04-16#BMW#3#100#K1000#Garage#si#0#Persona fisica#M#34#BO#39100#ALESSANDRIA#4##Impiegato#M#34#BO#39100#ALESSANDRIA#veicolo già assicurato con atr#No#No#BM#13#0#0#0#0#0#0#0#0#3,000,000
directline#19#2010-04-16#BMW#3#100#K1000#Garage#si#0#Persona fisica#M#34#BO#09122#ALESSANDRIA#4##Impiegato#M#34#BO#09122#ALESSANDRIA#veicolo già assicurato con atr#No#No#BM#13#0#0#0#0#0#0#0#0#3,000,000
directline#20#2010-04-16#BMW#3#100#K1000#Garage#si#0#Persona fisica#M#34#BO#86100#ALESSANDRIA#4##Impiegato#M#34#BO#86100#ALESSANDRIA#veicolo già assicurato con atr#No#No#BM#13#0#0#0#0#0#0#0#0#3,000,000
directline#21#2010-04-16#BMW#3#100#K1000#Garage#si#0#Persona fisica#M#34#BO#81100#ALESSANDRIA#4##Impiegato#M#34#BO#81100#ALESSANDRIA#veicolo già assicurato con atr#No#No#BM#13#0#0#0#0#0#0#0#0#3,000,000
directline#22#2010-04-16#BMW#3#100#K1000#Garage#si#0#Persona fisica#M#34#BO#66100#ALESSANDRIA#4##Impiegato#M#34#BO#66100#ALESSANDRIA#veicolo già assicurato con atr#No#No#BM#13#0#0#0#0#0#0#0#0#3,000,000
directline#23#2010-04-16#BMW#3#100#K1000#Garage#si#0#Persona fisica#M#34#BO#93100#ALESSANDRIA#4##Impiegato#M#34#BO#93100#ALESSANDRIA#veicolo già assicurato con atr#No#No#BM#13#0#0#0#0#0#0#0#0#3,000,000
directline#24#2010-04-16#BMW#3#100#K1000#Garage#si#0#Persona fisica#M#34#BO#12100#ALESSANDRIA#4##Impiegato#M#34#BO#12100#ALESSANDRIA#veicolo già assicurato con atr#No#No#BM#13#0#0#0#0#0#0#0#0#3,000,000
directline#25#2010-04-16#BMW#3#100#K1000#Garage#si#0#Persona fisica#M#34#BO#22100#ALESSANDRIA#4##Impiegato#M#34#BO#22100#ALESSANDRIA#veicolo già assicurato con atr#No#No#BM#13#0#0#0#0#0#0#0#0#3,000,000
directline#26#2010-04-16#BMW#3#100#K1000#Garage#si#0#Persona fisica#M#34#BO#26100#ALESSANDRIA#4##Impiegato#M#34#BO#26100#ALESSANDRIA#veicolo già assicurato con atr#No#No#BM#13#0#0#0#0#0#0#0#0#3,000,000
directline#27#2010-04-16#BMW#3#100#K1000#Garage#si#0#Persona fisica#M#34#BO#87100#ALESSANDRIA#4##Impiegato#M#34#BO#87100#ALESSANDRIA#veicolo già assicurato con atr#No#No#BM#13#0#0#0#0#0#0#0#0#3,000,000
directline#28#2010-04-16#BMW#3#100#K1000#Garage#si#0#Persona fisica#M#34#BO#95122#ALESSANDRIA#4##Impiegato#M#34#BO#95122#ALESSANDRIA#veicolo già assicurato con atr#No#No#BM#13#0#0#0#0#0#0#0#0#3,000,000
directline#29#2010-04-16#BMW#3#100#K1000#Garage#si#0#Persona fisica#M#34#BO#88100#ALESSANDRIA#4##Impiegato#M#34#BO#88100#ALESSANDRIA#veicolo già assicurato con atr#No#No#BM#13#0#0#0#0#0#0#0#0#3,000,000
directline#30#2010-04-16#BMW#3#100#K1000#Garage#si#0#Persona fisica#M#34#BO#94100#ALESSANDRIA#4##Impiegato#M#34#BO#94100#ALESSANDRIA#veicolo già assicurato con atr#No#No#BM#13#0#0#0#0#0#0#0#0#3,000,000
directline#31#2010-04-16#BMW#3#100#K1000#Garage#si#0#Persona fisica#M#34#BO#44122#ALESSANDRIA#4##Impiegato#M#34#BO#44122#ALESSANDRIA#veicolo già assicurato con atr#No#No#BM#13#0#0#0#0#0#0#0#0#3,000,000
directline#32#2010-04-16#BMW#3#100#K1000#Garage#si#0#Persona fisica#M#34#BO#71122#ALESSANDRIA#4##Impiegato#M#34#BO#71122#ALESSANDRIA#veicolo già assicurato con atr#No#No#BM#13#0#0#0#0#0#0#0#0#3,000,000
directline#33#2010-04-16#BMW#3#100#K1000#Garage#si#0#Persona fisica#M#34#BO#50122#ALESSANDRIA#4##Impiegato#M#34#BO#50122#ALESSANDRIA#veicolo già assicurato con atr#No#No#BM#13#0#0#0#0#0#0#0#0#3,000,000
directline#34#2010-04-16#BMW#3#100#K1000#Garage#si#0#Persona fisica#M#34#BO#47122#ALESSANDRIA#4##Impiegato#M#34#BO#47122#ALESSANDRIA#veicolo già assicurato con atr#No#No#BM#13#0#0#0#0#0#0#0#0#3,000,000
directline#35#2010-04-16#BMW#3#100#K1000#Garage#si#0#Persona fisica#M#34#BO#03100#ALESSANDRIA#4##Impiegato#M#34#BO#03100#ALESSANDRIA#veicolo già assicurato con atr#No#No#BM#13#0#0#0#0#0#0#0#0#3,000,000
directline#36#2010-04-16#BMW#3#100#K1000#Garage#si#0#Persona fisica#M#34#BO#16122#ALESSANDRIA#4##Impiegato#M#34#BO#16122#ALESSANDRIA#veicolo già assicurato con atr#No#No#BM#13#0#0#0#0#0#0#0#0#3,000,000
directline#37#2010-04-16#BMW#3#100#K1000#Garage#si#0#Persona fisica#M#34#BO#34170#ALESSANDRIA#4##Impiegato#M#34#BO#34170#ALESSANDRIA#veicolo già assicurato con atr#No#No#BM#13#0#0#0#0#0#0#0#0#3,000,000
directline#38#2010-04-16#BMW#3#100#K1000#Garage#si#0#Persona fisica#M#34#BO#58100#ALESSANDRIA#4##Impiegato#M#34#BO#58100#ALESSANDRIA#veicolo già assicurato con atr#No#No#BM#13#0#0#0#0#0#0#0#0#3,000,000
directline#39#2010-04-16#BMW#3#100#K1000#Garage#si#0#Persona fisica#M#34#BO#18100#ALESSANDRIA#4##Impiegato#M#34#BO#18100#ALESSANDRIA#veicolo già assicurato con atr#No#No#BM#13#0#0#0#0#0#0#0#0#3,000,000
directline#40#2010-04-16#BMW#3#100#K1000#Garage#si#0#Persona fisica#M#34#BO#86170#ALESSANDRIA#4##Impiegato#M#34#BO#86170#ALESSANDRIA#veicolo già assicurato con atr#No#No#BM#13#0#0#0#0#0#0#0#0#3,000,000
directline#41#2010-04-16#BMW#3#100#K1000#Garage#si#0#Persona fisica#M#34#BO#88900#ALESSANDRIA#4##Impiegato#M#34#BO#88900#ALESSANDRIA#veicolo già assicurato con atr#No#No#BM#13#0#0#0#0#0#0#0#0#3,000,000
directline#42#2010-04-16#BMW#3#100#K1000#Garage#si#0#Persona fisica#M#34#BO#23900#ALESSANDRIA#4##Impiegato#M#34#BO#23900#ALESSANDRIA#veicolo già assicurato con atr#No#No#BM#13#0#0#0#0#0#0#0#0#3,000,000
directline#43#2010-04-16#BMW#3#100#K1000#Garage#si#0#Persona fisica#M#34#BO#73100#ALESSANDRIA#4##Impiegato#M#34#BO#73100#ALESSANDRIA#veicolo già assicurato con atr#No#No#BM#13#0#0#0#0#0#0#0#0#3,000,000
directline#44#2010-04-16#BMW#3#100#K1000#Garage#si#0#Persona fisica#M#34#BO#57122#ALESSANDRIA#4##Impiegato#M#34#BO#57122#ALESSANDRIA#veicolo già assicurato con atr#No#No#BM#13#0#0#0#0#0#0#0#0#3,000,000
directline#45#2010-04-16#BMW#3#100#K1000#Garage#si#0#Persona fisica#M#34#BO#26900#ALESSANDRIA#4##Impiegato#M#34#BO#26900#ALESSANDRIA#veicolo già assicurato con atr#No#No#BM#13#0#0#0#0#0#0#0#0#3,000,000
directline#46#2010-04-16#BMW#3#100#K1000#Garage#si#0#Persona fisica#M#34#BO#04100#ALESSANDRIA#4##Impiegato#M#34#BO#04100#ALESSANDRIA#veicolo già assicurato con atr#No#No#BM#13#0#0#0#0#0#0#0#0#3,000,000
directline#47#2010-04-16#BMW#3#100#K1000#Garage#si#0#Persona fisica#M#34#BO#55100#ALESSANDRIA#4##Impiegato#M#34#BO#55100#ALESSANDRIA#veicolo già assicurato con atr#No#No#BM#13#0#0#0#0#0#0#0#0#3,000,000
directline#48#2010-04-16#BMW#3#100#K1000#Garage#si#0#Persona fisica#M#34#BO#62100#ALESSANDRIA#4##Impiegato#M#34#BO#62100#ALESSANDRIA#veicolo già assicurato con atr#No#No#BM#13#0#0#0#0#0#0#0#0#3,000,000
directline#49#2010-04-16#BMW#3#100#K1000#Garage#si#0#Persona fisica#M#34#BO#98122#ALESSANDRIA#4##Impiegato#M#34#BO#98122#ALESSANDRIA#veicolo già assicurato con atr#No#No#BM#13#0#0#0#0#0#0#0#0#3,000,000
directline#50#2010-04-16#BMW#3#100#K1000#Garage#si#0#Persona fisica#M#34#BO#20122#ALESSANDRIA#4##Impiegato#M#34#BO#20122#ALESSANDRIA#veicolo già assicurato con atr#No#No#BM#13#0#0#0#0#0#0#0#0#3,000,000
directline#51#2010-04-16#BMW#3#100#K1000#Garage#si#0#Persona fisica#M#34#BO#46100#ALESSANDRIA#4##Impiegato#M#34#BO#46100#ALESSANDRIA#veicolo già assicurato con atr#No#No#BM#13#0#0#0#0#0#0#0#0#3,000,000
directline#52#2010-04-16#BMW#3#100#K1000#Garage#si#0#Persona fisica#M#34#BO#41122#ALESSANDRIA#4##Impiegato#M#34#BO#41122#ALESSANDRIA#veicolo già assicurato con atr#No#No#BM#13#0#0#0#0#0#0#0#0#3,000,000
directline#53#2010-04-16#BMW#3#100#K1000#Garage#si#0#Persona fisica#M#34#BO#54100#ALESSANDRIA#4##Impiegato#M#34#BO#54100#ALESSANDRIA#veicolo già assicurato con atr#No#No#BM#13#0#0#0#0#0#0#0#0#3,000,000
directline#54#2010-04-16#BMW#3#100#K1000#Garage#si#0#Persona fisica#M#34#BO#75100#ALESSANDRIA#4##Impiegato#M#34#BO#75100#ALESSANDRIA#veicolo già assicurato con atr#No#No#BM#13#0#0#0#0#0#0#0#0#3,000,000
directline#55#2010-04-16#BMW#3#100#K1000#Garage#si#0#Persona fisica#M#34#BO#80122#ALESSANDRIA#4##Impiegato#M#34#BO#80122#ALESSANDRIA#veicolo già assicurato con atr#No#No#BM#13#0#0#0#0#0#0#0#0#3,000,000
directline#56#2010-04-16#BMW#3#100#K1000#Garage#si#0#Persona fisica#M#34#BO#28100#ALESSANDRIA#4##Impiegato#M#34#BO#28100#ALESSANDRIA#veicolo già assicurato con atr#No#No#BM#13#0#0#0#0#0#0#0#0#3,000,000
directline#57#2010-04-16#BMW#3#100#K1000#Garage#si#0#Persona fisica#M#34#BO#08100#ALESSANDRIA#4##Impiegato#M#34#BO#08100#ALESSANDRIA#veicolo già assicurato con atr#No#No#BM#13#0#0#0#0#0#0#0#0#3,000,000
directline#58#2010-04-16#BMW#3#100#K1000#Garage#si#0#Persona fisica#M#34#BO#09170#ALESSANDRIA#4##Impiegato#M#34#BO#09170#ALESSANDRIA#veicolo già assicurato con atr#No#No#BM#13#0#0#0#0#0#0#0#0#3,000,000
directline#59#2010-04-16#BMW#3#100#K1000#Garage#si#0#Persona fisica#M#34#BO#90131#ALESSANDRIA#4##Impiegato#M#34#BO#90131#ALESSANDRIA#veicolo già assicurato con atr#No#No#BM#13#0#0#0#0#0#0#0#0#3,000,000
directline#60#2010-04-16#BMW#3#100#K1000#Garage#si#0#Persona fisica#M#34#BO#29122#ALESSANDRIA#4##Impiegato#M#34#BO#29122#ALESSANDRIA#veicolo già assicurato con atr#No#No#BM#13#0#0#0#0#0#0#0#0#3,000,000
directline#61#2010-04-16#BMW#3#100#K1000#Garage#si#0#Persona fisica#M#34#BO#35122#ALESSANDRIA#4##Impiegato#M#34#BO#35122#ALESSANDRIA#veicolo già assicurato con atr#No#No#BM#13#0#0#0#0#0#0#0#0#3,000,000
directline#62#2010-04-16#BMW#3#100#K1000#Garage#si#0#Persona fisica#M#34#BO#65122#ALESSANDRIA#4##Impiegato#M#34#BO#65122#ALESSANDRIA#veicolo già assicurato con atr#No#No#BM#13#0#0#0#0#0#0#0#0#3,000,000
directline#63#2010-04-16#BMW#3#100#K1000#Garage#si#0#Persona fisica#M#34#BO#06122#ALESSANDRIA#4##Impiegato#M#34#BO#06122#ALESSANDRIA#veicolo già assicurato con atr#No#No#BM#13#0#0#0#0#0#0#0#0#3,000,000
directline#64#2010-04-16#BMW#3#100#K1000#Garage#si#0#Persona fisica#M#34#BO#56122#ALESSANDRIA#4##Impiegato#M#34#BO#56122#ALESSANDRIA#veicolo già assicurato con atr#No#No#BM#13#0#0#0#0#0#0#0#0#3,000,000
directline#65#2010-04-16#BMW#3#100#K1000#Garage#si#0#Persona fisica#M#34#BO#33170#ALESSANDRIA#4##Impiegato#M#34#BO#33170#ALESSANDRIA#veicolo già assicurato con atr#No#No#BM#13#0#0#0#0#0#0#0#0#3,000,000
directline#66#2010-04-16#BMW#3#100#K1000#Garage#si#0#Persona fisica#M#34#BO#59100#ALESSANDRIA#4##Impiegato#M#34#BO#59100#ALESSANDRIA#veicolo già assicurato con atr#No#No#BM#13#0#0#0#0#0#0#0#0#3,000,000
directline#67#2010-04-16#BMW#3#100#K1000#Garage#si#0#Persona fisica#M#34#BO#43122#ALESSANDRIA#4##Impiegato#M#34#BO#43122#ALESSANDRIA#veicolo già assicurato con atr#No#No#BM#13#0#0#0#0#0#0#0#0#3,000,000
directline#68#2010-04-16#BMW#3#100#K1000#Garage#si#0#Persona fisica#M#34#BO#61122#ALESSANDRIA#4##Impiegato#M#34#BO#61122#ALESSANDRIA#veicolo già assicurato con atr#No#No#BM#13#0#0#0#0#0#0#0#0#3,000,000
directline#69#2010-04-16#BMW#3#100#K1000#Garage#si#0#Persona fisica#M#34#BO#51100#ALESSANDRIA#4##Impiegato#M#34#BO#51100#ALESSANDRIA#veicolo già assicurato con atr#No#No#BM#13#0#0#0#0#0#0#0#0#3,000,000
directline#70#2010-04-16#BMW#3#100#K1000#Garage#si#0#Persona fisica#M#34#BO#27100#ALESSANDRIA#4##Impiegato#M#34#BO#27100#ALESSANDRIA#veicolo già assicurato con atr#No#No#BM#13#0#0#0#0#0#0#0#0#3,000,000
directline#71#2010-04-16#BMW#3#100#K1000#Garage#si#0#Persona fisica#M#34#BO#85100#ALESSANDRIA#4##Impiegato#M#34#BO#85100#ALESSANDRIA#veicolo già assicurato con atr#No#No#BM#13#0#0#0#0#0#0#0#0#3,000,000
directline#72#2010-04-16#BMW#3#100#K1000#Garage#si#0#Persona fisica#M#34#BO#48122#ALESSANDRIA#4##Impiegato#M#34#BO#48122#ALESSANDRIA#veicolo già assicurato con atr#No#No#BM#13#0#0#0#0#0#0#0#0#3,000,000
directline#73#2010-04-16#BMW#3#100#K1000#Garage#si#0#Persona fisica#M#34#BO#89122#ALESSANDRIA#4##Impiegato#M#34#BO#89122#ALESSANDRIA#veicolo già assicurato con atr#No#No#BM#13#0#0#0#0#0#0#0#0#3,000,000
directline#74#2010-04-16#BMW#3#100#K1000#Garage#si#0#Persona fisica#M#34#BO#42122#ALESSANDRIA#4##Impiegato#M#34#BO#42122#ALESSANDRIA#veicolo già assicurato con atr#No#No#BM#13#0#0#0#0#0#0#0#0#3,000,000
directline#75#2010-04-16#BMW#3#100#K1000#Garage#si#0#Persona fisica#M#34#BO#97100#ALESSANDRIA#4##Impiegato#M#34#BO#97100#ALESSANDRIA#veicolo già assicurato con atr#No#No#BM#13#0#0#0#0#0#0#0#0#3,000,000
directline#76#2010-04-16#BMW#3#100#K1000#Garage#si#0#Persona fisica#M#34#BO#02100#ALESSANDRIA#4##Impiegato#M#34#BO#02100#ALESSANDRIA#veicolo già assicurato con atr#No#No#BM#13#0#0#0#0#0#0#0#0#3,000,000
directline#77#2010-04-16#BMW#3#100#K1000#Garage#si#0#Persona fisica#M#34#BO#00189#ALESSANDRIA#4##Impiegato#M#34#BO#00189#ALESSANDRIA#veicolo già assicurato con atr#No#No#BM#13#0#0#0#0#0#0#0#0#3,000,000
directline#78#2010-04-16#BMW#3#100#K1000#Garage#si#0#Persona fisica#M#34#BO#47922#ALESSANDRIA#4##Impiegato#M#34#BO#47922#ALESSANDRIA#veicolo già assicurato con atr#No#No#BM#13#0#0#0#0#0#0#0#0#3,000,000
directline#79#2010-04-16#BMW#3#100#K1000#Garage#si#0#Persona fisica#M#34#BO#45100#ALESSANDRIA#4##Impiegato#M#34#BO#45100#ALESSANDRIA#veicolo già assicurato con atr#No#No#BM#13#0#0#0#0#0#0#0#0#3,000,000
directline#80#2010-04-16#BMW#3#100#K1000#Garage#si#0#Persona fisica#M#34#BO#84122#ALESSANDRIA#4##Impiegato#M#34#BO#84122#ALESSANDRIA#veicolo già assicurato con atr#No#No#BM#13#0#0#0#0#0#0#0#0#3,000,000
directline#81#2010-04-16#BMW#3#100#K1000#Garage#si#0#Persona fisica#M#34#BO#53100#ALESSANDRIA#4##Impiegato#M#34#BO#53100#ALESSANDRIA#veicolo già assicurato con atr#No#No#BM#13#0#0#0#0#0#0#0#0#3,000,000
directline#82#2010-04-16#BMW#3#100#K1000#Garage#si#0#Persona fisica#M#34#BO#23100#ALESSANDRIA#4##Impiegato#M#34#BO#23100#ALESSANDRIA#veicolo già assicurato con atr#No#No#BM#13#0#0#0#0#0#0#0#0#3,000,000
directline#83#2010-04-16#BMW#3#100#K1000#Garage#si#0#Persona fisica#M#34#BO#19122#ALESSANDRIA#4##Impiegato#M#34#BO#19122#ALESSANDRIA#veicolo già assicurato con atr#No#No#BM#13#0#0#0#0#0#0#0#0#3,000,000
directline#84#2010-04-16#BMW#3#100#K1000#Garage#si#0#Persona fisica#M#34#BO#96100#ALESSANDRIA#4##Impiegato#M#34#BO#96100#ALESSANDRIA#veicolo già assicurato con atr#No#No#BM#13#0#0#0#0#0#0#0#0#3,000,000
directline#85#2010-04-16#BMW#3#100#K1000#Garage#si#0#Persona fisica#M#34#BO#07100#ALESSANDRIA#4##Impiegato#M#34#BO#07100#ALESSANDRIA#veicolo già assicurato con atr#No#No#BM#13#0#0#0#0#0#0#0#0#3,000,000
directline#86#2010-04-16#BMW#3#100#K1000#Garage#si#0#Persona fisica#M#34#BO#17100#ALESSANDRIA#4##Impiegato#M#34#BO#17100#ALESSANDRIA#veicolo già assicurato con atr#No#No#BM#13#0#0#0#0#0#0#0#0#3,000,000
directline#87#2010-04-16#BMW#3#100#K1000#Garage#si#0#Persona fisica#M#34#BO#74122#ALESSANDRIA#4##Impiegato#M#34#BO#74122#ALESSANDRIA#veicolo già assicurato con atr#No#No#BM#13#0#0#0#0#0#0#0#0#3,000,000
directline#88#2010-04-16#BMW#3#100#K1000#Garage#si#0#Persona fisica#M#34#BO#64100#ALESSANDRIA#4##Impiegato#M#34#BO#64100#ALESSANDRIA#veicolo già assicurato con atr#No#No#BM#13#0#0#0#0#0#0#0#0#3,000,000
directline#89#2010-04-16#BMW#3#100#K1000#Garage#si#0#Persona fisica#M#34#BO#38122#ALESSANDRIA#4##Impiegato#M#34#BO#38122#ALESSANDRIA#veicolo già assicurato con atr#No#No#BM#13#0#0#0#0#0#0#0#0#3,000,000
directline#90#2010-04-16#BMW#3#100#K1000#Garage#si#0#Persona fisica#M#34#BO#10122#ALESSANDRIA#4##Impiegato#M#34#BO#10122#ALESSANDRIA#veicolo già assicurato con atr#No#No#BM#13#0#0#0#0#0#0#0#0#3,000,000
directline#91#2010-04-16#BMW#3#100#K1000#Garage#si#0#Persona fisica#M#34#BO#91100#ALESSANDRIA#4##Impiegato#M#34#BO#91100#ALESSANDRIA#veicolo già assicurato con atr#No#No#BM#13#0#0#0#0#0#0#0#0#3,000,000
directline#92#2010-04-16#BMW#3#100#K1000#Garage#si#0#Persona fisica#M#34#BO#05100#ALESSANDRIA#4##Impiegato#M#34#BO#05100#ALESSANDRIA#veicolo già assicurato con atr#No#No#BM#13#0#0#0#0#0#0#0#0#3,000,000
directline#93#2010-04-16#BMW#3#100#K1000#Garage#si#0#Persona fisica#M#34#BO#34122#ALESSANDRIA#4##Impiegato#M#34#BO#34122#ALESSANDRIA#veicolo già assicurato con atr#No#No#BM#13#0#0#0#0#0#0#0#0#3,000,000
directline#94#2010-04-16#BMW#3#100#K1000#Garage#si#0#Persona fisica#M#34#BO#31100#ALESSANDRIA#4##Impiegato#M#34#BO#31100#ALESSANDRIA#veicolo già assicurato con atr#No#No#BM#13#0#0#0#0#0#0#0#0#3,000,000
directline#95#2010-04-16#BMW#3#100#K1000#Garage#si#0#Persona fisica#M#34#BO#33100#ALESSANDRIA#4##Impiegato#M#34#BO#33100#ALESSANDRIA#veicolo già assicurato con atr#No#No#BM#13#0#0#0#0#0#0#0#0#3,000,000
directline#96#2010-04-16#BMW#3#100#K1000#Garage#si#0#Persona fisica#M#34#BO#21100#ALESSANDRIA#4##Impiegato#M#34#BO#21100#ALESSANDRIA#veicolo già assicurato con atr#No#No#BM#13#0#0#0#0#0#0#0#0#3,000,000
directline#97#2010-04-16#BMW#3#100#K1000#Garage#si#0#Persona fisica#M#34#BO#28922#ALESSANDRIA#4##Impiegato#M#34#BO#28922#ALESSANDRIA#veicolo già assicurato con atr#No#No#BM#13#0#0#0#0#0#0#0#0#3,000,000
directline#98#2010-04-16#BMW#3#100#K1000#Garage#si#0#Persona fisica#M#34#BO#13100#ALESSANDRIA#4##Impiegato#M#34#BO#13100#ALESSANDRIA#veicolo già assicurato con atr#No#No#BM#13#0#0#0#0#0#0#0#0#3,000,000
directline#99#2010-04-16#BMW#3#100#K1000#Garage#si#0#Persona fisica#M#34#BO#30122#ALESSANDRIA#4##Impiegato#M#34#BO#30122#ALESSANDRIA#veicolo già assicurato con atr#No#No#BM#13#0#0#0#0#0#0#0#0#3,000,000
directline#100#2010-04-16#BMW#3#100#K1000#Garage#si#0#Persona fisica#M#34#BO#36100#ALESSANDRIA#4##Impiegato#M#34#BO#36100#ALESSANDRIA#veicolo già assicurato con atr#No#No#BM#13#0#0#0#0#0#0#0#0#3,000,000
directline#101#2010-04-16#BMW#3#100#K1000#Garage#si#0#Persona fisica#M#34#BO#37122#ALESSANDRIA#4##Impiegato#M#34#BO#37122#ALESSANDRIA#veicolo già assicurato con atr#No#No#BM#13#0#0#0#0#0#0#0#0#3,000,000
directline#102#2010-04-16#BMW#3#100#K1000#Garage#si#0#Persona fisica#M#34#BO#01100#ALESSANDRIA#4##Impiegato#M#34#BO#01100#ALESSANDRIA#veicolo già assicurato con atr#No#No#BM#13#0#0#0#0#0#0#0#0#3,000,000
directline#103#2010-04-16#BMW#3#100#K1000#Garage#si#0#Persona fisica#M#34#BO#89900#ALESSANDRIA#4##Impiegato#M#34#BO#89900#ALESSANDRIA#veicolo già assicurato con atr#No#No#BM#13#0#0#0#0#0#0#0#0#3,000,000
directline#104#2010-04-16#BMW#3#100#K1000#Garage#si#0#Persona fisica#M#34#BO#92010#ALESSANDRIA#4##Impiegato#M#34#BO#92010#ALESSANDRIA#veicolo già assicurato con atr#No#No#BM#13#0#0#0#0#0#0#0#0#3,000,000
directline#105#2010-04-16#BMW#3#100#K1000#Garage#si#0#Persona fisica#M#34#BO#15010#ALESSANDRIA#4##Impiegato#M#34#BO#15010#ALESSANDRIA#veicolo già assicurato con atr#No#No#BM#13#0#0#0#0#0#0#0#0#3,000,000
directline#106#2010-04-16#BMW#3#100#K1000#Garage#si#0#Persona fisica#M#34#BO#60010#ALESSANDRIA#4##Impiegato#M#34#BO#60010#ALESSANDRIA#veicolo già assicurato con atr#No#No#BM#13#0#0#0#0#0#0#0#0#3,000,000
directline#107#2010-04-16#BMW#3#100#K1000#Garage#si#0#Persona fisica#M#34#BO#11010#ALESSANDRIA#4##Impiegato#M#34#BO#11010#ALESSANDRIA#veicolo già assicurato con atr#No#No#BM#13#0#0#0#0#0#0#0#0#3,000,000
directline#108#2010-04-16#BMW#3#100#K1000#Garage#si#0#Persona fisica#M#34#BO#63043#ALESSANDRIA#4##Impiegato#M#34#BO#63043#ALESSANDRIA#veicolo già assicurato con atr#No#No#BM#13#0#0#0#0#0#0#0#0#3,000,000
directline#109#2010-04-16#BMW#3#100#K1000#Garage#si#0#Persona fisica#M#34#BO#67010#ALESSANDRIA#4##Impiegato#M#34#BO#67010#ALESSANDRIA#veicolo già assicurato con atr#No#No#BM#13#0#0#0#0#0#0#0#0#3,000,000
directline#110#2010-04-16#BMW#3#100#K1000#Garage#si#0#Persona fisica#M#34#BO#52044#ALESSANDRIA#4##Impiegato#M#34#BO#52044#ALESSANDRIA#veicolo già assicurato con atr#No#No#BM#13#0#0#0#0#0#0#0#0#3,000,000
directline#111#2010-04-16#BMW#3#100#K1000#Garage#si#0#Persona fisica#M#34#BO#14010#ALESSANDRIA#4##Impiegato#M#34#BO#14010#ALESSANDRIA#veicolo già assicurato con atr#No#No#BM#13#0#0#0#0#0#0#0#0#3,000,000
directline#112#2010-04-16#BMW#3#100#K1000#Garage#si#0#Persona fisica#M#34#BO#83010#ALESSANDRIA#4##Impiegato#M#34#BO#83010#ALESSANDRIA#veicolo già assicurato con atr#No#No#BM#13#0#0#0#0#0#0#0#0#3,000,000
directline#113#2010-04-16#BMW#3#100#K1000#Garage#si#0#Persona fisica#M#34#BO#70010#ALESSANDRIA#4##Impiegato#M#34#BO#70010#ALESSANDRIA#veicolo già assicurato con atr#No#No#BM#13#0#0#0#0#0#0#0#0#3,000,000
directline#114#2010-04-16#BMW#3#100#K1000#Garage#si#0#Persona fisica#M#34#BO#24010#ALESSANDRIA#4##Impiegato#M#34#BO#24010#ALESSANDRIA#veicolo già assicurato con atr#No#No#BM#13#0#0#0#0#0#0#0#0#3,000,000
directline#115#2010-04-16#BMW#3#100#K1000#Garage#si#0#Persona fisica#M#34#BO#13836#ALESSANDRIA#4##Impiegato#M#34#BO#13836#ALESSANDRIA#veicolo già assicurato con atr#No#No#BM#13#0#0#0#0#0#0#0#0#3,000,000
directline#116#2010-04-16#BMW#3#100#K1000#Garage#si#0#Persona fisica#M#34#BO#32010#ALESSANDRIA#4##Impiegato#M#34#BO#32010#ALESSANDRIA#veicolo già assicurato con atr#No#No#BM#13#0#0#0#0#0#0#0#0#3,000,000
directline#117#2010-04-16#BMW#3#100#K1000#Garage#si#0#Persona fisica#M#34#BO#82010#ALESSANDRIA#4##Impiegato#M#34#BO#82010#ALESSANDRIA#veicolo già assicurato con atr#No#No#BM#13#0#0#0#0#0#0#0#0#3,000,000
directline#118#2010-04-16#BMW#3#100#K1000#Garage#si#0#Persona fisica#M#34#BO#40010#ALESSANDRIA#4##Impiegato#M#34#BO#40010#ALESSANDRIA#veicolo già assicurato con atr#No#No#BM#13#0#0#0#0#0#0#0#0#3,000,000
directline#119#2010-04-16#BMW#3#100#K1000#Garage#si#0#Persona fisica#M#34#BO#72010#ALESSANDRIA#4##Impiegato#M#34#BO#72010#ALESSANDRIA#veicolo già assicurato con atr#No#No#BM#13#0#0#0#0#0#0#0#0#3,000,000
directline#120#2010-04-16#BMW#3#100#K1000#Garage#si#0#Persona fisica#M#34#BO#25010#ALESSANDRIA#4##Impiegato#M#34#BO#25010#ALESSANDRIA#veicolo già assicurato con atr#No#No#BM#13#0#0#0#0#0#0#0#0#3,000,000
directline#121#2010-04-16#BMW#3#100#K1000#Garage#si#0#Persona fisica#M#34#BO#39010#ALESSANDRIA#4##Impiegato#M#34#BO#39010#ALESSANDRIA#veicolo già assicurato con atr#No#No#BM#13#0#0#0#0#0#0#0#0#3,000,000
directline#122#2010-04-16#BMW#3#100#K1000#Garage#si#0#Persona fisica#M#34#BO#09010#ALESSANDRIA#4##Impiegato#M#34#BO#09010#ALESSANDRIA#veicolo già assicurato con atr#No#No#BM#13#0#0#0#0#0#0#0#0#3,000,000
directline#123#2010-04-16#BMW#3#100#K1000#Garage#si#0#Persona fisica#M#34#BO#86010#ALESSANDRIA#4##Impiegato#M#34#BO#86010#ALESSANDRIA#veicolo già assicurato con atr#No#No#BM#13#0#0#0#0#0#0#0#0#3,000,000
directline#124#2010-04-16#BMW#3#100#K1000#Garage#si#0#Persona fisica#M#34#BO#81010#ALESSANDRIA#4##Impiegato#M#34#BO#81010#ALESSANDRIA#veicolo già assicurato con atr#No#No#BM#13#0#0#0#0#0#0#0#0#3,000,000
directline#125#2010-04-16#BMW#3#100#K1000#Garage#si#0#Persona fisica#M#34#BO#66010#ALESSANDRIA#4##Impiegato#M#34#BO#66010#ALESSANDRIA#veicolo già assicurato con atr#No#No#BM#13#0#0#0#0#0#0#0#0#3,000,000
directline#126#2010-04-16#BMW#3#100#K1000#Garage#si#0#Persona fisica#M#34#BO#93010#ALESSANDRIA#4##Impiegato#M#34#BO#93010#ALESSANDRIA#veicolo già assicurato con atr#No#No#BM#13#0#0#0#0#0#0#0#0#3,000,000
directline#127#2010-04-16#BMW#3#100#K1000#Garage#si#0#Persona fisica#M#34#BO#12010#ALESSANDRIA#4##Impiegato#M#34#BO#12010#ALESSANDRIA#veicolo già assicurato con atr#No#No#BM#13#0#0#0#0#0#0#0#0#3,000,000
directline#128#2010-04-16#BMW#3#100#K1000#Garage#si#0#Persona fisica#M#34#BO#22010#ALESSANDRIA#4##Impiegato#M#34#BO#22010#ALESSANDRIA#veicolo già assicurato con atr#No#No#BM#13#0#0#0#0#0#0#0#0#3,000,000
directline#129#2010-04-16#BMW#3#100#K1000#Garage#si#0#Persona fisica#M#34#BO#26010#ALESSANDRIA#4##Impiegato#M#34#BO#26010#ALESSANDRIA#veicolo già assicurato con atr#No#No#BM#13#0#0#0#0#0#0#0#0#3,000,000
directline#130#2010-04-16#BMW#3#100#K1000#Garage#si#0#Persona fisica#M#34#BO#87010#ALESSANDRIA#4##Impiegato#M#34#BO#87010#ALESSANDRIA#veicolo già assicurato con atr#No#No#BM#13#0#0#0#0#0#0#0#0#3,000,000
directline#131#2010-04-16#BMW#3#100#K1000#Garage#si#0#Persona fisica#M#34#BO#95010#ALESSANDRIA#4##Impiegato#M#34#BO#95010#ALESSANDRIA#veicolo già assicurato con atr#No#No#BM#13#0#0#0#0#0#0#0#0#3,000,000
directline#132#2010-04-16#BMW#3#100#K1000#Garage#si#0#Persona fisica#M#34#BO#88055#ALESSANDRIA#4##Impiegato#M#34#BO#88055#ALESSANDRIA#veicolo già assicurato con atr#No#No#BM#13#0#0#0#0#0#0#0#0#3,000,000
directline#133#2010-04-16#BMW#3#100#K1000#Garage#si#0#Persona fisica#M#34#BO#94010#ALESSANDRIA#4##Impiegato#M#34#BO#94010#ALESSANDRIA#veicolo già assicurato con atr#No#No#BM#13#0#0#0#0#0#0#0#0#3,000,000
directline#134#2010-04-16#BMW#3#100#K1000#Garage#si#0#Persona fisica#M#34#BO#44010#ALESSANDRIA#4##Impiegato#M#34#BO#44010#ALESSANDRIA#veicolo già assicurato con atr#No#No#BM#13#0#0#0#0#0#0#0#0#3,000,000
directline#135#2010-04-16#BMW#3#100#K1000#Garage#si#0#Persona fisica#M#34#BO#71010#ALESSANDRIA#4##Impiegato#M#34#BO#71010#ALESSANDRIA#veicolo già assicurato con atr#No#No#BM#13#0#0#0#0#0#0#0#0#3,000,000
directline#136#2010-04-16#BMW#3#100#K1000#Garage#si#0#Persona fisica#M#34#BO#50058#ALESSANDRIA#4##Impiegato#M#34#BO#50058#ALESSANDRIA#veicolo già assicurato con atr#No#No#BM#13#0#0#0#0#0#0#0#0#3,000,000
directline#137#2010-04-16#BMW#3#100#K1000#Garage#si#0#Persona fisica#M#34#BO#47010#ALESSANDRIA#4##Impiegato#M#34#BO#47010#ALESSANDRIA#veicolo già assicurato con atr#No#No#BM#13#0#0#0#0#0#0#0#0#3,000,000
directline#138#2010-04-16#BMW#3#100#K1000#Garage#si#0#Persona fisica#M#34#BO#03010#ALESSANDRIA#4##Impiegato#M#34#BO#03010#ALESSANDRIA#veicolo già assicurato con atr#No#No#BM#13#0#0#0#0#0#0#0#0#3,000,000
directline#139#2010-04-16#BMW#3#100#K1000#Garage#si#0#Persona fisica#M#34#BO#16010#ALESSANDRIA#4##Impiegato#M#34#BO#16010#ALESSANDRIA#veicolo già assicurato con atr#No#No#BM#13#0#0#0#0#0#0#0#0#3,000,000
directline#140#2010-04-16#BMW#3#100#K1000#Garage#si#0#Persona fisica#M#34#BO#34070#ALESSANDRIA#4##Impiegato#M#34#BO#34070#ALESSANDRIA#veicolo già assicurato con atr#No#No#BM#13#0#0#0#0#0#0#0#0#3,000,000
directline#141#2010-04-16#BMW#3#100#K1000#Garage#si#0#Persona fisica#M#34#BO#58010#ALESSANDRIA#4##Impiegato#M#34#BO#58010#ALESSANDRIA#veicolo già assicurato con atr#No#No#BM#13#0#0#0#0#0#0#0#0#3,000,000
directline#142#2010-04-16#BMW#3#100#K1000#Garage#si#0#Persona fisica#M#34#BO#18010#ALESSANDRIA#4##Impiegato#M#34#BO#18010#ALESSANDRIA#veicolo già assicurato con atr#No#No#BM#13#0#0#0#0#0#0#0#0#3,000,000
directline#143#2010-04-16#BMW#3#100#K1000#Garage#si#0#Persona fisica#M#34#BO#86070#ALESSANDRIA#4##Impiegato#M#34#BO#86070#ALESSANDRIA#veicolo già assicurato con atr#No#No#BM#13#0#0#0#0#0#0#0#0#3,000,000
directline#144#2010-04-16#BMW#3#100#K1000#Garage#si#0#Persona fisica#M#34#BO#88832#ALESSANDRIA#4##Impiegato#M#34#BO#88832#ALESSANDRIA#veicolo già assicurato con atr#No#No#BM#13#0#0#0#0#0#0#0#0#3,000,000
directline#145#2010-04-16#BMW#3#100#K1000#Garage#si#0#Persona fisica#M#34#BO#23841#ALESSANDRIA#4##Impiegato#M#34#BO#23841#ALESSANDRIA#veicolo già assicurato con atr#No#No#BM#13#0#0#0#0#0#0#0#0#3,000,000
directline#146#2010-04-16#BMW#3#100#K1000#Garage#si#0#Persona fisica#M#34#BO#73010#ALESSANDRIA#4##Impiegato#M#34#BO#73010#ALESSANDRIA#veicolo già assicurato con atr#No#No#BM#13#0#0#0#0#0#0#0#0#3,000,000
directline#147#2010-04-16#BMW#3#100#K1000#Garage#si#0#Persona fisica#M#34#BO#57014#ALESSANDRIA#4##Impiegato#M#34#BO#57014#ALESSANDRIA#veicolo già assicurato con atr#No#No#BM#13#0#0#0#0#0#0#0#0#3,000,000
directline#148#2010-04-16#BMW#3#100#K1000#Garage#si#0#Persona fisica#M#34#BO#26821#ALESSANDRIA#4##Impiegato#M#34#BO#26821#ALESSANDRIA#veicolo già assicurato con atr#No#No#BM#13#0#0#0#0#0#0#0#0#3,000,000
directline#149#2010-04-16#BMW#3#100#K1000#Garage#si#0#Persona fisica#M#34#BO#04010#ALESSANDRIA#4##Impiegato#M#34#BO#04010#ALESSANDRIA#veicolo già assicurato con atr#No#No#BM#13#0#0#0#0#0#0#0#0#3,000,000
directline#150#2010-04-16#BMW#3#100#K1000#Garage#si#0#Persona fisica#M#34#BO#55011#ALESSANDRIA#4##Impiegato#M#34#BO#55011#ALESSANDRIA#veicolo già assicurato con atr#No#No#BM#13#0#0#0#0#0#0#0#0#3,000,000
directline#151#2010-04-16#BMW#3#100#K1000#Garage#si#0#Persona fisica#M#34#BO#62010#ALESSANDRIA#4##Impiegato#M#34#BO#62010#ALESSANDRIA#veicolo già assicurato con atr#No#No#BM#13#0#0#0#0#0#0#0#0#3,000,000
directline#152#2010-04-16#BMW#3#100#K1000#Garage#si#0#Persona fisica#M#34#BO#98020#ALESSANDRIA#4##Impiegato#M#34#BO#98020#ALESSANDRIA#veicolo già assicurato con atr#No#No#BM#13#0#0#0#0#0#0#0#0#3,000,000
directline#153#2010-04-16#BMW#3#100#K1000#Garage#si#0#Persona fisica#M#34#BO#20010#ALESSANDRIA#4##Impiegato#M#34#BO#20010#ALESSANDRIA#veicolo già assicurato con atr#No#No#BM#13#0#0#0#0#0#0#0#0#3,000,000
directline#154#2010-04-16#BMW#3#100#K1000#Garage#si#0#Persona fisica#M#34#BO#46010#ALESSANDRIA#4##Impiegato#M#34#BO#46010#ALESSANDRIA#veicolo già assicurato con atr#No#No#BM#13#0#0#0#0#0#0#0#0#3,000,000
directline#155#2010-04-16#BMW#3#100#K1000#Garage#si#0#Persona fisica#M#34#BO#41010#ALESSANDRIA#4##Impiegato#M#34#BO#41010#ALESSANDRIA#veicolo già assicurato con atr#No#No#BM#13#0#0#0#0#0#0#0#0#3,000,000
directline#156#2010-04-16#BMW#3#100#K1000#Garage#si#0#Persona fisica#M#34#BO#54010#ALESSANDRIA#4##Impiegato#M#34#BO#54010#ALESSANDRIA#veicolo già assicurato con atr#No#No#BM#13#0#0#0#0#0#0#0#0#3,000,000
directline#157#2010-04-16#BMW#3#100#K1000#Garage#si#0#Persona fisica#M#34#BO#75010#ALESSANDRIA#4##Impiegato#M#34#BO#75010#ALESSANDRIA#veicolo già assicurato con atr#No#No#BM#13#0#0#0#0#0#0#0#0#3,000,000
directline#158#2010-04-16#BMW#3#100#K1000#Garage#si#0#Persona fisica#M#34#BO#80075#ALESSANDRIA#4##Impiegato#M#34#BO#80075#ALESSANDRIA#veicolo già assicurato con atr#No#No#BM#13#0#0#0#0#0#0#0#0#3,000,000
directline#159#2010-04-16#BMW#3#100#K1000#Garage#si#0#Persona fisica#M#34#BO#28010#ALESSANDRIA#4##Impiegato#M#34#BO#28010#ALESSANDRIA#veicolo già assicurato con atr#No#No#BM#13#0#0#0#0#0#0#0#0#3,000,000
directline#160#2010-04-16#BMW#3#100#K1000#Garage#si#0#Persona fisica#M#34#BO#08010#ALESSANDRIA#4##Impiegato#M#34#BO#08010#ALESSANDRIA#veicolo già assicurato con atr#No#No#BM#13#0#0#0#0#0#0#0#0#3,000,000
directline#161#2010-04-16#BMW#3#100#K1000#Garage#si#0#Persona fisica#M#34#BO#09070#ALESSANDRIA#4##Impiegato#M#34#BO#09070#ALESSANDRIA#veicolo già assicurato con atr#No#No#BM#13#0#0#0#0#0#0#0#0#3,000,000
directline#162#2010-04-16#BMW#3#100#K1000#Garage#si#0#Persona fisica#M#34#BO#90010#ALESSANDRIA#4##Impiegato#M#34#BO#90010#ALESSANDRIA#veicolo già assicurato con atr#No#No#BM#13#0#0#0#0#0#0#0#0#3,000,000
directline#163#2010-04-16#BMW#3#100#K1000#Garage#si#0#Persona fisica#M#34#BO#29010#ALESSANDRIA#4##Impiegato#M#34#BO#29010#ALESSANDRIA#veicolo già assicurato con atr#No#No#BM#13#0#0#0#0#0#0#0#0#3,000,000
directline#164#2010-04-16#BMW#3#100#K1000#Garage#si#0#Persona fisica#M#34#BO#35010#ALESSANDRIA#4##Impiegato#M#34#BO#35010#ALESSANDRIA#veicolo già assicurato con atr#No#No#BM#13#0#0#0#0#0#0#0#0#3,000,000
directline#165#2010-04-16#BMW#3#100#K1000#Garage#si#0#Persona fisica#M#34#BO#65010#ALESSANDRIA#4##Impiegato#M#34#BO#65010#ALESSANDRIA#veicolo già assicurato con atr#No#No#BM#13#0#0#0#0#0#0#0#0#3,000,000
directline#166#2010-04-16#BMW#3#100#K1000#Garage#si#0#Persona fisica#M#34#BO#06010#ALESSANDRIA#4##Impiegato#M#34#BO#06010#ALESSANDRIA#veicolo già assicurato con atr#No#No#BM#13#0#0#0#0#0#0#0#0#3,000,000
directline#167#2010-04-16#BMW#3#100#K1000#Garage#si#0#Persona fisica#M#34#BO#56010#ALESSANDRIA#4##Impiegato#M#34#BO#56010#ALESSANDRIA#veicolo già assicurato con atr#No#No#BM#13#0#0#0#0#0#0#0#0#3,000,000
directline#168#2010-04-16#BMW#3#100#K1000#Garage#si#0#Persona fisica#M#34#BO#33070#ALESSANDRIA#4##Impiegato#M#34#BO#33070#ALESSANDRIA#veicolo già assicurato con atr#No#No#BM#13#0#0#0#0#0#0#0#0#3,000,000
directline#169#2010-04-16#BMW#3#100#K1000#Garage#si#0#Persona fisica#M#34#BO#59025#ALESSANDRIA#4##Impiegato#M#34#BO#59025#ALESSANDRIA#veicolo già assicurato con atr#No#No#BM#13#0#0#0#0#0#0#0#0#3,000,000
directline#170#2010-04-16#BMW#3#100#K1000#Garage#si#0#Persona fisica#M#34#BO#43010#ALESSANDRIA#4##Impiegato#M#34#BO#43010#ALESSANDRIA#veicolo già assicurato con atr#No#No#BM#13#0#0#0#0#0#0#0#0#3,000,000
directline#171#2010-04-16#BMW#3#100#K1000#Garage#si#0#Persona fisica#M#34#BO#61010#ALESSANDRIA#4##Impiegato#M#34#BO#61010#ALESSANDRIA#veicolo già assicurato con atr#No#No#BM#13#0#0#0#0#0#0#0#0#3,000,000
directline#172#2010-04-16#BMW#3#100#K1000#Garage#si#0#Persona fisica#M#34#BO#51010#ALESSANDRIA#4##Impiegato#M#34#BO#51010#ALESSANDRIA#veicolo già assicurato con atr#No#No#BM#13#0#0#0#0#0#0#0#0#3,000,000
directline#173#2010-04-16#BMW#3#100#K1000#Garage#si#0#Persona fisica#M#34#BO#27010#ALESSANDRIA#4##Impiegato#M#34#BO#27010#ALESSANDRIA#veicolo già assicurato con atr#No#No#BM#13#0#0#0#0#0#0#0#0#3,000,000
directline#174#2010-04-16#BMW#3#100#K1000#Garage#si#0#Persona fisica#M#34#BO#85010#ALESSANDRIA#4##Impiegato#M#34#BO#85010#ALESSANDRIA#veicolo già assicurato con atr#No#No#BM#13#0#0#0#0#0#0#0#0#3,000,000
directline#175#2010-04-16#BMW#3#100#K1000#Garage#si#0#Persona fisica#M#34#BO#48010#ALESSANDRIA#4##Impiegato#M#34#BO#48010#ALESSANDRIA#veicolo già assicurato con atr#No#No#BM#13#0#0#0#0#0#0#0#0#3,000,000
directline#176#2010-04-16#BMW#3#100#K1000#Garage#si#0#Persona fisica#M#34#BO#89010#ALESSANDRIA#4##Impiegato#M#34#BO#89010#ALESSANDRIA#veicolo già assicurato con atr#No#No#BM#13#0#0#0#0#0#0#0#0#3,000,000
directline#177#2010-04-16#BMW#3#100#K1000#Garage#si#0#Persona fisica#M#34#BO#42010#ALESSANDRIA#4##Impiegato#M#34#BO#42010#ALESSANDRIA#veicolo già assicurato con atr#No#No#BM#13#0#0#0#0#0#0#0#0#3,000,000
directline#178#2010-04-16#BMW#3#100#K1000#Garage#si#0#Persona fisica#M#34#BO#97010#ALESSANDRIA#4##Impiegato#M#34#BO#97010#ALESSANDRIA#veicolo già assicurato con atr#No#No#BM#13#0#0#0#0#0#0#0#0#3,000,000
directline#179#2010-04-16#BMW#3#100#K1000#Garage#si#0#Persona fisica#M#34#BO#02010#ALESSANDRIA#4##Impiegato#M#34#BO#02010#ALESSANDRIA#veicolo già assicurato con atr#No#No#BM#13#0#0#0#0#0#0#0#0#3,000,000
directline#180#2010-04-16#BMW#3#100#K1000#Garage#si#0#Persona fisica#M#34#BO#00010#ALESSANDRIA#4##Impiegato#M#34#BO#00010#ALESSANDRIA#veicolo già assicurato con atr#No#No#BM#13#0#0#0#0#0#0#0#0#3,000,000
directline#181#2010-04-16#BMW#3#100#K1000#Garage#si#0#Persona fisica#M#34#BO#47841#ALESSANDRIA#4##Impiegato#M#34#BO#47841#ALESSANDRIA#veicolo già assicurato con atr#No#No#BM#13#0#0#0#0#0#0#0#0#3,000,000
directline#182#2010-04-16#BMW#3#100#K1000#Garage#si#0#Persona fisica#M#34#BO#45010#ALESSANDRIA#4##Impiegato#M#34#BO#45010#ALESSANDRIA#veicolo già assicurato con atr#No#No#BM#13#0#0#0#0#0#0#0#0#3,000,000
directline#183#2010-04-16#BMW#3#100#K1000#Garage#si#0#Persona fisica#M#34#BO#84010#ALESSANDRIA#4##Impiegato#M#34#BO#84010#ALESSANDRIA#veicolo già assicurato con atr#No#No#BM#13#0#0#0#0#0#0#0#0#3,000,000
directline#184#2010-04-16#BMW#3#100#K1000#Garage#si#0#Persona fisica#M#34#BO#53011#ALESSANDRIA#4##Impiegato#M#34#BO#53011#ALESSANDRIA#veicolo già assicurato con atr#No#No#BM#13#0#0#0#0#0#0#0#0#3,000,000
directline#185#2010-04-16#BMW#3#100#K1000#Garage#si#0#Persona fisica#M#34#BO#23010#ALESSANDRIA#4##Impiegato#M#34#BO#23010#ALESSANDRIA#veicolo già assicurato con atr#No#No#BM#13#0#0#0#0#0#0#0#0#3,000,000
directline#186#2010-04-16#BMW#3#100#K1000#Garage#si#0#Persona fisica#M#34#BO#19010#ALESSANDRIA#4##Impiegato#M#34#BO#19010#ALESSANDRIA#veicolo già assicurato con atr#No#No#BM#13#0#0#0#0#0#0#0#0#3,000,000
directline#187#2010-04-16#BMW#3#100#K1000#Garage#si#0#Persona fisica#M#34#BO#96010#ALESSANDRIA#4##Impiegato#M#34#BO#96010#ALESSANDRIA#veicolo già assicurato con atr#No#No#BM#13#0#0#0#0#0#0#0#0#3,000,000
directline#188#2010-04-16#BMW#3#100#K1000#Garage#si#0#Persona fisica#M#34#BO#07010#ALESSANDRIA#4##Impiegato#M#34#BO#07010#ALESSANDRIA#veicolo già assicurato con atr#No#No#BM#13#0#0#0#0#0#0#0#0#3,000,000
directline#189#2010-04-16#BMW#3#100#K1000#Garage#si#0#Persona fisica#M#34#BO#17010#ALESSANDRIA#4##Impiegato#M#34#BO#17010#ALESSANDRIA#veicolo già assicurato con atr#No#No#BM#13#0#0#0#0#0#0#0#0#3,000,000
directline#190#2010-04-16#BMW#3#100#K1000#Garage#si#0#Persona fisica#M#34#BO#74010#ALESSANDRIA#4##Impiegato#M#34#BO#74010#ALESSANDRIA#veicolo già assicurato con atr#No#No#BM#13#0#0#0#0#0#0#0#0#3,000,000
directline#191#2010-04-16#BMW#3#100#K1000#Garage#si#0#Persona fisica#M#34#BO#64010#ALESSANDRIA#4##Impiegato#M#34#BO#64010#ALESSANDRIA#veicolo già assicurato con atr#No#No#BM#13#0#0#0#0#0#0#0#0#3,000,000
directline#192#2010-04-16#BMW#3#100#K1000#Garage#si#0#Persona fisica#M#34#BO#38010#ALESSANDRIA#4##Impiegato#M#34#BO#38010#ALESSANDRIA#veicolo già assicurato con atr#No#No#BM#13#0#0#0#0#0#0#0#0#3,000,000
directline#193#2010-04-16#BMW#3#100#K1000#Garage#si#0#Persona fisica#M#34#BO#10010#ALESSANDRIA#4##Impiegato#M#34#BO#10010#ALESSANDRIA#veicolo già assicurato con atr#No#No#BM#13#0#0#0#0#0#0#0#0#3,000,000
directline#194#2010-04-16#BMW#3#100#K1000#Garage#si#0#Persona fisica#M#34#BO#91010#ALESSANDRIA#4##Impiegato#M#34#BO#91010#ALESSANDRIA#veicolo già assicurato con atr#No#No#BM#13#0#0#0#0#0#0#0#0#3,000,000
directline#195#2010-04-16#BMW#3#100#K1000#Garage#si#0#Persona fisica#M#34#BO#05010#ALESSANDRIA#4##Impiegato#M#34#BO#05010#ALESSANDRIA#veicolo già assicurato con atr#No#No#BM#13#0#0#0#0#0#0#0#0#3,000,000
directline#196#2010-04-16#BMW#3#100#K1000#Garage#si#0#Persona fisica#M#34#BO#34010#ALESSANDRIA#4##Impiegato#M#34#BO#34010#ALESSANDRIA#veicolo già assicurato con atr#No#No#BM#13#0#0#0#0#0#0#0#0#3,000,000
directline#197#2010-04-16#BMW#3#100#K1000#Garage#si#0#Persona fisica#M#34#BO#31010#ALESSANDRIA#4##Impiegato#M#34#BO#31010#ALESSANDRIA#veicolo già assicurato con atr#No#No#BM#13#0#0#0#0#0#0#0#0#3,000,000
directline#198#2010-04-16#BMW#3#100#K1000#Garage#si#0#Persona fisica#M#34#BO#33010#ALESSANDRIA#4##Impiegato#M#34#BO#33010#ALESSANDRIA#veicolo già assicurato con atr#No#No#BM#13#0#0#0#0#0#0#0#0#3,000,000
directline#199#2010-04-16#BMW#3#100#K1000#Garage#si#0#Persona fisica#M#34#BO#21010#ALESSANDRIA#4##Impiegato#M#34#BO#21010#ALESSANDRIA#veicolo già assicurato con atr#No#No#BM#13#0#0#0#0#0#0#0#0#3,000,000
directline#200#2010-04-16#BMW#3#100#K1000#Garage#si#0#Persona fisica#M#34#BO#28895#ALESSANDRIA#4##Impiegato#M#34#BO#28895#ALESSANDRIA#veicolo già assicurato con atr#No#No#BM#13#0#0#0#0#0#0#0#0#3,000,000
directline#201#2010-04-16#BMW#3#100#K1000#Garage#si#0#Persona fisica#M#34#BO#13010#ALESSANDRIA#4##Impiegato#M#34#BO#13010#ALESSANDRIA#veicolo già assicurato con atr#No#No#BM#13#0#0#0#0#0#0#0#0#3,000,000
directline#202#2010-04-16#BMW#3#100#K1000#Garage#si#0#Persona fisica#M#34#BO#30010#ALESSANDRIA#4##Impiegato#M#34#BO#30010#ALESSANDRIA#veicolo già assicurato con atr#No#No#BM#13#0#0#0#0#0#0#0#0#3,000,000
directline#203#2010-04-16#BMW#3#100#K1000#Garage#si#0#Persona fisica#M#34#BO#36010#ALESSANDRIA#4##Impiegato#M#34#BO#36010#ALESSANDRIA#veicolo già assicurato con atr#No#No#BM#13#0#0#0#0#0#0#0#0#3,000,000
directline#204#2010-04-16#BMW#3#100#K1000#Garage#si#0#Persona fisica#M#34#BO#37010#ALESSANDRIA#4##Impiegato#M#34#BO#37010#ALESSANDRIA#veicolo già assicurato con atr#No#No#BM#13#0#0#0#0#0#0#0#0#3,000,000
directline#205#2010-04-16#BMW#3#100#K1000#Garage#si#0#Persona fisica#M#34#BO#01010#ALESSANDRIA#4##Impiegato#M#34#BO#01010#ALESSANDRIA#veicolo già assicurato con atr#No#No#BM#13#0#0#0#0#0#0#0#0#3,000,000
directline#206#2010-04-16#BMW#3#100#K1000#Garage#si#0#Persona fisica#M#34#BO#89861#ALESSANDRIA#4##Impiegato#M#34#BO#89861#ALESSANDRIA#veicolo già assicurato con atr#No#No#BM#13#0#0#0#0#0#0#0#0#3,000,000
directline#207#2010-04-16#BMW#3#100#K1000#Garage#si#0#Persona fisica#M#74#BO#40122#ALESSANDRIA#4##Impiegato#M#74#BO#40122#ALESSANDRIA#veicolo già assicurato con atr#No#No#BM#13#0#0#0#0#0#0#0#0#3,000,000
directline#208#2010-04-16#BMW#3#100#K1000#Garage#si#0#Persona fisica#M#72#BO#40122#ALESSANDRIA#4##Impiegato#M#72#BO#40122#ALESSANDRIA#veicolo già assicurato con atr#No#No#BM#13#0#0#0#0#0#0#0#0#3,000,000
directline#209#2010-04-16#BMW#3#100#K1000#Garage#si#0#Persona fisica#M#70#BO#40122#ALESSANDRIA#4##Impiegato#M#70#BO#40122#ALESSANDRIA#veicolo già assicurato con atr#No#No#BM#13#0#0#0#0#0#0#0#0#3,000,000
directline#210#2010-04-16#BMW#3#100#K1000#Garage#si#0#Persona fisica#M#68#BO#40122#ALESSANDRIA#4##Impiegato#M#68#BO#40122#ALESSANDRIA#veicolo già assicurato con atr#No#No#BM#13#0#0#0#0#0#0#0#0#3,000,000
directline#211#2010-04-16#BMW#3#100#K1000#Garage#si#0#Persona fisica#M#66#BO#40122#ALESSANDRIA#4##Impiegato#M#66#BO#40122#ALESSANDRIA#veicolo già assicurato con atr#No#No#BM#13#0#0#0#0#0#0#0#0#3,000,000
directline#212#2010-04-16#BMW#3#100#K1000#Garage#si#0#Persona fisica#M#64#BO#40122#ALESSANDRIA#4##Impiegato#M#64#BO#40122#ALESSANDRIA#veicolo già assicurato con atr#No#No#BM#13#0#0#0#0#0#0#0#0#3,000,000
directline#213#2010-04-16#BMW#3#100#K1000#Garage#si#0#Persona fisica#M#62#BO#40122#ALESSANDRIA#4##Impiegato#M#62#BO#40122#ALESSANDRIA#veicolo già assicurato con atr#No#No#BM#13#0#0#0#0#0#0#0#0#3,000,000
directline#214#2010-04-16#BMW#3#100#K1000#Garage#si#0#Persona fisica#M#60#BO#40122#ALESSANDRIA#4##Impiegato#M#60#BO#40122#ALESSANDRIA#veicolo già assicurato con atr#No#No#BM#13#0#0#0#0#0#0#0#0#3,000,000
directline#215#2010-04-16#BMW#3#100#K1000#Garage#si#0#Persona fisica#M#58#BO#40122#ALESSANDRIA#4##Impiegato#M#58#BO#40122#ALESSANDRIA#veicolo già assicurato con atr#No#No#BM#13#0#0#0#0#0#0#0#0#3,000,000
directline#216#2010-04-16#BMW#3#100#K1000#Garage#si#0#Persona fisica#M#56#BO#40122#ALESSANDRIA#4##Impiegato#M#56#BO#40122#ALESSANDRIA#veicolo già assicurato con atr#No#No#BM#13#0#0#0#0#0#0#0#0#3,000,000
directline#217#2010-04-16#BMW#3#100#K1000#Garage#si#0#Persona fisica#M#54#BO#40122#ALESSANDRIA#4##Impiegato#M#54#BO#40122#ALESSANDRIA#veicolo già assicurato con atr#No#No#BM#13#0#0#0#0#0#0#0#0#3,000,000
directline#218#2010-04-16#BMW#3#100#K1000#Garage#si#0#Persona fisica#M#52#BO#40122#ALESSANDRIA#4##Impiegato#M#52#BO#40122#ALESSANDRIA#veicolo già assicurato con atr#No#No#BM#13#0#0#0#0#0#0#0#0#3,000,000
directline#219#2010-04-16#BMW#3#100#K1000#Garage#si#0#Persona fisica#M#50#BO#40122#ALESSANDRIA#4##Impiegato#M#50#BO#40122#ALESSANDRIA#veicolo già assicurato con atr#No#No#BM#13#0#0#0#0#0#0#0#0#3,000,000
directline#220#2010-04-16#BMW#3#100#K1000#Garage#si#0#Persona fisica#M#48#BO#40122#ALESSANDRIA#4##Impiegato#M#48#BO#40122#ALESSANDRIA#veicolo già assicurato con atr#No#No#BM#13#0#0#0#0#0#0#0#0#3,000,000
directline#221#2010-04-16#BMW#3#100#K1000#Garage#si#0#Persona fisica#M#46#BO#40122#ALESSANDRIA#4##Impiegato#M#46#BO#40122#ALESSANDRIA#veicolo già assicurato con atr#No#No#BM#13#0#0#0#0#0#0#0#0#3,000,000
directline#222#2010-04-16#BMW#3#100#K1000#Garage#si#0#Persona fisica#M#44#BO#40122#ALESSANDRIA#4##Impiegato#M#44#BO#40122#ALESSANDRIA#veicolo già assicurato con atr#No#No#BM#13#0#0#0#0#0#0#0#0#3,000,000
directline#223#2010-04-16#BMW#3#100#K1000#Garage#si#0#Persona fisica#M#42#BO#40122#ALESSANDRIA#4##Impiegato#M#42#BO#40122#ALESSANDRIA#veicolo già assicurato con atr#No#No#BM#13#0#0#0#0#0#0#0#0#3,000,000
directline#224#2010-04-16#BMW#3#100#K1000#Garage#si#0#Persona fisica#M#40#BO#40122#ALESSANDRIA#4##Impiegato#M#40#BO#40122#ALESSANDRIA#veicolo già assicurato con atr#No#No#BM#13#0#0#0#0#0#0#0#0#3,000,000
directline#225#2010-04-16#BMW#3#100#K1000#Garage#si#0#Persona fisica#M#38#BO#40122#ALESSANDRIA#4##Impiegato#M#38#BO#40122#ALESSANDRIA#veicolo già assicurato con atr#No#No#BM#13#0#0#0#0#0#0#0#0#3,000,000
directline#226#2010-04-16#BMW#3#100#K1000#Garage#si#0#Persona fisica#M#36#BO#40122#ALESSANDRIA#4##Impiegato#M#36#BO#40122#ALESSANDRIA#veicolo già assicurato con atr#No#No#BM#13#0#0#0#0#0#0#0#0#3,000,000
directline#227#2010-04-16#BMW#3#100#K1000#Garage#si#0#Persona fisica#M#34#BO#40122#ALESSANDRIA#4##Impiegato#M#34#BO#40122#ALESSANDRIA#veicolo già assicurato con atr#No#No#BM#13#0#0#0#0#0#0#0#0#3,000,000
directline#228#2010-04-16#BMW#3#100#K1000#Garage#si#0#Persona fisica#M#32#BO#40122#ALESSANDRIA#4##Impiegato#M#32#BO#40122#ALESSANDRIA#veicolo già assicurato con atr#No#No#BM#13#0#0#0#0#0#0#0#0#3,000,000
directline#229#2010-04-16#BMW#3#100#K1000#Garage#si#0#Persona fisica#M#30#BO#40122#ALESSANDRIA#4##Impiegato#M#30#BO#40122#ALESSANDRIA#veicolo già assicurato con atr#No#No#BM#13#0#0#0#0#0#0#0#0#3,000,000
directline#230#2010-04-16#BMW#3#100#K1000#Garage#si#0#Persona fisica#M#28#BO#40122#ALESSANDRIA#4##Impiegato#M#28#BO#40122#ALESSANDRIA#veicolo già assicurato con atr#No#No#BM#13#0#0#0#0#0#0#0#0#3,000,000
directline#231#2010-04-16#BMW#3#100#K1000#Garage#si#0#Persona fisica#M#26#BO#40122#ALESSANDRIA#4##Impiegato#M#26#BO#40122#ALESSANDRIA#veicolo già assicurato con atr#No#No#BM#13#0#0#0#0#0#0#0#0#3,000,000
directline#232#2010-04-16#BMW#3#100#K1000#Garage#si#0#Persona fisica#M#24#BO#40122#ALESSANDRIA#4##Impiegato#M#24#BO#40122#ALESSANDRIA#veicolo già assicurato con atr#No#No#BM#13#0#0#0#0#0#0#0#0#3,000,000
directline#233#2010-04-16#BMW#3#100#K1000#Garage#si#0#Persona fisica#M#22#BO#40122#ALESSANDRIA#4##Impiegato#M#22#BO#40122#ALESSANDRIA#veicolo già assicurato con atr#No#No#BM#13#0#0#0#0#0#0#0#0#3,000,000
directline#234#2010-04-16#BMW#3#100#K1000#Garage#si#0#Persona fisica#M#20#BO#40122#ALESSANDRIA#1##Impiegato#M#20#BO#40122#ALESSANDRIA#veicolo già assicurato con atr#No#No#BM#13#0#0#0#0#0#0#0#0#3,000,000
directline#235#2010-04-16#BMW#3#100#K1000#Garage#si#0#Persona fisica#M#18#BO#40122#ALESSANDRIA#0##Impiegato#M#18#BO#40122#ALESSANDRIA#veicolo già assicurato con atr#No#No#BM#13#0#0#0#0#0#0#0#0#3,000,000
directline#236#2010-04-16#BMW#3#100#K1000#Garage#si#0#Persona fisica#F#74#BO#40122#ALESSANDRIA#4##Impiegato#F#74#BO#40122#ALESSANDRIA#veicolo già assicurato con atr#No#No#BM#13#0#0#0#0#0#0#0#0#3,000,000
directline#237#2010-04-16#BMW#3#100#K1000#Garage#si#0#Persona fisica#F#72#BO#40122#ALESSANDRIA#4##Impiegato#F#72#BO#40122#ALESSANDRIA#veicolo già assicurato con atr#No#No#BM#13#0#0#0#0#0#0#0#0#3,000,000
directline#238#2010-04-16#BMW#3#100#K1000#Garage#si#0#Persona fisica#F#70#BO#40122#ALESSANDRIA#4##Impiegato#F#70#BO#40122#ALESSANDRIA#veicolo già assicurato con atr#No#No#BM#13#0#0#0#0#0#0#0#0#3,000,000
directline#239#2010-04-16#BMW#3#100#K1000#Garage#si#0#Persona fisica#F#68#BO#40122#ALESSANDRIA#4##Impiegato#F#68#BO#40122#ALESSANDRIA#veicolo già assicurato con atr#No#No#BM#13#0#0#0#0#0#0#0#0#3,000,000
directline#240#2010-04-16#BMW#3#100#K1000#Garage#si#0#Persona fisica#F#66#BO#40122#ALESSANDRIA#4##Impiegato#F#66#BO#40122#ALESSANDRIA#veicolo già assicurato con atr#No#No#BM#13#0#0#0#0#0#0#0#0#3,000,000
directline#241#2010-04-16#BMW#3#100#K1000#Garage#si#0#Persona fisica#F#64#BO#40122#ALESSANDRIA#4##Impiegato#F#64#BO#40122#ALESSANDRIA#veicolo già assicurato con atr#No#No#BM#13#0#0#0#0#0#0#0#0#3,000,000
directline#242#2010-04-16#BMW#3#100#K1000#Garage#si#0#Persona fisica#F#62#BO#40122#ALESSANDRIA#4##Impiegato#F#62#BO#40122#ALESSANDRIA#veicolo già assicurato con atr#No#No#BM#13#0#0#0#0#0#0#0#0#3,000,000
directline#243#2010-04-16#BMW#3#100#K1000#Garage#si#0#Persona fisica#F#60#BO#40122#ALESSANDRIA#4##Impiegato#F#60#BO#40122#ALESSANDRIA#veicolo già assicurato con atr#No#No#BM#13#0#0#0#0#0#0#0#0#3,000,000
directline#244#2010-04-16#BMW#3#100#K1000#Garage#si#0#Persona fisica#F#58#BO#40122#ALESSANDRIA#4##Impiegato#F#58#BO#40122#ALESSANDRIA#veicolo già assicurato con atr#No#No#BM#13#0#0#0#0#0#0#0#0#3,000,000
directline#245#2010-04-16#BMW#3#100#K1000#Garage#si#0#Persona fisica#F#56#BO#40122#ALESSANDRIA#4##Impiegato#F#56#BO#40122#ALESSANDRIA#veicolo già assicurato con atr#No#No#BM#13#0#0#0#0#0#0#0#0#3,000,000
directline#246#2010-04-16#BMW#3#100#K1000#Garage#si#0#Persona fisica#F#54#BO#40122#ALESSANDRIA#4##Impiegato#F#54#BO#40122#ALESSANDRIA#veicolo già assicurato con atr#No#No#BM#13#0#0#0#0#0#0#0#0#3,000,000
directline#247#2010-04-16#BMW#3#100#K1000#Garage#si#0#Persona fisica#F#52#BO#40122#ALESSANDRIA#4##Impiegato#F#52#BO#40122#ALESSANDRIA#veicolo già assicurato con atr#No#No#BM#13#0#0#0#0#0#0#0#0#3,000,000
directline#248#2010-04-16#BMW#3#100#K1000#Garage#si#0#Persona fisica#F#50#BO#40122#ALESSANDRIA#4##Impiegato#F#50#BO#40122#ALESSANDRIA#veicolo già assicurato con atr#No#No#BM#13#0#0#0#0#0#0#0#0#3,000,000
directline#249#2010-04-16#BMW#3#100#K1000#Garage#si#0#Persona fisica#F#48#BO#40122#ALESSANDRIA#4##Impiegato#F#48#BO#40122#ALESSANDRIA#veicolo già assicurato con atr#No#No#BM#13#0#0#0#0#0#0#0#0#3,000,000
directline#250#2010-04-16#BMW#3#100#K1000#Garage#si#0#Persona fisica#F#46#BO#40122#ALESSANDRIA#4##Impiegato#F#46#BO#40122#ALESSANDRIA#veicolo già assicurato con atr#No#No#BM#13#0#0#0#0#0#0#0#0#3,000,000
directline#251#2010-04-16#BMW#3#100#K1000#Garage#si#0#Persona fisica#F#44#BO#40122#ALESSANDRIA#4##Impiegato#F#44#BO#40122#ALESSANDRIA#veicolo già assicurato con atr#No#No#BM#13#0#0#0#0#0#0#0#0#3,000,000
directline#252#2010-04-16#BMW#3#100#K1000#Garage#si#0#Persona fisica#F#42#BO#40122#ALESSANDRIA#4##Impiegato#F#42#BO#40122#ALESSANDRIA#veicolo già assicurato con atr#No#No#BM#13#0#0#0#0#0#0#0#0#3,000,000
directline#253#2010-04-16#BMW#3#100#K1000#Garage#si#0#Persona fisica#F#40#BO#40122#ALESSANDRIA#4##Impiegato#F#40#BO#40122#ALESSANDRIA#veicolo già assicurato con atr#No#No#BM#13#0#0#0#0#0#0#0#0#3,000,000
directline#254#2010-04-16#BMW#3#100#K1000#Garage#si#0#Persona fisica#F#38#BO#40122#ALESSANDRIA#4##Impiegato#F#38#BO#40122#ALESSANDRIA#veicolo già assicurato con atr#No#No#BM#13#0#0#0#0#0#0#0#0#3,000,000
directline#255#2010-04-16#BMW#3#100#K1000#Garage#si#0#Persona fisica#F#36#BO#40122#ALESSANDRIA#4##Impiegato#F#36#BO#40122#ALESSANDRIA#veicolo già assicurato con atr#No#No#BM#13#0#0#0#0#0#0#0#0#3,000,000
directline#256#2010-04-16#BMW#3#100#K1000#Garage#si#0#Persona fisica#F#34#BO#40122#ALESSANDRIA#4##Impiegato#F#34#BO#40122#ALESSANDRIA#veicolo già assicurato con atr#No#No#BM#13#0#0#0#0#0#0#0#0#3,000,000
directline#257#2010-04-16#BMW#3#100#K1000#Garage#si#0#Persona fisica#F#32#BO#40122#ALESSANDRIA#4##Impiegato#F#32#BO#40122#ALESSANDRIA#veicolo già assicurato con atr#No#No#BM#13#0#0#0#0#0#0#0#0#3,000,000
directline#258#2010-04-16#BMW#3#100#K1000#Garage#si#0#Persona fisica#F#30#BO#40122#ALESSANDRIA#4##Impiegato#F#30#BO#40122#ALESSANDRIA#veicolo già assicurato con atr#No#No#BM#13#0#0#0#0#0#0#0#0#3,000,000
directline#259#2010-04-16#BMW#3#100#K1000#Garage#si#0#Persona fisica#F#28#BO#40122#ALESSANDRIA#4##Impiegato#F#28#BO#40122#ALESSANDRIA#veicolo già assicurato con atr#No#No#BM#13#0#0#0#0#0#0#0#0#3,000,000
directline#260#2010-04-16#BMW#3#100#K1000#Garage#si#0#Persona fisica#F#26#BO#40122#ALESSANDRIA#4##Impiegato#F#26#BO#40122#ALESSANDRIA#veicolo già assicurato con atr#No#No#BM#13#0#0#0#0#0#0#0#0#3,000,000
directline#261#2010-04-16#BMW#3#100#K1000#Garage#si#0#Persona fisica#F#24#BO#40122#ALESSANDRIA#4##Impiegato#F#24#BO#40122#ALESSANDRIA#veicolo già assicurato con atr#No#No#BM#13#0#0#0#0#0#0#0#0#3,000,000
directline#262#2010-04-16#BMW#3#100#K1000#Garage#si#0#Persona fisica#F#22#BO#40122#ALESSANDRIA#4##Impiegato#F#22#BO#40122#ALESSANDRIA#veicolo già assicurato con atr#No#No#BM#13#0#0#0#0#0#0#0#0#3,000,000
directline#263#2010-04-16#BMW#3#100#K1000#Garage#si#0#Persona fisica#F#20#BO#40122#ALESSANDRIA#1##Impiegato#F#20#BO#40122#ALESSANDRIA#veicolo già assicurato con atr#No#No#BM#13#0#0#0#0#0#0#0#0#3,000,000
directline#264#2010-04-16#BMW#3#100#K1000#Garage#si#0#Persona fisica#F#18#BO#40122#ALESSANDRIA#0##Impiegato#F#18#BO#40122#ALESSANDRIA#veicolo già assicurato con atr#No#No#BM#13#0#0#0#0#0#0#0#0#3,000,000
directline#500#2010-04-16#BMW#3#100#K1000#Garage#si#0#Persona fisica#M#75#BO#40122#ALESSANDRIA#4##Impiegato#M#75#BO#40122#ALESSANDRIA#veicolo già assicurato con atr#No#No#BM#13#0#0#0#0#0#0#0#0#3,000,000
directline#501#2010-04-16#BMW#3#100#K1000#Garage#si#0#Persona fisica#M#73#BO#40122#ALESSANDRIA#4##Impiegato#M#73#BO#40122#ALESSANDRIA#veicolo già assicurato con atr#No#No#BM#13#0#0#0#0#0#0#0#0#3,000,000
directline#502#2010-04-16#BMW#3#100#K1000#Garage#si#0#Persona fisica#M#71#BO#40122#ALESSANDRIA#4##Impiegato#M#71#BO#40122#ALESSANDRIA#veicolo già assicurato con atr#No#No#BM#13#0#0#0#0#0#0#0#0#3,000,000
directline#503#2010-04-16#BMW#3#100#K1000#Garage#si#0#Persona fisica#M#69#BO#40122#ALESSANDRIA#4##Impiegato#M#69#BO#40122#ALESSANDRIA#veicolo già assicurato con atr#No#No#BM#13#0#0#0#0#0#0#0#0#3,000,000
directline#504#2010-04-16#BMW#3#100#K1000#Garage#si#0#Persona fisica#M#67#BO#40122#ALESSANDRIA#4##Impiegato#M#67#BO#40122#ALESSANDRIA#veicolo già assicurato con atr#No#No#BM#13#0#0#0#0#0#0#0#0#3,000,000
directline#505#2010-04-16#BMW#3#100#K1000#Garage#si#0#Persona fisica#M#65#BO#40122#ALESSANDRIA#4##Impiegato#M#65#BO#40122#ALESSANDRIA#veicolo già assicurato con atr#No#No#BM#13#0#0#0#0#0#0#0#0#3,000,000
directline#506#2010-04-16#BMW#3#100#K1000#Garage#si#0#Persona fisica#M#63#BO#40122#ALESSANDRIA#4##Impiegato#M#63#BO#40122#ALESSANDRIA#veicolo già assicurato con atr#No#No#BM#13#0#0#0#0#0#0#0#0#3,000,000
directline#507#2010-04-16#BMW#3#100#K1000#Garage#si#0#Persona fisica#M#61#BO#40122#ALESSANDRIA#4##Impiegato#M#61#BO#40122#ALESSANDRIA#veicolo già assicurato con atr#No#No#BM#13#0#0#0#0#0#0#0#0#3,000,000
directline#508#2010-04-16#BMW#3#100#K1000#Garage#si#0#Persona fisica#M#59#BO#40122#ALESSANDRIA#4##Impiegato#M#59#BO#40122#ALESSANDRIA#veicolo già assicurato con atr#No#No#BM#13#0#0#0#0#0#0#0#0#3,000,000
directline#509#2010-04-16#BMW#3#100#K1000#Garage#si#0#Persona fisica#M#57#BO#40122#ALESSANDRIA#4##Impiegato#M#57#BO#40122#ALESSANDRIA#veicolo già assicurato con atr#No#No#BM#13#0#0#0#0#0#0#0#0#3,000,000
directline#510#2010-04-16#BMW#3#100#K1000#Garage#si#0#Persona fisica#M#55#BO#40122#ALESSANDRIA#4##Impiegato#M#55#BO#40122#ALESSANDRIA#veicolo già assicurato con atr#No#No#BM#13#0#0#0#0#0#0#0#0#3,000,000
directline#511#2010-04-16#BMW#3#100#K1000#Garage#si#0#Persona fisica#M#53#BO#40122#ALESSANDRIA#4##Impiegato#M#53#BO#40122#ALESSANDRIA#veicolo già assicurato con atr#No#No#BM#13#0#0#0#0#0#0#0#0#3,000,000
directline#512#2010-04-16#BMW#3#100#K1000#Garage#si#0#Persona fisica#M#51#BO#40122#ALESSANDRIA#4##Impiegato#M#51#BO#40122#ALESSANDRIA#veicolo già assicurato con atr#No#No#BM#13#0#0#0#0#0#0#0#0#3,000,000
directline#513#2010-04-16#BMW#3#100#K1000#Garage#si#0#Persona fisica#M#49#BO#40122#ALESSANDRIA#4##Impiegato#M#49#BO#40122#ALESSANDRIA#veicolo già assicurato con atr#No#No#BM#13#0#0#0#0#0#0#0#0#3,000,000
directline#514#2010-04-16#BMW#3#100#K1000#Garage#si#0#Persona fisica#M#47#BO#40122#ALESSANDRIA#4##Impiegato#M#47#BO#40122#ALESSANDRIA#veicolo già assicurato con atr#No#No#BM#13#0#0#0#0#0#0#0#0#3,000,000
directline#515#2010-04-16#BMW#3#100#K1000#Garage#si#0#Persona fisica#M#45#BO#40122#ALESSANDRIA#4##Impiegato#M#45#BO#40122#ALESSANDRIA#veicolo già assicurato con atr#No#No#BM#13#0#0#0#0#0#0#0#0#3,000,000
directline#516#2010-04-16#BMW#3#100#K1000#Garage#si#0#Persona fisica#M#43#BO#40122#ALESSANDRIA#4##Impiegato#M#43#BO#40122#ALESSANDRIA#veicolo già assicurato con atr#No#No#BM#13#0#0#0#0#0#0#0#0#3,000,000
directline#517#2010-04-16#BMW#3#100#K1000#Garage#si#0#Persona fisica#M#41#BO#40122#ALESSANDRIA#4##Impiegato#M#41#BO#40122#ALESSANDRIA#veicolo già assicurato con atr#No#No#BM#13#0#0#0#0#0#0#0#0#3,000,000
directline#518#2010-04-16#BMW#3#100#K1000#Garage#si#0#Persona fisica#M#39#BO#40122#ALESSANDRIA#4##Impiegato#M#39#BO#40122#ALESSANDRIA#veicolo già assicurato con atr#No#No#BM#13#0#0#0#0#0#0#0#0#3,000,000
directline#519#2010-04-16#BMW#3#100#K1000#Garage#si#0#Persona fisica#M#37#BO#40122#ALESSANDRIA#4##Impiegato#M#37#BO#40122#ALESSANDRIA#veicolo già assicurato con atr#No#No#BM#13#0#0#0#0#0#0#0#0#3,000,000
directline#520#2010-04-16#BMW#3#100#K1000#Garage#si#0#Persona fisica#M#35#BO#40122#ALESSANDRIA#4##Impiegato#M#35#BO#40122#ALESSANDRIA#veicolo già assicurato con atr#No#No#BM#13#0#0#0#0#0#0#0#0#3,000,000
directline#521#2010-04-16#BMW#3#100#K1000#Garage#si#0#Persona fisica#M#33#BO#40122#ALESSANDRIA#4##Impiegato#M#33#BO#40122#ALESSANDRIA#veicolo già assicurato con atr#No#No#BM#13#0#0#0#0#0#0#0#0#3,000,000
directline#522#2010-04-16#BMW#3#100#K1000#Garage#si#0#Persona fisica#M#31#BO#40122#ALESSANDRIA#4##Impiegato#M#31#BO#40122#ALESSANDRIA#veicolo già assicurato con atr#No#No#BM#13#0#0#0#0#0#0#0#0#3,000,000
directline#523#2010-04-16#BMW#3#100#K1000#Garage#si#0#Persona fisica#M#29#BO#40122#ALESSANDRIA#4##Impiegato#M#29#BO#40122#ALESSANDRIA#veicolo già assicurato con atr#No#No#BM#13#0#0#0#0#0#0#0#0#3,000,000
directline#524#2010-04-16#BMW#3#100#K1000#Garage#si#0#Persona fisica#M#27#BO#40122#ALESSANDRIA#4##Impiegato#M#27#BO#40122#ALESSANDRIA#veicolo già assicurato con atr#No#No#BM#13#0#0#0#0#0#0#0#0#3,000,000
directline#525#2010-04-16#BMW#3#100#K1000#Garage#si#0#Persona fisica#M#25#BO#40122#ALESSANDRIA#4##Impiegato#M#25#BO#40122#ALESSANDRIA#veicolo già assicurato con atr#No#No#BM#13#0#0#0#0#0#0#0#0#3,000,000
directline#526#2010-04-16#BMW#3#100#K1000#Garage#si#0#Persona fisica#M#23#BO#40122#ALESSANDRIA#4##Impiegato#M#23#BO#40122#ALESSANDRIA#veicolo già assicurato con atr#No#No#BM#13#0#0#0#0#0#0#0#0#3,000,000
directline#527#2010-04-16#BMW#3#100#K1000#Garage#si#0#Persona fisica#M#21#BO#40122#ALESSANDRIA#3##Impiegato#M#21#BO#40122#ALESSANDRIA#veicolo già assicurato con atr#No#No#BM#13#0#0#0#0#0#0#0#0#3,000,000
directline#528#2010-04-16#BMW#3#100#K1000#Garage#si#0#Persona fisica#M#19#BO#40122#ALESSANDRIA#1##Impiegato#M#19#BO#40122#ALESSANDRIA#veicolo già assicurato con atr#No#No#BM#13#0#0#0#0#0#0#0#0#3,000,000
directline#529#2010-04-16#BMW#3#100#K1000#Garage#si#0#Persona fisica#F#75#BO#40122#ALESSANDRIA#4##Impiegato#F#75#BO#40122#ALESSANDRIA#veicolo già assicurato con atr#No#No#BM#13#0#0#0#0#0#0#0#0#3,000,000
directline#530#2010-04-16#BMW#3#100#K1000#Garage#si#0#Persona fisica#F#73#BO#40122#ALESSANDRIA#4##Impiegato#F#73#BO#40122#ALESSANDRIA#veicolo già assicurato con atr#No#No#BM#13#0#0#0#0#0#0#0#0#3,000,000
directline#531#2010-04-16#BMW#3#100#K1000#Garage#si#0#Persona fisica#F#71#BO#40122#ALESSANDRIA#4##Impiegato#F#71#BO#40122#ALESSANDRIA#veicolo già assicurato con atr#No#No#BM#13#0#0#0#0#0#0#0#0#3,000,000
directline#532#2010-04-16#BMW#3#100#K1000#Garage#si#0#Persona fisica#F#69#BO#40122#ALESSANDRIA#4##Impiegato#F#69#BO#40122#ALESSANDRIA#veicolo già assicurato con atr#No#No#BM#13#0#0#0#0#0#0#0#0#3,000,000
directline#533#2010-04-16#BMW#3#100#K1000#Garage#si#0#Persona fisica#F#67#BO#40122#ALESSANDRIA#4##Impiegato#F#67#BO#40122#ALESSANDRIA#veicolo già assicurato con atr#No#No#BM#13#0#0#0#0#0#0#0#0#3,000,000
directline#534#2010-04-16#BMW#3#100#K1000#Garage#si#0#Persona fisica#F#65#BO#40122#ALESSANDRIA#4##Impiegato#F#65#BO#40122#ALESSANDRIA#veicolo già assicurato con atr#No#No#BM#13#0#0#0#0#0#0#0#0#3,000,000
directline#535#2010-04-16#BMW#3#100#K1000#Garage#si#0#Persona fisica#F#63#BO#40122#ALESSANDRIA#4##Impiegato#F#63#BO#40122#ALESSANDRIA#veicolo già assicurato con atr#No#No#BM#13#0#0#0#0#0#0#0#0#3,000,000
directline#536#2010-04-16#BMW#3#100#K1000#Garage#si#0#Persona fisica#F#61#BO#40122#ALESSANDRIA#4##Impiegato#F#61#BO#40122#ALESSANDRIA#veicolo già assicurato con atr#No#No#BM#13#0#0#0#0#0#0#0#0#3,000,000
directline#537#2010-04-16#BMW#3#100#K1000#Garage#si#0#Persona fisica#F#59#BO#40122#ALESSANDRIA#4##Impiegato#F#59#BO#40122#ALESSANDRIA#veicolo già assicurato con atr#No#No#BM#13#0#0#0#0#0#0#0#0#3,000,000
directline#538#2010-04-16#BMW#3#100#K1000#Garage#si#0#Persona fisica#F#57#BO#40122#ALESSANDRIA#4##Impiegato#F#57#BO#40122#ALESSANDRIA#veicolo già assicurato con atr#No#No#BM#13#0#0#0#0#0#0#0#0#3,000,000
directline#539#2010-04-16#BMW#3#100#K1000#Garage#si#0#Persona fisica#F#55#BO#40122#ALESSANDRIA#4##Impiegato#F#55#BO#40122#ALESSANDRIA#veicolo già assicurato con atr#No#No#BM#13#0#0#0#0#0#0#0#0#3,000,000
directline#540#2010-04-16#BMW#3#100#K1000#Garage#si#0#Persona fisica#F#53#BO#40122#ALESSANDRIA#4##Impiegato#F#53#BO#40122#ALESSANDRIA#veicolo già assicurato con atr#No#No#BM#13#0#0#0#0#0#0#0#0#3,000,000
directline#541#2010-04-16#BMW#3#100#K1000#Garage#si#0#Persona fisica#F#51#BO#40122#ALESSANDRIA#4##Impiegato#F#51#BO#40122#ALESSANDRIA#veicolo già assicurato con atr#No#No#BM#13#0#0#0#0#0#0#0#0#3,000,000
directline#542#2010-04-16#BMW#3#100#K1000#Garage#si#0#Persona fisica#F#49#BO#40122#ALESSANDRIA#4##Impiegato#F#49#BO#40122#ALESSANDRIA#veicolo già assicurato con atr#No#No#BM#13#0#0#0#0#0#0#0#0#3,000,000
directline#543#2010-04-16#BMW#3#100#K1000#Garage#si#0#Persona fisica#F#47#BO#40122#ALESSANDRIA#4##Impiegato#F#47#BO#40122#ALESSANDRIA#veicolo già assicurato con atr#No#No#BM#13#0#0#0#0#0#0#0#0#3,000,000
directline#544#2010-04-16#BMW#3#100#K1000#Garage#si#0#Persona fisica#F#45#BO#40122#ALESSANDRIA#4##Impiegato#F#45#BO#40122#ALESSANDRIA#veicolo già assicurato con atr#No#No#BM#13#0#0#0#0#0#0#0#0#3,000,000
directline#545#2010-04-16#BMW#3#100#K1000#Garage#si#0#Persona fisica#F#43#BO#40122#ALESSANDRIA#4##Impiegato#F#43#BO#40122#ALESSANDRIA#veicolo già assicurato con atr#No#No#BM#13#0#0#0#0#0#0#0#0#3,000,000
directline#546#2010-04-16#BMW#3#100#K1000#Garage#si#0#Persona fisica#F#41#BO#40122#ALESSANDRIA#4##Impiegato#F#41#BO#40122#ALESSANDRIA#veicolo già assicurato con atr#No#No#BM#13#0#0#0#0#0#0#0#0#3,000,000
directline#547#2010-04-16#BMW#3#100#K1000#Garage#si#0#Persona fisica#F#39#BO#40122#ALESSANDRIA#4##Impiegato#F#39#BO#40122#ALESSANDRIA#veicolo già assicurato con atr#No#No#BM#13#0#0#0#0#0#0#0#0#3,000,000
directline#548#2010-04-16#BMW#3#100#K1000#Garage#si#0#Persona fisica#F#37#BO#40122#ALESSANDRIA#4##Impiegato#F#37#BO#40122#ALESSANDRIA#veicolo già assicurato con atr#No#No#BM#13#0#0#0#0#0#0#0#0#3,000,000
directline#549#2010-04-16#BMW#3#100#K1000#Garage#si#0#Persona fisica#F#35#BO#40122#ALESSANDRIA#4##Impiegato#F#35#BO#40122#ALESSANDRIA#veicolo già assicurato con atr#No#No#BM#13#0#0#0#0#0#0#0#0#3,000,000
directline#550#2010-04-16#BMW#3#100#K1000#Garage#si#0#Persona fisica#F#33#BO#40122#ALESSANDRIA#4##Impiegato#F#33#BO#40122#ALESSANDRIA#veicolo già assicurato con atr#No#No#BM#13#0#0#0#0#0#0#0#0#3,000,000
directline#551#2010-04-16#BMW#3#100#K1000#Garage#si#0#Persona fisica#F#31#BO#40122#ALESSANDRIA#4##Impiegato#F#31#BO#40122#ALESSANDRIA#veicolo già assicurato con atr#No#No#BM#13#0#0#0#0#0#0#0#0#3,000,000
directline#552#2010-04-16#BMW#3#100#K1000#Garage#si#0#Persona fisica#F#29#BO#40122#ALESSANDRIA#4##Impiegato#F#29#BO#40122#ALESSANDRIA#veicolo già assicurato con atr#No#No#BM#13#0#0#0#0#0#0#0#0#3,000,000
directline#553#2010-04-16#BMW#3#100#K1000#Garage#si#0#Persona fisica#F#27#BO#40122#ALESSANDRIA#4##Impiegato#F#27#BO#40122#ALESSANDRIA#veicolo già assicurato con atr#No#No#BM#13#0#0#0#0#0#0#0#0#3,000,000
directline#554#2010-04-16#BMW#3#100#K1000#Garage#si#0#Persona fisica#F#25#BO#40122#ALESSANDRIA#4##Impiegato#F#25#BO#40122#ALESSANDRIA#veicolo già assicurato con atr#No#No#BM#13#0#0#0#0#0#0#0#0#3,000,000
directline#555#2010-04-16#BMW#3#100#K1000#Garage#si#0#Persona fisica#F#23#BO#40122#ALESSANDRIA#4##Impiegato#F#23#BO#40122#ALESSANDRIA#veicolo già assicurato con atr#No#No#BM#13#0#0#0#0#0#0#0#0#3,000,000
directline#556#2010-04-16#BMW#3#100#K1000#Garage#si#0#Persona fisica#F#21#BO#40122#ALESSANDRIA#3##Impiegato#F#21#BO#40122#ALESSANDRIA#veicolo già assicurato con atr#No#No#BM#13#0#0#0#0#0#0#0#0#3,000,000
directline#557#2010-04-16#BMW#3#100#K1000#Garage#si#0#Persona fisica#F#19#BO#40122#ALESSANDRIA#1##Impiegato#F#19#BO#40122#ALESSANDRIA#veicolo già assicurato con atr#No#No#BM#13#0#0#0#0#0#0#0#0#3,000,000
directline#418#2010-04-16#BMW#3#100#K1000#Garage#si#0#Persona fisica#M#34#BO#40122#ALESSANDRIA#4##Impiegato#M#34#BO#40122#ALESSANDRIA#veicolo già assicurato con atr#No#No#BM#3#0#0#0#0#0#0#0#0#3,000,000
directline#417#2010-04-16#BMW#3#100#K1000#Garage#si#0#Persona fisica#M#34#BO#40122#ALESSANDRIA#4##Impiegato#M#34#BO#40122#ALESSANDRIA#veicolo già assicurato con atr#No#No#BM#4#0#0#0#0#0#0#0#0#3,000,000
directline#265#2010-04-16#BMW#3#100#K1000#Garage#si#0#Persona fisica#M#34#BO#40122#ALESSANDRIA#4##Impiegato#M#34#BO#40122#ALESSANDRIA#veicolo già assicurato con atr#No#No#BM#5#0#0#0#0#0#0#0#0#3,000,000
directline#266#2010-04-16#BMW#3#100#K1000#Garage#si#0#Persona fisica#M#34#BO#40122#ALESSANDRIA#4##Impiegato#M#34#BO#40122#ALESSANDRIA#veicolo già assicurato con atr#No#No#BM#6#0#0#0#0#0#0#0#0#3,000,000
directline#267#2010-04-16#BMW#3#100#K1000#Garage#si#0#Persona fisica#M#34#BO#40122#ALESSANDRIA#4##Impiegato#M#34#BO#40122#ALESSANDRIA#veicolo già assicurato con atr#No#No#BM#7#0#0#0#0#0#0#0#0#3,000,000
directline#268#2010-04-16#BMW#3#100#K1000#Garage#si#0#Persona fisica#M#34#BO#40122#ALESSANDRIA#4##Impiegato#M#34#BO#40122#ALESSANDRIA#veicolo già assicurato con atr#No#No#BM#8#0#0#0#0#0#0#0#0#3,000,000
directline#269#2010-04-16#BMW#3#100#K1000#Garage#si#0#Persona fisica#M#34#BO#40122#ALESSANDRIA#4##Impiegato#M#34#BO#40122#ALESSANDRIA#veicolo già assicurato con atr#No#No#BM#9#0#0#0#0#0#0#0#0#3,000,000
directline#270#2010-04-16#BMW#3#100#K1000#Garage#si#0#Persona fisica#M#34#BO#40122#ALESSANDRIA#4##Impiegato#M#34#BO#40122#ALESSANDRIA#veicolo già assicurato con atr#No#No#BM#10#0#0#0#0#0#0#0#0#3,000,000
directline#271#2010-04-16#BMW#3#100#K1000#Garage#si#0#Persona fisica#M#34#BO#40122#ALESSANDRIA#4##Impiegato#M#34#BO#40122#ALESSANDRIA#veicolo già assicurato con atr#No#No#BM#11#0#0#0#0#0#0#0#0#3,000,000
directline#272#2010-04-16#BMW#3#100#K1000#Garage#si#0#Persona fisica#M#34#BO#40122#ALESSANDRIA#4##Impiegato#M#34#BO#40122#ALESSANDRIA#veicolo già assicurato con atr#No#No#BM#12#0#0#0#0#0#0#0#0#3,000,000
directline#273#2010-04-16#BMW#3#100#K1000#Garage#si#0#Persona fisica#M#34#BO#40122#ALESSANDRIA#4##Impiegato#M#34#BO#40122#ALESSANDRIA#veicolo già assicurato con atr#No#No#BM#13#0#0#0#0#0#0#0#0#3,000,000
directline#274#2010-04-16#BMW#3#100#K1000#Garage#si#0#Persona fisica#M#34#BO#40122#ALESSANDRIA#4##Impiegato#M#34#BO#40122#ALESSANDRIA#veicolo già assicurato con atr#No#No#BM#14#0#0#0#0#0#0#0#0#3,000,000
directline#275#2010-04-16#BMW#3#100#K1000#Garage#si#0#Persona fisica#M#34#BO#40122#ALESSANDRIA#4##Impiegato#M#34#BO#40122#ALESSANDRIA#veicolo già assicurato con atr#No#No#BM#15#0#0#0#0#0#0#0#0#3,000,000
directline#276#2010-04-16#BMW#3#100#K1000#Garage#si#0#Persona fisica#M#34#BO#40122#ALESSANDRIA#4##Impiegato#M#34#BO#40122#ALESSANDRIA#veicolo già assicurato con atr#No#No#BM#16#0#0#0#0#0#0#0#0#3,000,000
directline#416#2010-04-16#BMW#3#100#K1000#Garage#si#0#Persona fisica#M#34#BO#40122#ALESSANDRIA#4##Impiegato#M#34#BO#40122#ALESSANDRIA#veicolo già assicurato con atr#No#No#BM#4#0#0#0#0#0#1#1#0#3,000,000
directline#277#2010-04-16#BMW#3#100#K1000#Garage#si#0#Persona fisica#M#34#BO#40122#ALESSANDRIA#4##Impiegato#M#34#BO#40122#ALESSANDRIA#veicolo già assicurato con atr#No#No#BM#5#0#0#0#0#0#1#1#0#3,000,000
directline#278#2010-04-16#BMW#3#100#K1000#Garage#si#0#Persona fisica#M#34#BO#40122#ALESSANDRIA#4##Impiegato#M#34#BO#40122#ALESSANDRIA#veicolo già assicurato con atr#No#No#BM#6#0#0#0#0#0#1#1#0#3,000,000
directline#279#2010-04-16#BMW#3#100#K1000#Garage#si#0#Persona fisica#M#34#BO#40122#ALESSANDRIA#4##Impiegato#M#34#BO#40122#ALESSANDRIA#veicolo già assicurato con atr#No#No#BM#7#0#0#0#0#0#1#1#0#3,000,000
directline#280#2010-04-16#BMW#3#100#K1000#Garage#si#0#Persona fisica#M#34#BO#40122#ALESSANDRIA#4##Impiegato#M#34#BO#40122#ALESSANDRIA#veicolo già assicurato con atr#No#No#BM#8#0#0#0#0#0#1#1#0#3,000,000
directline#281#2010-04-16#BMW#3#100#K1000#Garage#si#0#Persona fisica#M#34#BO#40122#ALESSANDRIA#4##Impiegato#M#34#BO#40122#ALESSANDRIA#veicolo già assicurato con atr#No#No#BM#9#0#0#0#0#0#1#1#0#3,000,000
directline#282#2010-04-16#BMW#3#100#K1000#Garage#si#0#Persona fisica#M#34#BO#40122#ALESSANDRIA#4##Impiegato#M#34#BO#40122#ALESSANDRIA#veicolo già assicurato con atr#No#No#BM#10#0#0#0#0#0#1#1#0#3,000,000
directline#283#2010-04-16#BMW#3#100#K1000#Garage#si#0#Persona fisica#M#34#BO#40122#ALESSANDRIA#4##Impiegato#M#34#BO#40122#ALESSANDRIA#veicolo già assicurato con atr#No#No#BM#11#0#0#0#0#0#1#1#0#3,000,000
directline#284#2010-04-16#BMW#3#100#K1000#Garage#si#0#Persona fisica#M#34#BO#40122#ALESSANDRIA#4##Impiegato#M#34#BO#40122#ALESSANDRIA#veicolo già assicurato con atr#No#No#BM#12#0#0#0#0#0#1#1#0#3,000,000
directline#285#2010-04-16#BMW#3#100#K1000#Garage#si#0#Persona fisica#M#34#BO#40122#ALESSANDRIA#4##Impiegato#M#34#BO#40122#ALESSANDRIA#veicolo già assicurato con atr#No#No#BM#13#0#0#0#0#0#1#1#0#3,000,000
directline#286#2010-04-16#BMW#3#100#K1000#Garage#si#0#Persona fisica#M#34#BO#40122#ALESSANDRIA#4##Impiegato#M#34#BO#40122#ALESSANDRIA#veicolo già assicurato con atr#No#No#BM#14#0#0#0#0#0#1#1#0#3,000,000
directline#287#2010-04-16#BMW#3#100#K1000#Garage#si#0#Persona fisica#M#34#BO#40122#ALESSANDRIA#4##Impiegato#M#34#BO#40122#ALESSANDRIA#veicolo già assicurato con atr#No#No#BM#15#0#0#0#0#0#1#1#0#3,000,000
directline#288#2010-04-16#BMW#3#100#K1000#Garage#si#0#Persona fisica#M#34#BO#40122#ALESSANDRIA#4##Impiegato#M#34#BO#40122#ALESSANDRIA#veicolo già assicurato con atr#No#No#BM#16#0#0#0#0#0#1#1#0#3,000,000
directline#289#2010-04-16#BMW#3#100#K1000#Garage#si#0#Persona fisica#M#34#BO#40122#ALESSANDRIA#4##Impiegato#M#34#BO#40122#ALESSANDRIA#veicolo già assicurato con atr#No#No#BM#17#0#0#0#0#0#1#1#0#3,000,000
directline#300#2010-04-16#BMW#3#100#K1000#Garage#si#0#Persona fisica#M#34#BO#40122#ALESSANDRIA#4##Impiegato#M#34#BO#40122#ALESSANDRIA#veicolo già assicurato con atr#No#No#BM#18#0#0#0#0#0#1#1#0#3,000,000
directline#303#2010-04-16#BMW#3#100#K1000#Garage#si#0#Persona fisica#M#34#BO#40122#ALESSANDRIA#4##Agricoltore#M#34#BO#40122#ALESSANDRIA#veicolo già assicurato con atr#No#No#BM#13#0#0#0#0#0#0#0#0#3,000,000
directline#304#2010-04-16#BMW#3#100#K1000#Garage#si#0#Persona fisica#M#34#BO#40122#ALESSANDRIA#4##Artigiano#M#34#BO#40122#ALESSANDRIA#veicolo già assicurato con atr#No#No#BM#13#0#0#0#0#0#0#0#0#3,000,000
directline#305#2010-04-16#BMW#3#100#K1000#Garage#si#0#Persona fisica#M#34#BO#40122#ALESSANDRIA#4##Artista#M#34#BO#40122#ALESSANDRIA#veicolo già assicurato con atr#No#No#BM#13#0#0#0#0#0#0#0#0#3,000,000
directline#306#2010-04-16#BMW#3#100#K1000#Garage#si#0#Persona fisica#M#34#BO#40122#ALESSANDRIA#4##Barista/Cameriere#M#34#BO#40122#ALESSANDRIA#veicolo già assicurato con atr#No#No#BM#13#0#0#0#0#0#0#0#0#3,000,000
directline#307#2010-04-16#BMW#3#100#K1000#Garage#si#0#Persona fisica#M#34#BO#40122#ALESSANDRIA#4##Casalinga#M#34#BO#40122#ALESSANDRIA#veicolo già assicurato con atr#No#No#BM#13#0#0#0#0#0#0#0#0#3,000,000
directline#308#2010-04-16#BMW#3#100#K1000#Garage#si#0#Persona fisica#M#34#BO#40122#ALESSANDRIA#4##Commerciante#M#34#BO#40122#ALESSANDRIA#veicolo già assicurato con atr#No#No#BM#13#0#0#0#0#0#0#0#0#3,000,000
directline#309#2010-04-16#BMW#3#100#K1000#Garage#si#0#Persona fisica#M#34#BO#40122#ALESSANDRIA#4##Commesso#M#34#BO#40122#ALESSANDRIA#veicolo già assicurato con atr#No#No#BM#13#0#0#0#0#0#0#0#0#3,000,000
directline#310#2010-04-16#BMW#3#100#K1000#Garage#si#0#Persona fisica#M#34#BO#40122#ALESSANDRIA#4##Dipendente pubblico#M#34#BO#40122#ALESSANDRIA#veicolo già assicurato con atr#No#No#BM#13#0#0#0#0#0#0#0#0#3,000,000
directline#311#2010-04-16#BMW#3#100#K1000#Garage#si#0#Persona fisica#M#34#BO#40122#ALESSANDRIA#4##Dirigente/Funzionario#M#34#BO#40122#ALESSANDRIA#veicolo già assicurato con atr#No#No#BM#13#0#0#0#0#0#0#0#0#3,000,000
directline#312#2010-04-16#BMW#3#100#K1000#Garage#si#0#Persona fisica#M#34#BO#40122#ALESSANDRIA#4##Ecclesiastico#M#34#BO#40122#ALESSANDRIA#veicolo già assicurato con atr#No#No#BM#13#0#0#0#0#0#0#0#0#3,000,000
directline#313#2010-04-16#BMW#3#100#K1000#Garage#si#0#Persona fisica#M#34#BO#40122#ALESSANDRIA#4##Forze Armate/Altri Corpi#M#34#BO#40122#ALESSANDRIA#veicolo già assicurato con atr#No#No#BM#13#0#0#0#0#0#0#0#0#3,000,000
directline#314#2010-04-16#BMW#3#100#K1000#Garage#si#0#Persona fisica#M#34#BO#40122#ALESSANDRIA#4##Giornalista#M#34#BO#40122#ALESSANDRIA#veicolo già assicurato con atr#No#No#BM#13#0#0#0#0#0#0#0#0#3,000,000
directline#315#2010-04-16#BMW#3#100#K1000#Garage#si#0#Persona fisica#M#34#BO#40122#ALESSANDRIA#4##Impiegato#M#34#BO#40122#ALESSANDRIA#veicolo già assicurato con atr#No#No#BM#13#0#0#0#0#0#0#0#0#3,000,000
directline#316#2010-04-16#BMW#3#100#K1000#Garage#si#0#Persona fisica#M#34#BO#40122#ALESSANDRIA#4##Imprenditore#M#34#BO#40122#ALESSANDRIA#veicolo già assicurato con atr#No#No#BM#13#0#0#0#0#0#0#0#0#3,000,000
directline#317#2010-04-16#BMW#3#100#K1000#Garage#si#0#Persona fisica#M#34#BO#40122#ALESSANDRIA#4##Insegnante#M#34#BO#40122#ALESSANDRIA#veicolo già assicurato con atr#No#No#BM#13#0#0#0#0#0#0#0#0#3,000,000
directline#318#2010-04-16#BMW#3#100#K1000#Garage#si#0#Persona fisica#M#34#BO#40122#ALESSANDRIA#4##Libero professionista#M#34#BO#40122#ALESSANDRIA#veicolo già assicurato con atr#No#No#BM#13#0#0#0#0#0#0#0#0#3,000,000
directline#319#2010-04-16#BMW#3#100#K1000#Garage#si#0#Persona fisica#M#34#BO#40122#ALESSANDRIA#4##Operaio#M#34#BO#40122#ALESSANDRIA#veicolo già assicurato con atr#No#No#BM#13#0#0#0#0#0#0#0#0#3,000,000
directline#320#2010-04-16#BMW#3#100#K1000#Garage#si#0#Persona fisica#M#34#BO#40122#ALESSANDRIA#4##Pensionato#M#34#BO#40122#ALESSANDRIA#veicolo già assicurato con atr#No#No#BM#13#0#0#0#0#0#0#0#0#3,000,000
directline#321#2010-04-16#BMW#3#100#K1000#Garage#si#0#Persona fisica#M#34#BO#40122#ALESSANDRIA#4##Personale medico#M#34#BO#40122#ALESSANDRIA#veicolo già assicurato con atr#No#No#BM#13#0#0#0#0#0#0#0#0#3,000,000
directline#322#2010-04-16#BMW#3#100#K1000#Garage#si#0#Persona fisica#M#34#BO#40122#ALESSANDRIA#4##Rappresentante#M#34#BO#40122#ALESSANDRIA#veicolo già assicurato con atr#No#No#BM#13#0#0#0#0#0#0#0#0#3,000,000
directline#323#2010-04-16#BMW#3#100#K1000#Garage#si#0#Persona fisica#M#34#BO#40122#ALESSANDRIA#4##Sportivo professionista#M#34#BO#40122#ALESSANDRIA#veicolo già assicurato con atr#No#No#BM#13#0#0#0#0#0#0#0#0#3,000,000
directline#324#2010-04-16#BMW#3#100#K1000#Garage#si#0#Persona fisica#M#34#BO#40122#ALESSANDRIA#4##Studente#M#34#BO#40122#ALESSANDRIA#veicolo già assicurato con atr#No#No#BM#13#0#0#0#0#0#0#0#0#3,000,000
directline#325#2010-04-16#BMW#3#100#K1000#Garage#si#0#Persona fisica#M#34#BO#40122#ALESSANDRIA#4##Senza occupazione#M#34#BO#40122#ALESSANDRIA#veicolo già assicurato con atr#No#No#BM#13#0#0#0#0#0#0#0#0#3,000,000
directline#326#2010-04-16#BMW#3#100#K1000#Garage#si#0#Persona fisica#M#34#BO#40122#ALESSANDRIA#4##Impiegato#M#34#BO#40122#ALESSANDRIA#veicolo già assicurato con atr#No#No#BM#13#0#0#0#0#0#0#0#0#3,000,000
directline#327#2010-04-16#BMW#3#100#K1000#Garage#si#0#Persona fisica#M#34#BO#40122#ALESSANDRIA#3##Impiegato#M#34#BO#40122#ALESSANDRIA#veicolo già assicurato con atr#No#No#BM#13#0#0#0#0#0#0#0#0#3,000,000
directline#328#2010-04-16#BMW#3#100#K1000#Garage#si#0#Persona fisica#M#34#BO#40122#ALESSANDRIA#2##Impiegato#M#34#BO#40122#ALESSANDRIA#veicolo già assicurato con atr#No#No#BM#13#0#0#0#0#0#0#0#0#3,000,000
directline#329#2010-04-16#BMW#3#100#K1000#Garage#si#0#Persona fisica#M#34#BO#40122#ALESSANDRIA#1##Impiegato#M#34#BO#40122#ALESSANDRIA#veicolo già assicurato con atr#No#No#BM#13#0#0#0#0#0#0#0#0#3,000,000
directline#330#2010-04-16#BMW#3#100#K1000#Garage#si#0#Persona fisica#M#34#BO#40122#ALESSANDRIA#0##Impiegato#M#34#BO#40122#ALESSANDRIA#veicolo già assicurato con atr#No#No#BM#13#0#0#0#0#0#0#0#0#3,000,000
directline#341#2010-04-16#BMW#3#100#K1000#Garage#si#0#Persona fisica#M#34#BO#40122#ALESSANDRIA#4##Impiegato#M#34#BO#40122#ALESSANDRIA#veicolo già assicurato con atr#No#No#BM#13#0#0#0#0#0#0#0#0#3,000,000
directline#342#2010-04-16#BMW#3#135#K1000#Garage#si#0#Persona fisica#M#34#BO#40122#ALESSANDRIA#4##Impiegato#M#34#BO#40122#ALESSANDRIA#veicolo già assicurato con atr#No#No#BM#13#0#0#0#0#0#0#0#0#3,000,000
directline#343#2010-04-16#BMW#3#200#K1000#Garage#si#0#Persona fisica#M#34#BO#40122#ALESSANDRIA#4##Impiegato#M#34#BO#40122#ALESSANDRIA#veicolo già assicurato con atr#No#No#BM#13#0#0#0#0#0#0#0#0#3,000,000
directline#344#2010-04-16#BMW#3#300#K1000#Garage#si#0#Persona fisica#M#34#BO#40122#ALESSANDRIA#4##Impiegato#M#34#BO#40122#ALESSANDRIA#veicolo già assicurato con atr#No#No#BM#13#0#0#0#0#0#0#0#0#3,000,000
directline#345#2010-04-16#BMW#3#375#K1000#Garage#si#0#Persona fisica#M#34#BO#40122#ALESSANDRIA#4##Impiegato#M#34#BO#40122#ALESSANDRIA#veicolo già assicurato con atr#No#No#BM#13#0#0#0#0#0#0#0#0#3,000,000
directline#346#2010-04-16#BMW#3#450#K1000#Garage#si#0#Persona fisica#M#34#BO#40122#ALESSANDRIA#4##Impiegato#M#34#BO#40122#ALESSANDRIA#veicolo già assicurato con atr#No#No#BM#13#0#0#0#0#0#0#0#0#3,000,000
directline#347#2010-04-16#BMW#3#550#K1000#Garage#si#0#Persona fisica#M#34#BO#40122#ALESSANDRIA#4##Impiegato#M#34#BO#40122#ALESSANDRIA#veicolo già assicurato con atr#No#No#BM#13#0#0#0#0#0#0#0#0#3,000,000
directline#348#2010-04-16#BMW#3#675#K1000#Garage#si#0#Persona fisica#M#34#BO#40122#ALESSANDRIA#4##Impiegato#M#34#BO#40122#ALESSANDRIA#veicolo già assicurato con atr#No#No#BM#13#0#0#0#0#0#0#0#0#3,000,000
directline#349#2010-04-16#BMW#3#775#K1000#Garage#si#0#Persona fisica#M#34#BO#40122#ALESSANDRIA#4##Impiegato#M#34#BO#40122#ALESSANDRIA#veicolo già assicurato con atr#No#No#BM#13#0#0#0#0#0#0#0#0#3,000,000
directline#350#2010-04-16#BMW#3#825#K1000#Garage#si#0#Persona fisica#M#34#BO#40122#ALESSANDRIA#4##Impiegato#M#34#BO#40122#ALESSANDRIA#veicolo già assicurato con atr#No#No#BM#13#0#0#0#0#0#0#0#0#3,000,000
directline#351#2010-04-16#BMW#3#875#K1000#Garage#si#0#Persona fisica#M#34#BO#40122#ALESSANDRIA#4##Impiegato#M#34#BO#40122#ALESSANDRIA#veicolo già assicurato con atr#No#No#BM#13#0#0#0#0#0#0#0#0#3,000,000
directline#352#2010-04-16#BMW#3#950#K1000#Garage#si#0#Persona fisica#M#34#BO#40122#ALESSANDRIA#4##Impiegato#M#34#BO#40122#ALESSANDRIA#veicolo già assicurato con atr#No#No#BM#13#0#0#0#0#0#0#0#0#3,000,000
directline#353#2010-04-16#BMW#3#1050#K1000#Garage#si#0#Persona fisica#M#34#BO#40122#ALESSANDRIA#4##Impiegato#M#34#BO#40122#ALESSANDRIA#veicolo già assicurato con atr#No#No#BM#13#0#0#0#0#0#0#0#0#3,000,000
directline#354#2010-04-16#BMW#3#1150#K1000#Garage#si#0#Persona fisica#M#34#BO#40122#ALESSANDRIA#4##Impiegato#M#34#BO#40122#ALESSANDRIA#veicolo già assicurato con atr#No#No#BM#13#0#0#0#0#0#0#0#0#3,000,000
directline#355#2010-04-16#BMW#3#1300#K1000#Garage#si#0#Persona fisica#M#34#BO#40122#ALESSANDRIA#4##Impiegato#M#34#BO#40122#ALESSANDRIA#veicolo già assicurato con atr#No#No#BM#13#0#0#0#0#0#0#0#0#3,000,000
directline#357#2010-04-16#BMW#3#100#K1000#Garage#si#0#Persona fisica#M#34#BO#40122#ALESSANDRIA#4##Impiegato#M#34#BO#40122#ALESSANDRIA#veicolo già assicurato con atr#No#No#BM#13#0#0#0#0#0#0#0#0#3,000,000
directline#363#2010-04-16#BMW#10#100#K1000#Garage#si#0#Persona fisica#M#34#BO#40122#ALESSANDRIA#4##Impiegato#M#34#BO#40122#ALESSANDRIA#veicolo già assicurato con atr#No#No#BM#13#0#0#0#0#0#0#0#0#3,000,000
directline#364#2010-04-16#BMW#9#100#K1000#Garage#si#0#Persona fisica#M#34#BO#40122#ALESSANDRIA#4##Impiegato#M#34#BO#40122#ALESSANDRIA#veicolo già assicurato con atr#No#No#BM#13#0#0#0#0#0#0#0#0#3,000,000
directline#365#2010-04-16#BMW#8#100#K1000#Garage#si#0#Persona fisica#M#34#BO#40122#ALESSANDRIA#4##Impiegato#M#34#BO#40122#ALESSANDRIA#veicolo già assicurato con atr#No#No#BM#13#0#0#0#0#0#0#0#0#3,000,000
directline#366#2010-04-16#BMW#7#100#K1000#Garage#si#0#Persona fisica#M#34#BO#40122#ALESSANDRIA#4##Impiegato#M#34#BO#40122#ALESSANDRIA#veicolo già assicurato con atr#No#No#BM#13#0#0#0#0#0#0#0#0#3,000,000
directline#367#2010-04-16#BMW#6#100#K1000#Garage#si#0#Persona fisica#M#34#BO#40122#ALESSANDRIA#4##Impiegato#M#34#BO#40122#ALESSANDRIA#veicolo già assicurato con atr#No#No#BM#13#0#0#0#0#0#0#0#0#3,000,000
directline#368#2010-04-16#BMW#5#100#K1000#Garage#si#0#Persona fisica#M#34#BO#40122#ALESSANDRIA#4##Impiegato#M#34#BO#40122#ALESSANDRIA#veicolo già assicurato con atr#No#No#BM#13#0#0#0#0#0#0#0#0#3,000,000
directline#369#2010-04-16#BMW#4#100#K1000#Garage#si#0#Persona fisica#M#34#BO#40122#ALESSANDRIA#4##Impiegato#M#34#BO#40122#ALESSANDRIA#veicolo già assicurato con atr#No#No#BM#13#0#0#0#0#0#0#0#0#3,000,000
directline#370#2010-04-16#BMW#3#100#K1000#Garage#si#0#Persona fisica#M#34#BO#40122#ALESSANDRIA#4##Impiegato#M#34#BO#40122#ALESSANDRIA#veicolo già assicurato con atr#No#No#BM#13#0#0#0#0#0#0#0#0#3,000,000
directline#371#2010-04-16#BMW#2#100#K1000#Garage#si#0#Persona fisica#M#34#BO#40122#ALESSANDRIA#4##Impiegato#M#34#BO#40122#ALESSANDRIA#veicolo già assicurato con atr#No#No#BM#13#0#0#0#0#0#0#0#0#3,000,000
directline#372#2010-04-16#BMW#1#100#K1000#Garage#si#0#Persona fisica#M#34#BO#40122#ALESSANDRIA#4##Impiegato#M#34#BO#40122#ALESSANDRIA#veicolo già assicurato con atr#No#No#BM#13#0#0#0#0#0#0#0#0#3,000,000
directline#373#2010-04-16#BMW#0#100#K1000#Garage#si#0#Persona fisica#M#34#BO#40122#ALESSANDRIA#4##Impiegato#M#34#BO#40122#ALESSANDRIA#veicolo già assicurato con atr#No#No#BM#13#0#0#0#0#0#0#0#0#3,000,000
directline#374#2010-04-16#BMW#0#100#K1000#Garage#si#0#Persona fisica#M#34#BO#40122#ALESSANDRIA#4##Impiegato#M#34#BO#40122#ALESSANDRIA#1a immatricolazione dopo l’acquisto del veicolo#No#No#BM##0#0#0#0#0#0#0#0#3,000,000
directline#420#2010-04-16#BMW#3#100#K1000#Garage#si#0#Persona fisica#M#34#BO#40122#ALESSANDRIA#4##Impiegato#M#34#BO#40122#ALESSANDRIA#1a immatricolazione dopo l’acquisto del veicolo#Si#No#BM#4#0#0#0#0#0#0#0#0#3,000,000
directline#375#2010-04-16#BMW#3#100#K1000#Garage#si#0#Persona fisica#M#34#BO#40122#ALESSANDRIA#4##Impiegato#M#34#BO#40122#ALESSANDRIA#1a immatricolazione dopo l’acquisto del veicolo#Si#No#BM#5#0#0#0#0#0#0#0#0#3,000,000
directline#376#2010-04-16#BMW#3#100#K1000#Garage#si#0#Persona fisica#M#34#BO#40122#ALESSANDRIA#4##Impiegato#M#34#BO#40122#ALESSANDRIA#1a immatricolazione dopo l’acquisto del veicolo#Si#No#BM#6#0#0#0#0#0#0#0#0#3,000,000
directline#377#2010-04-16#BMW#3#100#K1000#Garage#si#0#Persona fisica#M#34#BO#40122#ALESSANDRIA#4##Impiegato#M#34#BO#40122#ALESSANDRIA#1a immatricolazione dopo l’acquisto del veicolo#Si#No#BM#7#0#0#0#0#0#0#0#0#3,000,000
directline#378#2010-04-16#BMW#3#100#K1000#Garage#si#0#Persona fisica#M#34#BO#40122#ALESSANDRIA#4##Impiegato#M#34#BO#40122#ALESSANDRIA#1a immatricolazione dopo l’acquisto del veicolo#Si#No#BM#8#0#0#0#0#0#0#0#0#3,000,000
directline#379#2010-04-16#BMW#3#100#K1000#Garage#si#0#Persona fisica#M#34#BO#40122#ALESSANDRIA#4##Impiegato#M#34#BO#40122#ALESSANDRIA#1a immatricolazione dopo l’acquisto del veicolo#Si#No#BM#9#0#0#0#0#0#0#0#0#3,000,000
directline#380#2010-04-16#BMW#3#100#K1000#Garage#si#0#Persona fisica#M#34#BO#40122#ALESSANDRIA#4##Impiegato#M#34#BO#40122#ALESSANDRIA#1a immatricolazione dopo l’acquisto del veicolo#Si#No#BM#10#0#0#0#0#0#0#0#0#3,000,000
directline#381#2010-04-16#BMW#3#100#K1000#Garage#si#0#Persona fisica#M#34#BO#40122#ALESSANDRIA#4##Impiegato#M#34#BO#40122#ALESSANDRIA#1a immatricolazione dopo l’acquisto del veicolo#Si#No#BM#11#0#0#0#0#0#0#0#0#3,000,000
directline#382#2010-04-16#BMW#3#100#K1000#Garage#si#0#Persona fisica#M#34#BO#40122#ALESSANDRIA#4##Impiegato#M#34#BO#40122#ALESSANDRIA#1a immatricolazione dopo l’acquisto del veicolo#Si#No#BM#12#0#0#0#0#0#0#0#0#3,000,000
directline#383#2010-04-16#BMW#3#100#K1000#Garage#si#0#Persona fisica#M#34#BO#40122#ALESSANDRIA#4##Impiegato#M#34#BO#40122#ALESSANDRIA#1a immatricolazione dopo l’acquisto del veicolo#Si#No#BM#13#0#0#0#0#0#0#0#0#3,000,000
directline#384#2010-04-16#BMW#3#100#K1000#Garage#si#0#Persona fisica#M#34#BO#40122#ALESSANDRIA#4##Impiegato#M#34#BO#40122#ALESSANDRIA#1a immatricolazione dopo l’acquisto del veicolo#Si#No#BM#14#0#0#0#0#0#0#0#0#3,000,000
directline#385#2010-04-16#BMW#3#100#K1000#Garage#si#0#Persona fisica#M#34#BO#40122#ALESSANDRIA#4##Impiegato#M#34#BO#40122#ALESSANDRIA#1a immatricolazione dopo l’acquisto del veicolo#Si#No#BM#15#0#0#0#0#0#0#0#0#3,000,000
directline#386#2010-04-16#BMW#3#100#K1000#Garage#si#0#Persona fisica#M#34#BO#40122#ALESSANDRIA#4##Impiegato#M#34#BO#40122#ALESSANDRIA#1a immatricolazione dopo l’acquisto del veicolo#Si#No#BM#16#0#0#0#0#0#0#0#0#3,000,000
directline#387#2010-04-16#BMW#3#100#K1000#Garage#si#0#Persona fisica#M#34#BO#40122#ALESSANDRIA#4##Impiegato#M#34#BO#40122#ALESSANDRIA#1a immatricolazione dopo l’acquisto del veicolo#Si#No#BM#17#0#0#0#0#0#0#0#0#3,000,000
