Zurich - moto#1#2010-04-01#moto#3#100#moto#moto#si#100#Persona Fisica#M#40#Agrigento#00000#Agrigento#3##IMPIEGATO #M#40#Agrigento#00000#Agrigento#veicolo già assicurato con atr#No#No#BM#13#0#0#0#0#0#0#0#0#3,000,000
Zurich - moto#2#2010-04-01#moto#3#100#moto#moto#si#100#Persona Fisica#M#40#Alessandria#00000#Alessandria#3##IMPIEGATO #M#40#Alessandria#00000#Alessandria#veicolo già assicurato con atr#No#No#BM#13#0#0#0#0#0#0#0#0#3,000,000
Zurich - moto#3#2010-04-01#moto#3#100#moto#moto#si#100#Persona Fisica#M#40#Ancona#00000#Ancona#3##IMPIEGATO #M#40#Ancona#00000#Ancona#veicolo già assicurato con atr#No#No#BM#13#0#0#0#0#0#0#0#0#3,000,000
Zurich - moto#4#2010-04-01#moto#3#100#moto#moto#si#100#Persona Fisica#M#40#Aosta#00000#Aosta#3##IMPIEGATO #M#40#Aosta#00000#Aosta#veicolo già assicurato con atr#No#No#BM#13#0#0#0#0#0#0#0#0#3,000,000
Zurich - moto#5#2010-04-01#moto#3#100#moto#moto#si#100#Persona Fisica#M#40#Arezzo#00000#Arezzo#3##IMPIEGATO #M#40#Arezzo#00000#Arezzo#veicolo già assicurato con atr#No#No#BM#13#0#0#0#0#0#0#0#0#3,000,000
Zurich - moto#6#2010-04-01#moto#3#100#moto#moto#si#100#Persona Fisica#M#40#Ascoli Piceno#00000#Ascoli Piceno#3##IMPIEGATO #M#40#Ascoli Piceno#00000#Ascoli Piceno#veicolo già assicurato con atr#No#No#BM#13#0#0#0#0#0#0#0#0#3,000,000
Zurich - moto#7#2010-04-01#moto#3#100#moto#moto#si#100#Persona Fisica#M#40#Asti#00000#Asti#3##IMPIEGATO #M#40#Asti#00000#Asti#veicolo già assicurato con atr#No#No#BM#13#0#0#0#0#0#0#0#0#3,000,000
Zurich - moto#8#2010-04-01#moto#3#100#moto#moto#si#100#Persona Fisica#M#40#Avellino#00000#Avellino#3##IMPIEGATO #M#40#Avellino#00000#Avellino#veicolo già assicurato con atr#No#No#BM#13#0#0#0#0#0#0#0#0#3,000,000
Zurich - moto#9#2010-04-01#moto#3#100#moto#moto#si#100#Persona Fisica#M#40#Bari#00000#Bari#3##IMPIEGATO #M#40#Bari#00000#Bari#veicolo già assicurato con atr#No#No#BM#13#0#0#0#0#0#0#0#0#3,000,000
Zurich - moto#10#2010-04-01#moto#3#100#moto#moto#si#100#Persona Fisica#M#40#Belluno#00000#Belluno#3##IMPIEGATO #M#40#Belluno#00000#Belluno#veicolo già assicurato con atr#No#No#BM#13#0#0#0#0#0#0#0#0#3,000,000
Zurich - moto#11#2010-04-01#moto#3#100#moto#moto#si#100#Persona Fisica#M#40#Benevento#00000#Benevento#3##IMPIEGATO #M#40#Benevento#00000#Benevento#veicolo già assicurato con atr#No#No#BM#13#0#0#0#0#0#0#0#0#3,000,000
Zurich - moto#12#2010-04-01#moto#3#100#moto#moto#si#100#Persona Fisica#M#40#Bergamo#00000#Bergamo#3##IMPIEGATO #M#40#Bergamo#00000#Bergamo#veicolo già assicurato con atr#No#No#BM#13#0#0#0#0#0#0#0#0#3,000,000
Zurich - moto#13#2010-04-01#moto#3#100#moto#moto#si#100#Persona Fisica#M#40#Biella#00000#Biella#3##IMPIEGATO #M#40#Biella#00000#Biella#veicolo già assicurato con atr#No#No#BM#13#0#0#0#0#0#0#0#0#3,000,000
Zurich - moto#14#2010-04-01#moto#3#100#moto#moto#si#100#Persona Fisica#M#40#Bologna#00000#Bologna#3##IMPIEGATO #M#40#Bologna#00000#Bologna#veicolo già assicurato con atr#No#No#BM#13#0#0#0#0#0#0#0#0#3,000,000
Zurich - moto#15#2010-04-01#moto#3#100#moto#moto#si#100#Persona Fisica#M#40#Bolzano#00000#BOLZANO .BOZEN.#3##IMPIEGATO #M#40#Bolzano#00000#BOLZANO .BOZEN.#veicolo già assicurato con atr#No#No#BM#13#0#0#0#0#0#0#0#0#3,000,000
Zurich - moto#16#2010-04-01#moto#3#100#moto#moto#si#100#Persona Fisica#M#40#Brescia#00000#Brescia#3##IMPIEGATO #M#40#Brescia#00000#Brescia#veicolo già assicurato con atr#No#No#BM#13#0#0#0#0#0#0#0#0#3,000,000
Zurich - moto#17#2010-04-01#moto#3#100#moto#moto#si#100#Persona Fisica#M#40#Brindisi#00000#Brindisi#3##IMPIEGATO #M#40#Brindisi#00000#Brindisi#veicolo già assicurato con atr#No#No#BM#13#0#0#0#0#0#0#0#0#3,000,000
Zurich - moto#18#2010-04-01#moto#3#100#moto#moto#si#100#Persona Fisica#M#40#Cagliari#00000#Cagliari#3##IMPIEGATO #M#40#Cagliari#00000#Cagliari#veicolo già assicurato con atr#No#No#BM#13#0#0#0#0#0#0#0#0#3,000,000
Zurich - moto#19#2010-04-01#moto#3#100#moto#moto#si#100#Persona Fisica#M#40#Caltanissetta#00000#Caltanissetta#3##IMPIEGATO #M#40#Caltanissetta#00000#Caltanissetta#veicolo già assicurato con atr#No#No#BM#13#0#0#0#0#0#0#0#0#3,000,000
Zurich - moto#20#2010-04-01#moto#3#100#moto#moto#si#100#Persona Fisica#M#40#Campobasso#00000#Campobasso#3##IMPIEGATO #M#40#Campobasso#00000#Campobasso#veicolo già assicurato con atr#No#No#BM#13#0#0#0#0#0#0#0#0#3,000,000
Zurich - moto#21#2010-04-01#moto#3#100#moto#moto#si#100#Persona Fisica#M#40#Caserta#00000#Caserta#3##IMPIEGATO #M#40#Caserta#00000#Caserta#veicolo già assicurato con atr#No#No#BM#13#0#0#0#0#0#0#0#0#3,000,000
Zurich - moto#22#2010-04-01#moto#3#100#moto#moto#si#100#Persona Fisica#M#40#Catania#00000#Catania#3##IMPIEGATO #M#40#Catania#00000#Catania#veicolo già assicurato con atr#No#No#BM#13#0#0#0#0#0#0#0#0#3,000,000
Zurich - moto#23#2010-04-01#moto#3#100#moto#moto#si#100#Persona Fisica#M#40#Catanzaro#00000#Catanzaro#3##IMPIEGATO #M#40#Catanzaro#00000#Catanzaro#veicolo già assicurato con atr#No#No#BM#13#0#0#0#0#0#0#0#0#3,000,000
Zurich - moto#24#2010-04-01#moto#3#100#moto#moto#si#100#Persona Fisica#M#40#Chieti#00000#Chieti#3##IMPIEGATO #M#40#Chieti#00000#Chieti#veicolo già assicurato con atr#No#No#BM#13#0#0#0#0#0#0#0#0#3,000,000
Zurich - moto#25#2010-04-01#moto#3#100#moto#moto#si#100#Persona Fisica#M#40#Como#00000#Como#3##IMPIEGATO #M#40#Como#00000#Como#veicolo già assicurato con atr#No#No#BM#13#0#0#0#0#0#0#0#0#3,000,000
Zurich - moto#26#2010-04-01#moto#3#100#moto#moto#si#100#Persona Fisica#M#40#Cosenza#00000#Cosenza#3##IMPIEGATO #M#40#Cosenza#00000#Cosenza#veicolo già assicurato con atr#No#No#BM#13#0#0#0#0#0#0#0#0#3,000,000
Zurich - moto#27#2010-04-01#moto#3#100#moto#moto#si#100#Persona Fisica#M#40#Cremona#00000#Cremona#3##IMPIEGATO #M#40#Cremona#00000#Cremona#veicolo già assicurato con atr#No#No#BM#13#0#0#0#0#0#0#0#0#3,000,000
Zurich - moto#28#2010-04-01#moto#3#100#moto#moto#si#100#Persona Fisica#M#40#Crotone#00000#Crotone#3##IMPIEGATO #M#40#Crotone#00000#Crotone#veicolo già assicurato con atr#No#No#BM#13#0#0#0#0#0#0#0#0#3,000,000
Zurich - moto#29#2010-04-01#moto#3#100#moto#moto#si#100#Persona Fisica#M#40#Cuneo#00000#Cuneo#3##IMPIEGATO #M#40#Cuneo#00000#Cuneo#veicolo già assicurato con atr#No#No#BM#13#0#0#0#0#0#0#0#0#3,000,000
Zurich - moto#30#2010-04-01#moto#3#100#moto#moto#si#100#Persona Fisica#M#40#Enna#00000#Enna#3##IMPIEGATO #M#40#Enna#00000#Enna#veicolo già assicurato con atr#No#No#BM#13#0#0#0#0#0#0#0#0#3,000,000
Zurich - moto#31#2010-04-01#moto#3#100#moto#moto#si#100#Persona Fisica#M#40#Ferrara#00000#Ferrara#3##IMPIEGATO #M#40#Ferrara#00000#Ferrara#veicolo già assicurato con atr#No#No#BM#13#0#0#0#0#0#0#0#0#3,000,000
Zurich - moto#32#2010-04-01#moto#3#100#moto#moto#si#100#Persona Fisica#M#40#Firenze#00000#Firenze#3##IMPIEGATO #M#40#Firenze#00000#Firenze#veicolo già assicurato con atr#No#No#BM#13#0#0#0#0#0#0#0#0#3,000,000
Zurich - moto#33#2010-04-01#moto#3#100#moto#moto#si#100#Persona Fisica#M#40#Foggia#00000#Foggia#3##IMPIEGATO #M#40#Foggia#00000#Foggia#veicolo già assicurato con atr#No#No#BM#13#0#0#0#0#0#0#0#0#3,000,000
Zurich - moto#34#2010-04-01#moto#3#100#moto#moto#si#100#Persona Fisica#M#40#Forli' Cesena#00000#Forli'#3##IMPIEGATO #M#40#Forli' Cesena#00000#Forli'#veicolo già assicurato con atr#No#No#BM#13#0#0#0#0#0#0#0#0#3,000,000
Zurich - moto#35#2010-04-01#moto#3#100#moto#moto#si#100#Persona Fisica#M#40#Frosinone#00000#Frosinone#3##IMPIEGATO #M#40#Frosinone#00000#Frosinone#veicolo già assicurato con atr#No#No#BM#13#0#0#0#0#0#0#0#0#3,000,000
Zurich - moto#36#2010-04-01#moto#3#100#moto#moto#si#100#Persona Fisica#M#40#Genova#00000#Genova#3##IMPIEGATO #M#40#Genova#00000#Genova#veicolo già assicurato con atr#No#No#BM#13#0#0#0#0#0#0#0#0#3,000,000
Zurich - moto#37#2010-04-01#moto#3#100#moto#moto#si#100#Persona Fisica#M#40#Gorizia#00000#Gorizia#3##IMPIEGATO #M#40#Gorizia#00000#Gorizia#veicolo già assicurato con atr#No#No#BM#13#0#0#0#0#0#0#0#0#3,000,000
Zurich - moto#38#2010-04-01#moto#3#100#moto#moto#si#100#Persona Fisica#M#40#Grosseto#00000#Grosseto#3##IMPIEGATO #M#40#Grosseto#00000#Grosseto#veicolo già assicurato con atr#No#No#BM#13#0#0#0#0#0#0#0#0#3,000,000
Zurich - moto#39#2010-04-01#moto#3#100#moto#moto#si#100#Persona Fisica#M#40#Imperia#00000#Imperia#3##IMPIEGATO #M#40#Imperia#00000#Imperia#veicolo già assicurato con atr#No#No#BM#13#0#0#0#0#0#0#0#0#3,000,000
Zurich - moto#40#2010-04-01#moto#3#100#moto#moto#si#100#Persona Fisica#M#40#Isernia#00000#Isernia#3##IMPIEGATO #M#40#Isernia#00000#Isernia#veicolo già assicurato con atr#No#No#BM#13#0#0#0#0#0#0#0#0#3,000,000
Zurich - moto#41#2010-04-01#moto#3#100#moto#moto#si#100#Persona Fisica#M#40#L'Aquila#00000#L'Aquila#3##IMPIEGATO #M#40#L'Aquila#00000#L'Aquila#veicolo già assicurato con atr#No#No#BM#13#0#0#0#0#0#0#0#0#3,000,000
Zurich - moto#42#2010-04-01#moto#3#100#moto#moto#si#100#Persona Fisica#M#40#La Spezia#00000#La Spezia#3##IMPIEGATO #M#40#La Spezia#00000#La Spezia#veicolo già assicurato con atr#No#No#BM#13#0#0#0#0#0#0#0#0#3,000,000
Zurich - moto#43#2010-04-01#moto#3#100#moto#moto#si#100#Persona Fisica#M#40#Latina#00000#Latina#3##IMPIEGATO #M#40#Latina#00000#Latina#veicolo già assicurato con atr#No#No#BM#13#0#0#0#0#0#0#0#0#3,000,000
Zurich - moto#44#2010-04-01#moto#3#100#moto#moto#si#100#Persona Fisica#M#40#Lecce#00000#Lecce#3##IMPIEGATO #M#40#Lecce#00000#Lecce#veicolo già assicurato con atr#No#No#BM#13#0#0#0#0#0#0#0#0#3,000,000
Zurich - moto#45#2010-04-01#moto#3#100#moto#moto#si#100#Persona Fisica#M#40#Lecco#00000#Lecco#3##IMPIEGATO #M#40#Lecco#00000#Lecco#veicolo già assicurato con atr#No#No#BM#13#0#0#0#0#0#0#0#0#3,000,000
Zurich - moto#46#2010-04-01#moto#3#100#moto#moto#si#100#Persona Fisica#M#40#Livorno#00000#Livorno#3##IMPIEGATO #M#40#Livorno#00000#Livorno#veicolo già assicurato con atr#No#No#BM#13#0#0#0#0#0#0#0#0#3,000,000
Zurich - moto#47#2010-04-01#moto#3#100#moto#moto#si#100#Persona Fisica#M#40#Lodi#00000#Lodi#3##IMPIEGATO #M#40#Lodi#00000#Lodi#veicolo già assicurato con atr#No#No#BM#13#0#0#0#0#0#0#0#0#3,000,000
Zurich - moto#48#2010-04-01#moto#3#100#moto#moto#si#100#Persona Fisica#M#40#Lucca#00000#Lucca#3##IMPIEGATO #M#40#Lucca#00000#Lucca#veicolo già assicurato con atr#No#No#BM#13#0#0#0#0#0#0#0#0#3,000,000
Zurich - moto#49#2010-04-01#moto#3#100#moto#moto#si#100#Persona Fisica#M#40#Macerata#00000#Macerata#3##IMPIEGATO #M#40#Macerata#00000#Macerata#veicolo già assicurato con atr#No#No#BM#13#0#0#0#0#0#0#0#0#3,000,000
Zurich - moto#50#2010-04-01#moto#3#100#moto#moto#si#100#Persona Fisica#M#40#Mantova#00000#Mantova#3##IMPIEGATO #M#40#Mantova#00000#Mantova#veicolo già assicurato con atr#No#No#BM#13#0#0#0#0#0#0#0#0#3,000,000
Zurich - moto#51#2010-04-01#moto#3#100#moto#moto#si#100#Persona Fisica#M#40#Massa Carrara#00000#Massa#3##IMPIEGATO #M#40#Massa Carrara#00000#Massa#veicolo già assicurato con atr#No#No#BM#13#0#0#0#0#0#0#0#0#3,000,000
Zurich - moto#52#2010-04-01#moto#3#100#moto#moto#si#100#Persona Fisica#M#40#Matera#00000#Matera#3##IMPIEGATO #M#40#Matera#00000#Matera#veicolo già assicurato con atr#No#No#BM#13#0#0#0#0#0#0#0#0#3,000,000
Zurich - moto#53#2010-04-01#moto#3#100#moto#moto#si#100#Persona Fisica#M#40#Messina#00000#Messina#3##IMPIEGATO #M#40#Messina#00000#Messina#veicolo già assicurato con atr#No#No#BM#13#0#0#0#0#0#0#0#0#3,000,000
Zurich - moto#54#2010-04-01#moto#3#100#moto#moto#si#100#Persona Fisica#M#40#Milano#00000#Milano#3##IMPIEGATO #M#40#Milano#00000#Milano#veicolo già assicurato con atr#No#No#BM#13#0#0#0#0#0#0#0#0#3,000,000
Zurich - moto#55#2010-04-01#moto#3#100#moto#moto#si#100#Persona Fisica#M#40#Modena#00000#Modena#3##IMPIEGATO #M#40#Modena#00000#Modena#veicolo già assicurato con atr#No#No#BM#13#0#0#0#0#0#0#0#0#3,000,000
Zurich - moto#56#2010-04-01#moto#3#100#moto#moto#si#100#Persona Fisica#M#40#Napoli#00000#Napoli#3##IMPIEGATO #M#40#Napoli#00000#Napoli#veicolo già assicurato con atr#No#No#BM#13#0#0#0#0#0#0#0#0#3,000,000
Zurich - moto#57#2010-04-01#moto#3#100#moto#moto#si#100#Persona Fisica#M#40#Novara#00000#Novara#3##IMPIEGATO #M#40#Novara#00000#Novara#veicolo già assicurato con atr#No#No#BM#13#0#0#0#0#0#0#0#0#3,000,000
Zurich - moto#58#2010-04-01#moto#3#100#moto#moto#si#100#Persona Fisica#M#40#Nuoro#00000#Nuoro#3##IMPIEGATO #M#40#Nuoro#00000#Nuoro#veicolo già assicurato con atr#No#No#BM#13#0#0#0#0#0#0#0#0#3,000,000
Zurich - moto#59#2010-04-01#moto#3#100#moto#moto#si#100#Persona Fisica#M#40#Oristano#00000#Oristano#3##IMPIEGATO #M#40#Oristano#00000#Oristano#veicolo già assicurato con atr#No#No#BM#13#0#0#0#0#0#0#0#0#3,000,000
Zurich - moto#60#2010-04-01#moto#3#100#moto#moto#si#100#Persona Fisica#M#40#Padova#00000#Padova#3##IMPIEGATO #M#40#Padova#00000#Padova#veicolo già assicurato con atr#No#No#BM#13#0#0#0#0#0#0#0#0#3,000,000
Zurich - moto#61#2010-04-01#moto#3#100#moto#moto#si#100#Persona Fisica#M#40#Palermo#00000#Palermo#3##IMPIEGATO #M#40#Palermo#00000#Palermo#veicolo già assicurato con atr#No#No#BM#13#0#0#0#0#0#0#0#0#3,000,000
Zurich - moto#62#2010-04-01#moto#3#100#moto#moto#si#100#Persona Fisica#M#40#Parma#00000#Parma#3##IMPIEGATO #M#40#Parma#00000#Parma#veicolo già assicurato con atr#No#No#BM#13#0#0#0#0#0#0#0#0#3,000,000
Zurich - moto#63#2010-04-01#moto#3#100#moto#moto#si#100#Persona Fisica#M#40#Pavia#00000#Pavia#3##IMPIEGATO #M#40#Pavia#00000#Pavia#veicolo già assicurato con atr#No#No#BM#13#0#0#0#0#0#0#0#0#3,000,000
Zurich - moto#64#2010-04-01#moto#3#100#moto#moto#si#100#Persona Fisica#M#40#Perugia#00000#Perugia#3##IMPIEGATO #M#40#Perugia#00000#Perugia#veicolo già assicurato con atr#No#No#BM#13#0#0#0#0#0#0#0#0#3,000,000
Zurich - moto#65#2010-04-01#moto#3#100#moto#moto#si#100#Persona Fisica#M#40#Pesaro Urbino#00000#Pesaro#3##IMPIEGATO #M#40#Pesaro Urbino#00000#Pesaro#veicolo già assicurato con atr#No#No#BM#13#0#0#0#0#0#0#0#0#3,000,000
Zurich - moto#66#2010-04-01#moto#3#100#moto#moto#si#100#Persona Fisica#M#40#Pescara#00000#Pescara#3##IMPIEGATO #M#40#Pescara#00000#Pescara#veicolo già assicurato con atr#No#No#BM#13#0#0#0#0#0#0#0#0#3,000,000
Zurich - moto#67#2010-04-01#moto#3#100#moto#moto#si#100#Persona Fisica#M#40#Piacenza#00000#Piacenza#3##IMPIEGATO #M#40#Piacenza#00000#Piacenza#veicolo già assicurato con atr#No#No#BM#13#0#0#0#0#0#0#0#0#3,000,000
Zurich - moto#68#2010-04-01#moto#3#100#moto#moto#si#100#Persona Fisica#M#40#Pisa#00000#Pisa#3##IMPIEGATO #M#40#Pisa#00000#Pisa#veicolo già assicurato con atr#No#No#BM#13#0#0#0#0#0#0#0#0#3,000,000
Zurich - moto#69#2010-04-01#moto#3#100#moto#moto#si#100#Persona Fisica#M#40#Pistoia#00000#Pistoia#3##IMPIEGATO #M#40#Pistoia#00000#Pistoia#veicolo già assicurato con atr#No#No#BM#13#0#0#0#0#0#0#0#0#3,000,000
Zurich - moto#70#2010-04-01#moto#3#100#moto#moto#si#100#Persona Fisica#M#40#Pordenone#00000#Pordenone#3##IMPIEGATO #M#40#Pordenone#00000#Pordenone#veicolo già assicurato con atr#No#No#BM#13#0#0#0#0#0#0#0#0#3,000,000
Zurich - moto#71#2010-04-01#moto#3#100#moto#moto#si#100#Persona Fisica#M#40#Potenza#00000#Potenza#3##IMPIEGATO #M#40#Potenza#00000#Potenza#veicolo già assicurato con atr#No#No#BM#13#0#0#0#0#0#0#0#0#3,000,000
Zurich - moto#72#2010-04-01#moto#3#100#moto#moto#si#100#Persona Fisica#M#40#Prato#00000#Prato#3##IMPIEGATO #M#40#Prato#00000#Prato#veicolo già assicurato con atr#No#No#BM#13#0#0#0#0#0#0#0#0#3,000,000
Zurich - moto#73#2010-04-01#moto#3#100#moto#moto#si#100#Persona Fisica#M#40#Ragusa#00000#Ragusa#3##IMPIEGATO #M#40#Ragusa#00000#Ragusa#veicolo già assicurato con atr#No#No#BM#13#0#0#0#0#0#0#0#0#3,000,000
Zurich - moto#74#2010-04-01#moto#3#100#moto#moto#si#100#Persona Fisica#M#40#Ravenna#00000#Ravenna#3##IMPIEGATO #M#40#Ravenna#00000#Ravenna#veicolo già assicurato con atr#No#No#BM#13#0#0#0#0#0#0#0#0#3,000,000
Zurich - moto#75#2010-04-01#moto#3#100#moto#moto#si#100#Persona Fisica#M#40#Reggio Calabria#00000#Reggio Calabria#3##IMPIEGATO #M#40#Reggio Calabria#00000#Reggio Calabria#veicolo già assicurato con atr#No#No#BM#13#0#0#0#0#0#0#0#0#3,000,000
Zurich - moto#76#2010-04-01#moto#3#100#moto#moto#si#100#Persona Fisica#M#40#Reggio Emilia#00000#Reggio Emilia#3##IMPIEGATO #M#40#Reggio Emilia#00000#Reggio Emilia#veicolo già assicurato con atr#No#No#BM#13#0#0#0#0#0#0#0#0#3,000,000
Zurich - moto#77#2010-04-01#moto#3#100#moto#moto#si#100#Persona Fisica#M#40#Rieti#00000#Rieti#3##IMPIEGATO #M#40#Rieti#00000#Rieti#veicolo già assicurato con atr#No#No#BM#13#0#0#0#0#0#0#0#0#3,000,000
Zurich - moto#78#2010-04-01#moto#3#100#moto#moto#si#100#Persona Fisica#M#40#Rimini#00000#Rimini#3##IMPIEGATO #M#40#Rimini#00000#Rimini#veicolo già assicurato con atr#No#No#BM#13#0#0#0#0#0#0#0#0#3,000,000
Zurich - moto#79#2010-04-01#moto#3#100#moto#moto#si#100#Persona Fisica#M#40#Roma#00000#Roma#3##IMPIEGATO #M#40#Roma#00000#Roma#veicolo già assicurato con atr#No#No#BM#13#0#0#0#0#0#0#0#0#3,000,000
Zurich - moto#80#2010-04-01#moto#3#100#moto#moto#si#100#Persona Fisica#M#40#Rovigo#00000#Rovigo#3##IMPIEGATO #M#40#Rovigo#00000#Rovigo#veicolo già assicurato con atr#No#No#BM#13#0#0#0#0#0#0#0#0#3,000,000
Zurich - moto#81#2010-04-01#moto#3#100#moto#moto#si#100#Persona Fisica#M#40#Salerno#00000#Salerno#3##IMPIEGATO #M#40#Salerno#00000#Salerno#veicolo già assicurato con atr#No#No#BM#13#0#0#0#0#0#0#0#0#3,000,000
Zurich - moto#82#2010-04-01#moto#3#100#moto#moto#si#100#Persona Fisica#M#40#Sassari#00000#Sassari#3##IMPIEGATO #M#40#Sassari#00000#Sassari#veicolo già assicurato con atr#No#No#BM#13#0#0#0#0#0#0#0#0#3,000,000
Zurich - moto#83#2010-04-01#moto#3#100#moto#moto#si#100#Persona Fisica#M#40#Savona#00000#Savona#3##IMPIEGATO #M#40#Savona#00000#Savona#veicolo già assicurato con atr#No#No#BM#13#0#0#0#0#0#0#0#0#3,000,000
Zurich - moto#84#2010-04-01#moto#3#100#moto#moto#si#100#Persona Fisica#M#40#Siena#00000#Siena#3##IMPIEGATO #M#40#Siena#00000#Siena#veicolo già assicurato con atr#No#No#BM#13#0#0#0#0#0#0#0#0#3,000,000
Zurich - moto#85#2010-04-01#moto#3#100#moto#moto#si#100#Persona Fisica#M#40#Siracusa#00000#Siracusa#3##IMPIEGATO #M#40#Siracusa#00000#Siracusa#veicolo già assicurato con atr#No#No#BM#13#0#0#0#0#0#0#0#0#3,000,000
Zurich - moto#86#2010-04-01#moto#3#100#moto#moto#si#100#Persona Fisica#M#40#Sondrio#00000#Sondrio#3##IMPIEGATO #M#40#Sondrio#00000#Sondrio#veicolo già assicurato con atr#No#No#BM#13#0#0#0#0#0#0#0#0#3,000,000
Zurich - moto#87#2010-04-01#moto#3#100#moto#moto#si#100#Persona Fisica#M#40#Taranto#00000#Taranto#3##IMPIEGATO #M#40#Taranto#00000#Taranto#veicolo già assicurato con atr#No#No#BM#13#0#0#0#0#0#0#0#0#3,000,000
Zurich - moto#88#2010-04-01#moto#3#100#moto#moto#si#100#Persona Fisica#M#40#Teramo#00000#Teramo#3##IMPIEGATO #M#40#Teramo#00000#Teramo#veicolo già assicurato con atr#No#No#BM#13#0#0#0#0#0#0#0#0#3,000,000
Zurich - moto#89#2010-04-01#moto#3#100#moto#moto#si#100#Persona Fisica#M#40#Terni#00000#Terni#3##IMPIEGATO #M#40#Terni#00000#Terni#veicolo già assicurato con atr#No#No#BM#13#0#0#0#0#0#0#0#0#3,000,000
Zurich - moto#90#2010-04-01#moto#3#100#moto#moto#si#100#Persona Fisica#M#40#Torino#00000#Torino#3##IMPIEGATO #M#40#Torino#00000#Torino#veicolo già assicurato con atr#No#No#BM#13#0#0#0#0#0#0#0#0#3,000,000
Zurich - moto#91#2010-04-01#moto#3#100#moto#moto#si#100#Persona Fisica#M#40#Trapani#00000#Trapani#3##IMPIEGATO #M#40#Trapani#00000#Trapani#veicolo già assicurato con atr#No#No#BM#13#0#0#0#0#0#0#0#0#3,000,000
Zurich - moto#92#2010-04-01#moto#3#100#moto#moto#si#100#Persona Fisica#M#40#Trento#00000#Trento#3##IMPIEGATO #M#40#Trento#00000#Trento#veicolo già assicurato con atr#No#No#BM#13#0#0#0#0#0#0#0#0#3,000,000
Zurich - moto#93#2010-04-01#moto#3#100#moto#moto#si#100#Persona Fisica#M#40#Treviso#00000#Treviso#3##IMPIEGATO #M#40#Treviso#00000#Treviso#veicolo già assicurato con atr#No#No#BM#13#0#0#0#0#0#0#0#0#3,000,000
Zurich - moto#94#2010-04-01#moto#3#100#moto#moto#si#100#Persona Fisica#M#40#Trieste#00000#Trieste#3##IMPIEGATO #M#40#Trieste#00000#Trieste#veicolo già assicurato con atr#No#No#BM#13#0#0#0#0#0#0#0#0#3,000,000
Zurich - moto#95#2010-04-01#moto#3#100#moto#moto#si#100#Persona Fisica#M#40#Udine#00000#Udine#3##IMPIEGATO #M#40#Udine#00000#Udine#veicolo già assicurato con atr#No#No#BM#13#0#0#0#0#0#0#0#0#3,000,000
Zurich - moto#96#2010-04-01#moto#3#100#moto#moto#si#100#Persona Fisica#M#40#Varese#00000#Varese#3##IMPIEGATO #M#40#Varese#00000#Varese#veicolo già assicurato con atr#No#No#BM#13#0#0#0#0#0#0#0#0#3,000,000
Zurich - moto#97#2010-04-01#moto#3#100#moto#moto#si#100#Persona Fisica#M#40#Venezia#00000#Venezia#3##IMPIEGATO #M#40#Venezia#00000#Venezia#veicolo già assicurato con atr#No#No#BM#13#0#0#0#0#0#0#0#0#3,000,000
Zurich - moto#98#2010-04-01#moto#3#100#moto#moto#si#100#Persona Fisica#M#40#Verbano Cusio Ossola#00000#Verbania#3##IMPIEGATO #M#40#Verbano Cusio Ossola#00000#Verbania#veicolo già assicurato con atr#No#No#BM#13#0#0#0#0#0#0#0#0#3,000,000
Zurich - moto#99#2010-04-01#moto#3#100#moto#moto#si#100#Persona Fisica#M#40#Vercelli#00000#Vercelli#3##IMPIEGATO #M#40#Vercelli#00000#Vercelli#veicolo già assicurato con atr#No#No#BM#13#0#0#0#0#0#0#0#0#3,000,000
Zurich - moto#100#2010-04-01#moto#3#100#moto#moto#si#100#Persona Fisica#M#40#Verona#00000#Verona#3##IMPIEGATO #M#40#Verona#00000#Verona#veicolo già assicurato con atr#No#No#BM#13#0#0#0#0#0#0#0#0#3,000,000
Zurich - moto#101#2010-04-01#moto#3#100#moto#moto#si#100#Persona Fisica#M#40#Vibo Valentia#00000#Vibo Valentia#3##IMPIEGATO #M#40#Vibo Valentia#00000#Vibo Valentia#veicolo già assicurato con atr#No#No#BM#13#0#0#0#0#0#0#0#0#3,000,000
Zurich - moto#102#2010-04-01#moto#3#100#moto#moto#si#100#Persona Fisica#M#40#Vicenza#00000#Vicenza#3##IMPIEGATO #M#40#Vicenza#00000#Vicenza#veicolo già assicurato con atr#No#No#BM#13#0#0#0#0#0#0#0#0#3,000,000
Zurich - moto#103#2010-04-01#moto#3#100#moto#moto#si#100#Persona Fisica#M#40#Viterbo#00000#Viterbo#3##IMPIEGATO #M#40#Viterbo#00000#Viterbo#veicolo già assicurato con atr#No#No#BM#13#0#0#0#0#0#0#0#0#3,000,000
Zurich - moto#104#2010-04-01#moto#3#100#moto#moto#si#100#Persona Fisica#M#40#Napoli#00000#Napoli#3##IMPIEGATO #M#40#Napoli#00000#Napoli#veicolo già assicurato con atr#No#No#BM#13#0#0#0#0#0#0#0#0#3,000,000
Zurich - moto#105#2010-04-01#moto#3#100#moto#moto#si#100#Persona Fisica#M#40#Napoli#00000#Napoli#3##IMPIEGATO #M#40#Napoli#00000#Napoli#veicolo già assicurato con atr#No#No#BM#13#0#0#0#0#0#0#0#0#6,000,000
Zurich - moto#106#2010-04-01#moto#3#100#moto#moto#si#100#Persona Fisica#M#40#Napoli#00000#Napoli#3##IMPIEGATO #M#40#Napoli#00000#Napoli#veicolo già assicurato con atr#No#No#BM#13#0#0#0#0#0#0#0#0#10,000,000
Zurich - moto#107#2010-04-01#moto#3#100#moto#moto#si#100#Persona Fisica#M#40#Napoli#00000#Napoli#3##IMPIEGATO #M#40#Napoli#00000#Napoli#veicolo già assicurato con atr#No#No#BM#13#0#0#0#0#0#0#0#0#15,000,000
Zurich - moto#108#2010-04-01#moto#3#100#moto#moto#si#100#Persona Fisica#M#40#Napoli#00000#Napoli#3##IMPIEGATO #M#40#Napoli#00000#Napoli#veicolo già assicurato con atr#No#No#BM#13#0#0#0#0#0#0#0#0#26,000,000
Zurich - moto#109#2010-04-01#moto#3#100#moto#moto#si#100#Persona Fisica#M#40#Napoli#00000#Napoli#3##IMPIEGATO #M#40#Napoli#00000#Napoli#veicolo già assicurato con atr#No#No#BM#3#0#0#0#0#0#0#0#0#3,000,000
Zurich - moto#110#2010-04-01#moto#3#100#moto#moto#si#100#Persona Fisica#M#40#Napoli#00000#Napoli#3##IMPIEGATO #M#40#Napoli#00000#Napoli#veicolo già assicurato con atr#No#No#BM#4#0#0#0#0#0#0#0#0#3,000,000
Zurich - moto#111#2010-04-01#moto#3#100#moto#moto#si#100#Persona Fisica#M#40#Napoli#00000#Napoli#3##IMPIEGATO #M#40#Napoli#00000#Napoli#veicolo già assicurato con atr#No#No#BM#5#0#0#0#0#0#0#0#0#3,000,000
Zurich - moto#112#2010-04-01#moto#3#100#moto#moto#si#100#Persona Fisica#M#40#Napoli#00000#Napoli#3##IMPIEGATO #M#40#Napoli#00000#Napoli#veicolo già assicurato con atr#No#No#BM#6#0#0#0#0#0#0#0#0#3,000,000
Zurich - moto#113#2010-04-01#moto#3#100#moto#moto#si#100#Persona Fisica#M#40#Napoli#00000#Napoli#3##IMPIEGATO #M#40#Napoli#00000#Napoli#veicolo già assicurato con atr#No#No#BM#7#0#0#0#0#0#0#0#0#3,000,000
Zurich - moto#114#2010-04-01#moto#3#100#moto#moto#si#100#Persona Fisica#M#40#Napoli#00000#Napoli#3##IMPIEGATO #M#40#Napoli#00000#Napoli#veicolo già assicurato con atr#No#No#BM#8#0#0#0#0#0#0#0#0#3,000,000
Zurich - moto#115#2010-04-01#moto#3#100#moto#moto#si#100#Persona Fisica#M#40#Napoli#00000#Napoli#3##IMPIEGATO #M#40#Napoli#00000#Napoli#veicolo già assicurato con atr#No#No#BM#9#0#0#0#0#0#0#0#0#3,000,000
Zurich - moto#116#2010-04-01#moto#3#100#moto#moto#si#100#Persona Fisica#M#40#Napoli#00000#Napoli#3##IMPIEGATO #M#40#Napoli#00000#Napoli#veicolo già assicurato con atr#No#No#BM#10#0#0#0#0#0#0#0#0#3,000,000
Zurich - moto#117#2010-04-01#moto#3#100#moto#moto#si#100#Persona Fisica#M#40#Napoli#00000#Napoli#3##IMPIEGATO #M#40#Napoli#00000#Napoli#veicolo già assicurato con atr#No#No#BM#11#0#0#0#0#0#0#0#0#3,000,000
Zurich - moto#118#2010-04-01#moto#3#100#moto#moto#si#100#Persona Fisica#M#40#Napoli#00000#Napoli#3##IMPIEGATO #M#40#Napoli#00000#Napoli#veicolo già assicurato con atr#No#No#BM#12#0#0#0#0#0#0#0#0#3,000,000
Zurich - moto#119#2010-04-01#moto#3#100#moto#moto#si#100#Persona Fisica#M#40#Napoli#00000#Napoli#3##IMPIEGATO #M#40#Napoli#00000#Napoli#veicolo già assicurato con atr#No#No#BM#13#0#0#0#0#0#0#0#0#3,000,000
Zurich - moto#120#2010-04-01#moto#3#100#moto#moto#si#100#Persona Fisica#M#40#Napoli#00000#Napoli#3##IMPIEGATO #M#40#Napoli#00000#Napoli#veicolo già assicurato con atr#No#No#BM#14#0#0#0#0#0#0#0#0#3,000,000
Zurich - moto#121#2010-04-01#moto#3#100#moto#moto#si#100#Persona Fisica#M#40#Napoli#00000#Napoli#3##IMPIEGATO #M#40#Napoli#00000#Napoli#veicolo già assicurato con atr#No#No#BM#15#0#0#0#0#0#0#0#0#3,000,000
Zurich - moto#122#2010-04-01#moto#3#100#moto#moto#si#100#Persona Fisica#M#40#Napoli#00000#Napoli#3##IMPIEGATO #M#40#Napoli#00000#Napoli#veicolo già assicurato con atr#No#No#BM#16#0#0#0#0#0#0#0#0#3,000,000
Zurich - moto#123#2010-04-01#moto#3#100#moto#moto#si#100#Persona Fisica#M#40#Napoli#00000#Napoli#3##IMPIEGATO #M#40#Napoli#00000#Napoli#veicolo già assicurato con atr#No#No#BM#17#0#0#0#0#0#0#0#0#3,000,000
Zurich - moto#124#2010-04-01#moto#3#100#moto#moto#si#100#Persona Fisica#M#40#Napoli#00000#Napoli#3##IMPIEGATO #M#40#Napoli#00000#Napoli#veicolo già assicurato con atr#No#No#BM#18#0#0#0#0#0#0#0#0#3,000,000
Zurich - moto#125#2010-04-01#moto#3#100#moto#moto#si#100#Persona Fisica#M#40#Napoli#00000#Napoli#3##IMPIEGATO #M#40#Napoli#00000#Napoli#veicolo già assicurato con atr#No#No#BM#3#0#0#0#1#0#0#1#0#3,000,000
Zurich - moto#126#2010-04-01#moto#3#100#moto#moto#si#100#Persona Fisica#M#40#Napoli#00000#Napoli#3##IMPIEGATO #M#40#Napoli#00000#Napoli#veicolo già assicurato con atr#No#No#BM#4#0#0#0#1#0#0#1#0#3,000,000
Zurich - moto#127#2010-04-01#moto#3#100#moto#moto#si#100#Persona Fisica#M#40#Napoli#00000#Napoli#3##IMPIEGATO #M#40#Napoli#00000#Napoli#veicolo già assicurato con atr#No#No#BM#5#0#0#0#1#0#0#1#0#3,000,000
Zurich - moto#128#2010-04-01#moto#3#100#moto#moto#si#100#Persona Fisica#M#40#Napoli#00000#Napoli#3##IMPIEGATO #M#40#Napoli#00000#Napoli#veicolo già assicurato con atr#No#No#BM#6#0#0#0#1#0#0#1#0#3,000,000
Zurich - moto#129#2010-04-01#moto#3#100#moto#moto#si#100#Persona Fisica#M#40#Napoli#00000#Napoli#3##IMPIEGATO #M#40#Napoli#00000#Napoli#veicolo già assicurato con atr#No#No#BM#7#0#0#0#1#0#0#1#0#3,000,000
Zurich - moto#130#2010-04-01#moto#3#100#moto#moto#si#100#Persona Fisica#M#40#Napoli#00000#Napoli#3##IMPIEGATO #M#40#Napoli#00000#Napoli#veicolo già assicurato con atr#No#No#BM#8#0#0#0#1#0#0#1#0#3,000,000
Zurich - moto#131#2010-04-01#moto#3#100#moto#moto#si#100#Persona Fisica#M#40#Napoli#00000#Napoli#3##IMPIEGATO #M#40#Napoli#00000#Napoli#veicolo già assicurato con atr#No#No#BM#9#0#0#0#1#0#0#1#0#3,000,000
Zurich - moto#132#2010-04-01#moto#3#100#moto#moto#si#100#Persona Fisica#M#40#Napoli#00000#Napoli#3##IMPIEGATO #M#40#Napoli#00000#Napoli#veicolo già assicurato con atr#No#No#BM#10#0#0#0#1#0#0#1#0#3,000,000
Zurich - moto#133#2010-04-01#moto#3#100#moto#moto#si#100#Persona Fisica#M#40#Napoli#00000#Napoli#3##IMPIEGATO #M#40#Napoli#00000#Napoli#veicolo già assicurato con atr#No#No#BM#11#0#0#0#1#0#0#1#0#3,000,000
Zurich - moto#134#2010-04-01#moto#3#100#moto#moto#si#100#Persona Fisica#M#40#Napoli#00000#Napoli#3##IMPIEGATO #M#40#Napoli#00000#Napoli#veicolo già assicurato con atr#No#No#BM#12#0#0#0#1#0#0#1#0#3,000,000
Zurich - moto#135#2010-04-01#moto#3#100#moto#moto#si#100#Persona Fisica#M#40#Napoli#00000#Napoli#3##IMPIEGATO #M#40#Napoli#00000#Napoli#veicolo già assicurato con atr#No#No#BM#13#0#0#0#1#0#0#1#0#3,000,000
Zurich - moto#136#2010-04-01#moto#3#100#moto#moto#si#100#Persona Fisica#M#40#Napoli#00000#Napoli#3##IMPIEGATO #M#40#Napoli#00000#Napoli#veicolo già assicurato con atr#No#No#BM#14#0#0#0#1#0#0#1#0#3,000,000
Zurich - moto#137#2010-04-01#moto#3#100#moto#moto#si#100#Persona Fisica#M#40#Napoli#00000#Napoli#3##IMPIEGATO #M#40#Napoli#00000#Napoli#veicolo già assicurato con atr#No#No#BM#15#0#0#0#1#0#0#1#0#3,000,000
Zurich - moto#138#2010-04-01#moto#3#100#moto#moto#si#100#Persona Fisica#M#40#Napoli#00000#Napoli#3##IMPIEGATO #M#40#Napoli#00000#Napoli#veicolo già assicurato con atr#No#No#BM#16#0#0#0#1#0#0#1#0#3,000,000
Zurich - moto#139#2010-04-01#moto#3#100#moto#moto#si#100#Persona Fisica#M#40#Napoli#00000#Napoli#3##IMPIEGATO #M#40#Napoli#00000#Napoli#veicolo già assicurato con atr#No#No#BM#17#0#0#0#1#0#0#1#0#3,000,000
Zurich - moto#140#2010-04-01#moto#3#100#moto#moto#si#100#Persona Fisica#M#40#Napoli#00000#Napoli#3##IMPIEGATO #M#40#Napoli#00000#Napoli#veicolo già assicurato con atr#No#No#BM#18#0#0#0#1#0#0#1#0#3,000,000
Zurich - moto#141#2010-04-01#moto#3#100#moto#moto#si#100#Persona Fisica#M#40#Napoli#00000#Napoli#3##IMPIEGATO #M#40#Napoli#00000#Napoli#veicolo già assicurato con atr#No#No#BM#3#1#0#0#0#0#0#1#0#3,000,000
Zurich - moto#142#2010-04-01#moto#3#100#moto#moto#si#100#Persona Fisica#M#40#Napoli#00000#Napoli#3##IMPIEGATO #M#40#Napoli#00000#Napoli#veicolo già assicurato con atr#No#No#BM#4#1#0#0#0#0#0#1#0#3,000,000
Zurich - moto#143#2010-04-01#moto#3#100#moto#moto#si#100#Persona Fisica#M#40#Napoli#00000#Napoli#3##IMPIEGATO #M#40#Napoli#00000#Napoli#veicolo già assicurato con atr#No#No#BM#5#1#0#0#0#0#0#1#0#3,000,000
Zurich - moto#144#2010-04-01#moto#3#100#moto#moto#si#100#Persona Fisica#M#40#Napoli#00000#Napoli#3##IMPIEGATO #M#40#Napoli#00000#Napoli#veicolo già assicurato con atr#No#No#BM#6#1#0#0#0#0#0#1#0#3,000,000
Zurich - moto#145#2010-04-01#moto#3#100#moto#moto#si#100#Persona Fisica#M#40#Napoli#00000#Napoli#3##IMPIEGATO #M#40#Napoli#00000#Napoli#veicolo già assicurato con atr#No#No#BM#7#1#0#0#0#0#0#1#0#3,000,000
Zurich - moto#146#2010-04-01#moto#3#100#moto#moto#si#100#Persona Fisica#M#40#Napoli#00000#Napoli#3##IMPIEGATO #M#40#Napoli#00000#Napoli#veicolo già assicurato con atr#No#No#BM#8#1#0#0#0#0#0#1#0#3,000,000
Zurich - moto#147#2010-04-01#moto#3#100#moto#moto#si#100#Persona Fisica#M#40#Napoli#00000#Napoli#3##IMPIEGATO #M#40#Napoli#00000#Napoli#veicolo già assicurato con atr#No#No#BM#9#1#0#0#0#0#0#1#0#3,000,000
Zurich - moto#148#2010-04-01#moto#3#100#moto#moto#si#100#Persona Fisica#M#40#Napoli#00000#Napoli#3##IMPIEGATO #M#40#Napoli#00000#Napoli#veicolo già assicurato con atr#No#No#BM#10#1#0#0#0#0#0#1#0#3,000,000
Zurich - moto#149#2010-04-01#moto#3#100#moto#moto#si#100#Persona Fisica#M#40#Napoli#00000#Napoli#3##IMPIEGATO #M#40#Napoli#00000#Napoli#veicolo già assicurato con atr#No#No#BM#11#1#0#0#0#0#0#1#0#3,000,000
Zurich - moto#150#2010-04-01#moto#3#100#moto#moto#si#100#Persona Fisica#M#40#Napoli#00000#Napoli#3##IMPIEGATO #M#40#Napoli#00000#Napoli#veicolo già assicurato con atr#No#No#BM#12#1#0#0#0#0#0#1#0#3,000,000
Zurich - moto#151#2010-04-01#moto#3#100#moto#moto#si#100#Persona Fisica#M#40#Napoli#00000#Napoli#3##IMPIEGATO #M#40#Napoli#00000#Napoli#veicolo già assicurato con atr#No#No#BM#13#1#0#0#0#0#0#1#0#3,000,000
Zurich - moto#152#2010-04-01#moto#3#100#moto#moto#si#100#Persona Fisica#M#40#Napoli#00000#Napoli#3##IMPIEGATO #M#40#Napoli#00000#Napoli#veicolo già assicurato con atr#No#No#BM#14#1#0#0#0#0#0#1#0#3,000,000
Zurich - moto#153#2010-04-01#moto#3#100#moto#moto#si#100#Persona Fisica#M#40#Napoli#00000#Napoli#3##IMPIEGATO #M#40#Napoli#00000#Napoli#veicolo già assicurato con atr#No#No#BM#15#1#0#0#0#0#0#1#0#3,000,000
Zurich - moto#154#2010-04-01#moto#3#100#moto#moto#si#100#Persona Fisica#M#40#Napoli#00000#Napoli#3##IMPIEGATO #M#40#Napoli#00000#Napoli#veicolo già assicurato con atr#No#No#BM#16#1#0#0#0#0#0#1#0#3,000,000
Zurich - moto#155#2010-04-01#moto#3#100#moto#moto#si#100#Persona Fisica#M#40#Napoli#00000#Napoli#3##IMPIEGATO #M#40#Napoli#00000#Napoli#veicolo già assicurato con atr#No#No#BM#17#1#0#0#0#0#0#1#0#3,000,000
Zurich - moto#156#2010-04-01#moto#3#100#moto#moto#si#100#Persona Fisica#M#40#Napoli#00000#Napoli#3##IMPIEGATO #M#40#Napoli#00000#Napoli#veicolo già assicurato con atr#No#No#BM#18#1#0#0#0#0#0#1#0#3,000,000
Zurich - moto#157#2010-04-01#moto#3#100#moto#moto#si#100#Persona Fisica#M#40#Napoli#00000#Napoli#3##IMPIEGATO #M#40#Napoli#00000#Napoli#1a immatricolazione dopo l’acquisto del veicolo#No#No#BM##0#0#0#0#0#0#0#0#3,000,000
Zurich - moto#158#2010-04-01#moto#3#100#moto#moto#si#100#Persona Fisica#M#40#Napoli#00000#Napoli#3##IMPIEGATO #M#40#Napoli#00000#Napoli#1a immatricolazione dopo l’acquisto del veicolo#Si#No#BM#3#0#0#0#0#0#0#0#0#3,000,000
Zurich - moto#159#2010-04-01#moto#3#100#moto#moto#si#100#Persona Fisica#M#40#Napoli#00000#Napoli#3##IMPIEGATO #M#40#Napoli#00000#Napoli#1a immatricolazione dopo l’acquisto del veicolo#Si#No#BM#4#0#0#0#0#0#0#0#0#3,000,000
Zurich - moto#160#2010-04-01#moto#3#100#moto#moto#si#100#Persona Fisica#M#40#Napoli#00000#Napoli#3##IMPIEGATO #M#40#Napoli#00000#Napoli#1a immatricolazione dopo l’acquisto del veicolo#Si#No#BM#5#0#0#0#0#0#0#0#0#3,000,000
Zurich - moto#161#2010-04-01#moto#3#100#moto#moto#si#100#Persona Fisica#M#40#Napoli#00000#Napoli#3##IMPIEGATO #M#40#Napoli#00000#Napoli#1a immatricolazione dopo l’acquisto del veicolo#Si#No#BM#6#0#0#0#0#0#0#0#0#3,000,000
Zurich - moto#162#2010-04-01#moto#3#100#moto#moto#si#100#Persona Fisica#M#40#Napoli#00000#Napoli#3##IMPIEGATO #M#40#Napoli#00000#Napoli#1a immatricolazione dopo l’acquisto del veicolo#Si#No#BM#7#0#0#0#0#0#0#0#0#3,000,000
Zurich - moto#163#2010-04-01#moto#3#100#moto#moto#si#100#Persona Fisica#M#40#Napoli#00000#Napoli#3##IMPIEGATO #M#40#Napoli#00000#Napoli#1a immatricolazione dopo l’acquisto del veicolo#Si#No#BM#8#0#0#0#0#0#0#0#0#3,000,000
Zurich - moto#164#2010-04-01#moto#3#100#moto#moto#si#100#Persona Fisica#M#40#Napoli#00000#Napoli#3##IMPIEGATO #M#40#Napoli#00000#Napoli#1a immatricolazione dopo l’acquisto del veicolo#Si#No#BM#9#0#0#0#0#0#0#0#0#3,000,000
Zurich - moto#165#2010-04-01#moto#3#100#moto#moto#si#100#Persona Fisica#M#40#Napoli#00000#Napoli#3##IMPIEGATO #M#40#Napoli#00000#Napoli#1a immatricolazione dopo l’acquisto del veicolo#Si#No#BM#10#0#0#0#0#0#0#0#0#3,000,000
Zurich - moto#166#2010-04-01#moto#3#100#moto#moto#si#100#Persona Fisica#M#40#Napoli#00000#Napoli#3##IMPIEGATO #M#40#Napoli#00000#Napoli#1a immatricolazione dopo l’acquisto del veicolo#Si#No#BM#11#0#0#0#0#0#0#0#0#3,000,000
Zurich - moto#167#2010-04-01#moto#3#100#moto#moto#si#100#Persona Fisica#M#40#Napoli#00000#Napoli#3##IMPIEGATO #M#40#Napoli#00000#Napoli#1a immatricolazione dopo l’acquisto del veicolo#Si#No#BM#12#0#0#0#0#0#0#0#0#3,000,000
Zurich - moto#168#2010-04-01#moto#3#100#moto#moto#si#100#Persona Fisica#M#40#Napoli#00000#Napoli#3##IMPIEGATO #M#40#Napoli#00000#Napoli#1a immatricolazione dopo l’acquisto del veicolo#Si#No#BM#13#0#0#0#0#0#0#0#0#3,000,000
Zurich - moto#169#2010-04-01#moto#3#100#moto#moto#si#100#Persona Fisica#M#40#Napoli#00000#Napoli#3##IMPIEGATO #M#40#Napoli#00000#Napoli#1a immatricolazione dopo l’acquisto del veicolo#Si#No#BM#14#0#0#0#0#0#0#0#0#3,000,000
Zurich - moto#170#2010-04-01#moto#3#100#moto#moto#si#100#Persona Fisica#M#40#Napoli#00000#Napoli#3##IMPIEGATO #M#40#Napoli#00000#Napoli#1a immatricolazione dopo l’acquisto del veicolo#Si#No#BM#15#0#0#0#0#0#0#0#0#3,000,000
Zurich - moto#171#2010-04-01#moto#3#100#moto#moto#si#100#Persona Fisica#M#40#Napoli#00000#Napoli#3##IMPIEGATO #M#40#Napoli#00000#Napoli#1a immatricolazione dopo l’acquisto del veicolo#Si#No#BM#16#0#0#0#0#0#0#0#0#3,000,000
Zurich - moto#172#2010-04-01#moto#3#100#moto#moto#si#100#Persona Fisica#M#40#Napoli#00000#Napoli#3##IMPIEGATO #M#40#Napoli#00000#Napoli#1a immatricolazione dopo l’acquisto del veicolo#Si#No#BM#17#0#0#0#0#0#0#0#0#3,000,000
Zurich - moto#173#2010-04-01#moto#3#100#moto#moto#si#100#Persona Fisica#M#40#Napoli#00000#Napoli#3##IMPIEGATO #M#40#Napoli#00000#Napoli#1a immatricolazione dopo l’acquisto del veicolo#Si#No#BM#18#0#0#0#0#0#0#0#0#3,000,000
Zurich - moto#174#2010-04-01#moto#3#100#moto#moto#si#100#Persona Fisica#M#18#Napoli#00000#Napoli#3##IMPIEGATO #M#18#Napoli#00000#Napoli#veicolo già assicurato con atr#No#Si#BM#13#0#0#0#0#0#0#0#0#3,000,000
Zurich - moto#175#2010-04-01#moto#3#100#moto#moto#si#100#Persona Fisica#M#19#Napoli#00000#Napoli#3##IMPIEGATO #M#20#Napoli#00000#Napoli#veicolo già assicurato con atr#No#Si#BM#13#0#0#0#0#0#0#0#0#3,000,000
Zurich - moto#176#2010-04-01#moto#3#100#moto#moto#si#100#Persona Fisica#M#20#Napoli#00000#Napoli#3##IMPIEGATO #M#20#Napoli#00000#Napoli#veicolo già assicurato con atr#No#Si#BM#13#0#0#0#0#0#0#0#0#3,000,000
Zurich - moto#177#2010-04-01#moto#3#100#moto#moto#si#100#Persona Fisica#M#21#Napoli#00000#Napoli#3##IMPIEGATO #M#20#Napoli#00000#Napoli#veicolo già assicurato con atr#No#Si#BM#13#0#0#0#0#0#0#0#0#3,000,000
Zurich - moto#178#2010-04-01#moto#3#100#moto#moto#si#100#Persona Fisica#M#22#Napoli#00000#Napoli#3##IMPIEGATO #M#20#Napoli#00000#Napoli#veicolo già assicurato con atr#No#Si#BM#13#0#0#0#0#0#0#0#0#3,000,000
Zurich - moto#179#2010-04-01#moto#3#100#moto#moto#si#100#Persona Fisica#M#23#Napoli#00000#Napoli#3##IMPIEGATO #M#20#Napoli#00000#Napoli#veicolo già assicurato con atr#No#Si#BM#13#0#0#0#0#0#0#0#0#3,000,000
Zurich - moto#180#2010-04-01#moto#3#100#moto#moto#si#100#Persona Fisica#M#24#Napoli#00000#Napoli#3##IMPIEGATO #M#20#Napoli#00000#Napoli#veicolo già assicurato con atr#No#Si#BM#13#0#0#0#0#0#0#0#0#3,000,000
Zurich - moto#181#2010-04-01#moto#3#100#moto#moto#si#100#Persona Fisica#M#25#Napoli#00000#Napoli#3##IMPIEGATO #M#20#Napoli#00000#Napoli#veicolo già assicurato con atr#No#Si#BM#13#0#0#0#0#0#0#0#0#3,000,000
Zurich - moto#182#2010-04-01#moto#3#100#moto#moto#si#100#Persona Fisica#M#26#Napoli#00000#Napoli#3##IMPIEGATO #M#20#Napoli#00000#Napoli#veicolo già assicurato con atr#No#Si#BM#13#0#0#0#0#0#0#0#0#3,000,000
Zurich - moto#183#2010-04-01#moto#3#100#moto#moto#si#100#Persona Fisica#M#27#Napoli#00000#Napoli#3##IMPIEGATO #M#20#Napoli#00000#Napoli#veicolo già assicurato con atr#No#Si#BM#13#0#0#0#0#0#0#0#0#3,000,000
Zurich - moto#184#2010-04-01#moto#3#100#moto#moto#si#100#Persona Fisica#M#28#Napoli#00000#Napoli#3##IMPIEGATO #M#20#Napoli#00000#Napoli#veicolo già assicurato con atr#No#Si#BM#13#0#0#0#0#0#0#0#0#3,000,000
Zurich - moto#185#2010-04-01#moto#3#100#moto#moto#si#100#Persona Fisica#M#29#Napoli#00000#Napoli#3##IMPIEGATO #M#20#Napoli#00000#Napoli#veicolo già assicurato con atr#No#Si#BM#13#0#0#0#0#0#0#0#0#3,000,000
Zurich - moto#186#2010-04-01#moto#3#100#moto#moto#si#100#Persona Fisica#M#30#Napoli#00000#Napoli#3##IMPIEGATO #M#20#Napoli#00000#Napoli#veicolo già assicurato con atr#No#Si#BM#13#0#0#0#0#0#0#0#0#3,000,000
Zurich - moto#187#2010-04-01#moto#3#100#moto#moto#si#100#Persona Fisica#M#31#Napoli#00000#Napoli#3##IMPIEGATO #M#20#Napoli#00000#Napoli#veicolo già assicurato con atr#No#Si#BM#13#0#0#0#0#0#0#0#0#3,000,000
Zurich - moto#188#2010-04-01#moto#3#100#moto#moto#si#100#Persona Fisica#M#32#Napoli#00000#Napoli#3##IMPIEGATO #M#20#Napoli#00000#Napoli#veicolo già assicurato con atr#No#Si#BM#13#0#0#0#0#0#0#0#0#3,000,000
Zurich - moto#189#2010-04-01#moto#3#100#moto#moto#si#100#Persona Fisica#M#33#Napoli#00000#Napoli#3##IMPIEGATO #M#20#Napoli#00000#Napoli#veicolo già assicurato con atr#No#Si#BM#13#0#0#0#0#0#0#0#0#3,000,000
Zurich - moto#190#2010-04-01#moto#3#100#moto#moto#si#100#Persona Fisica#M#34#Napoli#00000#Napoli#3##IMPIEGATO #M#20#Napoli#00000#Napoli#veicolo già assicurato con atr#No#Si#BM#13#0#0#0#0#0#0#0#0#3,000,000
Zurich - moto#191#2010-04-01#moto#3#100#moto#moto#si#100#Persona Fisica#M#35#Napoli#00000#Napoli#3##IMPIEGATO #M#20#Napoli#00000#Napoli#veicolo già assicurato con atr#No#Si#BM#13#0#0#0#0#0#0#0#0#3,000,000
Zurich - moto#192#2010-04-01#moto#3#100#moto#moto#si#100#Persona Fisica#M#36#Napoli#00000#Napoli#3##IMPIEGATO #M#20#Napoli#00000#Napoli#veicolo già assicurato con atr#No#Si#BM#13#0#0#0#0#0#0#0#0#3,000,000
Zurich - moto#193#2010-04-01#moto#3#100#moto#moto#si#100#Persona Fisica#M#37#Napoli#00000#Napoli#3##IMPIEGATO #M#20#Napoli#00000#Napoli#veicolo già assicurato con atr#No#Si#BM#13#0#0#0#0#0#0#0#0#3,000,000
Zurich - moto#194#2010-04-01#moto#3#100#moto#moto#si#100#Persona Fisica#M#38#Napoli#00000#Napoli#3##IMPIEGATO #M#20#Napoli#00000#Napoli#veicolo già assicurato con atr#No#Si#BM#13#0#0#0#0#0#0#0#0#3,000,000
Zurich - moto#195#2010-04-01#moto#3#100#moto#moto#si#100#Persona Fisica#M#39#Napoli#00000#Napoli#3##IMPIEGATO #M#20#Napoli#00000#Napoli#veicolo già assicurato con atr#No#Si#BM#13#0#0#0#0#0#0#0#0#3,000,000
Zurich - moto#196#2010-04-01#moto#3#100#moto#moto#si#100#Persona Fisica#M#40#Napoli#00000#Napoli#3##IMPIEGATO #M#20#Napoli#00000#Napoli#veicolo già assicurato con atr#No#Si#BM#13#0#0#0#0#0#0#0#0#3,000,000
Zurich - moto#197#2010-04-01#moto#3#100#moto#moto#si#100#Persona Fisica#M#41#Napoli#00000#Napoli#3##IMPIEGATO #M#20#Napoli#00000#Napoli#veicolo già assicurato con atr#No#Si#BM#13#0#0#0#0#0#0#0#0#3,000,000
Zurich - moto#198#2010-04-01#moto#3#100#moto#moto#si#100#Persona Fisica#M#42#Napoli#00000#Napoli#3##IMPIEGATO #M#20#Napoli#00000#Napoli#veicolo già assicurato con atr#No#Si#BM#13#0#0#0#0#0#0#0#0#3,000,000
Zurich - moto#199#2010-04-01#moto#3#100#moto#moto#si#100#Persona Fisica#M#43#Napoli#00000#Napoli#3##IMPIEGATO #M#20#Napoli#00000#Napoli#veicolo già assicurato con atr#No#Si#BM#13#0#0#0#0#0#0#0#0#3,000,000
Zurich - moto#200#2010-04-01#moto#3#100#moto#moto#si#100#Persona Fisica#M#44#Napoli#00000#Napoli#3##IMPIEGATO #M#20#Napoli#00000#Napoli#veicolo già assicurato con atr#No#Si#BM#13#0#0#0#0#0#0#0#0#3,000,000
Zurich - moto#201#2010-04-01#moto#3#100#moto#moto#si#100#Persona Fisica#M#45#Napoli#00000#Napoli#3##IMPIEGATO #M#20#Napoli#00000#Napoli#veicolo già assicurato con atr#No#Si#BM#13#0#0#0#0#0#0#0#0#3,000,000
Zurich - moto#202#2010-04-01#moto#3#100#moto#moto#si#100#Persona Fisica#M#46#Napoli#00000#Napoli#3##IMPIEGATO #M#20#Napoli#00000#Napoli#veicolo già assicurato con atr#No#Si#BM#13#0#0#0#0#0#0#0#0#3,000,000
Zurich - moto#203#2010-04-01#moto#3#100#moto#moto#si#100#Persona Fisica#M#47#Napoli#00000#Napoli#3##IMPIEGATO #M#20#Napoli#00000#Napoli#veicolo già assicurato con atr#No#Si#BM#13#0#0#0#0#0#0#0#0#3,000,000
Zurich - moto#204#2010-04-01#moto#3#100#moto#moto#si#100#Persona Fisica#M#48#Napoli#00000#Napoli#3##IMPIEGATO #M#20#Napoli#00000#Napoli#veicolo già assicurato con atr#No#Si#BM#13#0#0#0#0#0#0#0#0#3,000,000
Zurich - moto#205#2010-04-01#moto#3#100#moto#moto#si#100#Persona Fisica#M#49#Napoli#00000#Napoli#3##IMPIEGATO #M#20#Napoli#00000#Napoli#veicolo già assicurato con atr#No#Si#BM#13#0#0#0#0#0#0#0#0#3,000,000
Zurich - moto#206#2010-04-01#moto#3#100#moto#moto#si#100#Persona Fisica#M#50#Napoli#00000#Napoli#3##IMPIEGATO #M#20#Napoli#00000#Napoli#veicolo già assicurato con atr#No#Si#BM#13#0#0#0#0#0#0#0#0#3,000,000
Zurich - moto#207#2010-04-01#moto#3#100#moto#moto#si#100#Persona Fisica#M#51#Napoli#00000#Napoli#3##IMPIEGATO #M#20#Napoli#00000#Napoli#veicolo già assicurato con atr#No#Si#BM#13#0#0#0#0#0#0#0#0#3,000,000
Zurich - moto#208#2010-04-01#moto#3#100#moto#moto#si#100#Persona Fisica#M#52#Napoli#00000#Napoli#3##IMPIEGATO #M#20#Napoli#00000#Napoli#veicolo già assicurato con atr#No#Si#BM#13#0#0#0#0#0#0#0#0#3,000,000
Zurich - moto#209#2010-04-01#moto#3#100#moto#moto#si#100#Persona Fisica#M#53#Napoli#00000#Napoli#3##IMPIEGATO #M#20#Napoli#00000#Napoli#veicolo già assicurato con atr#No#Si#BM#13#0#0#0#0#0#0#0#0#3,000,000
Zurich - moto#210#2010-04-01#moto#3#100#moto#moto#si#100#Persona Fisica#M#54#Napoli#00000#Napoli#3##IMPIEGATO #M#20#Napoli#00000#Napoli#veicolo già assicurato con atr#No#Si#BM#13#0#0#0#0#0#0#0#0#3,000,000
Zurich - moto#211#2010-04-01#moto#3#100#moto#moto#si#100#Persona Fisica#M#55#Napoli#00000#Napoli#3##IMPIEGATO #M#20#Napoli#00000#Napoli#veicolo già assicurato con atr#No#Si#BM#13#0#0#0#0#0#0#0#0#3,000,000
Zurich - moto#212#2010-04-01#moto#3#100#moto#moto#si#100#Persona Fisica#M#56#Napoli#00000#Napoli#3##IMPIEGATO #M#20#Napoli#00000#Napoli#veicolo già assicurato con atr#No#Si#BM#13#0#0#0#0#0#0#0#0#3,000,000
Zurich - moto#213#2010-04-01#moto#3#100#moto#moto#si#100#Persona Fisica#M#57#Napoli#00000#Napoli#3##IMPIEGATO #M#20#Napoli#00000#Napoli#veicolo già assicurato con atr#No#Si#BM#13#0#0#0#0#0#0#0#0#3,000,000
Zurich - moto#214#2010-04-01#moto#3#100#moto#moto#si#100#Persona Fisica#M#58#Napoli#00000#Napoli#3##IMPIEGATO #M#20#Napoli#00000#Napoli#veicolo già assicurato con atr#No#Si#BM#13#0#0#0#0#0#0#0#0#3,000,000
Zurich - moto#215#2010-04-01#moto#3#100#moto#moto#si#100#Persona Fisica#M#59#Napoli#00000#Napoli#3##IMPIEGATO #M#20#Napoli#00000#Napoli#veicolo già assicurato con atr#No#Si#BM#13#0#0#0#0#0#0#0#0#3,000,000
Zurich - moto#216#2010-04-01#moto#3#100#moto#moto#si#100#Persona Fisica#M#60#Napoli#00000#Napoli#3##IMPIEGATO #M#20#Napoli#00000#Napoli#veicolo già assicurato con atr#No#Si#BM#13#0#0#0#0#0#0#0#0#3,000,000
Zurich - moto#217#2010-04-01#moto#3#100#moto#moto#si#100#Persona Fisica#M#61#Napoli#00000#Napoli#3##IMPIEGATO #M#20#Napoli#00000#Napoli#veicolo già assicurato con atr#No#Si#BM#13#0#0#0#0#0#0#0#0#3,000,000
Zurich - moto#218#2010-04-01#moto#3#100#moto#moto#si#100#Persona Fisica#M#62#Napoli#00000#Napoli#3##IMPIEGATO #M#20#Napoli#00000#Napoli#veicolo già assicurato con atr#No#Si#BM#13#0#0#0#0#0#0#0#0#3,000,000
Zurich - moto#219#2010-04-01#moto#3#100#moto#moto#si#100#Persona Fisica#M#63#Napoli#00000#Napoli#3##IMPIEGATO #M#20#Napoli#00000#Napoli#veicolo già assicurato con atr#No#Si#BM#13#0#0#0#0#0#0#0#0#3,000,000
Zurich - moto#220#2010-04-01#moto#3#100#moto#moto#si#100#Persona Fisica#M#64#Napoli#00000#Napoli#3##IMPIEGATO #M#20#Napoli#00000#Napoli#veicolo già assicurato con atr#No#Si#BM#13#0#0#0#0#0#0#0#0#3,000,000
Zurich - moto#221#2010-04-01#moto#3#100#moto#moto#si#100#Persona Fisica#M#65#Napoli#00000#Napoli#3##IMPIEGATO #M#20#Napoli#00000#Napoli#veicolo già assicurato con atr#No#Si#BM#13#0#0#0#0#0#0#0#0#3,000,000
Zurich - moto#222#2010-04-01#moto#3#100#moto#moto#si#100#Persona Fisica#M#66#Napoli#00000#Napoli#3##IMPIEGATO #M#20#Napoli#00000#Napoli#veicolo già assicurato con atr#No#Si#BM#13#0#0#0#0#0#0#0#0#3,000,000
Zurich - moto#223#2010-04-01#moto#3#100#moto#moto#si#100#Persona Fisica#M#67#Napoli#00000#Napoli#3##IMPIEGATO #M#20#Napoli#00000#Napoli#veicolo già assicurato con atr#No#Si#BM#13#0#0#0#0#0#0#0#0#3,000,000
Zurich - moto#224#2010-04-01#moto#3#100#moto#moto#si#100#Persona Fisica#M#68#Napoli#00000#Napoli#3##IMPIEGATO #M#20#Napoli#00000#Napoli#veicolo già assicurato con atr#No#Si#BM#13#0#0#0#0#0#0#0#0#3,000,000
Zurich - moto#225#2010-04-01#moto#3#100#moto#moto#si#100#Persona Fisica#M#69#Napoli#00000#Napoli#3##IMPIEGATO #M#20#Napoli#00000#Napoli#veicolo già assicurato con atr#No#Si#BM#13#0#0#0#0#0#0#0#0#3,000,000
Zurich - moto#226#2010-04-01#moto#3#100#moto#moto#si#100#Persona Fisica#M#70#Napoli#00000#Napoli#3##IMPIEGATO #M#20#Napoli#00000#Napoli#veicolo già assicurato con atr#No#Si#BM#13#0#0#0#0#0#0#0#0#3,000,000
Zurich - moto#227#2010-04-01#moto#3#100#moto#moto#si#100#Persona Fisica#M#71#Napoli#00000#Napoli#3##IMPIEGATO #M#20#Napoli#00000#Napoli#veicolo già assicurato con atr#No#Si#BM#13#0#0#0#0#0#0#0#0#3,000,000
Zurich - moto#228#2010-04-01#moto#3#100#moto#moto#si#100#Persona Fisica#M#72#Napoli#00000#Napoli#3##IMPIEGATO #M#20#Napoli#00000#Napoli#veicolo già assicurato con atr#No#Si#BM#13#0#0#0#0#0#0#0#0#3,000,000
Zurich - moto#229#2010-04-01#moto#3#100#moto#moto#si#100#Persona Fisica#M#73#Napoli#00000#Napoli#3##IMPIEGATO #M#20#Napoli#00000#Napoli#veicolo già assicurato con atr#No#Si#BM#13#0#0#0#0#0#0#0#0#3,000,000
Zurich - moto#230#2010-04-01#moto#3#100#moto#moto#si#100#Persona Fisica#M#74#Napoli#00000#Napoli#3##IMPIEGATO #M#20#Napoli#00000#Napoli#veicolo già assicurato con atr#No#Si#BM#13#0#0#0#0#0#0#0#0#3,000,000
Zurich - moto#231#2010-04-01#moto#3#100#moto#moto#si#100#Persona Fisica#M#75#Napoli#00000#Napoli#3##IMPIEGATO #M#20#Napoli#00000#Napoli#veicolo già assicurato con atr#No#Si#BM#13#0#0#0#0#0#0#0#0#3,000,000
Zurich - moto#232#2010-04-01#moto#3#100#moto#moto#si#100#Persona Fisica#M#76#Napoli#00000#Napoli#3##IMPIEGATO #M#20#Napoli#00000#Napoli#veicolo già assicurato con atr#No#Si#BM#13#0#0#0#0#0#0#0#0#3,000,000
Zurich - moto#233#2010-04-01#moto#3#100#moto#moto#si#100#Persona Fisica#M#77#Napoli#00000#Napoli#3##IMPIEGATO #M#20#Napoli#00000#Napoli#veicolo già assicurato con atr#No#Si#BM#13#0#0#0#0#0#0#0#0#3,000,000
Zurich - moto#234#2010-04-01#moto#3#100#moto#moto#si#100#Persona Fisica#M#78#Napoli#00000#Napoli#3##IMPIEGATO #M#20#Napoli#00000#Napoli#veicolo già assicurato con atr#No#Si#BM#13#0#0#0#0#0#0#0#0#3,000,000
Zurich - moto#235#2010-04-01#moto#3#100#moto#moto#si#100#Persona Fisica#M#79#Napoli#00000#Napoli#3##IMPIEGATO #M#20#Napoli#00000#Napoli#veicolo già assicurato con atr#No#Si#BM#13#0#0#0#0#0#0#0#0#3,000,000
Zurich - moto#236#2010-04-01#moto#3#100#moto#moto#si#100#Persona Fisica#M#80#Napoli#00000#Napoli#3##IMPIEGATO #M#20#Napoli#00000#Napoli#veicolo già assicurato con atr#No#Si#BM#13#0#0#0#0#0#0#0#0#3,000,000
Zurich - moto#237#2010-04-01#moto#3#100#moto#moto#si#100#Persona Fisica#F#18#Napoli#00000#Napoli#3##IMPIEGATO #M#18#Napoli#00000#Napoli#veicolo già assicurato con atr#No#Si#BM#13#0#0#0#0#0#0#0#0#3,000,000
Zurich - moto#238#2010-04-01#moto#3#100#moto#moto#si#100#Persona Fisica#F#19#Napoli#00000#Napoli#3##IMPIEGATO #M#20#Napoli#00000#Napoli#veicolo già assicurato con atr#No#Si#BM#13#0#0#0#0#0#0#0#0#3,000,000
Zurich - moto#239#2010-04-01#moto#3#100#moto#moto#si#100#Persona Fisica#F#20#Napoli#00000#Napoli#3##IMPIEGATO #M#20#Napoli#00000#Napoli#veicolo già assicurato con atr#No#Si#BM#13#0#0#0#0#0#0#0#0#3,000,000
Zurich - moto#240#2010-04-01#moto#3#100#moto#moto#si#100#Persona Fisica#F#21#Napoli#00000#Napoli#3##IMPIEGATO #M#20#Napoli#00000#Napoli#veicolo già assicurato con atr#No#Si#BM#13#0#0#0#0#0#0#0#0#3,000,000
Zurich - moto#241#2010-04-01#moto#3#100#moto#moto#si#100#Persona Fisica#F#22#Napoli#00000#Napoli#3##IMPIEGATO #M#20#Napoli#00000#Napoli#veicolo già assicurato con atr#No#Si#BM#13#0#0#0#0#0#0#0#0#3,000,000
Zurich - moto#242#2010-04-01#moto#3#100#moto#moto#si#100#Persona Fisica#F#23#Napoli#00000#Napoli#3##IMPIEGATO #M#20#Napoli#00000#Napoli#veicolo già assicurato con atr#No#Si#BM#13#0#0#0#0#0#0#0#0#3,000,000
Zurich - moto#243#2010-04-01#moto#3#100#moto#moto#si#100#Persona Fisica#F#24#Napoli#00000#Napoli#3##IMPIEGATO #M#20#Napoli#00000#Napoli#veicolo già assicurato con atr#No#Si#BM#13#0#0#0#0#0#0#0#0#3,000,000
Zurich - moto#244#2010-04-01#moto#3#100#moto#moto#si#100#Persona Fisica#F#25#Napoli#00000#Napoli#3##IMPIEGATO #M#20#Napoli#00000#Napoli#veicolo già assicurato con atr#No#Si#BM#13#0#0#0#0#0#0#0#0#3,000,000
Zurich - moto#245#2010-04-01#moto#3#100#moto#moto#si#100#Persona Fisica#F#26#Napoli#00000#Napoli#3##IMPIEGATO #M#20#Napoli#00000#Napoli#veicolo già assicurato con atr#No#Si#BM#13#0#0#0#0#0#0#0#0#3,000,000
Zurich - moto#246#2010-04-01#moto#3#100#moto#moto#si#100#Persona Fisica#F#27#Napoli#00000#Napoli#3##IMPIEGATO #M#20#Napoli#00000#Napoli#veicolo già assicurato con atr#No#Si#BM#13#0#0#0#0#0#0#0#0#3,000,000
Zurich - moto#247#2010-04-01#moto#3#100#moto#moto#si#100#Persona Fisica#F#28#Napoli#00000#Napoli#3##IMPIEGATO #M#20#Napoli#00000#Napoli#veicolo già assicurato con atr#No#Si#BM#13#0#0#0#0#0#0#0#0#3,000,000
Zurich - moto#248#2010-04-01#moto#3#100#moto#moto#si#100#Persona Fisica#F#29#Napoli#00000#Napoli#3##IMPIEGATO #M#20#Napoli#00000#Napoli#veicolo già assicurato con atr#No#Si#BM#13#0#0#0#0#0#0#0#0#3,000,000
Zurich - moto#249#2010-04-01#moto#3#100#moto#moto#si#100#Persona Fisica#F#30#Napoli#00000#Napoli#3##IMPIEGATO #M#20#Napoli#00000#Napoli#veicolo già assicurato con atr#No#Si#BM#13#0#0#0#0#0#0#0#0#3,000,000
Zurich - moto#250#2010-04-01#moto#3#100#moto#moto#si#100#Persona Fisica#F#31#Napoli#00000#Napoli#3##IMPIEGATO #M#20#Napoli#00000#Napoli#veicolo già assicurato con atr#No#Si#BM#13#0#0#0#0#0#0#0#0#3,000,000
Zurich - moto#251#2010-04-01#moto#3#100#moto#moto#si#100#Persona Fisica#F#32#Napoli#00000#Napoli#3##IMPIEGATO #M#20#Napoli#00000#Napoli#veicolo già assicurato con atr#No#Si#BM#13#0#0#0#0#0#0#0#0#3,000,000
Zurich - moto#252#2010-04-01#moto#3#100#moto#moto#si#100#Persona Fisica#F#33#Napoli#00000#Napoli#3##IMPIEGATO #M#20#Napoli#00000#Napoli#veicolo già assicurato con atr#No#Si#BM#13#0#0#0#0#0#0#0#0#3,000,000
Zurich - moto#253#2010-04-01#moto#3#100#moto#moto#si#100#Persona Fisica#F#34#Napoli#00000#Napoli#3##IMPIEGATO #M#20#Napoli#00000#Napoli#veicolo già assicurato con atr#No#Si#BM#13#0#0#0#0#0#0#0#0#3,000,000
Zurich - moto#254#2010-04-01#moto#3#100#moto#moto#si#100#Persona Fisica#F#35#Napoli#00000#Napoli#3##IMPIEGATO #M#20#Napoli#00000#Napoli#veicolo già assicurato con atr#No#Si#BM#13#0#0#0#0#0#0#0#0#3,000,000
Zurich - moto#255#2010-04-01#moto#3#100#moto#moto#si#100#Persona Fisica#F#36#Napoli#00000#Napoli#3##IMPIEGATO #M#20#Napoli#00000#Napoli#veicolo già assicurato con atr#No#Si#BM#13#0#0#0#0#0#0#0#0#3,000,000
Zurich - moto#256#2010-04-01#moto#3#100#moto#moto#si#100#Persona Fisica#F#37#Napoli#00000#Napoli#3##IMPIEGATO #M#20#Napoli#00000#Napoli#veicolo già assicurato con atr#No#Si#BM#13#0#0#0#0#0#0#0#0#3,000,000
Zurich - moto#257#2010-04-01#moto#3#100#moto#moto#si#100#Persona Fisica#F#38#Napoli#00000#Napoli#3##IMPIEGATO #M#20#Napoli#00000#Napoli#veicolo già assicurato con atr#No#Si#BM#13#0#0#0#0#0#0#0#0#3,000,000
Zurich - moto#258#2010-04-01#moto#3#100#moto#moto#si#100#Persona Fisica#F#39#Napoli#00000#Napoli#3##IMPIEGATO #M#20#Napoli#00000#Napoli#veicolo già assicurato con atr#No#Si#BM#13#0#0#0#0#0#0#0#0#3,000,000
Zurich - moto#259#2010-04-01#moto#3#100#moto#moto#si#100#Persona Fisica#F#40#Napoli#00000#Napoli#3##IMPIEGATO #M#20#Napoli#00000#Napoli#veicolo già assicurato con atr#No#Si#BM#13#0#0#0#0#0#0#0#0#3,000,000
Zurich - moto#260#2010-04-01#moto#3#100#moto#moto#si#100#Persona Fisica#F#41#Napoli#00000#Napoli#3##IMPIEGATO #M#20#Napoli#00000#Napoli#veicolo già assicurato con atr#No#Si#BM#13#0#0#0#0#0#0#0#0#3,000,000
Zurich - moto#261#2010-04-01#moto#3#100#moto#moto#si#100#Persona Fisica#F#42#Napoli#00000#Napoli#3##IMPIEGATO #M#20#Napoli#00000#Napoli#veicolo già assicurato con atr#No#Si#BM#13#0#0#0#0#0#0#0#0#3,000,000
Zurich - moto#262#2010-04-01#moto#3#100#moto#moto#si#100#Persona Fisica#F#43#Napoli#00000#Napoli#3##IMPIEGATO #M#20#Napoli#00000#Napoli#veicolo già assicurato con atr#No#Si#BM#13#0#0#0#0#0#0#0#0#3,000,000
Zurich - moto#263#2010-04-01#moto#3#100#moto#moto#si#100#Persona Fisica#F#44#Napoli#00000#Napoli#3##IMPIEGATO #M#20#Napoli#00000#Napoli#veicolo già assicurato con atr#No#Si#BM#13#0#0#0#0#0#0#0#0#3,000,000
Zurich - moto#264#2010-04-01#moto#3#100#moto#moto#si#100#Persona Fisica#F#45#Napoli#00000#Napoli#3##IMPIEGATO #M#20#Napoli#00000#Napoli#veicolo già assicurato con atr#No#Si#BM#13#0#0#0#0#0#0#0#0#3,000,000
Zurich - moto#265#2010-04-01#moto#3#100#moto#moto#si#100#Persona Fisica#F#46#Napoli#00000#Napoli#3##IMPIEGATO #M#20#Napoli#00000#Napoli#veicolo già assicurato con atr#No#Si#BM#13#0#0#0#0#0#0#0#0#3,000,000
Zurich - moto#266#2010-04-01#moto#3#100#moto#moto#si#100#Persona Fisica#F#47#Napoli#00000#Napoli#3##IMPIEGATO #M#20#Napoli#00000#Napoli#veicolo già assicurato con atr#No#Si#BM#13#0#0#0#0#0#0#0#0#3,000,000
Zurich - moto#267#2010-04-01#moto#3#100#moto#moto#si#100#Persona Fisica#F#48#Napoli#00000#Napoli#3##IMPIEGATO #M#20#Napoli#00000#Napoli#veicolo già assicurato con atr#No#Si#BM#13#0#0#0#0#0#0#0#0#3,000,000
Zurich - moto#268#2010-04-01#moto#3#100#moto#moto#si#100#Persona Fisica#F#49#Napoli#00000#Napoli#3##IMPIEGATO #M#20#Napoli#00000#Napoli#veicolo già assicurato con atr#No#Si#BM#13#0#0#0#0#0#0#0#0#3,000,000
Zurich - moto#269#2010-04-01#moto#3#100#moto#moto#si#100#Persona Fisica#F#50#Napoli#00000#Napoli#3##IMPIEGATO #M#20#Napoli#00000#Napoli#veicolo già assicurato con atr#No#Si#BM#13#0#0#0#0#0#0#0#0#3,000,000
Zurich - moto#270#2010-04-01#moto#3#100#moto#moto#si#100#Persona Fisica#F#51#Napoli#00000#Napoli#3##IMPIEGATO #M#20#Napoli#00000#Napoli#veicolo già assicurato con atr#No#Si#BM#13#0#0#0#0#0#0#0#0#3,000,000
Zurich - moto#271#2010-04-01#moto#3#100#moto#moto#si#100#Persona Fisica#F#52#Napoli#00000#Napoli#3##IMPIEGATO #M#20#Napoli#00000#Napoli#veicolo già assicurato con atr#No#Si#BM#13#0#0#0#0#0#0#0#0#3,000,000
Zurich - moto#272#2010-04-01#moto#3#100#moto#moto#si#100#Persona Fisica#F#53#Napoli#00000#Napoli#3##IMPIEGATO #M#20#Napoli#00000#Napoli#veicolo già assicurato con atr#No#Si#BM#13#0#0#0#0#0#0#0#0#3,000,000
Zurich - moto#273#2010-04-01#moto#3#100#moto#moto#si#100#Persona Fisica#F#54#Napoli#00000#Napoli#3##IMPIEGATO #M#20#Napoli#00000#Napoli#veicolo già assicurato con atr#No#Si#BM#13#0#0#0#0#0#0#0#0#3,000,000
Zurich - moto#274#2010-04-01#moto#3#100#moto#moto#si#100#Persona Fisica#F#55#Napoli#00000#Napoli#3##IMPIEGATO #M#20#Napoli#00000#Napoli#veicolo già assicurato con atr#No#Si#BM#13#0#0#0#0#0#0#0#0#3,000,000
Zurich - moto#275#2010-04-01#moto#3#100#moto#moto#si#100#Persona Fisica#F#56#Napoli#00000#Napoli#3##IMPIEGATO #M#20#Napoli#00000#Napoli#veicolo già assicurato con atr#No#Si#BM#13#0#0#0#0#0#0#0#0#3,000,000
Zurich - moto#276#2010-04-01#moto#3#100#moto#moto#si#100#Persona Fisica#F#57#Napoli#00000#Napoli#3##IMPIEGATO #M#20#Napoli#00000#Napoli#veicolo già assicurato con atr#No#Si#BM#13#0#0#0#0#0#0#0#0#3,000,000
Zurich - moto#277#2010-04-01#moto#3#100#moto#moto#si#100#Persona Fisica#F#58#Napoli#00000#Napoli#3##IMPIEGATO #M#20#Napoli#00000#Napoli#veicolo già assicurato con atr#No#Si#BM#13#0#0#0#0#0#0#0#0#3,000,000
Zurich - moto#278#2010-04-01#moto#3#100#moto#moto#si#100#Persona Fisica#F#59#Napoli#00000#Napoli#3##IMPIEGATO #M#20#Napoli#00000#Napoli#veicolo già assicurato con atr#No#Si#BM#13#0#0#0#0#0#0#0#0#3,000,000
Zurich - moto#279#2010-04-01#moto#3#100#moto#moto#si#100#Persona Fisica#F#60#Napoli#00000#Napoli#3##IMPIEGATO #M#20#Napoli#00000#Napoli#veicolo già assicurato con atr#No#Si#BM#13#0#0#0#0#0#0#0#0#3,000,000
Zurich - moto#280#2010-04-01#moto#3#100#moto#moto#si#100#Persona Fisica#F#61#Napoli#00000#Napoli#3##IMPIEGATO #M#20#Napoli#00000#Napoli#veicolo già assicurato con atr#No#Si#BM#13#0#0#0#0#0#0#0#0#3,000,000
Zurich - moto#281#2010-04-01#moto#3#100#moto#moto#si#100#Persona Fisica#F#62#Napoli#00000#Napoli#3##IMPIEGATO #M#20#Napoli#00000#Napoli#veicolo già assicurato con atr#No#Si#BM#13#0#0#0#0#0#0#0#0#3,000,000
Zurich - moto#282#2010-04-01#moto#3#100#moto#moto#si#100#Persona Fisica#F#63#Napoli#00000#Napoli#3##IMPIEGATO #M#20#Napoli#00000#Napoli#veicolo già assicurato con atr#No#Si#BM#13#0#0#0#0#0#0#0#0#3,000,000
Zurich - moto#283#2010-04-01#moto#3#100#moto#moto#si#100#Persona Fisica#F#64#Napoli#00000#Napoli#3##IMPIEGATO #M#20#Napoli#00000#Napoli#veicolo già assicurato con atr#No#Si#BM#13#0#0#0#0#0#0#0#0#3,000,000
Zurich - moto#284#2010-04-01#moto#3#100#moto#moto#si#100#Persona Fisica#F#65#Napoli#00000#Napoli#3##IMPIEGATO #M#20#Napoli#00000#Napoli#veicolo già assicurato con atr#No#Si#BM#13#0#0#0#0#0#0#0#0#3,000,000
Zurich - moto#285#2010-04-01#moto#3#100#moto#moto#si#100#Persona Fisica#F#66#Napoli#00000#Napoli#3##IMPIEGATO #M#20#Napoli#00000#Napoli#veicolo già assicurato con atr#No#Si#BM#13#0#0#0#0#0#0#0#0#3,000,000
Zurich - moto#286#2010-04-01#moto#3#100#moto#moto#si#100#Persona Fisica#F#67#Napoli#00000#Napoli#3##IMPIEGATO #M#20#Napoli#00000#Napoli#veicolo già assicurato con atr#No#Si#BM#13#0#0#0#0#0#0#0#0#3,000,000
Zurich - moto#287#2010-04-01#moto#3#100#moto#moto#si#100#Persona Fisica#F#68#Napoli#00000#Napoli#3##IMPIEGATO #M#20#Napoli#00000#Napoli#veicolo già assicurato con atr#No#Si#BM#13#0#0#0#0#0#0#0#0#3,000,000
Zurich - moto#288#2010-04-01#moto#3#100#moto#moto#si#100#Persona Fisica#F#69#Napoli#00000#Napoli#3##IMPIEGATO #M#20#Napoli#00000#Napoli#veicolo già assicurato con atr#No#Si#BM#13#0#0#0#0#0#0#0#0#3,000,000
Zurich - moto#289#2010-04-01#moto#3#100#moto#moto#si#100#Persona Fisica#F#70#Napoli#00000#Napoli#3##IMPIEGATO #M#20#Napoli#00000#Napoli#veicolo già assicurato con atr#No#Si#BM#13#0#0#0#0#0#0#0#0#3,000,000
Zurich - moto#290#2010-04-01#moto#3#100#moto#moto#si#100#Persona Fisica#F#71#Napoli#00000#Napoli#3##IMPIEGATO #M#20#Napoli#00000#Napoli#veicolo già assicurato con atr#No#Si#BM#13#0#0#0#0#0#0#0#0#3,000,000
Zurich - moto#291#2010-04-01#moto#3#100#moto#moto#si#100#Persona Fisica#F#72#Napoli#00000#Napoli#3##IMPIEGATO #M#20#Napoli#00000#Napoli#veicolo già assicurato con atr#No#Si#BM#13#0#0#0#0#0#0#0#0#3,000,000
Zurich - moto#292#2010-04-01#moto#3#100#moto#moto#si#100#Persona Fisica#F#73#Napoli#00000#Napoli#3##IMPIEGATO #M#20#Napoli#00000#Napoli#veicolo già assicurato con atr#No#Si#BM#13#0#0#0#0#0#0#0#0#3,000,000
Zurich - moto#293#2010-04-01#moto#3#100#moto#moto#si#100#Persona Fisica#F#74#Napoli#00000#Napoli#3##IMPIEGATO #M#20#Napoli#00000#Napoli#veicolo già assicurato con atr#No#Si#BM#13#0#0#0#0#0#0#0#0#3,000,000
Zurich - moto#294#2010-04-01#moto#3#100#moto#moto#si#100#Persona Fisica#F#75#Napoli#00000#Napoli#3##IMPIEGATO #M#20#Napoli#00000#Napoli#veicolo già assicurato con atr#No#Si#BM#13#0#0#0#0#0#0#0#0#3,000,000
Zurich - moto#295#2010-04-01#moto#3#100#moto#moto#si#100#Persona Fisica#F#76#Napoli#00000#Napoli#3##IMPIEGATO #M#20#Napoli#00000#Napoli#veicolo già assicurato con atr#No#Si#BM#13#0#0#0#0#0#0#0#0#3,000,000
Zurich - moto#296#2010-04-01#moto#3#100#moto#moto#si#100#Persona Fisica#F#77#Napoli#00000#Napoli#3##IMPIEGATO #M#20#Napoli#00000#Napoli#veicolo già assicurato con atr#No#Si#BM#13#0#0#0#0#0#0#0#0#3,000,000
Zurich - moto#297#2010-04-01#moto#3#100#moto#moto#si#100#Persona Fisica#F#78#Napoli#00000#Napoli#3##IMPIEGATO #M#20#Napoli#00000#Napoli#veicolo già assicurato con atr#No#Si#BM#13#0#0#0#0#0#0#0#0#3,000,000
Zurich - moto#298#2010-04-01#moto#3#100#moto#moto#si#100#Persona Fisica#F#79#Napoli#00000#Napoli#3##IMPIEGATO #M#20#Napoli#00000#Napoli#veicolo già assicurato con atr#No#Si#BM#13#0#0#0#0#0#0#0#0#3,000,000
Zurich - moto#299#2010-04-01#moto#3#100#moto#moto#si#100#Persona Fisica#F#80#Napoli#00000#Napoli#3##IMPIEGATO #M#20#Napoli#00000#Napoli#veicolo già assicurato con atr#No#Si#BM#13#0#0#0#0#0#0#0#0#3,000,000
Zurich - moto#300#2010-04-01#moto#3#100#moto#moto#si#100#Persona giuridica#c#110#Napoli#00000#Napoli#3##IMPIEGATO ##110#Napoli#00000#Napoli#veicolo già assicurato con atr#No#No#BM#13#0#0#0#0#0#0#0#0#3,000,000
Zurich - moto#301#2010-04-01#moto#3#100#moto#moto#si#100#Persona Fisica#M#40#Napoli#00000#Napoli#3##IMPIEGATO #M#40#Napoli#00000#Napoli#veicolo già assicurato con atr#No#No#BM#13#0#0#0#0#0#0#0#0#3,000,000
Zurich - moto#302#2010-04-01#moto#3#130#moto#moto#si#100#Persona Fisica#M#40#Napoli#00000#Napoli#3##IMPIEGATO #M#40#Napoli#00000#Napoli#veicolo già assicurato con atr#No#No#BM#13#0#0#0#0#0#0#0#0#3,000,000
Zurich - moto#303#2010-04-01#moto#3#200#moto#moto#si#100#Persona Fisica#M#40#Napoli#00000#Napoli#3##IMPIEGATO #M#40#Napoli#00000#Napoli#veicolo già assicurato con atr#No#No#BM#13#0#0#0#0#0#0#0#0#3,000,000
Zurich - moto#304#2010-04-01#moto#3#300#moto#moto#si#100#Persona Fisica#M#40#Napoli#00000#Napoli#3##IMPIEGATO #M#40#Napoli#00000#Napoli#veicolo già assicurato con atr#No#No#BM#13#0#0#0#0#0#0#0#0#3,000,000
Zurich - moto#305#2010-04-01#moto#3#400#moto#moto#si#100#Persona Fisica#M#40#Napoli#00000#Napoli#3##IMPIEGATO #M#40#Napoli#00000#Napoli#veicolo già assicurato con atr#No#No#BM#13#0#0#0#0#0#0#0#0#3,000,000
Zurich - moto#306#2010-04-01#moto#3#500#moto#moto#si#100#Persona Fisica#M#40#Napoli#00000#Napoli#3##IMPIEGATO #M#40#Napoli#00000#Napoli#veicolo già assicurato con atr#No#No#BM#13#0#0#0#0#0#0#0#0#3,000,000
Zurich - moto#307#2010-04-01#moto#3#600#moto#moto#si#100#Persona Fisica#M#40#Napoli#00000#Napoli#3##IMPIEGATO #M#40#Napoli#00000#Napoli#veicolo già assicurato con atr#No#No#BM#13#0#0#0#0#0#0#0#0#3,000,000
Zurich - moto#308#2010-04-01#moto#3#750#moto#moto#si#100#Persona Fisica#M#40#Napoli#00000#Napoli#3##IMPIEGATO #M#40#Napoli#00000#Napoli#veicolo già assicurato con atr#No#No#BM#13#0#0#0#0#0#0#0#0#3,000,000
Zurich - moto#309#2010-04-01#moto#3#800#moto#moto#si#100#Persona Fisica#M#40#Napoli#00000#Napoli#3##IMPIEGATO #M#40#Napoli#00000#Napoli#veicolo già assicurato con atr#No#No#BM#13#0#0#0#0#0#0#0#0#3,000,000
Zurich - moto#310#2010-04-01#moto#3#850#moto#moto#si#100#Persona Fisica#M#40#Napoli#00000#Napoli#3##IMPIEGATO #M#40#Napoli#00000#Napoli#veicolo già assicurato con atr#No#No#BM#13#0#0#0#0#0#0#0#0#3,000,000
Zurich - moto#311#2010-04-01#moto#3#900#moto#moto#si#100#Persona Fisica#M#40#Napoli#00000#Napoli#3##IMPIEGATO #M#40#Napoli#00000#Napoli#veicolo già assicurato con atr#No#No#BM#13#0#0#0#0#0#0#0#0#3,000,000
Zurich - moto#312#2010-04-01#moto#3#1000#moto#moto#si#100#Persona Fisica#M#40#Napoli#00000#Napoli#3##IMPIEGATO #M#40#Napoli#00000#Napoli#veicolo già assicurato con atr#No#No#BM#13#0#0#0#0#0#0#0#0#3,000,000
Zurich - moto#313#2010-04-01#moto#3#1100#moto#moto#si#100#Persona Fisica#M#40#Napoli#00000#Napoli#3##IMPIEGATO #M#40#Napoli#00000#Napoli#veicolo già assicurato con atr#No#No#BM#13#0#0#0#0#0#0#0#0#3,000,000
Zurich - moto#314#2010-04-01#moto#3#1200#moto#moto#si#100#Persona Fisica#M#40#Napoli#00000#Napoli#3##IMPIEGATO #M#40#Napoli#00000#Napoli#veicolo già assicurato con atr#No#No#BM#13#0#0#0#0#0#0#0#0#3,000,000
Zurich - moto#315#2010-04-01#moto#3#1300#moto#moto#si#100#Persona Fisica#M#40#Napoli#00000#Napoli#3##IMPIEGATO #M#40#Napoli#00000#Napoli#veicolo già assicurato con atr#No#No#BM#13#0#0#0#0#0#0#0#0#3,000,000
