Quixa#1#2010-04-15#Honda#3#100#SH 125#I#si#100#Persona fisica#M#40#AGRIGENTO#92100#AGRIGENTO#3#SI#Impiegato#M#40#NA#92100#Napoli#veicolo già assicurato con atr#No#No#BM#14#0#0#0#0#0#0#0#0#3,000,000
Quixa#2#2010-04-15#Honda#3#100#SH 125#I#si#100#Persona fisica#M#40#ALESSANDRIA#15100#ALESSANDRIA#3#SI#Impiegato#M#40#NA#15100#Napoli#veicolo già assicurato con atr#No#No#BM#14#0#0#0#0#0#0#0#0#3,000,000
Quixa#3#2010-04-15#Honda#3#100#SH 125#I#si#100#Persona fisica#M#40#ANCONA#60100#ANCONA#3#SI#Impiegato#M#40#NA#60100#Napoli#veicolo già assicurato con atr#No#No#BM#14#0#0#0#0#0#0#0#0#3,000,000
Quixa#4#2010-04-15#Honda#3#100#SH 125#I#si#100#Persona fisica#M#40#AOSTA#11100#AOSTA#3#SI#Impiegato#M#40#NA#11100#Napoli#veicolo già assicurato con atr#No#No#BM#14#0#0#0#0#0#0#0#0#3,000,000
Quixa#5#2010-04-15#Honda#3#100#SH 125#I#si#100#Persona fisica#M#40#ASCOLI PICENO#63100#ASCOLI PICENO#3#SI#Impiegato#M#40#NA#63100#Napoli#veicolo già assicurato con atr#No#No#BM#14#0#0#0#0#0#0#0#0#3,000,000
Quixa#6#2010-04-15#Honda#3#100#SH 125#I#si#100#Persona fisica#M#40#L'AQUILA#67100#L'AQUILA#3#SI#Impiegato#M#40#NA#67100#Napoli#veicolo già assicurato con atr#No#No#BM#14#0#0#0#0#0#0#0#0#3,000,000
Quixa#7#2010-04-15#Honda#3#100#SH 125#I#si#100#Persona fisica#M#40#AREZZO#52100#AREZZO#3#SI#Impiegato#M#40#NA#52100#Napoli#veicolo già assicurato con atr#No#No#BM#14#0#0#0#0#0#0#0#0#3,000,000
Quixa#8#2010-04-15#Honda#3#100#SH 125#I#si#100#Persona fisica#M#40#ASTI#14100#ASTI#3#SI#Impiegato#M#40#NA#14100#Napoli#veicolo già assicurato con atr#No#No#BM#14#0#0#0#0#0#0#0#0#3,000,000
Quixa#9#2010-04-15#Honda#3#100#SH 125#I#si#100#Persona fisica#M#40#AVELLINO#83100#AVELLINO#3#SI#Impiegato#M#40#NA#83100#Napoli#veicolo già assicurato con atr#No#No#BM#14#0#0#0#0#0#0#0#0#3,000,000
Quixa#10#2010-04-15#Honda#3#100#SH 125#I#si#100#Persona fisica#M#40#BARI#70100#BARI#3#SI#Impiegato#M#40#NA#70100#Napoli#veicolo già assicurato con atr#No#No#BM#14#0#0#0#0#0#0#0#0#3,000,000
Quixa#11#2010-04-15#Honda#3#100#SH 125#I#si#100#Persona fisica#M#40#BERGAMO#24100#BERGAMO#3#SI#Impiegato#M#40#NA#24100#Napoli#veicolo già assicurato con atr#No#No#BM#14#0#0#0#0#0#0#0#0#3,000,000
Quixa#12#2010-04-15#Honda#3#100#SH 125#I#si#100#Persona fisica#M#40#BIELLA#13900#BIELLA#3#SI#Impiegato#M#40#NA#13900#Napoli#veicolo già assicurato con atr#No#No#BM#14#0#0#0#0#0#0#0#0#3,000,000
Quixa#13#2010-04-15#Honda#3#100#SH 125#I#si#100#Persona fisica#M#40#BELLUNO#32100#BELLUNO#3#SI#Impiegato#M#40#NA#32100#Napoli#veicolo già assicurato con atr#No#No#BM#14#0#0#0#0#0#0#0#0#3,000,000
Quixa#14#2010-04-15#Honda#3#100#SH 125#I#si#100#Persona fisica#M#40#BENEVENTO#82100#BENEVENTO#3#SI#Impiegato#M#40#NA#82100#Napoli#veicolo già assicurato con atr#No#No#BM#14#0#0#0#0#0#0#0#0#3,000,000
Quixa#15#2010-04-15#Honda#3#100#SH 125#I#si#100#Persona fisica#M#40#BOLOGNA#40100#BOLOGNA#3#SI#Impiegato#M#40#NA#40100#Napoli#veicolo già assicurato con atr#No#No#BM#14#0#0#0#0#0#0#0#0#3,000,000
Quixa#16#2010-04-15#Honda#3#100#SH 125#I#si#100#Persona fisica#M#40#BRINDISI#72100#BRINDISI#3#SI#Impiegato#M#40#NA#72100#Napoli#veicolo già assicurato con atr#No#No#BM#14#0#0#0#0#0#0#0#0#3,000,000
Quixa#17#2010-04-15#Honda#3#100#SH 125#I#si#100#Persona fisica#M#40#BRESCIA#25100#BRESCIA#3#SI#Impiegato#M#40#NA#25100#Napoli#veicolo già assicurato con atr#No#No#BM#14#0#0#0#0#0#0#0#0#3,000,000
Quixa#18#2010-04-15#Honda#3#100#SH 125#I#si#100#Persona fisica#M#40#BOLZANO#39100#BOLZANO#3#SI#Impiegato#M#40#NA#39100#Napoli#veicolo già assicurato con atr#No#No#BM#14#0#0#0#0#0#0#0#0#3,000,000
Quixa#19#2010-04-15#Honda#3#100#SH 125#I#si#100#Persona fisica#M#40#CAGLIARI#09100#CAGLIARI#3#SI#Impiegato#M#40#NA#09100#Napoli#veicolo già assicurato con atr#No#No#BM#14#0#0#0#0#0#0#0#0#3,000,000
Quixa#20#2010-04-15#Honda#3#100#SH 125#I#si#100#Persona fisica#M#40#CAMPOBASSO#86100#CAMPOBASSO#3#SI#Impiegato#M#40#NA#86100#Napoli#veicolo già assicurato con atr#No#No#BM#14#0#0#0#0#0#0#0#0#3,000,000
Quixa#21#2010-04-15#Honda#3#100#SH 125#I#si#100#Persona fisica#M#40#CASERTA#81100#CASERTA#3#SI#Impiegato#M#40#NA#81100#Napoli#veicolo già assicurato con atr#No#No#BM#14#0#0#0#0#0#0#0#0#3,000,000
Quixa#22#2010-04-15#Honda#3#100#SH 125#I#si#100#Persona fisica#M#40#CHIETI#66100#CHIETI#3#SI#Impiegato#M#40#NA#66100#Napoli#veicolo già assicurato con atr#No#No#BM#14#0#0#0#0#0#0#0#0#3,000,000
Quixa#23#2010-04-15#Honda#3#100#SH 125#I#si#100#Persona fisica#M#40#CALTANISSETTA#93100#CALTANISSETTA#3#SI#Impiegato#M#40#NA#93100#Napoli#veicolo già assicurato con atr#No#No#BM#14#0#0#0#0#0#0#0#0#3,000,000
Quixa#24#2010-04-15#Honda#3#100#SH 125#I#si#100#Persona fisica#M#40#CUNEO#12100#CUNEO#3#SI#Impiegato#M#40#NA#12100#Napoli#veicolo già assicurato con atr#No#No#BM#14#0#0#0#0#0#0#0#0#3,000,000
Quixa#25#2010-04-15#Honda#3#100#SH 125#I#si#100#Persona fisica#M#40#COMO#22100#COMO#3#SI#Impiegato#M#40#NA#22100#Napoli#veicolo già assicurato con atr#No#No#BM#14#0#0#0#0#0#0#0#0#3,000,000
Quixa#26#2010-04-15#Honda#3#100#SH 125#I#si#100#Persona fisica#M#40#CREMONA#26100#CREMONA#3#SI#Impiegato#M#40#NA#26100#Napoli#veicolo già assicurato con atr#No#No#BM#14#0#0#0#0#0#0#0#0#3,000,000
Quixa#27#2010-04-15#Honda#3#100#SH 125#I#si#100#Persona fisica#M#40#COSENZA#87100#COSENZA#3#SI#Impiegato#M#40#NA#87100#Napoli#veicolo già assicurato con atr#No#No#BM#14#0#0#0#0#0#0#0#0#3,000,000
Quixa#28#2010-04-15#Honda#3#100#SH 125#I#si#100#Persona fisica#M#40#CATANIA#95100#CATANIA#3#SI#Impiegato#M#40#NA#95100#Napoli#veicolo già assicurato con atr#No#No#BM#14#0#0#0#0#0#0#0#0#3,000,000
Quixa#29#2010-04-15#Honda#3#100#SH 125#I#si#100#Persona fisica#M#40#CATANZARO#88100#CATANZARO#3#SI#Impiegato#M#40#NA#88100#Napoli#veicolo già assicurato con atr#No#No#BM#14#0#0#0#0#0#0#0#0#3,000,000
Quixa#30#2010-04-15#Honda#3#100#SH 125#I#si#100#Persona fisica#M#40#ENNA#94100#ENNA#3#SI#Impiegato#M#40#NA#94100#Napoli#veicolo già assicurato con atr#No#No#BM#14#0#0#0#0#0#0#0#0#3,000,000
Quixa#31#2010-04-15#Honda#3#100#SH 125#I#si#100#Persona fisica#M#40#FERRARA#44100#FERRARA#3#SI#Impiegato#M#40#NA#44100#Napoli#veicolo già assicurato con atr#No#No#BM#14#0#0#0#0#0#0#0#0#3,000,000
Quixa#32#2010-04-15#Honda#3#100#SH 125#I#si#100#Persona fisica#M#40#FOGGIA#71100#FOGGIA#3#SI#Impiegato#M#40#NA#71100#Napoli#veicolo già assicurato con atr#No#No#BM#14#0#0#0#0#0#0#0#0#3,000,000
Quixa#33#2010-04-15#Honda#3#100#SH 125#I#si#100#Persona fisica#M#40#FIRENZE#50100#FIRENZE#3#SI#Impiegato#M#40#NA#50100#Napoli#veicolo già assicurato con atr#No#No#BM#14#0#0#0#0#0#0#0#0#3,000,000
Quixa#34#2010-04-15#Honda#3#100#SH 125#I#si#100#Persona fisica#M#40#FORLI'#47100#FORLI'#3#SI#Impiegato#M#40#NA#47100#Napoli#veicolo già assicurato con atr#No#No#BM#14#0#0#0#0#0#0#0#0#3,000,000
Quixa#35#2010-04-15#Honda#3#100#SH 125#I#si#100#Persona fisica#M#40#FROSINONE#03100#FROSINONE#3#SI#Impiegato#M#40#NA#03100#Napoli#veicolo già assicurato con atr#No#No#BM#14#0#0#0#0#0#0#0#0#3,000,000
Quixa#36#2010-04-15#Honda#3#100#SH 125#I#si#100#Persona fisica#M#40#GENOVA#16100#GENOVA#3#SI#Impiegato#M#40#NA#16100#Napoli#veicolo già assicurato con atr#No#No#BM#14#0#0#0#0#0#0#0#0#3,000,000
Quixa#37#2010-04-15#Honda#3#100#SH 125#I#si#100#Persona fisica#M#40#GORIZIA#34170#GORIZIA#3#SI#Impiegato#M#40#NA#34170#Napoli#veicolo già assicurato con atr#No#No#BM#14#0#0#0#0#0#0#0#0#3,000,000
Quixa#38#2010-04-15#Honda#3#100#SH 125#I#si#100#Persona fisica#M#40#GROSSETO#58100#GROSSETO#3#SI#Impiegato#M#40#NA#58100#Napoli#veicolo già assicurato con atr#No#No#BM#14#0#0#0#0#0#0#0#0#3,000,000
Quixa#39#2010-04-15#Honda#3#100#SH 125#I#si#100#Persona fisica#M#40#IMPERIA#18100#IMPERIA#3#SI#Impiegato#M#40#NA#18100#Napoli#veicolo già assicurato con atr#No#No#BM#14#0#0#0#0#0#0#0#0#3,000,000
Quixa#40#2010-04-15#Honda#3#100#SH 125#I#si#100#Persona fisica#M#40#ISERNIA#86170#ISERNIA#3#SI#Impiegato#M#40#NA#86170#Napoli#veicolo già assicurato con atr#No#No#BM#14#0#0#0#0#0#0#0#0#3,000,000
Quixa#41#2010-04-15#Honda#3#100#SH 125#I#si#100#Persona fisica#M#40#CROTONE#88900#CROTONE#3#SI#Impiegato#M#40#NA#88900#Napoli#veicolo già assicurato con atr#No#No#BM#14#0#0#0#0#0#0#0#0#3,000,000
Quixa#42#2010-04-15#Honda#3#100#SH 125#I#si#100#Persona fisica#M#40#LECCO#23900#LECCO#3#SI#Impiegato#M#40#NA#23900#Napoli#veicolo già assicurato con atr#No#No#BM#14#0#0#0#0#0#0#0#0#3,000,000
Quixa#43#2010-04-15#Honda#3#100#SH 125#I#si#100#Persona fisica#M#40#LECCE#73100#LECCE#3#SI#Impiegato#M#40#NA#73100#Napoli#veicolo già assicurato con atr#No#No#BM#14#0#0#0#0#0#0#0#0#3,000,000
Quixa#44#2010-04-15#Honda#3#100#SH 125#I#si#100#Persona fisica#M#40#LIVORNO#57100#LIVORNO#3#SI#Impiegato#M#40#NA#57100#Napoli#veicolo già assicurato con atr#No#No#BM#14#0#0#0#0#0#0#0#0#3,000,000
Quixa#45#2010-04-15#Honda#3#100#SH 125#I#si#100#Persona fisica#M#40#LODI#26900#LODI#3#SI#Impiegato#M#40#NA#26900#Napoli#veicolo già assicurato con atr#No#No#BM#14#0#0#0#0#0#0#0#0#3,000,000
Quixa#46#2010-04-15#Honda#3#100#SH 125#I#si#100#Persona fisica#M#40#LATINA#04100#LATINA#3#SI#Impiegato#M#40#NA#04100#Napoli#veicolo già assicurato con atr#No#No#BM#14#0#0#0#0#0#0#0#0#3,000,000
Quixa#47#2010-04-15#Honda#3#100#SH 125#I#si#100#Persona fisica#M#40#LUCCA#55100#LUCCA#3#SI#Impiegato#M#40#NA#55100#Napoli#veicolo già assicurato con atr#No#No#BM#14#0#0#0#0#0#0#0#0#3,000,000
Quixa#48#2010-04-15#Honda#3#100#SH 125#I#si#100#Persona fisica#M#40#MACERATA#62100#MACERATA#3#SI#Impiegato#M#40#NA#62100#Napoli#veicolo già assicurato con atr#No#No#BM#14#0#0#0#0#0#0#0#0#3,000,000
Quixa#49#2010-04-15#Honda#3#100#SH 125#I#si#100#Persona fisica#M#40#MESSINA#98100#MESSINA#3#SI#Impiegato#M#40#NA#98100#Napoli#veicolo già assicurato con atr#No#No#BM#14#0#0#0#0#0#0#0#0#3,000,000
Quixa#50#2010-04-15#Honda#3#100#SH 125#I#si#100#Persona fisica#M#40#MILANO#20100#MILANO#3#SI#Impiegato#M#40#NA#20100#Napoli#veicolo già assicurato con atr#No#No#BM#14#0#0#0#0#0#0#0#0#3,000,000
Quixa#51#2010-04-15#Honda#3#100#SH 125#I#si#100#Persona fisica#M#40#MANTOVA#46100#MANTOVA#3#SI#Impiegato#M#40#NA#46100#Napoli#veicolo già assicurato con atr#No#No#BM#14#0#0#0#0#0#0#0#0#3,000,000
Quixa#52#2010-04-15#Honda#3#100#SH 125#I#si#100#Persona fisica#M#40#MODENA#41100#MODENA#3#SI#Impiegato#M#40#NA#41100#Napoli#veicolo già assicurato con atr#No#No#BM#14#0#0#0#0#0#0#0#0#3,000,000
Quixa#53#2010-04-15#Honda#3#100#SH 125#I#si#100#Persona fisica#M#40#MASSA#54100#MASSA#3#SI#Impiegato#M#40#NA#54100#Napoli#veicolo già assicurato con atr#No#No#BM#14#0#0#0#0#0#0#0#0#3,000,000
Quixa#54#2010-04-15#Honda#3#100#SH 125#I#si#100#Persona fisica#M#40#MATERA#75100#MATERA#3#SI#Impiegato#M#40#NA#75100#Napoli#veicolo già assicurato con atr#No#No#BM#14#0#0#0#0#0#0#0#0#3,000,000
Quixa#55#2010-04-15#Honda#3#100#SH 125#I#si#100#Persona fisica#M#40#NAPOLI#80100#NAPOLI#3#SI#Impiegato#M#40#NA#80100#Napoli#veicolo già assicurato con atr#No#No#BM#14#0#0#0#0#0#0#0#0#3,000,000
Quixa#56#2010-04-15#Honda#3#100#SH 125#I#si#100#Persona fisica#M#40#NOVARA#28100#NOVARA#3#SI#Impiegato#M#40#NA#28100#Napoli#veicolo già assicurato con atr#No#No#BM#14#0#0#0#0#0#0#0#0#3,000,000
Quixa#57#2010-04-15#Honda#3#100#SH 125#I#si#100#Persona fisica#M#40#NUORO#08100#NUORO#3#SI#Impiegato#M#40#NA#08100#Napoli#veicolo già assicurato con atr#No#No#BM#14#0#0#0#0#0#0#0#0#3,000,000
Quixa#58#2010-04-15#Honda#3#100#SH 125#I#si#100#Persona fisica#M#40#ORISTANO#09170#ORISTANO#3#SI#Impiegato#M#40#NA#09170#Napoli#veicolo già assicurato con atr#No#No#BM#14#0#0#0#0#0#0#0#0#3,000,000
Quixa#59#2010-04-15#Honda#3#100#SH 125#I#si#100#Persona fisica#M#40#PALERMO#90100#PALERMO#3#SI#Impiegato#M#40#NA#90100#Napoli#veicolo già assicurato con atr#No#No#BM#14#0#0#0#0#0#0#0#0#3,000,000
Quixa#60#2010-04-15#Honda#3#100#SH 125#I#si#100#Persona fisica#M#40#PIACENZA#29100#PIACENZA#3#SI#Impiegato#M#40#NA#29100#Napoli#veicolo già assicurato con atr#No#No#BM#14#0#0#0#0#0#0#0#0#3,000,000
Quixa#61#2010-04-15#Honda#3#100#SH 125#I#si#100#Persona fisica#M#40#PADOVA#35100#PADOVA#3#SI#Impiegato#M#40#NA#35100#Napoli#veicolo già assicurato con atr#No#No#BM#14#0#0#0#0#0#0#0#0#3,000,000
Quixa#62#2010-04-15#Honda#3#100#SH 125#I#si#100#Persona fisica#M#40#PESCARA#65100#PESCARA#3#SI#Impiegato#M#40#NA#65100#Napoli#veicolo già assicurato con atr#No#No#BM#14#0#0#0#0#0#0#0#0#3,000,000
Quixa#63#2010-04-15#Honda#3#100#SH 125#I#si#100#Persona fisica#M#40#PERUGIA#06100#PERUGIA#3#SI#Impiegato#M#40#NA#06100#Napoli#veicolo già assicurato con atr#No#No#BM#14#0#0#0#0#0#0#0#0#3,000,000
Quixa#64#2010-04-15#Honda#3#100#SH 125#I#si#100#Persona fisica#M#40#PISA#56100#PISA#3#SI#Impiegato#M#40#NA#56100#Napoli#veicolo già assicurato con atr#No#No#BM#14#0#0#0#0#0#0#0#0#3,000,000
Quixa#65#2010-04-15#Honda#3#100#SH 125#I#si#100#Persona fisica#M#40#PORDENONE#33170#PORDENONE#3#SI#Impiegato#M#40#NA#33170#Napoli#veicolo già assicurato con atr#No#No#BM#14#0#0#0#0#0#0#0#0#3,000,000
Quixa#66#2010-04-15#Honda#3#100#SH 125#I#si#100#Persona fisica#M#40#PRATO#59100#PRATO#3#SI#Impiegato#M#40#NA#59100#Napoli#veicolo già assicurato con atr#No#No#BM#14#0#0#0#0#0#0#0#0#3,000,000
Quixa#67#2010-04-15#Honda#3#100#SH 125#I#si#100#Persona fisica#M#40#PARMA#43100#PARMA#3#SI#Impiegato#M#40#NA#43100#Napoli#veicolo già assicurato con atr#No#No#BM#14#0#0#0#0#0#0#0#0#3,000,000
Quixa#68#2010-04-15#Honda#3#100#SH 125#I#si#100#Persona fisica#M#40#PESARO#61100#PESARO#3#SI#Impiegato#M#40#NA#61100#Napoli#veicolo già assicurato con atr#No#No#BM#14#0#0#0#0#0#0#0#0#3,000,000
Quixa#69#2010-04-15#Honda#3#100#SH 125#I#si#100#Persona fisica#M#40#PISTOIA#51100#PISTOIA#3#SI#Impiegato#M#40#NA#51100#Napoli#veicolo già assicurato con atr#No#No#BM#14#0#0#0#0#0#0#0#0#3,000,000
Quixa#70#2010-04-15#Honda#3#100#SH 125#I#si#100#Persona fisica#M#40#PAVIA#27100#PAVIA#3#SI#Impiegato#M#40#NA#27100#Napoli#veicolo già assicurato con atr#No#No#BM#14#0#0#0#0#0#0#0#0#3,000,000
Quixa#71#2010-04-15#Honda#3#100#SH 125#I#si#100#Persona fisica#M#40#POTENZA#85100#POTENZA#3#SI#Impiegato#M#40#NA#85100#Napoli#veicolo già assicurato con atr#No#No#BM#14#0#0#0#0#0#0#0#0#3,000,000
Quixa#72#2010-04-15#Honda#3#100#SH 125#I#si#100#Persona fisica#M#40#RAVENNA#48100#RAVENNA#3#SI#Impiegato#M#40#NA#48100#Napoli#veicolo già assicurato con atr#No#No#BM#14#0#0#0#0#0#0#0#0#3,000,000
Quixa#73#2010-04-15#Honda#3#100#SH 125#I#si#100#Persona fisica#M#40#REGGIO DI CALABRIA#89100#REGGIO DI CALABRIA#3#SI#Impiegato#M#40#NA#89100#Napoli#veicolo già assicurato con atr#No#No#BM#14#0#0#0#0#0#0#0#0#3,000,000
Quixa#74#2010-04-15#Honda#3#100#SH 125#I#si#100#Persona fisica#M#40#REGGIO NELL'EMILIA#42100#REGGIO NELL'EMILIA#3#SI#Impiegato#M#40#NA#42100#Napoli#veicolo già assicurato con atr#No#No#BM#14#0#0#0#0#0#0#0#0#3,000,000
Quixa#75#2010-04-15#Honda#3#100#SH 125#I#si#100#Persona fisica#M#40#RAGUSA#97100#RAGUSA#3#SI#Impiegato#M#40#NA#97100#Napoli#veicolo già assicurato con atr#No#No#BM#14#0#0#0#0#0#0#0#0#3,000,000
Quixa#76#2010-04-15#Honda#3#100#SH 125#I#si#100#Persona fisica#M#40#RIETI#02100#RIETI#3#SI#Impiegato#M#40#NA#02100#Napoli#veicolo già assicurato con atr#No#No#BM#14#0#0#0#0#0#0#0#0#3,000,000
Quixa#77#2010-04-15#Honda#3#100#SH 125#I#si#100#Persona fisica#M#40#ROMA#00100#ROMA#3#SI#Impiegato#M#40#NA#00100#Napoli#veicolo già assicurato con atr#No#No#BM#14#0#0#0#0#0#0#0#0#3,000,000
Quixa#78#2010-04-15#Honda#3#100#SH 125#I#si#100#Persona fisica#M#40#RIMINI#47900#RIMINI#3#SI#Impiegato#M#40#NA#47900#Napoli#veicolo già assicurato con atr#No#No#BM#14#0#0#0#0#0#0#0#0#3,000,000
Quixa#79#2010-04-15#Honda#3#100#SH 125#I#si#100#Persona fisica#M#40#ROVIGO#45100#ROVIGO#3#SI#Impiegato#M#40#NA#45100#Napoli#veicolo già assicurato con atr#No#No#BM#14#0#0#0#0#0#0#0#0#3,000,000
Quixa#80#2010-04-15#Honda#3#100#SH 125#I#si#100#Persona fisica#M#40#SALERNO#84100#SALERNO#3#SI#Impiegato#M#40#NA#84100#Napoli#veicolo già assicurato con atr#No#No#BM#14#0#0#0#0#0#0#0#0#3,000,000
Quixa#81#2010-04-15#Honda#3#100#SH 125#I#si#100#Persona fisica#M#40#SIENA#53100#SIENA#3#SI#Impiegato#M#40#NA#53100#Napoli#veicolo già assicurato con atr#No#No#BM#14#0#0#0#0#0#0#0#0#3,000,000
Quixa#82#2010-04-15#Honda#3#100#SH 125#I#si#100#Persona fisica#M#40#SONDRIO#23100#SONDRIO#3#SI#Impiegato#M#40#NA#23100#Napoli#veicolo già assicurato con atr#No#No#BM#14#0#0#0#0#0#0#0#0#3,000,000
Quixa#83#2010-04-15#Honda#3#100#SH 125#I#si#100#Persona fisica#M#40#LA SPEZIA#19100#LA SPEZIA#3#SI#Impiegato#M#40#NA#19100#Napoli#veicolo già assicurato con atr#No#No#BM#14#0#0#0#0#0#0#0#0#3,000,000
Quixa#84#2010-04-15#Honda#3#100#SH 125#I#si#100#Persona fisica#M#40#SIRACUSA#96100#SIRACUSA#3#SI#Impiegato#M#40#NA#96100#Napoli#veicolo già assicurato con atr#No#No#BM#14#0#0#0#0#0#0#0#0#3,000,000
Quixa#85#2010-04-15#Honda#3#100#SH 125#I#si#100#Persona fisica#M#40#SASSARI#07100#SASSARI#3#SI#Impiegato#M#40#NA#07100#Napoli#veicolo già assicurato con atr#No#No#BM#14#0#0#0#0#0#0#0#0#3,000,000
Quixa#86#2010-04-15#Honda#3#100#SH 125#I#si#100#Persona fisica#M#40#SAVONA#17100#SAVONA#3#SI#Impiegato#M#40#NA#17100#Napoli#veicolo già assicurato con atr#No#No#BM#14#0#0#0#0#0#0#0#0#3,000,000
Quixa#87#2010-04-15#Honda#3#100#SH 125#I#si#100#Persona fisica#M#40#TARANTO#74100#TARANTO#3#SI#Impiegato#M#40#NA#74100#Napoli#veicolo già assicurato con atr#No#No#BM#14#0#0#0#0#0#0#0#0#3,000,000
Quixa#88#2010-04-15#Honda#3#100#SH 125#I#si#100#Persona fisica#M#40#TERAMO#64100#TERAMO#3#SI#Impiegato#M#40#NA#64100#Napoli#veicolo già assicurato con atr#No#No#BM#14#0#0#0#0#0#0#0#0#3,000,000
Quixa#89#2010-04-15#Honda#3#100#SH 125#I#si#100#Persona fisica#M#40#TRENTO#38100#TRENTO#3#SI#Impiegato#M#40#NA#38100#Napoli#veicolo già assicurato con atr#No#No#BM#14#0#0#0#0#0#0#0#0#3,000,000
Quixa#90#2010-04-15#Honda#3#100#SH 125#I#si#100#Persona fisica#M#40#TORINO#10100#TORINO#3#SI#Impiegato#M#40#NA#10100#Napoli#veicolo già assicurato con atr#No#No#BM#14#0#0#0#0#0#0#0#0#3,000,000
Quixa#91#2010-04-15#Honda#3#100#SH 125#I#si#100#Persona fisica#M#40#TRAPANI#91100#TRAPANI#3#SI#Impiegato#M#40#NA#91100#Napoli#veicolo già assicurato con atr#No#No#BM#14#0#0#0#0#0#0#0#0#3,000,000
Quixa#92#2010-04-15#Honda#3#100#SH 125#I#si#100#Persona fisica#M#40#TERNI#05100#TERNI#3#SI#Impiegato#M#40#NA#05100#Napoli#veicolo già assicurato con atr#No#No#BM#14#0#0#0#0#0#0#0#0#3,000,000
Quixa#93#2010-04-15#Honda#3#100#SH 125#I#si#100#Persona fisica#M#40#TRIESTE#34100#TRIESTE#3#SI#Impiegato#M#40#NA#34100#Napoli#veicolo già assicurato con atr#No#No#BM#14#0#0#0#0#0#0#0#0#3,000,000
Quixa#94#2010-04-15#Honda#3#100#SH 125#I#si#100#Persona fisica#M#40#TREVISO#31100#TREVISO#3#SI#Impiegato#M#40#NA#31100#Napoli#veicolo già assicurato con atr#No#No#BM#14#0#0#0#0#0#0#0#0#3,000,000
Quixa#95#2010-04-15#Honda#3#100#SH 125#I#si#100#Persona fisica#M#40#UDINE#33100#UDINE#3#SI#Impiegato#M#40#NA#33100#Napoli#veicolo già assicurato con atr#No#No#BM#14#0#0#0#0#0#0#0#0#3,000,000
Quixa#96#2010-04-15#Honda#3#100#SH 125#I#si#100#Persona fisica#M#40#VARESE#21100#VARESE#3#SI#Impiegato#M#40#NA#21100#Napoli#veicolo già assicurato con atr#No#No#BM#14#0#0#0#0#0#0#0#0#3,000,000
Quixa#97#2010-04-15#Honda#3#100#SH 125#I#si#100#Persona fisica#M#40#VERBANIA#28900#VERBANIA#3#SI#Impiegato#M#40#NA#28900#Napoli#veicolo già assicurato con atr#No#No#BM#14#0#0#0#0#0#0#0#0#3,000,000
Quixa#98#2010-04-15#Honda#3#100#SH 125#I#si#100#Persona fisica#M#40#VERCELLI#13100#VERCELLI#3#SI#Impiegato#M#40#NA#13100#Napoli#veicolo già assicurato con atr#No#No#BM#14#0#0#0#0#0#0#0#0#3,000,000
Quixa#99#2010-04-15#Honda#3#100#SH 125#I#si#100#Persona fisica#M#40#VENEZIA#30100#VENEZIA#3#SI#Impiegato#M#40#NA#30100#Napoli#veicolo già assicurato con atr#No#No#BM#14#0#0#0#0#0#0#0#0#3,000,000
Quixa#100#2010-04-15#Honda#3#100#SH 125#I#si#100#Persona fisica#M#40#VICENZA#36100#VICENZA#3#SI#Impiegato#M#40#NA#36100#Napoli#veicolo già assicurato con atr#No#No#BM#14#0#0#0#0#0#0#0#0#3,000,000
Quixa#101#2010-04-15#Honda#3#100#SH 125#I#si#100#Persona fisica#M#40#VERONA#37100#VERONA#3#SI#Impiegato#M#40#NA#37100#Napoli#veicolo già assicurato con atr#No#No#BM#14#0#0#0#0#0#0#0#0#3,000,000
Quixa#102#2010-04-15#Honda#3#100#SH 125#I#si#100#Persona fisica#M#40#VITERBO#01100#VITERBO#3#SI#Impiegato#M#40#NA#01100#Napoli#veicolo già assicurato con atr#No#No#BM#14#0#0#0#0#0#0#0#0#3,000,000
Quixa#103#2010-04-15#Honda#3#100#SH 125#I#si#100#Persona fisica#M#40#VIBO VALENTIA#89900#VIBO VALENTIA#3#SI#Impiegato#M#40#NA#89900#Napoli#veicolo già assicurato con atr#No#No#BM#14#0#0#0#0#0#0#0#0#3,000,000
Quixa#104#2010-04-15#Honda#3#100#SH 125#I#si#100#Persona fisica#M#40#AGRIGENTO#92010#ALESSANDRIA DELLA ROCCA#3#SI#Impiegato#M#40#NA#92010#Napoli#veicolo già assicurato con atr#No#No#BM#14#0#0#0#0#0#0#0#0#3,000,000
Quixa#105#2010-04-15#Honda#3#100#SH 125#I#si#100#Persona fisica#M#40#ALESSANDRIA#15010#ALICE BEL COLLE#3#SI#Impiegato#M#40#NA#15010#Napoli#veicolo già assicurato con atr#No#No#BM#14#0#0#0#0#0#0#0#0#3,000,000
Quixa#106#2010-04-15#Honda#3#100#SH 125#I#si#100#Persona fisica#M#40#ANCONA#60010#BARBARA#3#SI#Impiegato#M#40#NA#60010#Napoli#veicolo già assicurato con atr#No#No#BM#14#0#0#0#0#0#0#0#0#3,000,000
Quixa#107#2010-04-15#Honda#3#100#SH 125#I#si#100#Persona fisica#M#40#AOSTA#11010#ALLEIN#3#SI#Impiegato#M#40#NA#11010#Napoli#veicolo già assicurato con atr#No#No#BM#14#0#0#0#0#0#0#0#0#3,000,000
Quixa#108#2010-04-15#Honda#3#100#SH 125#I#si#100#Persona fisica#M#40#ASCOLI PICENO#63043#ARQUATA DEL TRONTO#3#SI#Impiegato#M#40#NA#63043#Napoli#veicolo già assicurato con atr#No#No#BM#14#0#0#0#0#0#0#0#0#3,000,000
Quixa#109#2010-04-15#Honda#3#100#SH 125#I#si#100#Persona fisica#M#40#L'AQUILA#67013#CAMPOTOSTO#3#SI#Impiegato#M#40#NA#67013#Napoli#veicolo già assicurato con atr#No#No#BM#14#0#0#0#0#0#0#0#0#3,000,000
Quixa#110#2010-04-15#Honda#3#100#SH 125#I#si#100#Persona fisica#M#40#AREZZO#52044#CORTONA#3#SI#Impiegato#M#40#NA#52044#Napoli#veicolo già assicurato con atr#No#No#BM#14#0#0#0#0#0#0#0#0#3,000,000
Quixa#111#2010-04-15#Honda#3#100#SH 125#I#si#100#Persona fisica#M#40#ASTI#14041#AGLIANO#3#SI#Impiegato#M#40#NA#14041#Napoli#veicolo già assicurato con atr#No#No#BM#14#0#0#0#0#0#0#0#0#3,000,000
Quixa#112#2010-04-15#Honda#3#100#SH 125#I#si#100#Persona fisica#M#40#AVELLINO#83010#CAPRIGLIA IRPINA#3#SI#Impiegato#M#40#NA#83010#Napoli#veicolo già assicurato con atr#No#No#BM#14#0#0#0#0#0#0#0#0#3,000,000
Quixa#113#2010-04-15#Honda#3#100#SH 125#I#si#100#Persona fisica#M#40#BARI#70010#VALENZANO#3#SI#Impiegato#M#40#NA#70010.00#Napoli#veicolo già assicurato con atr#No#No#BM#14#0#0#0#0#0#0#0#0#3,000,000
Quixa#114#2010-04-15#Honda#3#100#SH 125#I#si#100#Persona fisica#M#40#BERGAMO#24010#ALGUA#3#SI#Impiegato#M#40#NA#24010#Napoli#veicolo già assicurato con atr#No#No#BM#14#0#0#0#0#0#0#0#0#3,000,000
Quixa#115#2010-04-15#Honda#3#100#SH 125#I#si#100#Persona fisica#M#40#BIELLA#13882#CERRIONE#3#SI#Impiegato#M#40#NA#13882#Napoli#veicolo già assicurato con atr#No#No#BM#14#0#0#0#0#0#0#0#0#3,000,000
Quixa#116#2010-04-15#Honda#3#100#SH 125#I#si#100#Persona fisica#M#40#BELLUNO#32031#ALANO DI PIAVE#3#SI#Impiegato#M#40#NA#32031#Napoli#veicolo già assicurato con atr#No#No#BM#14#0#0#0#0#0#0#0#0#3,000,000
Quixa#117#2010-04-15#Honda#3#100#SH 125#I#si#100#Persona fisica#M#40#BENEVENTO#82010#ARPAISE#3#SI#Impiegato#M#40#NA#82010#Napoli#veicolo già assicurato con atr#No#No#BM#14#0#0#0#0#0#0#0#0#3,000,000
Quixa#118#2010-04-15#Honda#3#100#SH 125#I#si#100#Persona fisica#M#40#BOLOGNA#40010#BENTIVOGLIO#3#SI#Impiegato#M#40#NA#40010#Napoli#veicolo già assicurato con atr#No#No#BM#14#0#0#0#0#0#0#0#0#3,000,000
Quixa#119#2010-04-15#Honda#3#100#SH 125#I#si#100#Persona fisica#M#40#BRINDISI#72012#CAROVIGNO#3#SI#Impiegato#M#40#NA#72012#Napoli#veicolo già assicurato con atr#No#No#BM#14#0#0#0#0#0#0#0#0#3,000,000
Quixa#120#2010-04-15#Honda#3#100#SH 125#I#si#100#Persona fisica#M#40#BRESCIA#25010#ACQUAFREDDA#3#SI#Impiegato#M#40#NA#25010#Napoli#veicolo già assicurato con atr#No#No#BM#14#0#0#0#0#0#0#0#0#3,000,000
Quixa#121#2010-04-15#Honda#3#100#SH 125#I#si#100#Persona fisica#M#40#BOLZANO#39043#CHIUSA#3#SI#Impiegato#M#40#NA#39043#Napoli#veicolo già assicurato con atr#No#No#BM#14#0#0#0#0#0#0#0#0#3,000,000
Quixa#122#2010-04-15#Honda#3#100#SH 125#I#si#100#Persona fisica#M#40#CAGLIARI#09019#TEULADA#3#SI#Impiegato#M#40#NA#09019#Napoli#veicolo già assicurato con atr#No#No#BM#14#0#0#0#0#0#0#0#0#3,000,000
Quixa#123#2010-04-15#Honda#3#100#SH 125#I#si#100#Persona fisica#M#40#CAMPOBASSO#86010#BUSSO#3#SI#Impiegato#M#40#NA#86010#Napoli#veicolo già assicurato con atr#No#No#BM#14#0#0#0#0#0#0#0#0#3,000,000
Quixa#124#2010-04-15#Honda#3#100#SH 125#I#si#100#Persona fisica#M#40#CASERTA#81010#AILANO#3#SI#Impiegato#M#40#NA#81010#Napoli#veicolo già assicurato con atr#No#No#BM#14#0#0#0#0#0#0#0#0#3,000,000
Quixa#125#2010-04-15#Honda#3#100#SH 125#I#si#100#Persona fisica#M#40#CHIETI#66010#ARI#3#SI#Impiegato#M#40#NA#66010#Napoli#veicolo già assicurato con atr#No#No#BM#14#0#0#0#0#0#0#0#0#3,000,000
Quixa#126#2010-04-15#Honda#3#100#SH 125#I#si#100#Persona fisica#M#40#CALTANISSETTA#93010#ACQUAVIVA PLATANI#3#SI#Impiegato#M#40#NA#93010#Napoli#veicolo già assicurato con atr#No#No#BM#14#0#0#0#0#0#0#0#0#3,000,000
Quixa#127#2010-04-15#Honda#3#100#SH 125#I#si#100#Persona fisica#M#40#CUNEO#12010#AISONE#3#SI#Impiegato#M#40#NA#12010#Napoli#veicolo già assicurato con atr#No#No#BM#14#0#0#0#0#0#0#0#0#3,000,000
Quixa#128#2010-04-15#Honda#3#100#SH 125#I#si#100#Persona fisica#M#40#COMO#22016#LENNO#3#SI#Impiegato#M#40#NA#22016#Napoli#veicolo già assicurato con atr#No#No#BM#14#0#0#0#0#0#0#0#0#3,000,000
Quixa#129#2010-04-15#Honda#3#100#SH 125#I#si#100#Persona fisica#M#40#CREMONA#26010#AZZANELLO#3#SI#Impiegato#M#40#NA#26010#Napoli#veicolo già assicurato con atr#No#No#BM#14#0#0#0#0#0#0#0#0#3,000,000
Quixa#130#2010-04-15#Honda#3#100#SH 125#I#si#100#Persona fisica#M#40#COSENZA#87010#ACQUAFORMOSA#3#SI#Impiegato#M#40#NA#87010#Napoli#veicolo già assicurato con atr#No#No#BM#14#0#0#0#0#0#0#0#0#3,000,000
Quixa#131#2010-04-15#Honda#3#100#SH 125#I#si#100#Persona fisica#M#40#CATANIA#95024#ACIREALE#3#SI#Impiegato#M#40#NA#95024#Napoli#veicolo già assicurato con atr#No#No#BM#14#0#0#0#0#0#0#0#0#3,000,000
Quixa#132#2010-04-15#Honda#3#100#SH 125#I#si#100#Persona fisica#M#40#CATANZARO#88040#CICALA#3#SI#Impiegato#M#40#NA#88040#Napoli#veicolo già assicurato con atr#No#No#BM#14#0#0#0#0#0#0#0#0#3,000,000
Quixa#133#2010-04-15#Honda#3#100#SH 125#I#si#100#Persona fisica#M#40#ENNA#94010#AIDONE#3#SI#Impiegato#M#40#NA#94010#Napoli#veicolo già assicurato con atr#No#No#BM#14#0#0#0#0#0#0#0#0#3,000,000
Quixa#134#2010-04-15#Honda#3#100#SH 125#I#si#100#Persona fisica#M#40#FERRARA#44011#ARGENTA#3#SI#Impiegato#M#40#NA#44011#Napoli#veicolo già assicurato con atr#No#No#BM#14#0#0#0#0#0#0#0#0#3,000,000
Quixa#135#2010-04-15#Honda#3#100#SH 125#I#si#100#Persona fisica#M#40#FOGGIA#71021#ACCADIA#3#SI#Impiegato#M#40#NA#71021#Napoli#veicolo già assicurato con atr#No#No#BM#14#0#0#0#0#0#0#0#0#3,000,000
Quixa#136#2010-04-15#Honda#3#100#SH 125#I#si#100#Persona fisica#M#40#FIRENZE#50058#SIGNA#3#SI#Impiegato#M#40#NA#50058.00#Napoli#veicolo già assicurato con atr#No#No#BM#14#0#0#0#0#0#0#0#0#3,000,000
Quixa#137#2010-04-15#Honda#3#100#SH 125#I#si#100#Persona fisica#M#40#FORLI'#47042#CESENATICO#3#SI#Impiegato#M#40#NA#47042#Napoli#veicolo già assicurato con atr#No#No#BM#14#0#0#0#0#0#0#0#0#3,000,000
Quixa#138#2010-04-15#Honda#3#100#SH 125#I#si#100#Persona fisica#M#40#FROSINONE#03010#ACUTO#3#SI#Impiegato#M#40#NA#03010#Napoli#veicolo già assicurato con atr#No#No#BM#14#0#0#0#0#0#0#0#0#3,000,000
Quixa#139#2010-04-15#Honda#3#100#SH 125#I#si#100#Persona fisica#M#40#GENOVA#16010#CROCEFIESCHI#3#SI#Impiegato#M#40#NA#16010#Napoli#veicolo già assicurato con atr#No#No#BM#14#0#0#0#0#0#0#0#0#3,000,000
Quixa#140#2010-04-15#Honda#3#100#SH 125#I#si#100#Persona fisica#M#40#GORIZIA#34070#CAPRIVA DEL FRIULI#3#SI#Impiegato#M#40#NA#34070#Napoli#veicolo già assicurato con atr#No#No#BM#14#0#0#0#0#0#0#0#0#3,000,000
Quixa#141#2010-04-15#Honda#3#100#SH 125#I#si#100#Persona fisica#M#40#GROSSETO#58031#ARCIDOSSO#3#SI#Impiegato#M#40#NA#58031#Napoli#veicolo già assicurato con atr#No#No#BM#14#0#0#0#0#0#0#0#0#3,000,000
Quixa#142#2010-04-15#Honda#3#100#SH 125#I#si#100#Persona fisica#M#40#IMPERIA#18030#AIROLE#3#SI#Impiegato#M#40#NA#18030#Napoli#veicolo già assicurato con atr#No#No#BM#14#0#0#0#0#0#0#0#0#3,000,000
Quixa#143#2010-04-15#Honda#3#100#SH 125#I#si#100#Persona fisica#M#40#ISERNIA#86081#AGNONE#3#SI#Impiegato#M#40#NA#86081#Napoli#veicolo già assicurato con atr#No#No#BM#14#0#0#0#0#0#0#0#0#3,000,000
Quixa#144#2010-04-15#Honda#3#100#SH 125#I#si#100#Persona fisica#M#40#CROTONE#88842#CUTRO#3#SI#Impiegato#M#40#NA#88842#Napoli#veicolo già assicurato con atr#No#No#BM#14#0#0#0#0#0#0#0#0#3,000,000
Quixa#145#2010-04-15#Honda#3#100#SH 125#I#si#100#Persona fisica#M#40#LECCO#23841#ANNONE DI BRIANZA#3#SI#Impiegato#M#40#NA#23841#Napoli#veicolo già assicurato con atr#No#No#BM#14#0#0#0#0#0#0#0#0#3,000,000
Quixa#146#2010-04-15#Honda#3#100#SH 125#I#si#100#Persona fisica#M#40#LECCE#73010#ARNESANO#3#SI#Impiegato#M#40#NA#73010#Napoli#veicolo già assicurato con atr#No#No#BM#14#0#0#0#0#0#0#0#0#3,000,000
Quixa#147#2010-04-15#Honda#3#100#SH 125#I#si#100#Persona fisica#M#40#LIVORNO#57020#BIBBONA#3#SI#Impiegato#M#40#NA#57020#Napoli#veicolo già assicurato con atr#No#No#BM#14#0#0#0#0#0#0#0#0#3,000,000
Quixa#148#2010-04-15#Honda#3#100#SH 125#I#si#100#Persona fisica#M#40#LODI#26821#BERTONICO#3#SI#Impiegato#M#40#NA#26821#Napoli#veicolo già assicurato con atr#No#No#BM#14#0#0#0#0#0#0#0#0#3,000,000
Quixa#149#2010-04-15#Honda#3#100#SH 125#I#si#100#Persona fisica#M#40#LATINA#04011#APRILIA#3#SI#Impiegato#M#40#NA#04011#Napoli#veicolo già assicurato con atr#No#No#BM#14#0#0#0#0#0#0#0#0#3,000,000
Quixa#150#2010-04-15#Honda#3#100#SH 125#I#si#100#Persona fisica#M#40#LUCCA#55011#ALTOPASCIO#3#SI#Impiegato#M#40#NA#55011#Napoli#veicolo già assicurato con atr#No#No#BM#14#0#0#0#0#0#0#0#0#3,000,000
Quixa#151#2010-04-15#Honda#3#100#SH 125#I#si#100#Persona fisica#M#40#MACERATA#62024#MATELICA#3#SI#Impiegato#M#40#NA#62024#Napoli#veicolo già assicurato con atr#No#No#BM#14#0#0#0#0#0#0#0#0#3,000,000
Quixa#152#2010-04-15#Honda#3#100#SH 125#I#si#100#Persona fisica#M#40#MESSINA#98072#CARONIA#3#SI#Impiegato#M#40#NA#98072#Napoli#veicolo già assicurato con atr#No#No#BM#14#0#0#0#0#0#0#0#0#3,000,000
Quixa#153#2010-04-15#Honda#3#100#SH 125#I#si#100#Persona fisica#M#40#MILANO#20010#ARLUNO#3#SI#Impiegato#M#40#NA#20010#Napoli#veicolo già assicurato con atr#No#No#BM#14#0#0#0#0#0#0#0#0#3,000,000
Quixa#154#2010-04-15#Honda#3#100#SH 125#I#si#100#Persona fisica#M#40#MANTOVA#46011#ACQUANEGRA SUL CHIESE#3#SI#Impiegato#M#40#NA#46011#Napoli#veicolo già assicurato con atr#No#No#BM#14#0#0#0#0#0#0#0#0#3,000,000
Quixa#155#2010-04-15#Honda#3#100#SH 125#I#si#100#Persona fisica#M#40#MODENA#41030#BASTIGLIA#3#SI#Impiegato#M#40#NA#41030#Napoli#veicolo già assicurato con atr#No#No#BM#14#0#0#0#0#0#0#0#0#3,000,000
Quixa#156#2010-04-15#Honda#3#100#SH 125#I#si#100#Persona fisica#M#40#MASSA#54021#BAGNONE#3#SI#Impiegato#M#40#NA#54021#Napoli#veicolo già assicurato con atr#No#No#BM#14#0#0#0#0#0#0#0#0#3,000,000
Quixa#157#2010-04-15#Honda#3#100#SH 125#I#si#100#Persona fisica#M#40#MATERA#75011#ACCETTURA#3#SI#Impiegato#M#40#NA#75011#Napoli#veicolo già assicurato con atr#No#No#BM#14#0#0#0#0#0#0#0#0#3,000,000
Quixa#158#2010-04-15#Honda#3#100#SH 125#I#si#100#Persona fisica#M#40#NAPOLI#80075#FORIO#3#SI#Impiegato#M#40#NA#80075.00#Napoli#veicolo già assicurato con atr#No#No#BM#14#0#0#0#0#0#0#0#0#3,000,000
Quixa#159#2010-04-15#Honda#3#100#SH 125#I#si#100#Persona fisica#M#40#NOVARA#28010#AGRATE CONTURBIA#3#SI#Impiegato#M#40#NA#28010#Napoli#veicolo già assicurato con atr#No#No#BM#14#0#0#0#0#0#0#0#0#3,000,000
Quixa#160#2010-04-15#Honda#3#100#SH 125#I#si#100#Persona fisica#M#40#NUORO#08010#BIRORI#3#SI#Impiegato#M#40#NA#08010#Napoli#veicolo già assicurato con atr#No#No#BM#14#0#0#0#0#0#0#0#0#3,000,000
Quixa#161#2010-04-15#Honda#3#100#SH 125#I#si#100#Persona fisica#M#40#ORISTANO#09070#AIDOMAGGIORE#3#SI#Impiegato#M#40#NA#09070#Napoli#veicolo già assicurato con atr#No#No#BM#14#0#0#0#0#0#0#0#0#3,000,000
Quixa#162#2010-04-15#Honda#3#100#SH 125#I#si#100#Persona fisica#M#40#PALERMO#90010#ALTAVILLA MILICIA#3#SI#Impiegato#M#40#NA#90010#Napoli#veicolo già assicurato con atr#No#No#BM#14#0#0#0#0#0#0#0#0#3,000,000
Quixa#163#2010-04-15#Honda#3#100#SH 125#I#si#100#Persona fisica#M#40#PIACENZA#29010#AGAZZANO#3#SI#Impiegato#M#40#NA#29010#Napoli#veicolo già assicurato con atr#No#No#BM#14#0#0#0#0#0#0#0#0#3,000,000
Quixa#164#2010-04-15#Honda#3#100#SH 125#I#si#100#Persona fisica#M#40#PADOVA#35040#BARBONA#3#SI#Impiegato#M#40#NA#35040#Napoli#veicolo già assicurato con atr#No#No#BM#14#0#0#0#0#0#0#0#0#3,000,000
Quixa#165#2010-04-15#Honda#3#100#SH 125#I#si#100#Persona fisica#M#40#PESCARA#65010#BRITTOLI#3#SI#Impiegato#M#40#NA#65010#Napoli#veicolo già assicurato con atr#No#No#BM#14#0#0#0#0#0#0#0#0#3,000,000
Quixa#166#2010-04-15#Honda#3#100#SH 125#I#si#100#Persona fisica#M#40#PERUGIA#06010#CITERNA#3#SI#Impiegato#M#40#NA#06010#Napoli#veicolo già assicurato con atr#No#No#BM#14#0#0#0#0#0#0#0#0#3,000,000
Quixa#167#2010-04-15#Honda#3#100#SH 125#I#si#100#Persona fisica#M#40#PISA#56032#BUTI#3#SI#Impiegato#M#40#NA#56032#Napoli#veicolo già assicurato con atr#No#No#BM#14#0#0#0#0#0#0#0#0#3,000,000
Quixa#168#2010-04-15#Honda#3#100#SH 125#I#si#100#Persona fisica#M#40#PORDENONE#33070#BRUGNERA#3#SI#Impiegato#M#40#NA#33070#Napoli#veicolo già assicurato con atr#No#No#BM#14#0#0#0#0#0#0#0#0#3,000,000
Quixa#169#2010-04-15#Honda#3#100#SH 125#I#si#100#Persona fisica#M#40#PRATO#59013#MONTEMURLO#3#SI#Impiegato#M#40#NA#59013#Napoli#veicolo già assicurato con atr#No#No#BM#14#0#0#0#0#0#0#0#0#3,000,000
Quixa#170#2010-04-15#Honda#3#100#SH 125#I#si#100#Persona fisica#M#40#PARMA#43051#ALBARETO#3#SI#Impiegato#M#40#NA#43051#Napoli#veicolo già assicurato con atr#No#No#BM#14#0#0#0#0#0#0#0#0#3,000,000
Quixa#171#2010-04-15#Honda#3#100#SH 125#I#si#100#Persona fisica#M#40#PESARO#61032#FANO#3#SI#Impiegato#M#40#NA#61032#Napoli#veicolo già assicurato con atr#No#No#BM#14#0#0#0#0#0#0#0#0#3,000,000
Quixa#172#2010-04-15#Honda#3#100#SH 125#I#si#100#Persona fisica#M#40#PISTOIA#51021#ABETONE#3#SI#Impiegato#M#40#NA#51021#Napoli#veicolo già assicurato con atr#No#No#BM#14#0#0#0#0#0#0#0#0#3,000,000
Quixa#173#2010-04-15#Honda#3#100#SH 125#I#si#100#Persona fisica#M#40#PAVIA#27010#ALBUZZANO#3#SI#Impiegato#M#40#NA#27010#Napoli#veicolo già assicurato con atr#No#No#BM#14#0#0#0#0#0#0#0#0#3,000,000
Quixa#174#2010-04-15#Honda#3#100#SH 125#I#si#100#Persona fisica#M#40#POTENZA#85010#ABRIOLA#3#SI#Impiegato#M#40#NA#85010#Napoli#veicolo già assicurato con atr#No#No#BM#14#0#0#0#0#0#0#0#0#3,000,000
Quixa#175#2010-04-15#Honda#3#100#SH 125#I#si#100#Persona fisica#M#40#RAVENNA#48010#BAGNARA DI ROMAGNA#3#SI#Impiegato#M#40#NA#48010#Napoli#veicolo già assicurato con atr#No#No#BM#14#0#0#0#0#0#0#0#0#3,000,000
Quixa#176#2010-04-15#Honda#3#100#SH 125#I#si#100#Persona fisica#M#40#REGGIO DI CALABRIA#89030#AFRICO#3#SI#Impiegato#M#40#NA#89030#Napoli#veicolo già assicurato con atr#No#No#BM#14#0#0#0#0#0#0#0#0#3,000,000
Quixa#177#2010-04-15#Honda#3#100#SH 125#I#si#100#Persona fisica#M#40#REGGIO NELL'EMILIA#42020#ALBINEA#3#SI#Impiegato#M#40#NA#42020#Napoli#veicolo già assicurato con atr#No#No#BM#14#0#0#0#0#0#0#0#0#3,000,000
Quixa#178#2010-04-15#Honda#3#100#SH 125#I#si#100#Persona fisica#M#40#RAGUSA#97011#ACATE#3#SI#Impiegato#M#40#NA#97011#Napoli#veicolo già assicurato con atr#No#No#BM#14#0#0#0#0#0#0#0#0#3,000,000
Quixa#179#2010-04-15#Honda#3#100#SH 125#I#si#100#Persona fisica#M#40#RIETI#02010#BORBONA#3#SI#Impiegato#M#40#NA#02010#Napoli#veicolo già assicurato con atr#No#No#BM#14#0#0#0#0#0#0#0#0#3,000,000
Quixa#180#2010-04-15#Honda#3#100#SH 125#I#si#100#Persona fisica#M#40#ROMA#00010#CASAPE#3#SI#Impiegato#M#40#NA#00010#Napoli#veicolo già assicurato con atr#No#No#BM#14#0#0#0#0#0#0#0#0#3,000,000
Quixa#181#2010-04-15#Honda#3#100#SH 125#I#si#100#Persona fisica#M#40#RIMINI#47841#CATTOLICA#3#SI#Impiegato#M#40#NA#47841#Napoli#veicolo già assicurato con atr#No#No#BM#14#0#0#0#0#0#0#0#0#3,000,000
Quixa#182#2010-04-15#Honda#3#100#SH 125#I#si#100#Persona fisica#M#40#ROVIGO#45011#ADRIA#3#SI#Impiegato#M#40#NA#45011#Napoli#veicolo già assicurato con atr#No#No#BM#14#0#0#0#0#0#0#0#0#3,000,000
Quixa#183#2010-04-15#Honda#3#100#SH 125#I#si#100#Persona fisica#M#40#SALERNO#84010#ATRANI#3#SI#Impiegato#M#40#NA#84010#Napoli#veicolo già assicurato con atr#No#No#BM#14#0#0#0#0#0#0#0#0#3,000,000
Quixa#184#2010-04-15#Honda#3#100#SH 125#I#si#100#Persona fisica#M#40#SIENA#53021#ABBADIA SAN SALVATORE#3#SI#Impiegato#M#40#NA#53021#Napoli#veicolo già assicurato con atr#No#No#BM#14#0#0#0#0#0#0#0#0#3,000,000
Quixa#185#2010-04-15#Honda#3#100#SH 125#I#si#100#Persona fisica#M#40#SONDRIO#23010#ALBAREDO PER SAN MARCO#3#SI#Impiegato#M#40#NA#23010#Napoli#veicolo già assicurato con atr#No#No#BM#14#0#0#0#0#0#0#0#0#3,000,000
Quixa#186#2010-04-15#Honda#3#100#SH 125#I#si#100#Persona fisica#M#40#LA SPEZIA#19031#AMEGLIA#3#SI#Impiegato#M#40#NA#19031#Napoli#veicolo già assicurato con atr#No#No#BM#14#0#0#0#0#0#0#0#0#3,000,000
Quixa#187#2010-04-15#Honda#3#100#SH 125#I#si#100#Persona fisica#M#40#SIRACUSA#96011#AUGUSTA#3#SI#Impiegato#M#40#NA#96011#Napoli#veicolo già assicurato con atr#No#No#BM#14#0#0#0#0#0#0#0#0#3,000,000
Quixa#188#2010-04-15#Honda#3#100#SH 125#I#si#100#Persona fisica#M#40#SASSARI#07010#ANELA#3#SI#Impiegato#M#40#NA#07010#Napoli#veicolo già assicurato con atr#No#No#BM#14#0#0#0#0#0#0#0#0#3,000,000
Quixa#189#2010-04-15#Honda#3#100#SH 125#I#si#100#Persona fisica#M#40#SAVONA#17021#ALASSIO#3#SI#Impiegato#M#40#NA#17021#Napoli#veicolo già assicurato con atr#No#No#BM#14#0#0#0#0#0#0#0#0#3,000,000
Quixa#190#2010-04-15#Honda#3#100#SH 125#I#si#100#Persona fisica#M#40#TARANTO#74020#AVETRANA#3#SI#Impiegato#M#40#NA#74020#Napoli#veicolo già assicurato con atr#No#No#BM#14#0#0#0#0#0#0#0#0#3,000,000
Quixa#191#2010-04-15#Honda#3#100#SH 125#I#si#100#Persona fisica#M#40#TERAMO#64010#ANCARANO#3#SI#Impiegato#M#40#NA#64010#Napoli#veicolo già assicurato con atr#No#No#BM#14#0#0#0#0#0#0#0#0#3,000,000
Quixa#192#2010-04-15#Honda#3#100#SH 125#I#si#100#Persona fisica#M#40#TRENTO#38010#ANDALO#3#SI#Impiegato#M#40#NA#38010#Napoli#veicolo già assicurato con atr#No#No#BM#14#0#0#0#0#0#0#0#0#3,000,000
Quixa#193#2010-04-15#Honda#3#100#SH 125#I#si#100#Persona fisica#M#40#TORINO#10090#TRANA#3#SI#Impiegato#M#40#NA#10090.00#Napoli#veicolo già assicurato con atr#No#No#BM#14#0#0#0#0#0#0#0#0#3,000,000
Quixa#194#2010-04-15#Honda#3#100#SH 125#I#si#100#Persona fisica#M#40#TRAPANI#91011#ALCAMO#3#SI#Impiegato#M#40#NA#91011#Napoli#veicolo già assicurato con atr#No#No#BM#14#0#0#0#0#0#0#0#0#3,000,000
Quixa#195#2010-04-15#Honda#3#100#SH 125#I#si#100#Persona fisica#M#40#TERNI#05021#ACQUASPARTA#3#SI#Impiegato#M#40#NA#05021#Napoli#veicolo già assicurato con atr#No#No#BM#14#0#0#0#0#0#0#0#0#3,000,000
Quixa#196#2010-04-15#Honda#3#100#SH 125#I#si#100#Persona fisica#M#40#TRIESTE#34011#DUINO AURISINA#3#SI#Impiegato#M#40#NA#34011.00#Napoli#veicolo già assicurato con atr#No#No#BM#14#0#0#0#0#0#0#0#0#3,000,000
Quixa#197#2010-04-15#Honda#3#100#SH 125#I#si#100#Persona fisica#M#40#TREVISO#31036#ISTRANA#3#SI#Impiegato#M#40#NA#31036#Napoli#veicolo già assicurato con atr#No#No#BM#14#0#0#0#0#0#0#0#0#3,000,000
Quixa#198#2010-04-15#Honda#3#100#SH 125#I#si#100#Persona fisica#M#40#UDINE#33053#LATISANA#3#SI#Impiegato#M#40#NA#33053#Napoli#veicolo già assicurato con atr#No#No#BM#14#0#0#0#0#0#0#0#0#3,000,000
Quixa#199#2010-04-15#Honda#3#100#SH 125#I#si#100#Persona fisica#M#40#VARESE#21038#LEGGIUNO#3#SI#Impiegato#M#40#NA#21038#Napoli#veicolo già assicurato con atr#No#No#BM#14#0#0#0#0#0#0#0#0#3,000,000
Quixa#200#2010-04-15#Honda#3#100#SH 125#I#si#100#Persona fisica#M#40#VERBANIA#28895#MASSIOLA#3#SI#Impiegato#M#40#NA#28895#Napoli#veicolo già assicurato con atr#No#No#BM#14#0#0#0#0#0#0#0#0#3,000,000
Quixa#201#2010-04-15#Honda#3#100#SH 125#I#si#100#Persona fisica#M#40#VERCELLI#13010#CARESANA#3#SI#Impiegato#M#40#NA#13010#Napoli#veicolo già assicurato con atr#No#No#BM#14#0#0#0#0#0#0#0#0#3,000,000
Quixa#202#2010-04-15#Honda#3#100#SH 125#I#si#100#Persona fisica#M#40#VENEZIA#30034#MIRA#3#SI#Impiegato#M#40#NA#30034.00#Napoli#veicolo già assicurato con atr#No#No#BM#14#0#0#0#0#0#0#0#0#3,000,000
Quixa#203#2010-04-15#Honda#3#100#SH 125#I#si#100#Persona fisica#M#40#VICENZA#36020#AGUGLIARO#3#SI#Impiegato#M#40#NA#36020#Napoli#veicolo già assicurato con atr#No#No#BM#14#0#0#0#0#0#0#0#0#3,000,000
Quixa#204#2010-04-15#Honda#3#100#SH 125#I#si#100#Persona fisica#M#40#VERONA#37010#AFFI#3#SI#Impiegato#M#40#NA#37010#Napoli#veicolo già assicurato con atr#No#No#BM#14#0#0#0#0#0#0#0#0#3,000,000
Quixa#205#2010-04-15#Honda#3#100#SH 125#I#si#100#Persona fisica#M#40#VITERBO#01010#ARLENA DI CASTRO#3#SI#Impiegato#M#40#NA#01010#Napoli#veicolo già assicurato con atr#No#No#BM#14#0#0#0#0#0#0#0#0#3,000,000
Quixa#206#2010-04-15#Honda#3#100#SH 125#I#si#100#Persona fisica#M#40#VIBO VALENTIA#89832#ACQUARO#3#SI#Impiegato#M#40#NA#89832#Napoli#veicolo già assicurato con atr#No#No#BM#14#0#0#0#0#0#0#0#0#3,000,000
Quixa#207#2010-04-15#Honda#3#100#SH 125#I#si#100#Persona fisica#M#40#Napoli#80100#Napoli#3#SI#Impiegato#M#40#NA#80100.00#Napoli#1a immatricolazione dopo l’acquisto del veicolo#No#No#BM##0#0#0#0#0#0#0#0#3,000,000
Quixa#208#2010-04-15#KYMCO#31/12/2008#100#AGILITY 125#R16#si#100#Persona fisica#M#40#Napoli#80100#Napoli#3#SI#Impiegato#M#40#NA#92100#Napoli#veicolo già assicurato con atr#No#No#BM#14#0#0#0#0#0#0#0#0#3,000,000
Quixa#209#2010-04-15#HONDA#31/12/2009#100#SH 125#I#si#100#Persona fisica#M#40#Napoli#80100#Napoli#3#SI#Impiegato#M#40#NA#92100#Napoli#veicolo già assicurato con atr#No#No#BM#14#0#0#0#0#0#0#0#0#3,000,000
Quixa#210#2010-04-15#KYMCO#31/12/2009#100#AGILITY 150#R16#si#100#Persona fisica#M#40#Napoli#80100#Napoli#3#SI#Impiegato#M#40#NA#92100#Napoli#veicolo già assicurato con atr#No#No#BM#14#0#0#0#0#0#0#0#0#3,000,000
Quixa#211#2010-04-15#HONDA#31/12/2008#100#SH 150#I SPECIAL#si#100#Persona fisica#M#40#Napoli#80100#Napoli#3#SI#Impiegato#M#40#NA#92100#Napoli#veicolo già assicurato con atr#No#No#BM#14#0#0#0#0#0#0#0#0#3,000,000
Quixa#212#2010-04-15#PIAGGIO#31/12/2008#100#BEVERLY 250#TOURER#si#100#Persona fisica#M#40#Napoli#80100#Napoli#3#SI#Impiegato#M#40#NA#92100#Napoli#veicolo già assicurato con atr#No#No#BM#14#0#0#0#0#0#0#0#0#3,000,000
Quixa#213#2010-04-15#HONDA#31/12/2006#100#SH 300 ABS##si#100#Persona fisica#M#40#Napoli#80100#Napoli#3#SI#Impiegato#M#40#NA#92100#Napoli#veicolo già assicurato con atr#No#No#BM#14#0#0#0#0#0#0#0#0#3,000,000
Quixa#214#2010-04-15#SUZUKI#31/12/2006#100#BURGMAN 400#IE#si#100#Persona fisica#M#40#Napoli#80100#Napoli#3#SI#Impiegato#M#40#NA#92100#Napoli#veicolo già assicurato con atr#No#No#BM#14#0#0#0#0#0#0#0#0#3,000,000
Quixa#215#2010-04-15#HONDA#31/12/2005#100#SILVERWING 400##si#100#Persona fisica#M#40#Napoli#80100#Napoli#3#SI#Impiegato#M#40#NA#92100#Napoli#veicolo già assicurato con atr#No#No#BM#14#0#0#0#0#0#0#0#0#3,000,000
Quixa#216#2010-04-15#YAMAHA#31/12/2008#100#T MAX ABS##si#100#Persona fisica#M#40#Napoli#80100#Napoli#3#SI#Impiegato#M#40#NA#92100#Napoli#veicolo già assicurato con atr#No#No#BM#14#0#0#0#0#0#0#0#0#3,000,000
Quixa#217#2010-04-15#SUZUKI#31/12/2003#100#RV VAN VAN 125##si#100#Persona fisica#M#40#Napoli#80100#Napoli#3#SI#Impiegato#M#40#NA#92100#Napoli#veicolo già assicurato con atr#No#No#BM#14#0#0#0#0#0#0#0#0#3,000,000
Quixa#218#2010-04-15#DERBI#31/12/2004#100#GPR 125#NUDE#si#100#Persona fisica#M#40#Napoli#80100#Napoli#3#SI#Impiegato#M#40#NA#92100#Napoli#veicolo già assicurato con atr#No#No#BM#14#0#0#0#0#0#0#0#0#3,000,000
Quixa#219#2010-04-15#YAMAHA#31/12/2008#100#YZF r15 150 cc##si#100#Persona fisica#M#40#Napoli#80100#Napoli#3#SI#Impiegato#M#40#NA#92100#Napoli#veicolo già assicurato con atr#No#No#BM#14#0#0#0#0#0#0#0#0#3,000,000
Quixa#220#2010-04-15#KAWASAKI#31/12/2008#100#NINJA 250R##si#100#Persona fisica#M#40#Napoli#80100#Napoli#3#SI#Impiegato#M#40#NA#92100#Napoli#veicolo già assicurato con atr#No#No#BM#14#0#0#0#0#0#0#0#0#3,000,000
Quixa#221#2010-04-15#Royal Enfield#31/12/2006#100#BULLET 350#STD K/S#si#100#Persona fisica#M#40#Napoli#80100#Napoli#3#SI#Impiegato#M#40#NA#92100#Napoli#veicolo già assicurato con atr#No#No#BM#14#0#0#0#0#0#0#0#0#3,000,000
Quixa#222#2010-04-15#DUCATI#31/12/2004#100#MONSTER 400#DARK SD 25KW#si#100#Persona fisica#M#40#Napoli#80100#Napoli#3#SI#Impiegato#M#40#NA#92100#Napoli#veicolo già assicurato con atr#No#No#BM#14#0#0#0#0#0#0#0#0#3,000,000
Quixa#223#2010-04-15#KAWASAKI#31/12/2005#100#ER 5 25 KW##si#100#Persona fisica#M#40#Napoli#80100#Napoli#3#SI#Impiegato#M#40#NA#92100#Napoli#veicolo già assicurato con atr#No#No#BM#14#0#0#0#0#0#0#0#0#3,000,000
Quixa#224#2010-04-15#SUZUKI#31/12/2001#100#GS 500##si#100#Persona fisica#M#40#Napoli#80100#Napoli#3#SI#Impiegato#M#40#NA#92100#Napoli#veicolo già assicurato con atr#No#No#BM#14#0#0#0#0#0#0#0#0#3,000,000
Quixa#225#2010-04-15#HONDA#31/12/2005#100#HORNET 25KW##si#100#Persona fisica#M#40#Napoli#80100#Napoli#3#SI#Impiegato#M#40#NA#92100#Napoli#veicolo già assicurato con atr#No#No#BM#14#0#0#0#0#0#0#0#0#3,000,000
Quixa#226#2010-04-15#SUZUKI#31/12/2006#100#GSR 600##si#100#Persona fisica#M#40#Napoli#80100#Napoli#3#SI#Impiegato#M#40#NA#92100#Napoli#veicolo già assicurato con atr#No#No#BM#14#0#0#0#0#0#0#0#0#3,000,000
Quixa#227#2010-04-15#KAWASAKI#31/12/2009#100#ER 6N##si#100#Persona fisica#M#40#Napoli#80100#Napoli#3#SI#Impiegato#M#40#NA#92100#Napoli#veicolo già assicurato con atr#No#No#BM#14#0#0#0#0#0#0#0#0#3,000,000
Quixa#228#2010-04-15#KAWASAKI#31/12/2009#100#Z 750##si#100#Persona fisica#M#40#Napoli#80100#Napoli#3#SI#Impiegato#M#40#NA#92100#Napoli#veicolo già assicurato con atr#No#No#BM#14#0#0#0#0#0#0#0#0#3,000,000
Quixa#229#2010-04-15#MV AUGUSTA#31/12/2004#100#BRUTALE#S#si#100#Persona fisica#M#40#Napoli#80100#Napoli#3#SI#Impiegato#M#40#NA#92100#Napoli#veicolo già assicurato con atr#No#No#BM#14#0#0#0#0#0#0#0#0#3,000,000
Quixa#230#2010-04-15#BMW#31/12/2009#100#F 800#R#si#100#Persona fisica#M#40#Napoli#80100#Napoli#3#SI#Impiegato#M#40#NA#92100#Napoli#veicolo già assicurato con atr#No#No#BM#14#0#0#0#0#0#0#0#0#3,000,000
Quixa#231#2010-04-15#DUCATI#31/12/2000#100#MONSTER 900##si#100#Persona fisica#M#40#Napoli#80100#Napoli#3#SI#Impiegato#M#40#NA#92100#Napoli#veicolo già assicurato con atr#No#No#BM#14#0#0#0#0#0#0#0#0#3,000,000
Quixa#232#2010-04-15#DUCATI#31/12/2009#100#GT 1000 TOURINg#TOURING#si#100#Persona fisica#M#40#Napoli#80100#Napoli#3#SI#Impiegato#M#40#NA#92100#Napoli#veicolo già assicurato con atr#No#No#BM#14#0#0#0#0#0#0#0#0#3,000,000
Quixa#233#2010-04-15#DUCATI#31/12/2009#100#MONSTER 1100#S#si#100#Persona fisica#M#40#Napoli#80100#Napoli#3#SI#Impiegato#M#40#NA#92100#Napoli#veicolo già assicurato con atr#No#No#BM#14#0#0#0#0#0#0#0#0#3,000,000
Quixa#234#2010-04-15#MAGNI#31/12/2000#100#SPORT 1200#S#si#100#Persona fisica#M#40#Napoli#80100#Napoli#3#SI#Impiegato#M#40#NA#92100#Napoli#veicolo già assicurato con atr#No#No#BM#14#0#0#0#0#0#0#0#0#3,000,000
Quixa#235#2010-04-15#HONDA#31/12/1997#100#VFR 750#F#si#100#Persona fisica#M#40#Napoli#80100#Napoli#3#SI#Impiegato#M#40#NA#92100#Napoli#veicolo già assicurato con atr#No#No#BM#14#0#0#0#0#0#0#0#0#3,000,000
Quixa#236#2010-04-15#HONDA#31/12/2004#100#HORNET 900##si#100#Persona fisica#M#40#Napoli#80100#Napoli#3#SI#Impiegato#M#40#NA#92100#Napoli#veicolo già assicurato con atr#No#No#BM#14#0#0#0#0#0#0#0#0#3,000,000
Quixa#237#2010-04-15#HONDA#31/12/2008#100#CB 1000#R#si#100#Persona fisica#M#40#Napoli#80100#Napoli#3#SI#Impiegato#M#40#NA#92100#Napoli#veicolo già assicurato con atr#No#No#BM#14#0#0#0#0#0#0#0#0#3,000,000
Quixa#238#2010-04-15#SUZUKI#31/12/1991#100#GSX-R 1100##si#100#Persona fisica#M#40#Napoli#80100#Napoli#3#SI#Impiegato#M#40#NA#92100#Napoli#veicolo già assicurato con atr#No#No#BM#14#0#0#0#0#0#0#0#0#3,000,000
Quixa#239#2010-04-15#BMW#31/12/2006#100#R 1200 R#R#si#100#Persona fisica#M#40#Napoli#80100#Napoli#3#SI#Impiegato#M#40#NA#92100#Napoli#veicolo già assicurato con atr#No#No#BM#14#0#0#0#0#0#0#0#0#3,000,000
Quixa#240#2010-04-15#HONDA#31/12/2008#100#CB 1300 Naked 85Kw##si#100#Persona fisica#M#40#Napoli#80100#Napoli#3#SI#Impiegato#M#40#NA#92100#Napoli#veicolo già assicurato con atr#No#No#BM#14#0#0#0#0#0#0#0#0#3,000,000
Quixa#241#2010-04-15#Honda#3#100#SH 125#I#si#100#Persona fisica#M#40#Napoli#80100#Napoli#3#SI#Impiegato#M#40#NA#92100#Napoli#veicolo già assicurato con atr#No#No#BM#1#0#0#0#0#0#0#0#0#3,000,000
Quixa#242#2010-04-15#Honda#3#100#SH 125#I#si#100#Persona fisica#M#40#Napoli#80100#Napoli#3#SI#Impiegato#M#40#NA#92100#Napoli#veicolo già assicurato con atr#No#No#BM#2#0#0#0#0#0#0#0#0#3,000,000
Quixa#243#2010-04-15#Honda#3#100#SH 125#I#si#100#Persona fisica#M#40#Napoli#80100#Napoli#3#SI#Impiegato#M#40#NA#92100#Napoli#veicolo già assicurato con atr#No#No#BM#3#0#0#0#0#0#0#0#0#3,000,000
Quixa#244#2010-04-15#Honda#3#100#SH 125#I#si#100#Persona fisica#M#40#Napoli#80100#Napoli#3#SI#Impiegato#M#40#NA#92100#Napoli#veicolo già assicurato con atr#No#No#BM#4#0#0#0#0#0#0#0#0#3,000,000
Quixa#245#2010-04-15#Honda#3#100#SH 125#I#si#100#Persona fisica#M#40#Napoli#80100#Napoli#3#SI#Impiegato#M#40#NA#92100#Napoli#veicolo già assicurato con atr#No#No#BM#5#0#0#0#0#0#0#0#0#3,000,000
Quixa#246#2010-04-15#Honda#3#100#SH 125#I#si#100#Persona fisica#M#40#Napoli#80100#Napoli#3#SI#Impiegato#M#40#NA#92100#Napoli#veicolo già assicurato con atr#No#No#BM#6#0#0#0#0#0#0#0#0#3,000,000
Quixa#247#2010-04-15#Honda#3#100#SH 125#I#si#100#Persona fisica#M#40#Napoli#80100#Napoli#3#SI#Impiegato#M#40#NA#92100#Napoli#veicolo già assicurato con atr#No#No#BM#7#0#0#0#0#0#0#0#0#3,000,000
Quixa#248#2010-04-15#Honda#3#100#SH 125#I#si#100#Persona fisica#M#40#Napoli#80100#Napoli#3#SI#Impiegato#M#40#NA#92100#Napoli#veicolo già assicurato con atr#No#No#BM#8#0#0#0#0#0#0#0#0#3,000,000
Quixa#249#2010-04-15#Honda#3#100#SH 125#I#si#100#Persona fisica#M#40#Napoli#80100#Napoli#3#SI#Impiegato#M#40#NA#92100#Napoli#veicolo già assicurato con atr#No#No#BM#9#0#0#0#0#0#0#0#0#3,000,000
Quixa#250#2010-04-15#Honda#3#100#SH 125#I#si#100#Persona fisica#M#40#Napoli#80100#Napoli#3#SI#Impiegato#M#40#NA#92100#Napoli#veicolo già assicurato con atr#No#No#BM#10#0#0#0#0#0#0#0#0#3,000,000
Quixa#251#2010-04-15#Honda#3#100#SH 125#I#si#100#Persona fisica#M#40#Napoli#80100#Napoli#3#SI#Impiegato#M#40#NA#92100#Napoli#veicolo già assicurato con atr#No#No#BM#11#0#0#0#0#0#0#0#0#3,000,000
Quixa#252#2010-04-15#Honda#3#100#SH 125#I#si#100#Persona fisica#M#40#Napoli#80100#Napoli#3#SI#Impiegato#M#40#NA#92100#Napoli#veicolo già assicurato con atr#No#No#BM#12#0#0#0#0#0#0#0#0#3,000,000
Quixa#253#2010-04-15#Honda#3#100#SH 125#I#si#100#Persona fisica#M#40#Napoli#80100#Napoli#3#SI#Impiegato#M#40#NA#92100#Napoli#veicolo già assicurato con atr#No#No#BM#14#0#0#0#0#0#0#0#0#3,000,000
Quixa#254#2010-04-15#Honda#3#100#SH 125#I#si#100#Persona fisica#M#40#Napoli#80100#Napoli#3#SI#Impiegato#M#40#NA#92100#Napoli#veicolo già assicurato con atr#No#No#BM#15#0#0#0#0#0#0#0#0#3,000,000
Quixa#255#2010-04-15#Honda#3#100#SH 125#I#si#100#Persona fisica#M#40#Napoli#80100#Napoli#3#SI#Impiegato#M#40#NA#92100#Napoli#veicolo già assicurato con atr#No#No#BM#16#0#0#0#0#0#0#0#0#3,000,000
Quixa#256#2010-04-15#Honda#3#100#SH 125#I#si#100#Persona fisica#M#40#Napoli#80100#Napoli#3#SI#Impiegato#M#40#NA#92100#Napoli#veicolo già assicurato con atr#No#No#BM#17#0#0#0#0#0#0#0#0#3,000,000
Quixa#257#2010-04-15#Honda#3#100#SH 125#I#si#100#Persona fisica#M#40#Napoli#80100#Napoli#3#SI#Impiegato#M#40#NA#92100#Napoli#veicolo già assicurato con atr#No#No#BM#18#0#0#0#0#0#0#0#0#3,000,000
Quixa#258#2010-04-15#Honda#3#100#SH 125#I#si#100#Persona fisica#M#40#Napoli#80100#Napoli#3#SI#Impiegato#M#40#NA#92100#Napoli#veicolo già assicurato con atr#No#No#BM#1#0#0#0#0#0#1#1#0#3,000,000
Quixa#259#2010-04-15#Honda#3#100#SH 125#I#si#100#Persona fisica#M#40#Napoli#80100#Napoli#3#SI#Impiegato#M#40#NA#92100#Napoli#veicolo già assicurato con atr#No#No#BM#2#0#0#0#0#0#1#1#0#3,000,000
Quixa#260#2010-04-15#Honda#3#100#SH 125#I#si#100#Persona fisica#M#40#Napoli#80100#Napoli#3#SI#Impiegato#M#40#NA#92100#Napoli#veicolo già assicurato con atr#No#No#BM#3#0#0#0#0#0#1#1#0#3,000,000
Quixa#261#2010-04-15#Honda#3#100#SH 125#I#si#100#Persona fisica#M#40#Napoli#80100#Napoli#3#SI#Impiegato#M#40#NA#92100#Napoli#veicolo già assicurato con atr#No#No#BM#4#0#0#0#0#0#1#1#0#3,000,000
Quixa#262#2010-04-15#Honda#3#100#SH 125#I#si#100#Persona fisica#M#40#Napoli#80100#Napoli#3#SI#Impiegato#M#40#NA#92100#Napoli#veicolo già assicurato con atr#No#No#BM#5#0#0#0#0#0#1#1#0#3,000,000
Quixa#263#2010-04-15#Honda#3#100#SH 125#I#si#100#Persona fisica#M#40#Napoli#80100#Napoli#3#SI#Impiegato#M#40#NA#92100#Napoli#veicolo già assicurato con atr#No#No#BM#6#0#0#0#0#0#1#1#0#3,000,000
Quixa#264#2010-04-15#Honda#3#100#SH 125#I#si#100#Persona fisica#M#40#Napoli#80100#Napoli#3#SI#Impiegato#M#40#NA#92100#Napoli#veicolo già assicurato con atr#No#No#BM#7#0#0#0#0#0#1#1#0#3,000,000
Quixa#265#2010-04-15#Honda#3#100#SH 125#I#si#100#Persona fisica#M#40#Napoli#80100#Napoli#3#SI#Impiegato#M#40#NA#92100#Napoli#veicolo già assicurato con atr#No#No#BM#8#0#0#0#0#0#1#1#0#3,000,000
Quixa#266#2010-04-15#Honda#3#100#SH 125#I#si#100#Persona fisica#M#40#Napoli#80100#Napoli#3#SI#Impiegato#M#40#NA#92100#Napoli#veicolo già assicurato con atr#No#No#BM#9#0#0#0#0#0#1#1#0#3,000,000
Quixa#267#2010-04-15#Honda#3#100#SH 125#I#si#100#Persona fisica#M#40#Napoli#80100#Napoli#3#SI#Impiegato#M#40#NA#92100#Napoli#veicolo già assicurato con atr#No#No#BM#10#0#0#0#0#0#1#1#0#3,000,000
Quixa#268#2010-04-15#Honda#3#100#SH 125#I#si#100#Persona fisica#M#40#Napoli#80100#Napoli#3#SI#Impiegato#M#40#NA#92100#Napoli#veicolo già assicurato con atr#No#No#BM#11#0#0#0#0#0#1#1#0#3,000,000
Quixa#269#2010-04-15#Honda#3#100#SH 125#I#si#100#Persona fisica#M#40#Napoli#80100#Napoli#3#SI#Impiegato#M#40#NA#92100#Napoli#veicolo già assicurato con atr#No#No#BM#12#0#0#0#0#0#1#1#0#3,000,000
Quixa#270#2010-04-15#Honda#3#100#SH 125#I#si#100#Persona fisica#M#40#Napoli#80100#Napoli#3#SI#Impiegato#M#40#NA#92100#Napoli#veicolo già assicurato con atr#No#No#BM#14#0#0#0#0#0#1#1#0#3,000,000
Quixa#271#2010-04-15#Honda#3#100#SH 125#I#si#100#Persona fisica#M#40#Napoli#80100#Napoli#3#SI#Impiegato#M#40#NA#92100#Napoli#veicolo già assicurato con atr#No#No#BM#15#0#0#0#0#0#1#1#0#3,000,000
Quixa#272#2010-04-15#Honda#3#100#SH 125#I#si#100#Persona fisica#M#40#Napoli#80100#Napoli#3#SI#Impiegato#M#40#NA#92100#Napoli#veicolo già assicurato con atr#No#No#BM#16#0#0#0#0#0#1#1#0#3,000,000
Quixa#273#2010-04-15#Honda#3#100#SH 125#I#si#100#Persona fisica#M#40#Napoli#80100#Napoli#3#SI#Impiegato#M#40#NA#92100#Napoli#veicolo già assicurato con atr#No#No#BM#17#0#0#0#0#0#1#1#0#3,000,000
Quixa#274#2010-04-15#Honda#3#100#SH 125#I#si#100#Persona fisica#M#40#Napoli#80100#Napoli#3#SI#Impiegato#M#40#NA#92100#Napoli#veicolo già assicurato con atr#No#No#BM#18#0#0#0#0#0#1#1#0#3,000,000
Quixa#275#2010-04-15#Honda#3#100#SH 125#I#si#100#Persona fisica#M#40#Napoli#80100#Napoli#3#SI#Impiegato#M#40#NA#92100#Napoli#veicolo già assicurato con atr#No#No#BM#1#0#0#0#0#1#0#1#0#3,000,000
Quixa#276#2010-04-15#Honda#3#100#SH 125#I#si#100#Persona fisica#M#40#Napoli#80100#Napoli#3#SI#Impiegato#M#40#NA#92100#Napoli#veicolo già assicurato con atr#No#No#BM#2#0#0#0#0#1#0#1#0#3,000,000
Quixa#277#2010-04-15#Honda#3#100#SH 125#I#si#100#Persona fisica#M#40#Napoli#80100#Napoli#3#SI#Impiegato#M#40#NA#92100#Napoli#veicolo già assicurato con atr#No#No#BM#3#0#0#0#0#1#0#1#0#3,000,000
Quixa#278#2010-04-15#Honda#3#100#SH 125#I#si#100#Persona fisica#M#40#Napoli#80100#Napoli#3#SI#Impiegato#M#40#NA#92100#Napoli#veicolo già assicurato con atr#No#No#BM#4#0#0#0#0#1#0#1#0#3,000,000
Quixa#279#2010-04-15#Honda#3#100#SH 125#I#si#100#Persona fisica#M#40#Napoli#80100#Napoli#3#SI#Impiegato#M#40#NA#92100#Napoli#veicolo già assicurato con atr#No#No#BM#5#0#0#0#0#1#0#1#0#3,000,000
Quixa#280#2010-04-15#Honda#3#100#SH 125#I#si#100#Persona fisica#M#40#Napoli#80100#Napoli#3#SI#Impiegato#M#40#NA#92100#Napoli#veicolo già assicurato con atr#No#No#BM#6#0#0#0#0#1#0#1#0#3,000,000
Quixa#281#2010-04-15#Honda#3#100#SH 125#I#si#100#Persona fisica#M#40#Napoli#80100#Napoli#3#SI#Impiegato#M#40#NA#92100#Napoli#veicolo già assicurato con atr#No#No#BM#7#0#0#0#0#1#0#1#0#3,000,000
Quixa#282#2010-04-15#Honda#3#100#SH 125#I#si#100#Persona fisica#M#40#Napoli#80100#Napoli#3#SI#Impiegato#M#40#NA#92100#Napoli#veicolo già assicurato con atr#No#No#BM#8#0#0#0#0#1#0#1#0#3,000,000
Quixa#283#2010-04-15#Honda#3#100#SH 125#I#si#100#Persona fisica#M#40#Napoli#80100#Napoli#3#SI#Impiegato#M#40#NA#92100#Napoli#veicolo già assicurato con atr#No#No#BM#9#0#0#0#0#1#0#1#0#3,000,000
Quixa#284#2010-04-15#Honda#3#100#SH 125#I#si#100#Persona fisica#M#40#Napoli#80100#Napoli#3#SI#Impiegato#M#40#NA#92100#Napoli#veicolo già assicurato con atr#No#No#BM#10#0#0#0#0#1#0#1#0#3,000,000
Quixa#285#2010-04-15#Honda#3#100#SH 125#I#si#100#Persona fisica#M#40#Napoli#80100#Napoli#3#SI#Impiegato#M#40#NA#92100#Napoli#veicolo già assicurato con atr#No#No#BM#11#0#0#0#0#1#0#1#0#3,000,000
Quixa#286#2010-04-15#Honda#3#100#SH 125#I#si#100#Persona fisica#M#40#Napoli#80100#Napoli#3#SI#Impiegato#M#40#NA#92100#Napoli#veicolo già assicurato con atr#No#No#BM#12#0#0#0#0#1#0#1#0#3,000,000
Quixa#287#2010-04-15#Honda#3#100#SH 125#I#si#100#Persona fisica#M#40#Napoli#80100#Napoli#3#SI#Impiegato#M#40#NA#92100#Napoli#veicolo già assicurato con atr#No#No#BM#14#0#0#0#0#1#0#1#0#3,000,000
Quixa#288#2010-04-15#Honda#3#100#SH 125#I#si#100#Persona fisica#M#40#Napoli#80100#Napoli#3#SI#Impiegato#M#40#NA#92100#Napoli#veicolo già assicurato con atr#No#No#BM#15#0#0#0#0#1#0#1#0#3,000,000
Quixa#289#2010-04-15#Honda#3#100#SH 125#I#si#100#Persona fisica#M#40#Napoli#80100#Napoli#3#SI#Impiegato#M#40#NA#92100#Napoli#veicolo già assicurato con atr#No#No#BM#16#0#0#0#0#1#0#1#0#3,000,000
Quixa#290#2010-04-15#Honda#3#100#SH 125#I#si#100#Persona fisica#M#40#Napoli#80100#Napoli#3#SI#Impiegato#M#40#NA#92100#Napoli#veicolo già assicurato con atr#No#No#BM#17#0#0#0#0#1#0#1#0#3,000,000
Quixa#291#2010-04-15#Honda#3#100#SH 125#I#si#100#Persona fisica#M#40#Napoli#80100#Napoli#3#SI#Impiegato#M#40#NA#92100#Napoli#veicolo già assicurato con atr#No#No#BM#18#0#0#0#0#1#0#1#0#3,000,000
Quixa#292#2010-04-15#Honda#3#100#SH 125#I#si#100#Persona fisica#M#40#Napoli#80100#Napoli#3#SI#Impiegato#M#40#NA#92100#Napoli#veicolo già assicurato con atr#No#No#BM#1#0#0#0#1#0#0#1#0#3,000,000
Quixa#293#2010-04-15#Honda#3#100#SH 125#I#si#100#Persona fisica#M#40#Napoli#80100#Napoli#3#SI#Impiegato#M#40#NA#92100#Napoli#veicolo già assicurato con atr#No#No#BM#2#0#0#0#1#0#0#1#0#3,000,000
Quixa#294#2010-04-15#Honda#3#100#SH 125#I#si#100#Persona fisica#M#40#Napoli#80100#Napoli#3#SI#Impiegato#M#40#NA#92100#Napoli#veicolo già assicurato con atr#No#No#BM#3#0#0#0#1#0#0#1#0#3,000,000
Quixa#295#2010-04-15#Honda#3#100#SH 125#I#si#100#Persona fisica#M#40#Napoli#80100#Napoli#3#SI#Impiegato#M#40#NA#92100#Napoli#veicolo già assicurato con atr#No#No#BM#4#0#0#0#1#0#0#1#0#3,000,000
Quixa#296#2010-04-15#Honda#3#100#SH 125#I#si#100#Persona fisica#M#40#Napoli#80100#Napoli#3#SI#Impiegato#M#40#NA#92100#Napoli#veicolo già assicurato con atr#No#No#BM#5#0#0#0#1#0#0#1#0#3,000,000
Quixa#297#2010-04-15#Honda#3#100#SH 125#I#si#100#Persona fisica#M#40#Napoli#80100#Napoli#3#SI#Impiegato#M#40#NA#92100#Napoli#veicolo già assicurato con atr#No#No#BM#6#0#0#0#1#0#0#1#0#3,000,000
Quixa#298#2010-04-15#Honda#3#100#SH 125#I#si#100#Persona fisica#M#40#Napoli#80100#Napoli#3#SI#Impiegato#M#40#NA#92100#Napoli#veicolo già assicurato con atr#No#No#BM#7#0#0#0#1#0#0#1#0#3,000,000
Quixa#299#2010-04-15#Honda#3#100#SH 125#I#si#100#Persona fisica#M#40#Napoli#80100#Napoli#3#SI#Impiegato#M#40#NA#92100#Napoli#veicolo già assicurato con atr#No#No#BM#8#0#0#0#1#0#0#1#0#3,000,000
Quixa#300#2010-04-15#Honda#3#100#SH 125#I#si#100#Persona fisica#M#40#Napoli#80100#Napoli#3#SI#Impiegato#M#40#NA#92100#Napoli#veicolo già assicurato con atr#No#No#BM#9#0#0#0#1#0#0#1#0#3,000,000
Quixa#301#2010-04-15#Honda#3#100#SH 125#I#si#100#Persona fisica#M#40#Napoli#80100#Napoli#3#SI#Impiegato#M#40#NA#92100#Napoli#veicolo già assicurato con atr#No#No#BM#10#0#0#0#1#0#0#1#0#3,000,000
Quixa#302#2010-04-15#Honda#3#100#SH 125#I#si#100#Persona fisica#M#40#Napoli#80100#Napoli#3#SI#Impiegato#M#40#NA#92100#Napoli#veicolo già assicurato con atr#No#No#BM#11#0#0#0#1#0#0#1#0#3,000,000
Quixa#303#2010-04-15#Honda#3#100#SH 125#I#si#100#Persona fisica#M#40#Napoli#80100#Napoli#3#SI#Impiegato#M#40#NA#92100#Napoli#veicolo già assicurato con atr#No#No#BM#12#0#0#0#1#0#0#1#0#3,000,000
Quixa#304#2010-04-15#Honda#3#100#SH 125#I#si#100#Persona fisica#M#40#Napoli#80100#Napoli#3#SI#Impiegato#M#40#NA#92100#Napoli#veicolo già assicurato con atr#No#No#BM#14#0#0#0#1#0#0#1#0#3,000,000
Quixa#305#2010-04-15#Honda#3#100#SH 125#I#si#100#Persona fisica#M#40#Napoli#80100#Napoli#3#SI#Impiegato#M#40#NA#92100#Napoli#veicolo già assicurato con atr#No#No#BM#15#0#0#0#1#0#0#1#0#3,000,000
Quixa#306#2010-04-15#Honda#3#100#SH 125#I#si#100#Persona fisica#M#40#Napoli#80100#Napoli#3#SI#Impiegato#M#40#NA#92100#Napoli#veicolo già assicurato con atr#No#No#BM#16#0#0#0#1#0#0#1#0#3,000,000
Quixa#307#2010-04-15#Honda#3#100#SH 125#I#si#100#Persona fisica#M#40#Napoli#80100#Napoli#3#SI#Impiegato#M#40#NA#92100#Napoli#veicolo già assicurato con atr#No#No#BM#17#0#0#0#1#0#0#1#0#3,000,000
Quixa#308#2010-04-15#Honda#3#100#SH 125#I#si#100#Persona fisica#M#40#Napoli#80100#Napoli#3#SI#Impiegato#M#40#NA#92100#Napoli#veicolo già assicurato con atr#No#No#BM#18#0#0#0#1#0#0#1#0#3,000,000
Quixa#309#2010-04-15#Honda#3#100#SH 125#I#si#100#Persona fisica#M#40#Napoli#80100#Napoli#3#SI#Impiegato#M#40#NA#92100#Napoli#veicolo già assicurato con atr#No#No#BM#1#0#0#1#0#0#0#1#0#3,000,000
Quixa#310#2010-04-15#Honda#3#100#SH 125#I#si#100#Persona fisica#M#40#Napoli#80100#Napoli#3#SI#Impiegato#M#40#NA#92100#Napoli#veicolo già assicurato con atr#No#No#BM#2#0#0#1#0#0#0#1#0#3,000,000
Quixa#311#2010-04-15#Honda#3#100#SH 125#I#si#100#Persona fisica#M#40#Napoli#80100#Napoli#3#SI#Impiegato#M#40#NA#92100#Napoli#veicolo già assicurato con atr#No#No#BM#3#0#0#1#0#0#0#1#0#3,000,000
Quixa#312#2010-04-15#Honda#3#100#SH 125#I#si#100#Persona fisica#M#40#Napoli#80100#Napoli#3#SI#Impiegato#M#40#NA#92100#Napoli#veicolo già assicurato con atr#No#No#BM#4#0#0#1#0#0#0#1#0#3,000,000
Quixa#313#2010-04-15#Honda#3#100#SH 125#I#si#100#Persona fisica#M#40#Napoli#80100#Napoli#3#SI#Impiegato#M#40#NA#92100#Napoli#veicolo già assicurato con atr#No#No#BM#5#0#0#1#0#0#0#1#0#3,000,000
Quixa#314#2010-04-15#Honda#3#100#SH 125#I#si#100#Persona fisica#M#40#Napoli#80100#Napoli#3#SI#Impiegato#M#40#NA#92100#Napoli#veicolo già assicurato con atr#No#No#BM#6#0#0#1#0#0#0#1#0#3,000,000
Quixa#315#2010-04-15#Honda#3#100#SH 125#I#si#100#Persona fisica#M#40#Napoli#80100#Napoli#3#SI#Impiegato#M#40#NA#92100#Napoli#veicolo già assicurato con atr#No#No#BM#7#0#0#1#0#0#0#1#0#3,000,000
Quixa#316#2010-04-15#Honda#3#100#SH 125#I#si#100#Persona fisica#M#40#Napoli#80100#Napoli#3#SI#Impiegato#M#40#NA#92100#Napoli#veicolo già assicurato con atr#No#No#BM#8#0#0#1#0#0#0#1#0#3,000,000
Quixa#317#2010-04-15#Honda#3#100#SH 125#I#si#100#Persona fisica#M#40#Napoli#80100#Napoli#3#SI#Impiegato#M#40#NA#92100#Napoli#veicolo già assicurato con atr#No#No#BM#9#0#0#1#0#0#0#1#0#3,000,000
Quixa#318#2010-04-15#Honda#3#100#SH 125#I#si#100#Persona fisica#M#40#Napoli#80100#Napoli#3#SI#Impiegato#M#40#NA#92100#Napoli#veicolo già assicurato con atr#No#No#BM#10#0#0#1#0#0#0#1#0#3,000,000
Quixa#319#2010-04-15#Honda#3#100#SH 125#I#si#100#Persona fisica#M#40#Napoli#80100#Napoli#3#SI#Impiegato#M#40#NA#92100#Napoli#veicolo già assicurato con atr#No#No#BM#11#0#0#1#0#0#0#1#0#3,000,000
Quixa#320#2010-04-15#Honda#3#100#SH 125#I#si#100#Persona fisica#M#40#Napoli#80100#Napoli#3#SI#Impiegato#M#40#NA#92100#Napoli#veicolo già assicurato con atr#No#No#BM#12#0#0#1#0#0#0#1#0#3,000,000
Quixa#321#2010-04-15#Honda#3#100#SH 125#I#si#100#Persona fisica#M#40#Napoli#80100#Napoli#3#SI#Impiegato#M#40#NA#92100#Napoli#veicolo già assicurato con atr#No#No#BM#14#0#0#1#0#0#0#1#0#3,000,000
Quixa#322#2010-04-15#Honda#3#100#SH 125#I#si#100#Persona fisica#M#40#Napoli#80100#Napoli#3#SI#Impiegato#M#40#NA#92100#Napoli#veicolo già assicurato con atr#No#No#BM#15#0#0#1#0#0#0#1#0#3,000,000
Quixa#323#2010-04-15#Honda#3#100#SH 125#I#si#100#Persona fisica#M#40#Napoli#80100#Napoli#3#SI#Impiegato#M#40#NA#92100#Napoli#veicolo già assicurato con atr#No#No#BM#16#0#0#1#0#0#0#1#0#3,000,000
Quixa#324#2010-04-15#Honda#3#100#SH 125#I#si#100#Persona fisica#M#40#Napoli#80100#Napoli#3#SI#Impiegato#M#40#NA#92100#Napoli#veicolo già assicurato con atr#No#No#BM#17#0#0#1#0#0#0#1#0#3,000,000
Quixa#325#2010-04-15#Honda#3#100#SH 125#I#si#100#Persona fisica#M#40#Napoli#80100#Napoli#3#SI#Impiegato#M#40#NA#92100#Napoli#veicolo già assicurato con atr#No#No#BM#18#0#0#1#0#0#0#1#0#3,000,000
Quixa#326#2010-04-15#Honda#3#100#SH 125#I#si#100#Persona fisica#M#40#Napoli#80100#Napoli#3#SI#Impiegato#M#40#NA#92100#Napoli#veicolo già assicurato con atr#No#No#BM#1#0#1#0#0#0#0#1#0#3,000,000
Quixa#327#2010-04-15#Honda#3#100#SH 125#I#si#100#Persona fisica#M#40#Napoli#80100#Napoli#3#SI#Impiegato#M#40#NA#92100#Napoli#veicolo già assicurato con atr#No#No#BM#2#0#1#0#0#0#0#1#0#3,000,000
Quixa#328#2010-04-15#Honda#3#100#SH 125#I#si#100#Persona fisica#M#40#Napoli#80100#Napoli#3#SI#Impiegato#M#40#NA#92100#Napoli#veicolo già assicurato con atr#No#No#BM#3#0#1#0#0#0#0#1#0#3,000,000
Quixa#329#2010-04-15#Honda#3#100#SH 125#I#si#100#Persona fisica#M#40#Napoli#80100#Napoli#3#SI#Impiegato#M#40#NA#92100#Napoli#veicolo già assicurato con atr#No#No#BM#4#0#1#0#0#0#0#1#0#3,000,000
Quixa#330#2010-04-15#Honda#3#100#SH 125#I#si#100#Persona fisica#M#40#Napoli#80100#Napoli#3#SI#Impiegato#M#40#NA#92100#Napoli#veicolo già assicurato con atr#No#No#BM#5#0#1#0#0#0#0#1#0#3,000,000
Quixa#331#2010-04-15#Honda#3#100#SH 125#I#si#100#Persona fisica#M#40#Napoli#80100#Napoli#3#SI#Impiegato#M#40#NA#92100#Napoli#veicolo già assicurato con atr#No#No#BM#6#0#1#0#0#0#0#1#0#3,000,000
Quixa#332#2010-04-15#Honda#3#100#SH 125#I#si#100#Persona fisica#M#40#Napoli#80100#Napoli#3#SI#Impiegato#M#40#NA#92100#Napoli#veicolo già assicurato con atr#No#No#BM#7#0#1#0#0#0#0#1#0#3,000,000
Quixa#333#2010-04-15#Honda#3#100#SH 125#I#si#100#Persona fisica#M#40#Napoli#80100#Napoli#3#SI#Impiegato#M#40#NA#92100#Napoli#veicolo già assicurato con atr#No#No#BM#8#0#1#0#0#0#0#1#0#3,000,000
Quixa#334#2010-04-15#Honda#3#100#SH 125#I#si#100#Persona fisica#M#40#Napoli#80100#Napoli#3#SI#Impiegato#M#40#NA#92100#Napoli#veicolo già assicurato con atr#No#No#BM#9#0#1#0#0#0#0#1#0#3,000,000
Quixa#335#2010-04-15#Honda#3#100#SH 125#I#si#100#Persona fisica#M#40#Napoli#80100#Napoli#3#SI#Impiegato#M#40#NA#92100#Napoli#veicolo già assicurato con atr#No#No#BM#10#0#1#0#0#0#0#1#0#3,000,000
Quixa#336#2010-04-15#Honda#3#100#SH 125#I#si#100#Persona fisica#M#40#Napoli#80100#Napoli#3#SI#Impiegato#M#40#NA#92100#Napoli#veicolo già assicurato con atr#No#No#BM#11#0#1#0#0#0#0#1#0#3,000,000
Quixa#337#2010-04-15#Honda#3#100#SH 125#I#si#100#Persona fisica#M#40#Napoli#80100#Napoli#3#SI#Impiegato#M#40#NA#92100#Napoli#veicolo già assicurato con atr#No#No#BM#12#0#1#0#0#0#0#1#0#3,000,000
Quixa#338#2010-04-15#Honda#3#100#SH 125#I#si#100#Persona fisica#M#40#Napoli#80100#Napoli#3#SI#Impiegato#M#40#NA#92100#Napoli#veicolo già assicurato con atr#No#No#BM#14#0#1#0#0#0#0#1#0#3,000,000
Quixa#339#2010-04-15#Honda#3#100#SH 125#I#si#100#Persona fisica#M#40#Napoli#80100#Napoli#3#SI#Impiegato#M#40#NA#92100#Napoli#veicolo già assicurato con atr#No#No#BM#15#0#1#0#0#0#0#1#0#3,000,000
Quixa#340#2010-04-15#Honda#3#100#SH 125#I#si#100#Persona fisica#M#40#Napoli#80100#Napoli#3#SI#Impiegato#M#40#NA#92100#Napoli#veicolo già assicurato con atr#No#No#BM#16#0#1#0#0#0#0#1#0#3,000,000
Quixa#341#2010-04-15#Honda#3#100#SH 125#I#si#100#Persona fisica#M#40#Napoli#80100#Napoli#3#SI#Impiegato#M#40#NA#92100#Napoli#veicolo già assicurato con atr#No#No#BM#17#0#1#0#0#0#0#1#0#3,000,000
Quixa#342#2010-04-15#Honda#3#100#SH 125#I#si#100#Persona fisica#M#40#Napoli#80100#Napoli#3#SI#Impiegato#M#40#NA#92100#Napoli#veicolo già assicurato con atr#No#No#BM#18#0#1#0#0#0#0#1#0#3,000,000
Quixa#343#2010-04-15#Honda#3#100#SH 125#I#si#100#Persona fisica#M#40#Napoli#80100#Napoli#3#SI#Impiegato#M#40#NA#92100#Napoli#veicolo già assicurato con atr#No#No#BM#1#1#0#0#0#0#0#1#0#3,000,000
Quixa#344#2010-04-15#Honda#3#100#SH 125#I#si#100#Persona fisica#M#40#Napoli#80100#Napoli#3#SI#Impiegato#M#40#NA#92100#Napoli#veicolo già assicurato con atr#No#No#BM#2#1#0#0#0#0#0#1#0#3,000,000
Quixa#345#2010-04-15#Honda#3#100#SH 125#I#si#100#Persona fisica#M#40#Napoli#80100#Napoli#3#SI#Impiegato#M#40#NA#92100#Napoli#veicolo già assicurato con atr#No#No#BM#3#1#0#0#0#0#0#1#0#3,000,000
Quixa#346#2010-04-15#Honda#3#100#SH 125#I#si#100#Persona fisica#M#40#Napoli#80100#Napoli#3#SI#Impiegato#M#40#NA#92100#Napoli#veicolo già assicurato con atr#No#No#BM#4#1#0#0#0#0#0#1#0#3,000,000
Quixa#347#2010-04-15#Honda#3#100#SH 125#I#si#100#Persona fisica#M#40#Napoli#80100#Napoli#3#SI#Impiegato#M#40#NA#92100#Napoli#veicolo già assicurato con atr#No#No#BM#5#1#0#0#0#0#0#1#0#3,000,000
Quixa#348#2010-04-15#Honda#3#100#SH 125#I#si#100#Persona fisica#M#40#Napoli#80100#Napoli#3#SI#Impiegato#M#40#NA#92100#Napoli#veicolo già assicurato con atr#No#No#BM#6#1#0#0#0#0#0#1#0#3,000,000
Quixa#349#2010-04-15#Honda#3#100#SH 125#I#si#100#Persona fisica#M#40#Napoli#80100#Napoli#3#SI#Impiegato#M#40#NA#92100#Napoli#veicolo già assicurato con atr#No#No#BM#7#1#0#0#0#0#0#1#0#3,000,000
Quixa#350#2010-04-15#Honda#3#100#SH 125#I#si#100#Persona fisica#M#40#Napoli#80100#Napoli#3#SI#Impiegato#M#40#NA#92100#Napoli#veicolo già assicurato con atr#No#No#BM#8#1#0#0#0#0#0#1#0#3,000,000
Quixa#351#2010-04-15#Honda#3#100#SH 125#I#si#100#Persona fisica#M#40#Napoli#80100#Napoli#3#SI#Impiegato#M#40#NA#92100#Napoli#veicolo già assicurato con atr#No#No#BM#9#1#0#0#0#0#0#1#0#3,000,000
Quixa#352#2010-04-15#Honda#3#100#SH 125#I#si#100#Persona fisica#M#40#Napoli#80100#Napoli#3#SI#Impiegato#M#40#NA#92100#Napoli#veicolo già assicurato con atr#No#No#BM#10#1#0#0#0#0#0#1#0#3,000,000
Quixa#353#2010-04-15#Honda#3#100#SH 125#I#si#100#Persona fisica#M#40#Napoli#80100#Napoli#3#SI#Impiegato#M#40#NA#92100#Napoli#veicolo già assicurato con atr#No#No#BM#11#1#0#0#0#0#0#1#0#3,000,000
Quixa#354#2010-04-15#Honda#3#100#SH 125#I#si#100#Persona fisica#M#40#Napoli#80100#Napoli#3#SI#Impiegato#M#40#NA#92100#Napoli#veicolo già assicurato con atr#No#No#BM#12#1#0#0#0#0#0#1#0#3,000,000
Quixa#355#2010-04-15#Honda#3#100#SH 125#I#si#100#Persona fisica#M#40#Napoli#80100#Napoli#3#SI#Impiegato#M#40#NA#92100#Napoli#veicolo già assicurato con atr#No#No#BM#14#1#0#0#0#0#0#1#0#3,000,000
Quixa#356#2010-04-15#Honda#3#100#SH 125#I#si#100#Persona fisica#M#40#Napoli#80100#Napoli#3#SI#Impiegato#M#40#NA#92100#Napoli#veicolo già assicurato con atr#No#No#BM#15#1#0#0#0#0#0#1#0#3,000,000
Quixa#357#2010-04-15#Honda#3#100#SH 125#I#si#100#Persona fisica#M#40#Napoli#80100#Napoli#3#SI#Impiegato#M#40#NA#92100#Napoli#veicolo già assicurato con atr#No#No#BM#16#1#0#0#0#0#0#1#0#3,000,000
Quixa#358#2010-04-15#Honda#3#100#SH 125#I#si#100#Persona fisica#M#40#Napoli#80100#Napoli#3#SI#Impiegato#M#40#NA#92100#Napoli#veicolo già assicurato con atr#No#No#BM#17#1#0#0#0#0#0#1#0#3,000,000
Quixa#359#2010-04-15#Honda#3#100#SH 125#I#si#100#Persona fisica#M#40#Napoli#80100#Napoli#3#SI#Impiegato#M#40#NA#92100#Napoli#veicolo già assicurato con atr#No#No#BM#18#1#0#0#0#0#0#1#0#3,000,000
Quixa#360#2010-04-15#Honda#3#100#SH 125#I#si#100#Persona fisica#M#40#Napoli#80100#Napoli#3#SI#Impiegato#M#40#NA#92100#Napoli#veicolo già assicurato con atr#No#No#BM#14#0#0#0#0#0#0#0#0#3,000,000
Quixa#361#2010-04-15#Honda#3#100#SH 125#I#si#100#Persona fisica#M#40#Napoli#80100#Napoli#3#SI#Impiegato#M#40#NA#92100#Napoli#veicolo già assicurato con atr#No#No#BM#14#0#0#0#0#0#0#0#0#6,000,000
Quixa#362#2010-04-15#Honda#3#100#SH 125#I#si#100#Persona fisica#M#40#Napoli#80100#Napoli#3#SI#Impiegato#M#40#NA#92100#Napoli#veicolo già assicurato con atr#No#No#BM#14#0#0#0#0#0#0#0#0#12,000,000
Quixa#363#2010-04-15#Honda#3#100#SH 125#I#si#100#Persona fisica#M#18#Napoli#80100#Napoli#3#SI#Impiegato#M#40#NA#92100#Napoli#veicolo già assicurato con atr#No#No#BM#14#0#0#0#0#0#0#0#0#3,000,000
Quixa#364#2010-04-15#Honda#3#100#SH 125#I#si#100#Persona fisica#M#19#Napoli#80100#Napoli#3#SI#Impiegato#M#40#NA#92100#Napoli#veicolo già assicurato con atr#No#No#BM#14#0#0#0#0#0#0#0#0#3,000,000
Quixa#365#2010-04-15#Honda#3#100#SH 125#I#si#100#Persona fisica#M#20#Napoli#80100#Napoli#3#SI#Impiegato#M#40#NA#92100#Napoli#veicolo già assicurato con atr#No#No#BM#14#0#0#0#0#0#0#0#0#3,000,000
Quixa#366#2010-04-15#Honda#3#100#SH 125#I#si#100#Persona fisica#M#21#Napoli#80100#Napoli#3#SI#Impiegato#M#40#NA#92100#Napoli#veicolo già assicurato con atr#No#No#BM#14#0#0#0#0#0#0#0#0#3,000,000
Quixa#367#2010-04-15#Honda#3#100#SH 125#I#si#100#Persona fisica#M#22#Napoli#80100#Napoli#3#SI#Impiegato#M#40#NA#92100#Napoli#veicolo già assicurato con atr#No#No#BM#14#0#0#0#0#0#0#0#0#3,000,000
Quixa#368#2010-04-15#Honda#3#100#SH 125#I#si#100#Persona fisica#M#23#Napoli#80100#Napoli#3#SI#Impiegato#M#40#NA#92100#Napoli#veicolo già assicurato con atr#No#No#BM#14#0#0#0#0#0#0#0#0#3,000,000
Quixa#369#2010-04-15#Honda#3#100#SH 125#I#si#100#Persona fisica#M#24#Napoli#80100#Napoli#3#SI#Impiegato#M#40#NA#92100#Napoli#veicolo già assicurato con atr#No#No#BM#14#0#0#0#0#0#0#0#0#3,000,000
Quixa#370#2010-04-15#Honda#3#100#SH 125#I#si#100#Persona fisica#M#25#Napoli#80100#Napoli#3#SI#Impiegato#M#40#NA#92100#Napoli#veicolo già assicurato con atr#No#No#BM#14#0#0#0#0#0#0#0#0#3,000,000
Quixa#371#2010-04-15#Honda#3#100#SH 125#I#si#100#Persona fisica#M#26#Napoli#80100#Napoli#3#SI#Impiegato#M#40#NA#92100#Napoli#veicolo già assicurato con atr#No#No#BM#14#0#0#0#0#0#0#0#0#3,000,000
Quixa#372#2010-04-15#Honda#3#100#SH 125#I#si#100#Persona fisica#M#27#Napoli#80100#Napoli#3#SI#Impiegato#M#40#NA#92100#Napoli#veicolo già assicurato con atr#No#No#BM#14#0#0#0#0#0#0#0#0#3,000,000
Quixa#373#2010-04-15#Honda#3#100#SH 125#I#si#100#Persona fisica#M#28#Napoli#80100#Napoli#3#SI#Impiegato#M#40#NA#92100#Napoli#veicolo già assicurato con atr#No#No#BM#14#0#0#0#0#0#0#0#0#3,000,000
Quixa#374#2010-04-15#Honda#3#100#SH 125#I#si#100#Persona fisica#M#29#Napoli#80100#Napoli#3#SI#Impiegato#M#40#NA#92100#Napoli#veicolo già assicurato con atr#No#No#BM#14#0#0#0#0#0#0#0#0#3,000,000
Quixa#375#2010-04-15#Honda#3#100#SH 125#I#si#100#Persona fisica#M#30#Napoli#80100#Napoli#3#SI#Impiegato#M#40#NA#92100#Napoli#veicolo già assicurato con atr#No#No#BM#14#0#0#0#0#0#0#0#0#3,000,000
Quixa#376#2010-04-15#Honda#3#100#SH 125#I#si#100#Persona fisica#M#31#Napoli#80100#Napoli#3#SI#Impiegato#M#40#NA#92100#Napoli#veicolo già assicurato con atr#No#No#BM#14#0#0#0#0#0#0#0#0#3,000,000
Quixa#377#2010-04-15#Honda#3#100#SH 125#I#si#100#Persona fisica#M#32#Napoli#80100#Napoli#3#SI#Impiegato#M#40#NA#92100#Napoli#veicolo già assicurato con atr#No#No#BM#14#0#0#0#0#0#0#0#0#3,000,000
Quixa#378#2010-04-15#Honda#3#100#SH 125#I#si#100#Persona fisica#M#33#Napoli#80100#Napoli#3#SI#Impiegato#M#40#NA#92100#Napoli#veicolo già assicurato con atr#No#No#BM#14#0#0#0#0#0#0#0#0#3,000,000
Quixa#379#2010-04-15#Honda#3#100#SH 125#I#si#100#Persona fisica#M#34#Napoli#80100#Napoli#3#SI#Impiegato#M#40#NA#92100#Napoli#veicolo già assicurato con atr#No#No#BM#14#0#0#0#0#0#0#0#0#3,000,000
Quixa#380#2010-04-15#Honda#3#100#SH 125#I#si#100#Persona fisica#M#35#Napoli#80100#Napoli#3#SI#Impiegato#M#40#NA#92100#Napoli#veicolo già assicurato con atr#No#No#BM#14#0#0#0#0#0#0#0#0#3,000,000
Quixa#381#2010-04-15#Honda#3#100#SH 125#I#si#100#Persona fisica#M#36#Napoli#80100#Napoli#3#SI#Impiegato#M#40#NA#92100#Napoli#veicolo già assicurato con atr#No#No#BM#14#0#0#0#0#0#0#0#0#3,000,000
Quixa#382#2010-04-15#Honda#3#100#SH 125#I#si#100#Persona fisica#M#37#Napoli#80100#Napoli#3#SI#Impiegato#M#40#NA#92100#Napoli#veicolo già assicurato con atr#No#No#BM#14#0#0#0#0#0#0#0#0#3,000,000
Quixa#383#2010-04-15#Honda#3#100#SH 125#I#si#100#Persona fisica#M#38#Napoli#80100#Napoli#3#SI#Impiegato#M#40#NA#92100#Napoli#veicolo già assicurato con atr#No#No#BM#14#0#0#0#0#0#0#0#0#3,000,000
Quixa#384#2010-04-15#Honda#3#100#SH 125#I#si#100#Persona fisica#M#39#Napoli#80100#Napoli#3#SI#Impiegato#M#40#NA#92100#Napoli#veicolo già assicurato con atr#No#No#BM#14#0#0#0#0#0#0#0#0#3,000,000
Quixa#385#2010-04-15#Honda#3#100#SH 125#I#si#100#Persona fisica#M#40#Napoli#80100#Napoli#3#SI#Impiegato#M#40#NA#92100#Napoli#veicolo già assicurato con atr#No#No#BM#14#0#0#0#0#0#0#0#0#3,000,000
Quixa#386#2010-04-15#Honda#3#100#SH 125#I#si#100#Persona fisica#M#41#Napoli#80100#Napoli#3#SI#Impiegato#M#40#NA#92100#Napoli#veicolo già assicurato con atr#No#No#BM#14#0#0#0#0#0#0#0#0#3,000,000
Quixa#387#2010-04-15#Honda#3#100#SH 125#I#si#100#Persona fisica#M#42#Napoli#80100#Napoli#3#SI#Impiegato#M#40#NA#92100#Napoli#veicolo già assicurato con atr#No#No#BM#14#0#0#0#0#0#0#0#0#3,000,000
Quixa#388#2010-04-15#Honda#3#100#SH 125#I#si#100#Persona fisica#M#43#Napoli#80100#Napoli#3#SI#Impiegato#M#40#NA#92100#Napoli#veicolo già assicurato con atr#No#No#BM#14#0#0#0#0#0#0#0#0#3,000,000
Quixa#389#2010-04-15#Honda#3#100#SH 125#I#si#100#Persona fisica#M#44#Napoli#80100#Napoli#3#SI#Impiegato#M#40#NA#92100#Napoli#veicolo già assicurato con atr#No#No#BM#14#0#0#0#0#0#0#0#0#3,000,000
Quixa#390#2010-04-15#Honda#3#100#SH 125#I#si#100#Persona fisica#M#45#Napoli#80100#Napoli#3#SI#Impiegato#M#40#NA#92100#Napoli#veicolo già assicurato con atr#No#No#BM#14#0#0#0#0#0#0#0#0#3,000,000
Quixa#391#2010-04-15#Honda#3#100#SH 125#I#si#100#Persona fisica#M#46#Napoli#80100#Napoli#3#SI#Impiegato#M#40#NA#92100#Napoli#veicolo già assicurato con atr#No#No#BM#14#0#0#0#0#0#0#0#0#3,000,000
Quixa#392#2010-04-15#Honda#3#100#SH 125#I#si#100#Persona fisica#M#47#Napoli#80100#Napoli#3#SI#Impiegato#M#40#NA#92100#Napoli#veicolo già assicurato con atr#No#No#BM#14#0#0#0#0#0#0#0#0#3,000,000
Quixa#393#2010-04-15#Honda#3#100#SH 125#I#si#100#Persona fisica#M#48#Napoli#80100#Napoli#3#SI#Impiegato#M#40#NA#92100#Napoli#veicolo già assicurato con atr#No#No#BM#14#0#0#0#0#0#0#0#0#3,000,000
Quixa#394#2010-04-15#Honda#3#100#SH 125#I#si#100#Persona fisica#M#49#Napoli#80100#Napoli#3#SI#Impiegato#M#40#NA#92100#Napoli#veicolo già assicurato con atr#No#No#BM#14#0#0#0#0#0#0#0#0#3,000,000
Quixa#395#2010-04-15#Honda#3#100#SH 125#I#si#100#Persona fisica#M#50#Napoli#80100#Napoli#3#SI#Impiegato#M#40#NA#92100#Napoli#veicolo già assicurato con atr#No#No#BM#14#0#0#0#0#0#0#0#0#3,000,000
Quixa#396#2010-04-15#Honda#3#100#SH 125#I#si#100#Persona fisica#M#51#Napoli#80100#Napoli#3#SI#Impiegato#M#40#NA#92100#Napoli#veicolo già assicurato con atr#No#No#BM#14#0#0#0#0#0#0#0#0#3,000,000
Quixa#397#2010-04-15#Honda#3#100#SH 125#I#si#100#Persona fisica#M#52#Napoli#80100#Napoli#3#SI#Impiegato#M#40#NA#92100#Napoli#veicolo già assicurato con atr#No#No#BM#14#0#0#0#0#0#0#0#0#3,000,000
Quixa#398#2010-04-15#Honda#3#100#SH 125#I#si#100#Persona fisica#M#53#Napoli#80100#Napoli#3#SI#Impiegato#M#40#NA#92100#Napoli#veicolo già assicurato con atr#No#No#BM#14#0#0#0#0#0#0#0#0#3,000,000
Quixa#399#2010-04-15#Honda#3#100#SH 125#I#si#100#Persona fisica#M#54#Napoli#80100#Napoli#3#SI#Impiegato#M#40#NA#92100#Napoli#veicolo già assicurato con atr#No#No#BM#14#0#0#0#0#0#0#0#0#3,000,000
Quixa#400#2010-04-15#Honda#3#100#SH 125#I#si#100#Persona fisica#M#55#Napoli#80100#Napoli#3#SI#Impiegato#M#40#NA#92100#Napoli#veicolo già assicurato con atr#No#No#BM#14#0#0#0#0#0#0#0#0#3,000,000
Quixa#401#2010-04-15#Honda#3#100#SH 125#I#si#100#Persona fisica#M#56#Napoli#80100#Napoli#3#SI#Impiegato#M#40#NA#92100#Napoli#veicolo già assicurato con atr#No#No#BM#14#0#0#0#0#0#0#0#0#3,000,000
Quixa#402#2010-04-15#Honda#3#100#SH 125#I#si#100#Persona fisica#M#57#Napoli#80100#Napoli#3#SI#Impiegato#M#40#NA#92100#Napoli#veicolo già assicurato con atr#No#No#BM#14#0#0#0#0#0#0#0#0#3,000,000
Quixa#403#2010-04-15#Honda#3#100#SH 125#I#si#100#Persona fisica#M#58#Napoli#80100#Napoli#3#SI#Impiegato#M#40#NA#92100#Napoli#veicolo già assicurato con atr#No#No#BM#14#0#0#0#0#0#0#0#0#3,000,000
Quixa#404#2010-04-15#Honda#3#100#SH 125#I#si#100#Persona fisica#M#59#Napoli#80100#Napoli#3#SI#Impiegato#M#40#NA#92100#Napoli#veicolo già assicurato con atr#No#No#BM#14#0#0#0#0#0#0#0#0#3,000,000
Quixa#405#2010-04-15#Honda#3#100#SH 125#I#si#100#Persona fisica#M#60#Napoli#80100#Napoli#3#SI#Impiegato#M#40#NA#92100#Napoli#veicolo già assicurato con atr#No#No#BM#14#0#0#0#0#0#0#0#0#3,000,000
Quixa#406#2010-04-15#Honda#3#100#SH 125#I#si#100#Persona fisica#M#61#Napoli#80100#Napoli#3#SI#Impiegato#M#40#NA#92100#Napoli#veicolo già assicurato con atr#No#No#BM#14#0#0#0#0#0#0#0#0#3,000,000
Quixa#407#2010-04-15#Honda#3#100#SH 125#I#si#100#Persona fisica#M#62#Napoli#80100#Napoli#3#SI#Impiegato#M#40#NA#92100#Napoli#veicolo già assicurato con atr#No#No#BM#14#0#0#0#0#0#0#0#0#3,000,000
Quixa#408#2010-04-15#Honda#3#100#SH 125#I#si#100#Persona fisica#M#63#Napoli#80100#Napoli#3#SI#Impiegato#M#40#NA#92100#Napoli#veicolo già assicurato con atr#No#No#BM#14#0#0#0#0#0#0#0#0#3,000,000
Quixa#409#2010-04-15#Honda#3#100#SH 125#I#si#100#Persona fisica#M#64#Napoli#80100#Napoli#3#SI#Impiegato#M#40#NA#92100#Napoli#veicolo già assicurato con atr#No#No#BM#14#0#0#0#0#0#0#0#0#3,000,000
Quixa#410#2010-04-15#Honda#3#100#SH 125#I#si#100#Persona fisica#M#65#Napoli#80100#Napoli#3#SI#Impiegato#M#40#NA#92100#Napoli#veicolo già assicurato con atr#No#No#BM#14#0#0#0#0#0#0#0#0#3,000,000
Quixa#411#2010-04-15#Honda#3#100#SH 125#I#si#100#Persona fisica#M#66#Napoli#80100#Napoli#3#SI#Impiegato#M#40#NA#92100#Napoli#veicolo già assicurato con atr#No#No#BM#14#0#0#0#0#0#0#0#0#3,000,000
Quixa#412#2010-04-15#Honda#3#100#SH 125#I#si#100#Persona fisica#M#67#Napoli#80100#Napoli#3#SI#Impiegato#M#40#NA#92100#Napoli#veicolo già assicurato con atr#No#No#BM#14#0#0#0#0#0#0#0#0#3,000,000
Quixa#413#2010-04-15#Honda#3#100#SH 125#I#si#100#Persona fisica#M#68#Napoli#80100#Napoli#3#SI#Impiegato#M#40#NA#92100#Napoli#veicolo già assicurato con atr#No#No#BM#14#0#0#0#0#0#0#0#0#3,000,000
Quixa#414#2010-04-15#Honda#3#100#SH 125#I#si#100#Persona fisica#M#69#Napoli#80100#Napoli#3#SI#Impiegato#M#40#NA#92100#Napoli#veicolo già assicurato con atr#No#No#BM#14#0#0#0#0#0#0#0#0#3,000,000
Quixa#415#2010-04-15#Honda#3#100#SH 125#I#si#100#Persona fisica#M#70#Napoli#80100#Napoli#3#SI#Impiegato#M#40#NA#92100#Napoli#veicolo già assicurato con atr#No#No#BM#14#0#0#0#0#0#0#0#0#3,000,000
Quixa#416#2010-04-15#Honda#3#100#SH 125#I#si#100#Persona fisica#M#71#Napoli#80100#Napoli#3#SI#Impiegato#M#40#NA#92100#Napoli#veicolo già assicurato con atr#No#No#BM#14#0#0#0#0#0#0#0#0#3,000,000
Quixa#417#2010-04-15#Honda#3#100#SH 125#I#si#100#Persona fisica#M#72#Napoli#80100#Napoli#3#SI#Impiegato#M#40#NA#92100#Napoli#veicolo già assicurato con atr#No#No#BM#14#0#0#0#0#0#0#0#0#3,000,000
Quixa#418#2010-04-15#Honda#3#100#SH 125#I#si#100#Persona fisica#M#73#Napoli#80100#Napoli#3#SI#Impiegato#M#40#NA#92100#Napoli#veicolo già assicurato con atr#No#No#BM#14#0#0#0#0#0#0#0#0#3,000,000
Quixa#419#2010-04-15#Honda#3#100#SH 125#I#si#100#Persona fisica#M#74#Napoli#80100#Napoli#3#SI#Impiegato#M#40#NA#92100#Napoli#veicolo già assicurato con atr#No#No#BM#14#0#0#0#0#0#0#0#0#3,000,000
Quixa#420#2010-04-15#Honda#3#100#SH 125#I#si#100#Persona fisica#M#75#Napoli#80100#Napoli#3#SI#Impiegato#M#40#NA#92100#Napoli#veicolo già assicurato con atr#No#No#BM#14#0#0#0#0#0#0#0#0#3,000,000
Quixa#421#2010-04-15#Honda#3#100#SH 125#I#si#100#Persona fisica#M#76#Napoli#80100#Napoli#3#SI#Impiegato#M#40#NA#92100#Napoli#veicolo già assicurato con atr#No#No#BM#14#0#0#0#0#0#0#0#0#3,000,000
Quixa#422#2010-04-15#Honda#3#100#SH 125#I#si#100#Persona fisica#M#77#Napoli#80100#Napoli#3#SI#Impiegato#M#40#NA#92100#Napoli#veicolo già assicurato con atr#No#No#BM#14#0#0#0#0#0#0#0#0#3,000,000
Quixa#423#2010-04-15#Honda#3#100#SH 125#I#si#100#Persona fisica#M#78#Napoli#80100#Napoli#3#SI#Impiegato#M#40#NA#92100#Napoli#veicolo già assicurato con atr#No#No#BM#14#0#0#0#0#0#0#0#0#3,000,000
Quixa#424#2010-04-15#Honda#3#100#SH 125#I#si#100#Persona fisica#M#79#Napoli#80100#Napoli#3#SI#Impiegato#M#40#NA#92100#Napoli#veicolo già assicurato con atr#No#No#BM#14#0#0#0#0#0#0#0#0#3,000,000
Quixa#425#2010-04-15#Honda#3#100#SH 125#I#si#100#Persona fisica#M#80#Napoli#80100#Napoli#3#SI#Impiegato#M#40#NA#92100#Napoli#veicolo già assicurato con atr#No#No#BM#14#0#0#0#0#0#0#0#0#3,000,000
Quixa#426#2010-04-15#Honda#3#100#SH 125#I#si#100#Persona fisica#F#18#Napoli#80100#Napoli#3#SI#Impiegato#M#40#NA#92100#Napoli#veicolo già assicurato con atr#No#No#BM#14#0#0#0#0#0#0#0#0#3,000,000
Quixa#427#2010-04-15#Honda#3#100#SH 125#I#si#100#Persona fisica#F#19#Napoli#80100#Napoli#3#SI#Impiegato#M#40#NA#92100#Napoli#veicolo già assicurato con atr#No#No#BM#14#0#0#0#0#0#0#0#0#3,000,000
Quixa#428#2010-04-15#Honda#3#100#SH 125#I#si#100#Persona fisica#F#20#Napoli#80100#Napoli#3#SI#Impiegato#M#40#NA#92100#Napoli#veicolo già assicurato con atr#No#No#BM#14#0#0#0#0#0#0#0#0#3,000,000
Quixa#429#2010-04-15#Honda#3#100#SH 125#I#si#100#Persona fisica#F#21#Napoli#80100#Napoli#3#SI#Impiegato#M#40#NA#92100#Napoli#veicolo già assicurato con atr#No#No#BM#14#0#0#0#0#0#0#0#0#3,000,000
Quixa#430#2010-04-15#Honda#3#100#SH 125#I#si#100#Persona fisica#F#22#Napoli#80100#Napoli#3#SI#Impiegato#M#40#NA#92100#Napoli#veicolo già assicurato con atr#No#No#BM#14#0#0#0#0#0#0#0#0#3,000,000
Quixa#431#2010-04-15#Honda#3#100#SH 125#I#si#100#Persona fisica#F#23#Napoli#80100#Napoli#3#SI#Impiegato#M#40#NA#92100#Napoli#veicolo già assicurato con atr#No#No#BM#14#0#0#0#0#0#0#0#0#3,000,000
Quixa#432#2010-04-15#Honda#3#100#SH 125#I#si#100#Persona fisica#F#24#Napoli#80100#Napoli#3#SI#Impiegato#M#40#NA#92100#Napoli#veicolo già assicurato con atr#No#No#BM#14#0#0#0#0#0#0#0#0#3,000,000
Quixa#433#2010-04-15#Honda#3#100#SH 125#I#si#100#Persona fisica#F#25#Napoli#80100#Napoli#3#SI#Impiegato#M#40#NA#92100#Napoli#veicolo già assicurato con atr#No#No#BM#14#0#0#0#0#0#0#0#0#3,000,000
Quixa#434#2010-04-15#Honda#3#100#SH 125#I#si#100#Persona fisica#F#26#Napoli#80100#Napoli#3#SI#Impiegato#M#40#NA#92100#Napoli#veicolo già assicurato con atr#No#No#BM#14#0#0#0#0#0#0#0#0#3,000,000
Quixa#435#2010-04-15#Honda#3#100#SH 125#I#si#100#Persona fisica#F#27#Napoli#80100#Napoli#3#SI#Impiegato#M#40#NA#92100#Napoli#veicolo già assicurato con atr#No#No#BM#14#0#0#0#0#0#0#0#0#3,000,000
Quixa#436#2010-04-15#Honda#3#100#SH 125#I#si#100#Persona fisica#F#28#Napoli#80100#Napoli#3#SI#Impiegato#M#40#NA#92100#Napoli#veicolo già assicurato con atr#No#No#BM#14#0#0#0#0#0#0#0#0#3,000,000
Quixa#437#2010-04-15#Honda#3#100#SH 125#I#si#100#Persona fisica#F#29#Napoli#80100#Napoli#3#SI#Impiegato#M#40#NA#92100#Napoli#veicolo già assicurato con atr#No#No#BM#14#0#0#0#0#0#0#0#0#3,000,000
Quixa#438#2010-04-15#Honda#3#100#SH 125#I#si#100#Persona fisica#F#30#Napoli#80100#Napoli#3#SI#Impiegato#M#40#NA#92100#Napoli#veicolo già assicurato con atr#No#No#BM#14#0#0#0#0#0#0#0#0#3,000,000
Quixa#439#2010-04-15#Honda#3#100#SH 125#I#si#100#Persona fisica#F#31#Napoli#80100#Napoli#3#SI#Impiegato#M#40#NA#92100#Napoli#veicolo già assicurato con atr#No#No#BM#14#0#0#0#0#0#0#0#0#3,000,000
Quixa#440#2010-04-15#Honda#3#100#SH 125#I#si#100#Persona fisica#F#32#Napoli#80100#Napoli#3#SI#Impiegato#M#40#NA#92100#Napoli#veicolo già assicurato con atr#No#No#BM#14#0#0#0#0#0#0#0#0#3,000,000
Quixa#441#2010-04-15#Honda#3#100#SH 125#I#si#100#Persona fisica#F#33#Napoli#80100#Napoli#3#SI#Impiegato#M#40#NA#92100#Napoli#veicolo già assicurato con atr#No#No#BM#14#0#0#0#0#0#0#0#0#3,000,000
Quixa#442#2010-04-15#Honda#3#100#SH 125#I#si#100#Persona fisica#F#34#Napoli#80100#Napoli#3#SI#Impiegato#M#40#NA#92100#Napoli#veicolo già assicurato con atr#No#No#BM#14#0#0#0#0#0#0#0#0#3,000,000
Quixa#443#2010-04-15#Honda#3#100#SH 125#I#si#100#Persona fisica#F#35#Napoli#80100#Napoli#3#SI#Impiegato#M#40#NA#92100#Napoli#veicolo già assicurato con atr#No#No#BM#14#0#0#0#0#0#0#0#0#3,000,000
Quixa#444#2010-04-15#Honda#3#100#SH 125#I#si#100#Persona fisica#F#36#Napoli#80100#Napoli#3#SI#Impiegato#M#40#NA#92100#Napoli#veicolo già assicurato con atr#No#No#BM#14#0#0#0#0#0#0#0#0#3,000,000
Quixa#445#2010-04-15#Honda#3#100#SH 125#I#si#100#Persona fisica#F#37#Napoli#80100#Napoli#3#SI#Impiegato#M#40#NA#92100#Napoli#veicolo già assicurato con atr#No#No#BM#14#0#0#0#0#0#0#0#0#3,000,000
Quixa#446#2010-04-15#Honda#3#100#SH 125#I#si#100#Persona fisica#F#38#Napoli#80100#Napoli#3#SI#Impiegato#M#40#NA#92100#Napoli#veicolo già assicurato con atr#No#No#BM#14#0#0#0#0#0#0#0#0#3,000,000
Quixa#447#2010-04-15#Honda#3#100#SH 125#I#si#100#Persona fisica#F#39#Napoli#80100#Napoli#3#SI#Impiegato#M#40#NA#92100#Napoli#veicolo già assicurato con atr#No#No#BM#14#0#0#0#0#0#0#0#0#3,000,000
Quixa#448#2010-04-15#Honda#3#100#SH 125#I#si#100#Persona fisica#F#40#Napoli#80100#Napoli#3#SI#Impiegato#M#40#NA#92100#Napoli#veicolo già assicurato con atr#No#No#BM#14#0#0#0#0#0#0#0#0#3,000,000
Quixa#449#2010-04-15#Honda#3#100#SH 125#I#si#100#Persona fisica#F#41#Napoli#80100#Napoli#3#SI#Impiegato#M#40#NA#92100#Napoli#veicolo già assicurato con atr#No#No#BM#14#0#0#0#0#0#0#0#0#3,000,000
Quixa#450#2010-04-15#Honda#3#100#SH 125#I#si#100#Persona fisica#F#42#Napoli#80100#Napoli#3#SI#Impiegato#M#40#NA#92100#Napoli#veicolo già assicurato con atr#No#No#BM#14#0#0#0#0#0#0#0#0#3,000,000
Quixa#451#2010-04-15#Honda#3#100#SH 125#I#si#100#Persona fisica#F#43#Napoli#80100#Napoli#3#SI#Impiegato#M#40#NA#92100#Napoli#veicolo già assicurato con atr#No#No#BM#14#0#0#0#0#0#0#0#0#3,000,000
Quixa#452#2010-04-15#Honda#3#100#SH 125#I#si#100#Persona fisica#F#44#Napoli#80100#Napoli#3#SI#Impiegato#M#40#NA#92100#Napoli#veicolo già assicurato con atr#No#No#BM#14#0#0#0#0#0#0#0#0#3,000,000
Quixa#453#2010-04-15#Honda#3#100#SH 125#I#si#100#Persona fisica#F#45#Napoli#80100#Napoli#3#SI#Impiegato#M#40#NA#92100#Napoli#veicolo già assicurato con atr#No#No#BM#14#0#0#0#0#0#0#0#0#3,000,000
Quixa#454#2010-04-15#Honda#3#100#SH 125#I#si#100#Persona fisica#F#46#Napoli#80100#Napoli#3#SI#Impiegato#M#40#NA#92100#Napoli#veicolo già assicurato con atr#No#No#BM#14#0#0#0#0#0#0#0#0#3,000,000
Quixa#455#2010-04-15#Honda#3#100#SH 125#I#si#100#Persona fisica#F#47#Napoli#80100#Napoli#3#SI#Impiegato#M#40#NA#92100#Napoli#veicolo già assicurato con atr#No#No#BM#14#0#0#0#0#0#0#0#0#3,000,000
Quixa#456#2010-04-15#Honda#3#100#SH 125#I#si#100#Persona fisica#F#48#Napoli#80100#Napoli#3#SI#Impiegato#M#40#NA#92100#Napoli#veicolo già assicurato con atr#No#No#BM#14#0#0#0#0#0#0#0#0#3,000,000
Quixa#457#2010-04-15#Honda#3#100#SH 125#I#si#100#Persona fisica#F#49#Napoli#80100#Napoli#3#SI#Impiegato#M#40#NA#92100#Napoli#veicolo già assicurato con atr#No#No#BM#14#0#0#0#0#0#0#0#0#3,000,000
Quixa#458#2010-04-15#Honda#3#100#SH 125#I#si#100#Persona fisica#F#50#Napoli#80100#Napoli#3#SI#Impiegato#M#40#NA#92100#Napoli#veicolo già assicurato con atr#No#No#BM#14#0#0#0#0#0#0#0#0#3,000,000
Quixa#459#2010-04-15#Honda#3#100#SH 125#I#si#100#Persona fisica#F#51#Napoli#80100#Napoli#3#SI#Impiegato#M#40#NA#92100#Napoli#veicolo già assicurato con atr#No#No#BM#14#0#0#0#0#0#0#0#0#3,000,000
Quixa#460#2010-04-15#Honda#3#100#SH 125#I#si#100#Persona fisica#F#52#Napoli#80100#Napoli#3#SI#Impiegato#M#40#NA#92100#Napoli#veicolo già assicurato con atr#No#No#BM#14#0#0#0#0#0#0#0#0#3,000,000
Quixa#461#2010-04-15#Honda#3#100#SH 125#I#si#100#Persona fisica#F#53#Napoli#80100#Napoli#3#SI#Impiegato#M#40#NA#92100#Napoli#veicolo già assicurato con atr#No#No#BM#14#0#0#0#0#0#0#0#0#3,000,000
Quixa#462#2010-04-15#Honda#3#100#SH 125#I#si#100#Persona fisica#F#54#Napoli#80100#Napoli#3#SI#Impiegato#M#40#NA#92100#Napoli#veicolo già assicurato con atr#No#No#BM#14#0#0#0#0#0#0#0#0#3,000,000
Quixa#463#2010-04-15#Honda#3#100#SH 125#I#si#100#Persona fisica#F#55#Napoli#80100#Napoli#3#SI#Impiegato#M#40#NA#92100#Napoli#veicolo già assicurato con atr#No#No#BM#14#0#0#0#0#0#0#0#0#3,000,000
Quixa#464#2010-04-15#Honda#3#100#SH 125#I#si#100#Persona fisica#F#56#Napoli#80100#Napoli#3#SI#Impiegato#M#40#NA#92100#Napoli#veicolo già assicurato con atr#No#No#BM#14#0#0#0#0#0#0#0#0#3,000,000
Quixa#465#2010-04-15#Honda#3#100#SH 125#I#si#100#Persona fisica#F#57#Napoli#80100#Napoli#3#SI#Impiegato#M#40#NA#92100#Napoli#veicolo già assicurato con atr#No#No#BM#14#0#0#0#0#0#0#0#0#3,000,000
Quixa#466#2010-04-15#Honda#3#100#SH 125#I#si#100#Persona fisica#F#58#Napoli#80100#Napoli#3#SI#Impiegato#M#40#NA#92100#Napoli#veicolo già assicurato con atr#No#No#BM#14#0#0#0#0#0#0#0#0#3,000,000
Quixa#467#2010-04-15#Honda#3#100#SH 125#I#si#100#Persona fisica#F#59#Napoli#80100#Napoli#3#SI#Impiegato#M#40#NA#92100#Napoli#veicolo già assicurato con atr#No#No#BM#14#0#0#0#0#0#0#0#0#3,000,000
Quixa#468#2010-04-15#Honda#3#100#SH 125#I#si#100#Persona fisica#F#60#Napoli#80100#Napoli#3#SI#Impiegato#M#40#NA#92100#Napoli#veicolo già assicurato con atr#No#No#BM#14#0#0#0#0#0#0#0#0#3,000,000
Quixa#469#2010-04-15#Honda#3#100#SH 125#I#si#100#Persona fisica#F#61#Napoli#80100#Napoli#3#SI#Impiegato#M#40#NA#92100#Napoli#veicolo già assicurato con atr#No#No#BM#14#0#0#0#0#0#0#0#0#3,000,000
Quixa#470#2010-04-15#Honda#3#100#SH 125#I#si#100#Persona fisica#F#62#Napoli#80100#Napoli#3#SI#Impiegato#M#40#NA#92100#Napoli#veicolo già assicurato con atr#No#No#BM#14#0#0#0#0#0#0#0#0#3,000,000
Quixa#471#2010-04-15#Honda#3#100#SH 125#I#si#100#Persona fisica#F#63#Napoli#80100#Napoli#3#SI#Impiegato#M#40#NA#92100#Napoli#veicolo già assicurato con atr#No#No#BM#14#0#0#0#0#0#0#0#0#3,000,000
Quixa#472#2010-04-15#Honda#3#100#SH 125#I#si#100#Persona fisica#F#64#Napoli#80100#Napoli#3#SI#Impiegato#M#40#NA#92100#Napoli#veicolo già assicurato con atr#No#No#BM#14#0#0#0#0#0#0#0#0#3,000,000
Quixa#473#2010-04-15#Honda#3#100#SH 125#I#si#100#Persona fisica#F#65#Napoli#80100#Napoli#3#SI#Impiegato#M#40#NA#92100#Napoli#veicolo già assicurato con atr#No#No#BM#14#0#0#0#0#0#0#0#0#3,000,000
Quixa#474#2010-04-15#Honda#3#100#SH 125#I#si#100#Persona fisica#F#66#Napoli#80100#Napoli#3#SI#Impiegato#M#40#NA#92100#Napoli#veicolo già assicurato con atr#No#No#BM#14#0#0#0#0#0#0#0#0#3,000,000
Quixa#475#2010-04-15#Honda#3#100#SH 125#I#si#100#Persona fisica#F#67#Napoli#80100#Napoli#3#SI#Impiegato#M#40#NA#92100#Napoli#veicolo già assicurato con atr#No#No#BM#14#0#0#0#0#0#0#0#0#3,000,000
Quixa#476#2010-04-15#Honda#3#100#SH 125#I#si#100#Persona fisica#F#68#Napoli#80100#Napoli#3#SI#Impiegato#M#40#NA#92100#Napoli#veicolo già assicurato con atr#No#No#BM#14#0#0#0#0#0#0#0#0#3,000,000
Quixa#477#2010-04-15#Honda#3#100#SH 125#I#si#100#Persona fisica#F#69#Napoli#80100#Napoli#3#SI#Impiegato#M#40#NA#92100#Napoli#veicolo già assicurato con atr#No#No#BM#14#0#0#0#0#0#0#0#0#3,000,000
Quixa#478#2010-04-15#Honda#3#100#SH 125#I#si#100#Persona fisica#F#70#Napoli#80100#Napoli#3#SI#Impiegato#M#40#NA#92100#Napoli#veicolo già assicurato con atr#No#No#BM#14#0#0#0#0#0#0#0#0#3,000,000
Quixa#479#2010-04-15#Honda#3#100#SH 125#I#si#100#Persona fisica#F#71#Napoli#80100#Napoli#3#SI#Impiegato#M#40#NA#92100#Napoli#veicolo già assicurato con atr#No#No#BM#14#0#0#0#0#0#0#0#0#3,000,000
Quixa#480#2010-04-15#Honda#3#100#SH 125#I#si#100#Persona fisica#F#72#Napoli#80100#Napoli#3#SI#Impiegato#M#40#NA#92100#Napoli#veicolo già assicurato con atr#No#No#BM#14#0#0#0#0#0#0#0#0#3,000,000
Quixa#481#2010-04-15#Honda#3#100#SH 125#I#si#100#Persona fisica#F#73#Napoli#80100#Napoli#3#SI#Impiegato#M#40#NA#92100#Napoli#veicolo già assicurato con atr#No#No#BM#14#0#0#0#0#0#0#0#0#3,000,000
Quixa#482#2010-04-15#Honda#3#100#SH 125#I#si#100#Persona fisica#F#74#Napoli#80100#Napoli#3#SI#Impiegato#M#40#NA#92100#Napoli#veicolo già assicurato con atr#No#No#BM#14#0#0#0#0#0#0#0#0#3,000,000
Quixa#483#2010-04-15#Honda#3#100#SH 125#I#si#100#Persona fisica#F#75#Napoli#80100#Napoli#3#SI#Impiegato#M#40#NA#92100#Napoli#veicolo già assicurato con atr#No#No#BM#14#0#0#0#0#0#0#0#0#3,000,000
Quixa#484#2010-04-15#Honda#3#100#SH 125#I#si#100#Persona fisica#F#76#Napoli#80100#Napoli#3#SI#Impiegato#M#40#NA#92100#Napoli#veicolo già assicurato con atr#No#No#BM#14#0#0#0#0#0#0#0#0#3,000,000
Quixa#485#2010-04-15#Honda#3#100#SH 125#I#si#100#Persona fisica#F#77#Napoli#80100#Napoli#3#SI#Impiegato#M#40#NA#92100#Napoli#veicolo già assicurato con atr#No#No#BM#14#0#0#0#0#0#0#0#0#3,000,000
Quixa#486#2010-04-15#Honda#3#100#SH 125#I#si#100#Persona fisica#F#78#Napoli#80100#Napoli#3#SI#Impiegato#M#40#NA#92100#Napoli#veicolo già assicurato con atr#No#No#BM#14#0#0#0#0#0#0#0#0#3,000,000
Quixa#487#2010-04-15#Honda#3#100#SH 125#I#si#100#Persona fisica#F#79#Napoli#80100#Napoli#3#SI#Impiegato#M#40#NA#92100#Napoli#veicolo già assicurato con atr#No#No#BM#14#0#0#0#0#0#0#0#0#3,000,000
Quixa#488#2010-04-15#Honda#3#100#SH 125#I#si#100#Persona fisica#F#80#Napoli#80100#Napoli#3#SI#Impiegato#M#40#NA#92100#Napoli#veicolo già assicurato con atr#No#No#BM#14#0#0#0#0#0#0#0#0#3,000,000
Quixa#489#2010-04-15#Honda#3#100#SH 125#I#si#100#Persona Giuridica###Napoli#80100#Napoli#3#SI#Impiegato#M#40#NA#92100#Napoli#veicolo già assicurato con atr#No#No#BM#14#0#0#0#0#0#0#0#0#3,000,000
Quixa#490#2010-04-15#Honda#0#100#SH 125#I#si#100#Persona fisica#M#40#Napoli#80100#Napoli#3#SI#Impiegato#M#40#NA#92100#Napoli#1a immatricolazione dopo l’acquisto del veicolo#Si#No#BM#1#0#0#0#0#0#0#0#0#3,000,000
Quixa#491#2010-04-15#Honda#0#100#SH 125#I#si#100#Persona fisica#M#40#Napoli#80100#Napoli#3#SI#Impiegato#M#40#NA#92100#Napoli#1a immatricolazione dopo l’acquisto del veicolo#Si#No#BM#2#0#0#0#0#0#0#0#0#3,000,000
Quixa#492#2010-04-15#Honda#0#100#SH 125#I#si#100#Persona fisica#M#40#Napoli#80100#Napoli#3#SI#Impiegato#M#40#NA#92100#Napoli#1a immatricolazione dopo l’acquisto del veicolo#Si#No#BM#3#0#0#0#0#0#0#0#0#3,000,000
Quixa#493#2010-04-15#Honda#0#100#SH 125#I#si#100#Persona fisica#M#40#Napoli#80100#Napoli#3#SI#Impiegato#M#40#NA#92100#Napoli#1a immatricolazione dopo l’acquisto del veicolo#Si#No#BM#4#0#0#0#0#0#0#0#0#3,000,000
Quixa#494#2010-04-15#Honda#0#100#SH 125#I#si#100#Persona fisica#M#40#Napoli#80100#Napoli#3#SI#Impiegato#M#40#NA#92100#Napoli#1a immatricolazione dopo l’acquisto del veicolo#Si#No#BM#5#0#0#0#0#0#0#0#0#3,000,000
Quixa#495#2010-04-15#Honda#0#100#SH 125#I#si#100#Persona fisica#M#40#Napoli#80100#Napoli#3#SI#Impiegato#M#40#NA#92100#Napoli#1a immatricolazione dopo l’acquisto del veicolo#Si#No#BM#6#0#0#0#0#0#0#0#0#3,000,000
Quixa#496#2010-04-15#Honda#0#100#SH 125#I#si#100#Persona fisica#M#40#Napoli#80100#Napoli#3#SI#Impiegato#M#40#NA#92100#Napoli#1a immatricolazione dopo l’acquisto del veicolo#Si#No#BM#7#0#0#0#0#0#0#0#0#3,000,000
Quixa#497#2010-04-15#Honda#0#100#SH 125#I#si#100#Persona fisica#M#40#Napoli#80100#Napoli#3#SI#Impiegato#M#40#NA#92100#Napoli#1a immatricolazione dopo l’acquisto del veicolo#Si#No#BM#8#0#0#0#0#0#0#0#0#3,000,000
Quixa#498#2010-04-15#Honda#0#100#SH 125#I#si#100#Persona fisica#M#40#Napoli#80100#Napoli#3#SI#Impiegato#M#40#NA#92100#Napoli#1a immatricolazione dopo l’acquisto del veicolo#Si#No#BM#9#0#0#0#0#0#0#0#0#3,000,000
Quixa#499#2010-04-15#Honda#0#100#SH 125#I#si#100#Persona fisica#M#40#Napoli#80100#Napoli#3#SI#Impiegato#M#40#NA#92100#Napoli#1a immatricolazione dopo l’acquisto del veicolo#Si#No#BM#10#0#0#0#0#0#0#0#0#3,000,000
Quixa#500#2010-04-15#Honda#0#100#SH 125#I#si#100#Persona fisica#M#40#Napoli#80100#Napoli#3#SI#Impiegato#M#40#NA#92100#Napoli#1a immatricolazione dopo l’acquisto del veicolo#Si#No#BM#11#0#0#0#0#0#0#0#0#3,000,000
Quixa#501#2010-04-15#Honda#0#100#SH 125#I#si#100#Persona fisica#M#40#Napoli#80100#Napoli#3#SI#Impiegato#M#40#NA#92100#Napoli#1a immatricolazione dopo l’acquisto del veicolo#Si#No#BM#12#0#0#0#0#0#0#0#0#3,000,000
Quixa#502#2010-04-15#Honda#0#100#SH 125#I#si#100#Persona fisica#M#40#Napoli#80100#Napoli#3#SI#Impiegato#M#40#NA#92100#Napoli#1a immatricolazione dopo l’acquisto del veicolo#Si#No#BM#14#0#0#0#0#0#0#0#0#3,000,000
Quixa#503#2010-04-15#Honda#0#100#SH 125#I#si#100#Persona fisica#M#40#Napoli#80100#Napoli#3#SI#Impiegato#M#40#NA#92100#Napoli#1a immatricolazione dopo l’acquisto del veicolo#Si#No#BM#15#0#0#0#0#0#0#0#0#3,000,000
Quixa#504#2010-04-15#Honda#0#100#SH 125#I#si#100#Persona fisica#M#40#Napoli#80100#Napoli#3#SI#Impiegato#M#40#NA#92100#Napoli#1a immatricolazione dopo l’acquisto del veicolo#Si#No#BM#16#0#0#0#0#0#0#0#0#3,000,000
Quixa#505#2010-04-15#Honda#0#100#SH 125#I#si#100#Persona fisica#M#40#Napoli#80100#Napoli#3#SI#Impiegato#M#40#NA#92100#Napoli#1a immatricolazione dopo l’acquisto del veicolo#Si#No#BM#17#0#0#0#0#0#0#0#0#3,000,000
Quixa#506#2010-04-15#Honda#0#100#SH 125#I#si#100#Persona fisica#M#40#Napoli#80100#Napoli#3#SI#Impiegato#M#40#NA#92100#Napoli#1a immatricolazione dopo l’acquisto del veicolo#Si#No#BM#18#0#0#0#0#0#0#0#0#3,000,000
