Fonsai - ciclomotori#1#2010-04-15#marca#modello#3#no#Persona Fisica#M#40#Napoli#80121#Napoli#Uomo#40#Napoli#80121#Napoli#veicolo già assicurato con atr#no#BM#14#0#0#0#0#0#0#0#0#3,000,000
Fonsai - ciclomotori#2#2010-04-15#marca#modello#3#no#Persona Fisica#M#40#Agrigento#92100#Agrigento#Uomo#40#Agrigento#92100#Agrigento#veicolo già assicurato con atr#no#BM#14#0#0#0#0#0#0#0#0#3,000,000
Fonsai - ciclomotori#3#2010-04-15#marca#modello#3#no#Persona Fisica#M#40#Alessandria#15100#Alessandria#Uomo#40#Alessandria#15100#Alessandria#veicolo già assicurato con atr#no#BM#14#0#0#0#0#0#0#0#0#3,000,000
Fonsai - ciclomotori#4#2010-04-15#marca#modello#3#no#Persona Fisica#M#40#Ancona#60100#Ancona#Uomo#40#Ancona#60100#Ancona#veicolo già assicurato con atr#no#BM#14#0#0#0#0#0#0#0#0#3,000,000
Fonsai - ciclomotori#5#2010-04-15#marca#modello#3#no#Persona Fisica#M#40#Aosta#11100#Aosta#Uomo#40#Aosta#11100#Aosta#veicolo già assicurato con atr#no#BM#14#0#0#0#0#0#0#0#0#3,000,000
Fonsai - ciclomotori#6#2010-04-15#marca#modello#3#no#Persona Fisica#M#40#Arezzo#52100#Arezzo#Uomo#40#Arezzo#52100#Arezzo#veicolo già assicurato con atr#no#BM#14#0#0#0#0#0#0#0#0#3,000,000
Fonsai - ciclomotori#7#2010-04-15#marca#modello#3#no#Persona Fisica#M#40#Ascoli Piceno#63100#Ascoli Piceno#Uomo#40#Ascoli Piceno#63100#Ascoli Piceno#veicolo già assicurato con atr#no#BM#14#0#0#0#0#0#0#0#0#3,000,000
Fonsai - ciclomotori#8#2010-04-15#marca#modello#3#no#Persona Fisica#M#40#Asti#14100#Asti#Uomo#40#Asti#14100#Asti#veicolo già assicurato con atr#no#BM#14#0#0#0#0#0#0#0#0#3,000,000
Fonsai - ciclomotori#9#2010-04-15#marca#modello#3#no#Persona Fisica#M#40#Avellino#83100#Avellino#Uomo#40#Avellino#83100#Avellino#veicolo già assicurato con atr#no#BM#14#0#0#0#0#0#0#0#0#3,000,000
Fonsai - ciclomotori#10#2010-04-15#marca#modello#3#no#Persona Fisica#M#40#Bari#70121#Bari#Uomo#40#Bari#70121#Bari#veicolo già assicurato con atr#no#BM#14#0#0#0#0#0#0#0#0#3,000,000
Fonsai - ciclomotori#11#2010-04-15#marca#modello#3#no#Persona Fisica#M#40#Belluno#32100#Belluno#Uomo#40#Belluno#32100#Belluno#veicolo già assicurato con atr#no#BM#14#0#0#0#0#0#0#0#0#3,000,000
Fonsai - ciclomotori#12#2010-04-15#marca#modello#3#no#Persona Fisica#M#40#Benevento#82100#Benevento#Uomo#40#Benevento#82100#Benevento#veicolo già assicurato con atr#no#BM#14#0#0#0#0#0#0#0#0#3,000,000
Fonsai - ciclomotori#13#2010-04-15#marca#modello#3#no#Persona Fisica#M#40#Bergamo#24100#Bergamo#Uomo#40#Bergamo#24100#Bergamo#veicolo già assicurato con atr#no#BM#14#0#0#0#0#0#0#0#0#3,000,000
Fonsai - ciclomotori#14#2010-04-15#marca#modello#3#no#Persona Fisica#M#40#Biella#13900#Biella#Uomo#40#Biella#13900#Biella#veicolo già assicurato con atr#no#BM#14#0#0#0#0#0#0#0#0#3,000,000
Fonsai - ciclomotori#15#2010-04-15#marca#modello#3#no#Persona Fisica#M#40#Bologna#40126#Bologna#Uomo#40#Bologna#40126#Bologna#veicolo già assicurato con atr#no#BM#14#0#0#0#0#0#0#0#0#3,000,000
Fonsai - ciclomotori#16#2010-04-15#marca#modello#3#no#Persona Fisica#M#40#Bolzano#39100#Bolzano#Uomo#40#Bolzano#39100#Bolzano#veicolo già assicurato con atr#no#BM#14#0#0#0#0#0#0#0#0#3,000,000
Fonsai - ciclomotori#17#2010-04-15#marca#modello#3#no#Persona Fisica#M#40#Brescia#25100#Brescia#Uomo#40#Brescia#25100#Brescia#veicolo già assicurato con atr#no#BM#14#0#0#0#0#0#0#0#0#3,000,000
Fonsai - ciclomotori#18#2010-04-15#marca#modello#3#no#Persona Fisica#M#40#Brindisi#72100#Brindisi#Uomo#40#Brindisi#72100#Brindisi#veicolo già assicurato con atr#no#BM#14#0#0#0#0#0#0#0#0#3,000,000
Fonsai - ciclomotori#19#2010-04-15#marca#modello#3#no#Persona Fisica#M#40#Cagliari#09121#Cagliari#Uomo#40#Cagliari#09121#Cagliari#veicolo già assicurato con atr#no#BM#14#0#0#0#0#0#0#0#0#3,000,000
Fonsai - ciclomotori#20#2010-04-15#marca#modello#3#no#Persona Fisica#M#40#Caltanissetta#93100#Caltanissetta#Uomo#40#Caltanissetta#93100#Caltanissetta#veicolo già assicurato con atr#no#BM#14#0#0#0#0#0#0#0#0#3,000,000
Fonsai - ciclomotori#21#2010-04-15#marca#modello#3#no#Persona Fisica#M#40#Campobasso#86100#Campobasso#Uomo#40#Campobasso#86100#Campobasso#veicolo già assicurato con atr#no#BM#14#0#0#0#0#0#0#0#0#3,000,000
Fonsai - ciclomotori#22#2010-04-15#marca#modello#3#no#Persona Fisica#M#40#Caserta#81100#Caserta#Uomo#40#Caserta#81100#Caserta#veicolo già assicurato con atr#no#BM#14#0#0#0#0#0#0#0#0#3,000,000
Fonsai - ciclomotori#23#2010-04-15#marca#modello#3#no#Persona Fisica#M#40#Catania#95121#Catania#Uomo#40#Catania#95121#Catania#veicolo già assicurato con atr#no#BM#14#0#0#0#0#0#0#0#0#3,000,000
Fonsai - ciclomotori#24#2010-04-15#marca#modello#3#no#Persona Fisica#M#40#Catanzaro#88100#Catanzaro#Uomo#40#Catanzaro#88100#Catanzaro#veicolo già assicurato con atr#no#BM#14#0#0#0#0#0#0#0#0#3,000,000
Fonsai - ciclomotori#25#2010-04-15#marca#modello#3#no#Persona Fisica#M#40#Chieti#66100#Chieti#Uomo#40#Chieti#66100#Chieti#veicolo già assicurato con atr#no#BM#14#0#0#0#0#0#0#0#0#3,000,000
Fonsai - ciclomotori#26#2010-04-15#marca#modello#3#no#Persona Fisica#M#40#Como#22100#Como#Uomo#40#Como#22100#Como#veicolo già assicurato con atr#no#BM#14#0#0#0#0#0#0#0#0#3,000,000
Fonsai - ciclomotori#27#2010-04-15#marca#modello#3#no#Persona Fisica#M#40#Cosenza#87100#Cosenza#Uomo#40#Cosenza#87100#Cosenza#veicolo già assicurato con atr#no#BM#14#0#0#0#0#0#0#0#0#3,000,000
Fonsai - ciclomotori#28#2010-04-15#marca#modello#3#no#Persona Fisica#M#40#Cremona#26100#Cremona#Uomo#40#Cremona#26100#Cremona#veicolo già assicurato con atr#no#BM#14#0#0#0#0#0#0#0#0#3,000,000
Fonsai - ciclomotori#29#2010-04-15#marca#modello#3#no#Persona Fisica#M#40#Crotone#88900#Crotone#Uomo#40#Crotone#88900#Crotone#veicolo già assicurato con atr#no#BM#14#0#0#0#0#0#0#0#0#3,000,000
Fonsai - ciclomotori#30#2010-04-15#marca#modello#3#no#Persona Fisica#M#40#Cuneo#12100#Cuneo#Uomo#40#Cuneo#12100#Cuneo#veicolo già assicurato con atr#no#BM#14#0#0#0#0#0#0#0#0#3,000,000
Fonsai - ciclomotori#31#2010-04-15#marca#modello#3#no#Persona Fisica#M#40#Enna#94100#Enna#Uomo#40#Enna#94100#Enna#veicolo già assicurato con atr#no#BM#14#0#0#0#0#0#0#0#0#3,000,000
Fonsai - ciclomotori#32#2010-04-15#marca#modello#3#no#Persona Fisica#M#40#Ferrara#44121#Ferrara#Uomo#40#Ferrara#44121#Ferrara#veicolo già assicurato con atr#no#BM#14#0#0#0#0#0#0#0#0#3,000,000
Fonsai - ciclomotori#33#2010-04-15#marca#modello#3#no#Persona Fisica#M#40#Firenze#50121#Firenze#Uomo#40#Firenze#50121#Firenze#veicolo già assicurato con atr#no#BM#14#0#0#0#0#0#0#0#0#3,000,000
Fonsai - ciclomotori#34#2010-04-15#marca#modello#3#no#Persona Fisica#M#40#Foggia#71121#Foggia#Uomo#40#Foggia#71121#Foggia#veicolo già assicurato con atr#no#BM#14#0#0#0#0#0#0#0#0#3,000,000
Fonsai - ciclomotori#35#2010-04-15#marca#modello#3#no#Persona Fisica#M#40#Forlì#47121#Forlì#Uomo#40#Forlì#47121#Forlì#veicolo già assicurato con atr#no#BM#14#0#0#0#0#0#0#0#0#3,000,000
Fonsai - ciclomotori#36#2010-04-15#marca#modello#3#no#Persona Fisica#M#40#Frosinone#03121#Frosinone#Uomo#40#Frosinone#03121#Frosinone#veicolo già assicurato con atr#no#BM#14#0#0#0#0#0#0#0#0#3,000,000
Fonsai - ciclomotori#37#2010-04-15#marca#modello#3#no#Persona Fisica#M#40#Genova#16121#Genova#Uomo#40#Genova#16121#Genova#veicolo già assicurato con atr#no#BM#14#0#0#0#0#0#0#0#0#3,000,000
Fonsai - ciclomotori#38#2010-04-15#marca#modello#3#no#Persona Fisica#M#40#Gorizia#34170#Gorizia#Uomo#40#Gorizia#34170#Gorizia#veicolo già assicurato con atr#no#BM#14#0#0#0#0#0#0#0#0#3,000,000
Fonsai - ciclomotori#39#2010-04-15#marca#modello#3#no#Persona Fisica#M#40#Grosseto#58100#Grosseto#Uomo#40#Grosseto#58100#Grosseto#veicolo già assicurato con atr#no#BM#14#0#0#0#0#0#0#0#0#3,000,000
Fonsai - ciclomotori#40#2010-04-15#marca#modello#3#no#Persona Fisica#M#40#Imperia#18100#Imperia#Uomo#40#Imperia#18100#Imperia#veicolo già assicurato con atr#no#BM#14#0#0#0#0#0#0#0#0#3,000,000
Fonsai - ciclomotori#41#2010-04-15#marca#modello#3#no#Persona Fisica#M#40#Isernia#86170#Isernia#Uomo#40#Isernia#86170#Isernia#veicolo già assicurato con atr#no#BM#14#0#0#0#0#0#0#0#0#3,000,000
Fonsai - ciclomotori#42#2010-04-15#marca#modello#3#no#Persona Fisica#M#40#L'Aquila#67100#L'Aquila#Uomo#40#L'Aquila#67100#L'Aquila#veicolo già assicurato con atr#no#BM#14#0#0#0#0#0#0#0#0#3,000,000
Fonsai - ciclomotori#43#2010-04-15#marca#modello#3#no#Persona Fisica#M#40#La Spezia#19121#La Spezia#Uomo#40#La Spezia#19121#La Spezia#veicolo già assicurato con atr#no#BM#14#0#0#0#0#0#0#0#0#3,000,000
Fonsai - ciclomotori#44#2010-04-15#marca#modello#3#no#Persona Fisica#M#40#Latina#04121#Latina#Uomo#40#Latina#04121#Latina#veicolo già assicurato con atr#no#BM#14#0#0#0#0#0#0#0#0#3,000,000
Fonsai - ciclomotori#45#2010-04-15#marca#modello#3#no#Persona Fisica#M#40#Lecce#73100#Lecce#Uomo#40#Lecce#73100#Lecce#veicolo già assicurato con atr#no#BM#14#0#0#0#0#0#0#0#0#3,000,000
Fonsai - ciclomotori#46#2010-04-15#marca#modello#3#no#Persona Fisica#M#40#Lecco#23900#Lecco#Uomo#40#Lecco#23900#Lecco#veicolo già assicurato con atr#no#BM#14#0#0#0#0#0#0#0#0#3,000,000
Fonsai - ciclomotori#47#2010-04-15#marca#modello#3#no#Persona Fisica#M#40#Livorno#57121#Livorno#Uomo#40#Livorno#57121#Livorno#veicolo già assicurato con atr#no#BM#14#0#0#0#0#0#0#0#0#3,000,000
Fonsai - ciclomotori#48#2010-04-15#marca#modello#3#no#Persona Fisica#M#40#Lodi#26900#Lodi#Uomo#40#Lodi#26900#Lodi#veicolo già assicurato con atr#no#BM#14#0#0#0#0#0#0#0#0#3,000,000
Fonsai - ciclomotori#49#2010-04-15#marca#modello#3#no#Persona Fisica#M#40#Lucca#55100#Lucca#Uomo#40#Lucca#55100#Lucca#veicolo già assicurato con atr#no#BM#14#0#0#0#0#0#0#0#0#3,000,000
Fonsai - ciclomotori#50#2010-04-15#marca#modello#3#no#Persona Fisica#M#40#Macerata#62100#Macerata#Uomo#40#Macerata#62100#Macerata#veicolo già assicurato con atr#no#BM#14#0#0#0#0#0#0#0#0#3,000,000
Fonsai - ciclomotori#51#2010-04-15#marca#modello#3#no#Persona Fisica#M#40#Mantova#46100#Mantova#Uomo#40#Mantova#46100#Mantova#veicolo già assicurato con atr#no#BM#14#0#0#0#0#0#0#0#0#3,000,000
Fonsai - ciclomotori#52#2010-04-15#marca#modello#3#no#Persona Fisica#M#40#Massa Carrara#54100#Massa Carrara#Uomo#40#Massa Carrara#54100#Massa Carrara#veicolo già assicurato con atr#no#BM#14#0#0#0#0#0#0#0#0#3,000,000
Fonsai - ciclomotori#53#2010-04-15#marca#modello#3#no#Persona Fisica#M#40#Matera#75100#Matera#Uomo#40#Matera#75100#Matera#veicolo già assicurato con atr#no#BM#14#0#0#0#0#0#0#0#0#3,000,000
Fonsai - ciclomotori#54#2010-04-15#marca#modello#3#no#Persona Fisica#M#40#Messina#98121#Messina#Uomo#40#Messina#98121#Messina#veicolo già assicurato con atr#no#BM#14#0#0#0#0#0#0#0#0#3,000,000
Fonsai - ciclomotori#55#2010-04-15#marca#modello#3#no#Persona Fisica#M#40#Milano#20121#Milano#Uomo#40#Milano#20121#Milano#veicolo già assicurato con atr#no#BM#14#0#0#0#0#0#0#0#0#3,000,000
Fonsai - ciclomotori#56#2010-04-15#marca#modello#3#no#Persona Fisica#M#40#Modena#41100#Modena#Uomo#40#Modena#41100#Modena#veicolo già assicurato con atr#no#BM#14#0#0#0#0#0#0#0#0#3,000,000
Fonsai - ciclomotori#57#2010-04-15#marca#modello#3#no#Persona Fisica#M#40#Napoli#80121#Napoli#Uomo#40#Napoli#80121#Napoli#veicolo già assicurato con atr#no#BM#14#0#0#0#0#0#0#0#0#3,000,000
Fonsai - ciclomotori#58#2010-04-15#marca#modello#3#no#Persona Fisica#M#40#Novara#28100#Novara#Uomo#40#Novara#28100#Novara#veicolo già assicurato con atr#no#BM#14#0#0#0#0#0#0#0#0#3,000,000
Fonsai - ciclomotori#59#2010-04-15#marca#modello#3#no#Persona Fisica#M#40#Nuoro#08121#Nuoro#Uomo#40#Nuoro#08121#Nuoro#veicolo già assicurato con atr#no#BM#14#0#0#0#0#0#0#0#0#3,000,000
Fonsai - ciclomotori#60#2010-04-15#marca#modello#3#no#Persona Fisica#M#40#Oristano#09170#Oristano#Uomo#40#Oristano#09170#Oristano#veicolo già assicurato con atr#no#BM#14#0#0#0#0#0#0#0#0#3,000,000
Fonsai - ciclomotori#61#2010-04-15#marca#modello#3#no#Persona Fisica#M#40#Padova#35121#Padova#Uomo#40#Padova#35121#Padova#veicolo già assicurato con atr#no#BM#14#0#0#0#0#0#0#0#0#3,000,000
Fonsai - ciclomotori#62#2010-04-15#marca#modello#3#no#Persona Fisica#M#40#Palermo#90121#Palermo#Uomo#40#Palermo#90121#Palermo#veicolo già assicurato con atr#no#BM#14#0#0#0#0#0#0#0#0#3,000,000
Fonsai - ciclomotori#63#2010-04-15#marca#modello#3#no#Persona Fisica#M#40#Parma#43121#Parma#Uomo#40#Parma#43121#Parma#veicolo già assicurato con atr#no#BM#14#0#0#0#0#0#0#0#0#3,000,000
Fonsai - ciclomotori#64#2010-04-15#marca#modello#3#no#Persona Fisica#M#40#Pavia#27100#Pavia#Uomo#40#Pavia#27100#Pavia#veicolo già assicurato con atr#no#BM#14#0#0#0#0#0#0#0#0#3,000,000
Fonsai - ciclomotori#65#2010-04-15#marca#modello#3#no#Persona Fisica#M#40#Perugia#06121#Perugia#Uomo#40#Perugia#06121#Perugia#veicolo già assicurato con atr#no#BM#14#0#0#0#0#0#0#0#0#3,000,000
Fonsai - ciclomotori#66#2010-04-15#marca#modello#3#no#Persona Fisica#M#40#Pesaro#61121#Pesaro#Uomo#40#Pesaro#61121#Pesaro#veicolo già assicurato con atr#no#BM#14#0#0#0#0#0#0#0#0#3,000,000
Fonsai - ciclomotori#67#2010-04-15#marca#modello#3#no#Persona Fisica#M#40#Pescara#65121#Pescara#Uomo#40#Pescara#65121#Pescara#veicolo già assicurato con atr#no#BM#14#0#0#0#0#0#0#0#0#3,000,000
Fonsai - ciclomotori#68#2010-04-15#marca#modello#3#no#Persona Fisica#M#40#Piacenza#29121#Piacenza#Uomo#40#Piacenza#29121#Piacenza#veicolo già assicurato con atr#no#BM#14#0#0#0#0#0#0#0#0#3,000,000
Fonsai - ciclomotori#69#2010-04-15#marca#modello#3#no#Persona Fisica#M#40#Pisa#56121#Pisa#Uomo#40#Pisa#56121#Pisa#veicolo già assicurato con atr#no#BM#14#0#0#0#0#0#0#0#0#3,000,000
Fonsai - ciclomotori#70#2010-04-15#marca#modello#3#no#Persona Fisica#M#40#Pistoia#51100#Pistoia#Uomo#40#Pistoia#51100#Pistoia#veicolo già assicurato con atr#no#BM#14#0#0#0#0#0#0#0#0#3,000,000
Fonsai - ciclomotori#71#2010-04-15#marca#modello#3#no#Persona Fisica#M#40#Pordenone#33170#Pordenone#Uomo#40#Pordenone#33170#Pordenone#veicolo già assicurato con atr#no#BM#14#0#0#0#0#0#0#0#0#3,000,000
Fonsai - ciclomotori#72#2010-04-15#marca#modello#3#no#Persona Fisica#M#40#Potenza#85100#Potenza#Uomo#40#Potenza#85100#Potenza#veicolo già assicurato con atr#no#BM#14#0#0#0#0#0#0#0#0#3,000,000
Fonsai - ciclomotori#73#2010-04-15#marca#modello#3#no#Persona Fisica#M#40#Prato#59100#Prato#Uomo#40#Prato#59100#Prato#veicolo già assicurato con atr#no#BM#14#0#0#0#0#0#0#0#0#3,000,000
Fonsai - ciclomotori#74#2010-04-15#marca#modello#3#no#Persona Fisica#M#40#Ragusa#97100#Ragusa#Uomo#40#Ragusa#97100#Ragusa#veicolo già assicurato con atr#no#BM#14#0#0#0#0#0#0#0#0#3,000,000
Fonsai - ciclomotori#75#2010-04-15#marca#modello#3#no#Persona Fisica#M#40#Ravenna#48121#Ravenna#Uomo#40#Ravenna#48121#Ravenna#veicolo già assicurato con atr#no#BM#14#0#0#0#0#0#0#0#0#3,000,000
Fonsai - ciclomotori#76#2010-04-15#marca#modello#3#no#Persona Fisica#M#40#Reggio Calabria#89121#Reggio Calabria#Uomo#40#Reggio Calabria#89121#Reggio Calabria#veicolo già assicurato con atr#no#BM#14#0#0#0#0#0#0#0#0#3,000,000
Fonsai - ciclomotori#77#2010-04-15#marca#modello#3#no#Persona Fisica#M#40#Reggio Emilia#42121#Reggio Emilia#Uomo#40#Reggio Emilia#42121#Reggio Emilia#veicolo già assicurato con atr#no#BM#14#0#0#0#0#0#0#0#0#3,000,000
Fonsai - ciclomotori#78#2010-04-15#marca#modello#3#no#Persona Fisica#M#40#Rieti#02100#Rieti#Uomo#40#Rieti#02100#Rieti#veicolo già assicurato con atr#no#BM#14#0#0#0#0#0#0#0#0#3,000,000
Fonsai - ciclomotori#79#2010-04-15#marca#modello#3#no#Persona Fisica#M#40#Rimini#47921#Rimini#Uomo#40#Rimini#47921#Rimini#veicolo già assicurato con atr#no#BM#14#0#0#0#0#0#0#0#0#3,000,000
Fonsai - ciclomotori#80#2010-04-15#marca#modello#3#no#Persona Fisica#M#40#Roma#00121#Roma#Uomo#40#Roma#00121#Roma#veicolo già assicurato con atr#no#BM#14#0#0#0#0#0#0#0#0#3,000,000
Fonsai - ciclomotori#81#2010-04-15#marca#modello#3#no#Persona Fisica#M#40#Rovigo#45100#Rovigo#Uomo#40#Rovigo#45100#Rovigo#veicolo già assicurato con atr#no#BM#14#0#0#0#0#0#0#0#0#3,000,000
Fonsai - ciclomotori#82#2010-04-15#marca#modello#3#no#Persona Fisica#M#40#Salerno#84121#Salerno#Uomo#40#Salerno#84121#Salerno#veicolo già assicurato con atr#no#BM#14#0#0#0#0#0#0#0#0#3,000,000
Fonsai - ciclomotori#83#2010-04-15#marca#modello#3#no#Persona Fisica#M#40#Sassari#7100#Sassari#Uomo#40#Sassari#7100#Sassari#veicolo già assicurato con atr#no#BM#14#0#0#0#0#0#0#0#0#3,000,000
Fonsai - ciclomotori#84#2010-04-15#marca#modello#3#no#Persona Fisica#M#40#Savona#17100#Savona#Uomo#40#Savona#17100#Savona#veicolo già assicurato con atr#no#BM#14#0#0#0#0#0#0#0#0#3,000,000
Fonsai - ciclomotori#85#2010-04-15#marca#modello#3#no#Persona Fisica#M#40#Siena#53100#Siena#Uomo#40#Siena#53100#Siena#veicolo già assicurato con atr#no#BM#14#0#0#0#0#0#0#0#0#3,000,000
Fonsai - ciclomotori#86#2010-04-15#marca#modello#3#no#Persona Fisica#M#40#Siracusa#96100#Siracusa#Uomo#40#Siracusa#96100#Siracusa#veicolo già assicurato con atr#no#BM#14#0#0#0#0#0#0#0#0#3,000,000
Fonsai - ciclomotori#87#2010-04-15#marca#modello#3#no#Persona Fisica#M#40#Sondrio#23100#Sondrio#Uomo#40#Sondrio#23100#Sondrio#veicolo già assicurato con atr#no#BM#14#0#0#0#0#0#0#0#0#3,000,000
Fonsai - ciclomotori#88#2010-04-15#marca#modello#3#no#Persona Fisica#M#40#Taranto#74121#Taranto#Uomo#40#Taranto#74121#Taranto#veicolo già assicurato con atr#no#BM#14#0#0#0#0#0#0#0#0#3,000,000
Fonsai - ciclomotori#89#2010-04-15#marca#modello#3#no#Persona Fisica#M#40#Teramo#64100#Teramo#Uomo#40#Teramo#64100#Teramo#veicolo già assicurato con atr#no#BM#14#0#0#0#0#0#0#0#0#3,000,000
Fonsai - ciclomotori#90#2010-04-15#marca#modello#3#no#Persona Fisica#M#40#Terni#05100#Terni#Uomo#40#Terni#05100#Terni#veicolo già assicurato con atr#no#BM#14#0#0#0#0#0#0#0#0#3,000,000
Fonsai - ciclomotori#91#2010-04-15#marca#modello#3#no#Persona Fisica#M#40#Torino#10121#Torino#Uomo#40#Torino#10121#Torino#veicolo già assicurato con atr#no#BM#14#0#0#0#0#0#0#0#0#3,000,000
Fonsai - ciclomotori#92#2010-04-15#marca#modello#3#no#Persona Fisica#M#40#Trapani#91100#Trapani#Uomo#40#Trapani#91100#Trapani#veicolo già assicurato con atr#no#BM#14#0#0#0#0#0#0#0#0#3,000,000
Fonsai - ciclomotori#93#2010-04-15#marca#modello#3#no#Persona Fisica#M#40#Trento#38121#Trento#Uomo#40#Trento#38121#Trento#veicolo già assicurato con atr#no#BM#14#0#0#0#0#0#0#0#0#3,000,000
Fonsai - ciclomotori#94#2010-04-15#marca#modello#3#no#Persona Fisica#M#40#Treviso#31100#Treviso#Uomo#40#Treviso#31100#Treviso#veicolo già assicurato con atr#no#BM#14#0#0#0#0#0#0#0#0#3,000,000
Fonsai - ciclomotori#95#2010-04-15#marca#modello#3#no#Persona Fisica#M#40#Trieste#34121#Trieste#Uomo#40#Trieste#34121#Trieste#veicolo già assicurato con atr#no#BM#14#0#0#0#0#0#0#0#0#3,000,000
Fonsai - ciclomotori#96#2010-04-15#marca#modello#3#no#Persona Fisica#M#40#Udine#33100#Udine#Uomo#40#Udine#33100#Udine#veicolo già assicurato con atr#no#BM#14#0#0#0#0#0#0#0#0#3,000,000
Fonsai - ciclomotori#97#2010-04-15#marca#modello#3#no#Persona Fisica#M#40#Varese#21100#Varese#Uomo#40#Varese#21100#Varese#veicolo già assicurato con atr#no#BM#14#0#0#0#0#0#0#0#0#3,000,000
Fonsai - ciclomotori#98#2010-04-15#marca#modello#3#no#Persona Fisica#M#40#Venezia#30121#Venezia#Uomo#40#Venezia#30121#Venezia#veicolo già assicurato con atr#no#BM#14#0#0#0#0#0#0#0#0#3,000,000
Fonsai - ciclomotori#99#2010-04-15#marca#modello#3#no#Persona Fisica#M#40#Verbania#28921#Verbania#Uomo#40#Verbania#28921#Verbania#veicolo già assicurato con atr#no#BM#14#0#0#0#0#0#0#0#0#3,000,000
Fonsai - ciclomotori#100#2010-04-15#marca#modello#3#no#Persona Fisica#M#40#Vercelli#13100#Vercelli#Uomo#40#Vercelli#13100#Vercelli#veicolo già assicurato con atr#no#BM#14#0#0#0#0#0#0#0#0#3,000,000
Fonsai - ciclomotori#101#2010-04-15#marca#modello#3#no#Persona Fisica#M#40#Verona#37121#Verona#Uomo#40#Verona#37121#Verona#veicolo già assicurato con atr#no#BM#14#0#0#0#0#0#0#0#0#3,000,000
Fonsai - ciclomotori#102#2010-04-15#marca#modello#3#no#Persona Fisica#M#40#Vibo Valentia#89900#Vibo Valentia#Uomo#40#Vibo Valentia#89900#Vibo Valentia#veicolo già assicurato con atr#no#BM#14#0#0#0#0#0#0#0#0#3,000,000
Fonsai - ciclomotori#103#2010-04-15#marca#modello#3#no#Persona Fisica#M#40#Vicenza#36100#Vicenza#Uomo#40#Vicenza#36100#Vicenza#veicolo già assicurato con atr#no#BM#14#0#0#0#0#0#0#0#0#3,000,000
Fonsai - ciclomotori#104#2010-04-15#marca#modello#3#no#Persona Fisica#M#40#Viterbo#01100#Viterbo#Uomo#40#Viterbo#01100#Viterbo#veicolo già assicurato con atr#no#BM#14#0#0#0#0#0#0#0#0#3,000,000
Fonsai - ciclomotori#105#2010-04-15#marca#modello#3#no#Persona Fisica#M#40#Agrigento#92019#Sciacca #Uomo#40#Agrigento#92019#Sciacca #veicolo già assicurato con atr#no#BM#14#0#0#0#0#0#0#0#0#3,000,000
Fonsai - ciclomotori#106#2010-04-15#marca#modello#3#no#Persona Fisica#M#40#Alessandria#15010#Cavatore #Uomo#40#Alessandria#15010#Cavatore #veicolo già assicurato con atr#no#BM#14#0#0#0#0#0#0#0#0#3,000,000
Fonsai - ciclomotori#107#2010-04-15#marca#modello#3#no#Persona Fisica#M#40#Ancona#60018#Montemarciano #Uomo#40#Ancona#60018#Montemarciano #veicolo già assicurato con atr#no#BM#14#0#0#0#0#0#0#0#0#3,000,000
Fonsai - ciclomotori#108#2010-04-15#marca#modello#3#no#Persona Fisica#M#40#Aosta#11015#La Salle #Uomo#40#Aosta#11015#La Salle #veicolo già assicurato con atr#no#BM#14#0#0#0#0#0#0#0#0#3,000,000
Fonsai - ciclomotori#109#2010-04-15#marca#modello#3#no#Persona Fisica#M#40#Arezzo#52010#Capolona #Uomo#40#Arezzo#52010#Capolona #veicolo già assicurato con atr#no#BM#14#0#0#0#0#0#0#0#0#3,000,000
Fonsai - ciclomotori#110#2010-04-15#marca#modello#3#no#Persona Fisica#M#40#Ascoli Piceno#63013#Grottammare #Uomo#40#Ascoli Piceno#63013#Grottammare #veicolo già assicurato con atr#no#BM#14#0#0#0#0#0#0#0#0#3,000,000
Fonsai - ciclomotori#111#2010-04-15#marca#modello#3#no#Persona Fisica#M#40#Asti#14010#Antignano #Uomo#40#Asti#14010#Antignano #veicolo già assicurato con atr#no#BM#14#0#0#0#0#0#0#0#0#3,000,000
Fonsai - ciclomotori#112#2010-04-15#marca#modello#3#no#Persona Fisica#M#40#Avellino#83010#Grottolella #Uomo#40#Avellino#83010#Grottolella #veicolo già assicurato con atr#no#BM#14#0#0#0#0#0#0#0#0#3,000,000
Fonsai - ciclomotori#113#2010-04-15#marca#modello#3#no#Persona Fisica#M#40#Bari#70011#Alberobello #Uomo#40#Bari#70011#Alberobello #veicolo già assicurato con atr#no#BM#14#0#0#0#0#0#0#0#0#3,000,000
Fonsai - ciclomotori#114#2010-04-15#marca#modello#3#no#Persona Fisica#M#40#Belluno#32013#Longarone #Uomo#40#Belluno#32013#Longarone #veicolo già assicurato con atr#no#BM#14#0#0#0#0#0#0#0#0#3,000,000
Fonsai - ciclomotori#115#2010-04-15#marca#modello#3#no#Persona Fisica#M#40#Benevento#82011#Airola #Uomo#40#Benevento#82011#Airola #veicolo già assicurato con atr#no#BM#14#0#0#0#0#0#0#0#0#3,000,000
Fonsai - ciclomotori#116#2010-04-15#marca#modello#3#no#Persona Fisica#M#40#Bergamo#24020#Azzone #Uomo#40#Bergamo#24020#Azzone #veicolo già assicurato con atr#no#BM#14#0#0#0#0#0#0#0#0#3,000,000
Fonsai - ciclomotori#117#2010-04-15#marca#modello#3#no#Persona Fisica#M#40#Biella#13818#Tollegno #Uomo#40#Biella#13818#Tollegno #veicolo già assicurato con atr#no#BM#14#0#0#0#0#0#0#0#0#3,000,000
Fonsai - ciclomotori#118#2010-04-15#marca#modello#3#no#Persona Fisica#M#40#Bologna#40010#Bentivoglio #Uomo#40#Bologna#40010#Bentivoglio #veicolo già assicurato con atr#no#BM#14#0#0#0#0#0#0#0#0#3,000,000
Fonsai - ciclomotori#119#2010-04-15#marca#modello#3#no#Persona Fisica#M#40#Bolzano#39012#Merano #Uomo#40#Bolzano#39012#Merano #veicolo già assicurato con atr#no#BM#14#0#0#0#0#0#0#0#0#3,000,000
Fonsai - ciclomotori#120#2010-04-15#marca#modello#3#no#Persona Fisica#M#40#Brescia#25040#Ceto #Uomo#40#Brescia#25040#Ceto #veicolo già assicurato con atr#no#BM#14#0#0#0#0#0#0#0#0#3,000,000
Fonsai - ciclomotori#121#2010-04-15#marca#modello#3#no#Persona Fisica#M#40#Brindisi#72017#Ostuni #Uomo#40#Brindisi#72017#Ostuni #veicolo già assicurato con atr#no#BM#14#0#0#0#0#0#0#0#0#3,000,000
Fonsai - ciclomotori#122#2010-04-15#marca#modello#3#no#Persona Fisica#M#40#Cagliari#09010#Giba #Uomo#40#Cagliari#09010#Giba #veicolo già assicurato con atr#no#BM#14#0#0#0#0#0#0#0#0#3,000,000
Fonsai - ciclomotori#123#2010-04-15#marca#modello#3#no#Persona Fisica#M#40#Caltanissetta#93010#Campofranco #Uomo#40#Caltanissetta#93010#Campofranco #veicolo già assicurato con atr#no#BM#14#0#0#0#0#0#0#0#0#3,000,000
Fonsai - ciclomotori#124#2010-04-15#marca#modello#3#no#Persona Fisica#M#40#Campobasso#86013#Gambatesa #Uomo#40#Campobasso#86013#Gambatesa #veicolo già assicurato con atr#no#BM#14#0#0#0#0#0#0#0#0#3,000,000
Fonsai - ciclomotori#125#2010-04-15#marca#modello#3#no#Persona Fisica#M#40#Caserta#81020#Capodrise #Uomo#40#Caserta#81020#Capodrise #veicolo già assicurato con atr#no#BM#14#0#0#0#0#0#0#0#0#3,000,000
Fonsai - ciclomotori#126#2010-04-15#marca#modello#3#no#Persona Fisica#M#40#Catania#95010#Milo #Uomo#40#Catania#95010#Milo #veicolo già assicurato con atr#no#BM#14#0#0#0#0#0#0#0#0#3,000,000
Fonsai - ciclomotori#127#2010-04-15#marca#modello#3#no#Persona Fisica#M#40#Catanzaro#88022#Curinga #Uomo#40#Catanzaro#88022#Curinga #veicolo già assicurato con atr#no#BM#14#0#0#0#0#0#0#0#0#3,000,000
Fonsai - ciclomotori#128#2010-04-15#marca#modello#3#no#Persona Fisica#M#40#Chieti#66054#Vasto #Uomo#40#Chieti#66054#Vasto #veicolo già assicurato con atr#no#BM#14#0#0#0#0#0#0#0#0#3,000,000
Fonsai - ciclomotori#129#2010-04-15#marca#modello#3#no#Persona Fisica#M#40#Como#22011#Griante #Uomo#40#Como#22011#Griante #veicolo già assicurato con atr#no#BM#14#0#0#0#0#0#0#0#0#3,000,000
Fonsai - ciclomotori#130#2010-04-15#marca#modello#3#no#Persona Fisica#M#40#Cosenza#87012#Castrovillari #Uomo#40#Cosenza#87012#Castrovillari #veicolo già assicurato con atr#no#BM#14#0#0#0#0#0#0#0#0#3,000,000
Fonsai - ciclomotori#131#2010-04-15#marca#modello#3#no#Persona Fisica#M#40#Cremona#26013#Crema #Uomo#40#Cremona#26013#Crema #veicolo già assicurato con atr#no#BM#14#0#0#0#0#0#0#0#0#3,000,000
Fonsai - ciclomotori#132#2010-04-15#marca#modello#3#no#Persona Fisica#M#40#Crotone#88842#Cutro #Uomo#40#Crotone#88842#Cutro #veicolo già assicurato con atr#no#BM#14#0#0#0#0#0#0#0#0#3,000,000
Fonsai - ciclomotori#133#2010-04-15#marca#modello#3#no#Persona Fisica#M#40#Cuneo#12010#Aisone #Uomo#40#Cuneo#12010#Aisone #veicolo già assicurato con atr#no#BM#14#0#0#0#0#0#0#0#0#3,000,000
Fonsai - ciclomotori#134#2010-04-15#marca#modello#3#no#Persona Fisica#M#40#Enna#94011#Agira #Uomo#40#Enna#94011#Agira #veicolo già assicurato con atr#no#BM#14#0#0#0#0#0#0#0#0#3,000,000
Fonsai - ciclomotori#135#2010-04-15#marca#modello#3#no#Persona Fisica#M#40#Ferrara#44012#Bondeno #Uomo#40#Ferrara#44012#Bondeno #veicolo già assicurato con atr#no#BM#14#0#0#0#0#0#0#0#0#3,000,000
Fonsai - ciclomotori#136#2010-04-15#marca#modello#3#no#Persona Fisica#M#40#Firenze#50018#Scandicci #Uomo#40#Firenze#50018#Scandicci #veicolo già assicurato con atr#no#BM#14#0#0#0#0#0#0#0#0#3,000,000
Fonsai - ciclomotori#137#2010-04-15#marca#modello#3#no#Persona Fisica#M#40#Foggia#71011#Apricena #Uomo#40#Foggia#71011#Apricena #veicolo già assicurato con atr#no#BM#14#0#0#0#0#0#0#0#0#3,000,000
Fonsai - ciclomotori#138#2010-04-15#marca#modello#3#no#Persona Fisica#M#40#Forlì#47010#Galeata #Uomo#40#Forlì#47010#Galeata #veicolo già assicurato con atr#no#BM#14#0#0#0#0#0#0#0#0#3,000,000
Fonsai - ciclomotori#139#2010-04-15#marca#modello#3#no#Persona Fisica#M#40#Frosinone#03010#Acuto #Uomo#40#Frosinone#03010#Acuto #veicolo già assicurato con atr#no#BM#14#0#0#0#0#0#0#0#0#3,000,000
Fonsai - ciclomotori#140#2010-04-15#marca#modello#3#no#Persona Fisica#M#40#Genova#16010#Mele #Uomo#40#Genova#16010#Mele #veicolo già assicurato con atr#no#BM#14#0#0#0#0#0#0#0#0#3,000,000
Fonsai - ciclomotori#141#2010-04-15#marca#modello#3#no#Persona Fisica#M#40#Gorizia#34070#Moraro #Uomo#40#Gorizia#34070#Moraro #veicolo già assicurato con atr#no#BM#14#0#0#0#0#0#0#0#0#3,000,000
Fonsai - ciclomotori#142#2010-04-15#marca#modello#3#no#Persona Fisica#M#40#Grosseto#58011#Capalbio #Uomo#40#Grosseto#58011#Capalbio #veicolo già assicurato con atr#no#BM#14#0#0#0#0#0#0#0#0#3,000,000
Fonsai - ciclomotori#143#2010-04-15#marca#modello#3#no#Persona Fisica#M#40#Imperia#18011#Castellaro #Uomo#40#Imperia#18011#Castellaro #veicolo già assicurato con atr#no#BM#14#0#0#0#0#0#0#0#0#3,000,000
Fonsai - ciclomotori#144#2010-04-15#marca#modello#3#no#Persona Fisica#M#40#Isernia#86074#filignano #Uomo#40#Isernia#86074#filignano #veicolo già assicurato con atr#no#BM#14#0#0#0#0#0#0#0#0#3,000,000
Fonsai - ciclomotori#145#2010-04-15#marca#modello#3#no#Persona Fisica#M#40#L'Aquila#67020#Calascio #Uomo#40#L'Aquila#67020#Calascio #veicolo già assicurato con atr#no#BM#14#0#0#0#0#0#0#0#0#3,000,000
Fonsai - ciclomotori#146#2010-04-15#marca#modello#3#no#Persona Fisica#M#40#La Spezia#19012#Carro #Uomo#40#La Spezia#19012#Carro #veicolo già assicurato con atr#no#BM#14#0#0#0#0#0#0#0#0#3,000,000
Fonsai - ciclomotori#147#2010-04-15#marca#modello#3#no#Persona Fisica#M#40#Latina#04010#Maenza #Uomo#40#Latina#04010#Maenza #veicolo già assicurato con atr#no#BM#14#0#0#0#0#0#0#0#0#3,000,000
Fonsai - ciclomotori#148#2010-04-15#marca#modello#3#no#Persona Fisica#M#40#Lecce#73014#Gallipoli #Uomo#40#Lecce#73014#Gallipoli #veicolo già assicurato con atr#no#BM#14#0#0#0#0#0#0#0#0#3,000,000
Fonsai - ciclomotori#149#2010-04-15#marca#modello#3#no#Persona Fisica#M#40#Lecco#23811#Ballabio #Uomo#40#Lecco#23811#Ballabio #veicolo già assicurato con atr#no#BM#14#0#0#0#0#0#0#0#0#3,000,000
Fonsai - ciclomotori#150#2010-04-15#marca#modello#3#no#Persona Fisica#M#40#Livorno#57023#Cecina #Uomo#40#Livorno#57023#Cecina #veicolo già assicurato con atr#no#BM#14#0#0#0#0#0#0#0#0#3,000,000
Fonsai - ciclomotori#151#2010-04-15#marca#modello#3#no#Persona Fisica#M#40#Lodi#26813#Graffignana #Uomo#40#Lodi#26813#Graffignana #veicolo già assicurato con atr#no#BM#14#0#0#0#0#0#0#0#0#3,000,000
Fonsai - ciclomotori#152#2010-04-15#marca#modello#3#no#Persona Fisica#M#40#Lucca#55011#Altopascio #Uomo#40#Lucca#55011#Altopascio #veicolo già assicurato con atr#no#BM#14#0#0#0#0#0#0#0#0#3,000,000
Fonsai - ciclomotori#153#2010-04-15#marca#modello#3#no#Persona Fisica#M#40#Macerata#62010#Montecosaro #Uomo#40#Macerata#62010#Montecosaro #veicolo già assicurato con atr#no#BM#14#0#0#0#0#0#0#0#0#3,000,000
Fonsai - ciclomotori#154#2010-04-15#marca#modello#3#no#Persona Fisica#M#40#Mantova#46040#Monzambano #Uomo#40#Mantova#46040#Monzambano #veicolo già assicurato con atr#no#BM#14#0#0#0#0#0#0#0#0#3,000,000
Fonsai - ciclomotori#155#2010-04-15#marca#modello#3#no#Persona Fisica#M#40#Massa Carrara#54011#Aulla #Uomo#40#Massa Carrara#54011#Aulla #veicolo già assicurato con atr#no#BM#14#0#0#0#0#0#0#0#0#3,000,000
Fonsai - ciclomotori#156#2010-04-15#marca#modello#3#no#Persona Fisica#M#40#Matera#75011#Accettura #Uomo#40#Matera#75011#Accettura #veicolo già assicurato con atr#no#BM#14#0#0#0#0#0#0#0#0#3,000,000
Fonsai - ciclomotori#157#2010-04-15#marca#modello#3#no#Persona Fisica#M#40#Messina#98070#Acquedolci #Uomo#40#Messina#98070#Acquedolci #veicolo già assicurato con atr#no#BM#14#0#0#0#0#0#0#0#0#3,000,000
Fonsai - ciclomotori#158#2010-04-15#marca#modello#3#no#Persona Fisica#M#40#Milano#20012#Cuggiono #Uomo#40#Milano#20012#Cuggiono #veicolo già assicurato con atr#no#BM#14#0#0#0#0#0#0#0#0#3,000,000
Fonsai - ciclomotori#159#2010-04-15#marca#modello#3#no#Persona Fisica#M#40#Modena#41011#Campogalliano #Uomo#40#Modena#41011#Campogalliano #veicolo già assicurato con atr#no#BM#14#0#0#0#0#0#0#0#0#3,000,000
Fonsai - ciclomotori#160#2010-04-15#marca#modello#3#no#Persona Fisica#M#40#Napoli#80011#Acerra #Uomo#40#Napoli#80011#Acerra #veicolo già assicurato con atr#no#BM#14#0#0#0#0#0#0#0#0#3,000,000
Fonsai - ciclomotori#161#2010-04-15#marca#modello#3#no#Persona Fisica#M#40#Novara#28024#Gozzano #Uomo#40#Novara#28024#Gozzano #veicolo già assicurato con atr#no#BM#14#0#0#0#0#0#0#0#0#3,000,000
Fonsai - ciclomotori#162#2010-04-15#marca#modello#3#no#Persona Fisica#M#40#Nuoro#08031#Aritzo #Uomo#40#Nuoro#08031#Aritzo #veicolo già assicurato con atr#no#BM#14#0#0#0#0#0#0#0#0#3,000,000
Fonsai - ciclomotori#163#2010-04-15#marca#modello#3#no#Persona Fisica#M#40#Oristano#09074#Ghilarza #Uomo#40#Oristano#09074#Ghilarza #veicolo già assicurato con atr#no#BM#14#0#0#0#0#0#0#0#0#3,000,000
Fonsai - ciclomotori#164#2010-04-15#marca#modello#3#no#Persona Fisica#M#40#Padova#35011#Campodarsego #Uomo#40#Padova#35011#Campodarsego #veicolo già assicurato con atr#no#BM#14#0#0#0#0#0#0#0#0#3,000,000
Fonsai - ciclomotori#165#2010-04-15#marca#modello#3#no#Persona Fisica#M#40#Palermo#90021#Alia #Uomo#40#Palermo#90021#Alia #veicolo già assicurato con atr#no#BM#14#0#0#0#0#0#0#0#0#3,000,000
Fonsai - ciclomotori#166#2010-04-15#marca#modello#3#no#Persona Fisica#M#40#Parma#43012#Fontanellato #Uomo#40#Parma#43012#Fontanellato #veicolo già assicurato con atr#no#BM#14#0#0#0#0#0#0#0#0#3,000,000
Fonsai - ciclomotori#167#2010-04-15#marca#modello#3#no#Persona Fisica#M#40#Pavia#27010#Bascapè #Uomo#40#Pavia#27010#Bascapè #veicolo già assicurato con atr#no#BM#14#0#0#0#0#0#0#0#0#3,000,000
Fonsai - ciclomotori#168#2010-04-15#marca#modello#3#no#Persona Fisica#M#40#Perugia#06014#Montone #Uomo#40#Perugia#06014#Montone #veicolo già assicurato con atr#no#BM#14#0#0#0#0#0#0#0#0#3,000,000
Fonsai - ciclomotori#169#2010-04-15#marca#modello#3#no#Persona Fisica#M#40#Pesaro#61011#Gabicce Mare #Uomo#40#Pesaro#61011#Gabicce Mare #veicolo già assicurato con atr#no#BM#14#0#0#0#0#0#0#0#0#3,000,000
Fonsai - ciclomotori#170#2010-04-15#marca#modello#3#no#Persona Fisica#M#40#Pescara#65020#Alanno #Uomo#40#Pescara#65020#Alanno #veicolo già assicurato con atr#no#BM#14#0#0#0#0#0#0#0#0#3,000,000
Fonsai - ciclomotori#171#2010-04-15#marca#modello#3#no#Persona Fisica#M#40#Piacenza#29012#Caorso #Uomo#40#Piacenza#29012#Caorso #veicolo già assicurato con atr#no#BM#14#0#0#0#0#0#0#0#0#3,000,000
Fonsai - ciclomotori#172#2010-04-15#marca#modello#3#no#Persona Fisica#M#40#Pisa#56012#Calcinaia #Uomo#40#Pisa#56012#Calcinaia #veicolo già assicurato con atr#no#BM#14#0#0#0#0#0#0#0#0#3,000,000
Fonsai - ciclomotori#173#2010-04-15#marca#modello#3#no#Persona Fisica#M#40#Pistoia#51021#Abetone #Uomo#40#Pistoia#51021#Abetone #veicolo già assicurato con atr#no#BM#14#0#0#0#0#0#0#0#0#3,000,000
Fonsai - ciclomotori#174#2010-04-15#marca#modello#3#no#Persona Fisica#M#40#Pordenone#33081#Aviano #Uomo#40#Pordenone#33081#Aviano #veicolo già assicurato con atr#no#BM#14#0#0#0#0#0#0#0#0#3,000,000
Fonsai - ciclomotori#175#2010-04-15#marca#modello#3#no#Persona Fisica#M#40#Potenza#85010#Anzi #Uomo#40#Potenza#85010#Anzi #veicolo già assicurato con atr#no#BM#14#0#0#0#0#0#0#0#0#3,000,000
Fonsai - ciclomotori#176#2010-04-15#marca#modello#3#no#Persona Fisica#M#40#Prato#59025#Cantagallo #Uomo#40#Prato#59025#Cantagallo #veicolo già assicurato con atr#no#BM#14#0#0#0#0#0#0#0#0#3,000,000
Fonsai - ciclomotori#177#2010-04-15#marca#modello#3#no#Persona Fisica#M#40#Ragusa#97011#Acate #Uomo#40#Ragusa#97011#Acate #veicolo già assicurato con atr#no#BM#14#0#0#0#0#0#0#0#0#3,000,000
Fonsai - ciclomotori#178#2010-04-15#marca#modello#3#no#Persona Fisica#M#40#Ravenna#48012#Bagnacavallo #Uomo#40#Ravenna#48012#Bagnacavallo #veicolo già assicurato con atr#no#BM#14#0#0#0#0#0#0#0#0#3,000,000
Fonsai - ciclomotori#179#2010-04-15#marca#modello#3#no#Persona Fisica#M#40#Reggio Calabria#89012#Delianuova #Uomo#40#Reggio Calabria#89012#Delianuova #veicolo già assicurato con atr#no#BM#14#0#0#0#0#0#0#0#0#3,000,000
Fonsai - ciclomotori#180#2010-04-15#marca#modello#3#no#Persona Fisica#M#40#Reggio Emilia#42011#Bagnolo in piano #Uomo#40#Reggio Emilia#42011#Bagnolo in piano #veicolo già assicurato con atr#no#BM#14#0#0#0#0#0#0#0#0#3,000,000
Fonsai - ciclomotori#181#2010-04-15#marca#modello#3#no#Persona Fisica#M#40#Rieti#02011#Accumoli #Uomo#40#Rieti#02011#Accumoli #veicolo già assicurato con atr#no#BM#14#0#0#0#0#0#0#0#0#3,000,000
Fonsai - ciclomotori#182#2010-04-15#marca#modello#3#no#Persona Fisica#M#40#Rimini#47814#Bellaria-Igea Marina #Uomo#40#Rimini#47814#Bellaria-Igea Marina #veicolo già assicurato con atr#no#BM#14#0#0#0#0#0#0#0#0#3,000,000
Fonsai - ciclomotori#183#2010-04-15#marca#modello#3#no#Persona Fisica#M#40#Roma#00021#Affile #Uomo#40#Roma#00021#Affile #veicolo già assicurato con atr#no#BM#14#0#0#0#0#0#0#0#0#3,000,000
Fonsai - ciclomotori#184#2010-04-15#marca#modello#3#no#Persona Fisica#M#40#Rovigo#45010#Ceregnano #Uomo#40#Rovigo#45010#Ceregnano #veicolo già assicurato con atr#no#BM#14#0#0#0#0#0#0#0#0#3,000,000
Fonsai - ciclomotori#185#2010-04-15#marca#modello#3#no#Persona Fisica#M#40#Salerno#84011#Amalfi #Uomo#40#Salerno#84011#Amalfi #veicolo già assicurato con atr#no#BM#14#0#0#0#0#0#0#0#0#3,000,000
Fonsai - ciclomotori#186#2010-04-15#marca#modello#3#no#Persona Fisica#M#40#Sassari#07011#Bono #Uomo#40#Sassari#07011#Bono #veicolo già assicurato con atr#no#BM#14#0#0#0#0#0#0#0#0#3,000,000
Fonsai - ciclomotori#187#2010-04-15#marca#modello#3#no#Persona Fisica#M#40#Savona#17011#Albisola Superiore #Uomo#40#Savona#17011#Albisola Superiore #veicolo già assicurato con atr#no#BM#14#0#0#0#0#0#0#0#0#3,000,000
Fonsai - ciclomotori#188#2010-04-15#marca#modello#3#no#Persona Fisica#M#40#Siena#53012#Chiusdino #Uomo#40#Siena#53012#Chiusdino #veicolo già assicurato con atr#no#BM#14#0#0#0#0#0#0#0#0#3,000,000
Fonsai - ciclomotori#189#2010-04-15#marca#modello#3#no#Persona Fisica#M#40#Siracusa#96011#Augusta #Uomo#40#Siracusa#96011#Augusta #veicolo già assicurato con atr#no#BM#14#0#0#0#0#0#0#0#0#3,000,000
Fonsai - ciclomotori#190#2010-04-15#marca#modello#3#no#Persona Fisica#M#40#Sondrio#23011#Ardenno #Uomo#40#Sondrio#23011#Ardenno #veicolo già assicurato con atr#no#BM#14#0#0#0#0#0#0#0#0#3,000,000
Fonsai - ciclomotori#191#2010-04-15#marca#modello#3#no#Persona Fisica#M#40#Taranto#74012#Crispiano #Uomo#40#Taranto#74012#Crispiano #veicolo già assicurato con atr#no#BM#14#0#0#0#0#0#0#0#0#3,000,000
Fonsai - ciclomotori#192#2010-04-15#marca#modello#3#no#Persona Fisica#M#40#Teramo#64012#Campli #Uomo#40#Teramo#64012#Campli #veicolo già assicurato con atr#no#BM#14#0#0#0#0#0#0#0#0#3,000,000
Fonsai - ciclomotori#193#2010-04-15#marca#modello#3#no#Persona Fisica#M#40#Terni#05011#Allerona #Uomo#40#Terni#05011#Allerona #veicolo già assicurato con atr#no#BM#14#0#0#0#0#0#0#0#0#3,000,000
Fonsai - ciclomotori#194#2010-04-15#marca#modello#3#no#Persona Fisica#M#40#Torino#10020#andezeno #Uomo#40#Torino#10020#andezeno #veicolo già assicurato con atr#no#BM#14#0#0#0#0#0#0#0#0#3,000,000
Fonsai - ciclomotori#195#2010-04-15#marca#modello#3#no#Persona Fisica#M#40#Trapani#91015#Custonaci #Uomo#40#Trapani#91015#Custonaci #veicolo già assicurato con atr#no#BM#14#0#0#0#0#0#0#0#0#3,000,000
Fonsai - ciclomotori#196#2010-04-15#marca#modello#3#no#Persona Fisica#M#40#Trento#38011#Amblar #Uomo#40#Trento#38011#Amblar #veicolo già assicurato con atr#no#BM#14#0#0#0#0#0#0#0#0#3,000,000
Fonsai - ciclomotori#197#2010-04-15#marca#modello#3#no#Persona Fisica#M#40#Treviso#31015#Conegliano #Uomo#40#Treviso#31015#Conegliano #veicolo già assicurato con atr#no#BM#14#0#0#0#0#0#0#0#0#3,000,000
Fonsai - ciclomotori#198#2010-04-15#marca#modello#3#no#Persona Fisica#M#40#Trieste#34010#Sgonico #Uomo#40#Trieste#34010#Sgonico #veicolo già assicurato con atr#no#BM#14#0#0#0#0#0#0#0#0#3,000,000
Fonsai - ciclomotori#199#2010-04-15#marca#modello#3#no#Persona Fisica#M#40#Udine#33011#Artegna #Uomo#40#Udine#33011#Artegna #veicolo già assicurato con atr#no#BM#14#0#0#0#0#0#0#0#0#3,000,000
Fonsai - ciclomotori#200#2010-04-15#marca#modello#3#no#Persona Fisica#M#40#Varese#21012#Cassano Magnago #Uomo#40#Varese#21012#Cassano Magnago #veicolo già assicurato con atr#no#BM#14#0#0#0#0#0#0#0#0#3,000,000
Fonsai - ciclomotori#201#2010-04-15#marca#modello#3#no#Persona Fisica#M#40#Venezia#30010#Camponogara #Uomo#40#Venezia#30010#Camponogara #veicolo già assicurato con atr#no#BM#14#0#0#0#0#0#0#0#0#3,000,000
Fonsai - ciclomotori#202#2010-04-15#marca#modello#3#no#Persona Fisica#M#40#Verbania#28811#Arizzano #Uomo#40#Verbania#28811#Arizzano #veicolo già assicurato con atr#no#BM#14#0#0#0#0#0#0#0#0#3,000,000
Fonsai - ciclomotori#203#2010-04-15#marca#modello#3#no#Persona Fisica#M#40#Vercelli#13017#Quarona #Uomo#40#Vercelli#13017#Quarona #veicolo già assicurato con atr#no#BM#14#0#0#0#0#0#0#0#0#3,000,000
Fonsai - ciclomotori#204#2010-04-15#marca#modello#3#no#Persona Fisica#M#40#Verona#37010#Affi #Uomo#40#Verona#37010#Affi #veicolo già assicurato con atr#no#BM#14#0#0#0#0#0#0#0#0#3,000,000
Fonsai - ciclomotori#205#2010-04-15#marca#modello#3#no#Persona Fisica#M#40#Vibo Valentia#89812#Pizzo #Uomo#40#Vibo Valentia#89812#Pizzo #veicolo già assicurato con atr#no#BM#14#0#0#0#0#0#0#0#0#3,000,000
Fonsai - ciclomotori#206#2010-04-15#marca#modello#3#no#Persona Fisica#M#40#Vicenza#36013#Piovene Rocchette #Uomo#40#Vicenza#36013#Piovene Rocchette #veicolo già assicurato con atr#no#BM#14#0#0#0#0#0#0#0#0#3,000,000
Fonsai - ciclomotori#207#2010-04-15#marca#modello#3#no#Persona Fisica#M#40#Viterbo#01010#Blera #Uomo#40#Viterbo#01010#Blera #veicolo già assicurato con atr#no#BM#14#0#0#0#0#0#0#0#0#3,000,000
Fonsai - ciclomotori#208#2010-04-15#marca#modello#3#no#Persona Fisica#M#40#Napoli#80121#Napoli#Uomo#40#Napoli#80121#Napoli#veicolo già assicurato con atr#no#BM#14#0#0#0#0#0#0#0#0#3,000,000
Fonsai - ciclomotori#209#2010-04-15#marca#modello#3#no#Persona Fisica#M#40#Napoli#80121#Napoli#Uomo#40#Napoli#80121#Napoli#veicolo già assicurato con atr#no#BM#14#0#0#0#0#0#0#0#0#3,615,198
Fonsai - ciclomotori#210#2010-04-15#marca#modello#3#no#Persona Fisica#M#40#Napoli#80121#Napoli#Uomo#40#Napoli#80121#Napoli#veicolo già assicurato con atr#no#BM#14#0#0#0#0#0#0#0#0#5,164,569
Fonsai - ciclomotori#211#2010-04-15#marca#modello#3#no#Persona Fisica#M#40#Napoli#80121#Napoli#Uomo#40#Napoli#80121#Napoli#veicolo già assicurato con atr#no#BM#14#0#0#0#0#0#0#0#0#7,746,853
Fonsai - ciclomotori#212#2010-04-15#marca#modello#3#no#Persona Fisica#M#40#Napoli#80121#Napoli#Uomo#40#Napoli#80121#Napoli#veicolo già assicurato con atr#no#BM#14#0#0#0#0#0#0#0#0#8,000,000
Fonsai - ciclomotori#213#2010-04-15#marca#modello#3#no#Persona Fisica#M#40#Napoli#80121#Napoli#Uomo#40#Napoli#80121#Napoli#veicolo già assicurato con atr#no#BM#14#0#0#0#0#0#0#0#0#10,000,000
Fonsai - ciclomotori#214#2010-04-15#marca#modello#3#no#Persona Fisica#M#40#Napoli#80121#Napoli#Uomo#40#Napoli#80121#Napoli#veicolo già assicurato con atr#no#BM#14#0#0#0#0#0#0#0#0#10,329,138
Fonsai - ciclomotori#215#2010-04-15#marca#modello#3#no#Persona Fisica#M#40#Napoli#80121#Napoli#Uomo#40#Napoli#80121#Napoli#veicolo già assicurato con atr#no#BM#14#0#0#0#0#0#0#0#0#15,000,000
Fonsai - ciclomotori#216#2010-04-15#marca#modello#3#no#Persona Fisica#M#40#Napoli#80121#Napoli#Uomo#40#Napoli#80121#Napoli#veicolo già assicurato con atr#no#BM#14#0#0#0#0#0#0#0#0#25,000,000
Fonsai - ciclomotori#217#2010-04-15#marca#modello#3#no#Persona Fisica#M#40#Napoli#80121#Napoli#Uomo#40#Napoli#80121#Napoli#veicolo già assicurato con atr#no#BM#14#0#0#0#0#0#0#0#0#25,822,844
Fonsai - ciclomotori#218#2010-04-15#marca#modello#3#no#Persona Fisica#M#40#Napoli#80121#Napoli#Uomo#40#Napoli#80121#Napoli#1a immatricolazione dopo l’acquisto del veicolo#si#BM#1#0#0#0#0#0#0#0#0#3,000,000
Fonsai - ciclomotori#219#2010-04-15#marca#modello#3#no#Persona Fisica#M#40#Napoli#80121#Napoli#Uomo#40#Napoli#80121#Napoli#1a immatricolazione dopo l’acquisto del veicolo#si#BM#2#0#0#0#0#0#0#0#0#3,000,000
Fonsai - ciclomotori#220#2010-04-15#marca#modello#3#no#Persona Fisica#M#40#Napoli#80121#Napoli#Uomo#40#Napoli#80121#Napoli#1a immatricolazione dopo l’acquisto del veicolo#si#BM#3#0#0#0#0#0#0#0#0#3,000,000
Fonsai - ciclomotori#221#2010-04-15#marca#modello#3#no#Persona Fisica#M#40#Napoli#80121#Napoli#Uomo#40#Napoli#80121#Napoli#1a immatricolazione dopo l’acquisto del veicolo#si#BM#4#0#0#0#0#0#0#0#0#3,000,000
Fonsai - ciclomotori#222#2010-04-15#marca#modello#3#no#Persona Fisica#M#40#Napoli#80121#Napoli#Uomo#40#Napoli#80121#Napoli#1a immatricolazione dopo l’acquisto del veicolo#si#BM#5#0#0#0#0#0#0#0#0#3,000,000
Fonsai - ciclomotori#223#2010-04-15#marca#modello#3#no#Persona Fisica#M#40#Napoli#80121#Napoli#Uomo#40#Napoli#80121#Napoli#1a immatricolazione dopo l’acquisto del veicolo#si#BM#6#0#0#0#0#0#0#0#0#3,000,000
Fonsai - ciclomotori#224#2010-04-15#marca#modello#3#no#Persona Fisica#M#40#Napoli#80121#Napoli#Uomo#40#Napoli#80121#Napoli#1a immatricolazione dopo l’acquisto del veicolo#si#BM#7#0#0#0#0#0#0#0#0#3,000,000
Fonsai - ciclomotori#225#2010-04-15#marca#modello#3#no#Persona Fisica#M#40#Napoli#80121#Napoli#Uomo#40#Napoli#80121#Napoli#1a immatricolazione dopo l’acquisto del veicolo#si#BM#8#0#0#0#0#0#0#0#0#3,000,000
Fonsai - ciclomotori#226#2010-04-15#marca#modello#3#no#Persona Fisica#M#40#Napoli#80121#Napoli#Uomo#40#Napoli#80121#Napoli#1a immatricolazione dopo l’acquisto del veicolo#si#BM#9#0#0#0#0#0#0#0#0#3,000,000
Fonsai - ciclomotori#227#2010-04-15#marca#modello#3#no#Persona Fisica#M#40#Napoli#80121#Napoli#Uomo#40#Napoli#80121#Napoli#1a immatricolazione dopo l’acquisto del veicolo#si#BM#10#0#0#0#0#0#0#0#0#3,000,000
Fonsai - ciclomotori#228#2010-04-15#marca#modello#3#no#Persona Fisica#M#40#Napoli#80121#Napoli#Uomo#40#Napoli#80121#Napoli#1a immatricolazione dopo l’acquisto del veicolo#si#BM#11#0#0#0#0#0#0#0#0#3,000,000
Fonsai - ciclomotori#229#2010-04-15#marca#modello#3#no#Persona Fisica#M#40#Napoli#80121#Napoli#Uomo#40#Napoli#80121#Napoli#1a immatricolazione dopo l’acquisto del veicolo#si#BM#12#0#0#0#0#0#0#0#0#3,000,000
Fonsai - ciclomotori#230#2010-04-15#marca#modello#3#no#Persona Fisica#M#40#Napoli#80121#Napoli#Uomo#40#Napoli#80121#Napoli#1a immatricolazione dopo l’acquisto del veicolo#si#BM#13#0#0#0#0#0#0#0#0#3,000,000
Fonsai - ciclomotori#231#2010-04-15#marca#modello#3#no#Persona Fisica#M#40#Napoli#80121#Napoli#Uomo#40#Napoli#80121#Napoli#1a immatricolazione dopo l’acquisto del veicolo#si#BM#14#0#0#0#0#0#0#0#0#3,000,000
Fonsai - ciclomotori#232#2010-04-15#marca#modello#3#no#Persona Fisica#M#40#Napoli#80121#Napoli#Uomo#40#Napoli#80121#Napoli#1a immatricolazione dopo l’acquisto del veicolo#si#BM#15#0#0#0#0#0#0#0#0#3,000,000
Fonsai - ciclomotori#233#2010-04-15#marca#modello#3#no#Persona Fisica#M#40#Napoli#80121#Napoli#Uomo#40#Napoli#80121#Napoli#1a immatricolazione dopo l’acquisto del veicolo#si#BM#16#0#0#0#0#0#0#0#0#3,000,000
Fonsai - ciclomotori#234#2010-04-15#marca#modello#3#no#Persona Fisica#M#40#Napoli#80121#Napoli#Uomo#40#Napoli#80121#Napoli#1a immatricolazione dopo l’acquisto del veicolo#si#BM#17#0#0#0#0#0#0#0#0#3,000,000
Fonsai - ciclomotori#235#2010-04-15#marca#modello#3#no#Persona Fisica#M#40#Napoli#80121#Napoli#Uomo#40#Napoli#80121#Napoli#1a immatricolazione dopo l’acquisto del veicolo#si#BM#18#0#0#0#0#0#0#0#0#3,000,000
Fonsai - ciclomotori#236#2010-04-15#marca#modello#3#no#Persona Fisica#M#16#Napoli#80121#Napoli#Uomo#16#Napoli#80121#Napoli#veicolo già assicurato con atr#no#BM#14#0#0#0#0#0#0#0#0#3,000,000
Fonsai - ciclomotori#237#2010-04-15#marca#modello#3#no#Persona Fisica#M#17#Napoli#80121#Napoli#Uomo#17#Napoli#80121#Napoli#veicolo già assicurato con atr#no#BM#14#0#0#0#0#0#0#0#0#3,000,000
Fonsai - ciclomotori#238#2010-04-15#marca#modello#3#no#Persona Fisica#M#25#Napoli#80121#Napoli#Uomo#25#Napoli#80121#Napoli#veicolo già assicurato con atr#no#BM#14#0#0#0#0#0#0#0#0#3,000,000
Fonsai - ciclomotori#239#2010-04-15#marca#modello#3#no#Persona Fisica#M#30#Napoli#80121#Napoli#Uomo#30#Napoli#80121#Napoli#veicolo già assicurato con atr#no#BM#14#0#0#0#0#0#0#0#0#3,000,000
Fonsai - ciclomotori#240#2010-04-15#marca#modello#3#no#Persona Fisica#M#40#Napoli#80121#Napoli#Uomo#40#Napoli#80121#Napoli#veicolo già assicurato con atr#no#BM#14#0#0#0#0#0#0#0#0#3,000,000
Fonsai - ciclomotori#241#2010-04-15#marca#modello#3#no#Persona Fisica#M#41#Napoli#80121#Napoli#Uomo#41#Napoli#80121#Napoli#veicolo già assicurato con atr#no#BM#14#0#0#0#0#0#0#0#0#3,000,000
Fonsai - ciclomotori#242#2010-04-15#marca#modello#3#no#Persona Fisica#F#16#Napoli#80121#Napoli#Femmina#16#Napoli#80121#Napoli#veicolo già assicurato con atr#no#BM#14#0#0#0#0#0#0#0#0#3,000,000
Fonsai - ciclomotori#243#2010-04-15#marca#modello#3#no#Persona Fisica#F#25#Napoli#80121#Napoli#Femmina#25#Napoli#80121#Napoli#veicolo già assicurato con atr#no#BM#14#0#0#0#0#0#0#0#0#3,000,000
Fonsai - ciclomotori#244#2010-04-15#marca#modello#3#no#Persona Fisica#F#30#Napoli#80121#Napoli#Femmina#30#Napoli#80121#Napoli#veicolo già assicurato con atr#no#BM#14#0#0#0#0#0#0#0#0#3,000,000
Fonsai - ciclomotori#245#2010-04-15#marca#modello#3#no#Persona Fisica#F#41#Napoli#80121#Napoli#Femmina#41#Napoli#80121#Napoli#veicolo già assicurato con atr#no#BM#14#0#0#0#0#0#0#0#0#3,000,000
Fonsai - ciclomotori#246#2010-04-15#marca#modello#3#no#Persona Giuridica#C##Napoli#80121#Napoli###Napoli#80121#Napoli#veicolo già assicurato con atr#no#BM#14#0#0#0#0#0#0#0#0#3,000,000
Fonsai - ciclomotori#247#2010-04-15#marca#modello#3#no#Persona Fisica#M#40#Napoli#80121#Napoli#Uomo#40#Napoli#80121#Napoli#veicolo già assicurato con atr#no#BM#1#0#0#0#0#0#0#0#0#3,000,000
Fonsai - ciclomotori#248#2010-04-15#marca#modello#3#no#Persona Fisica#M#40#Napoli#80121#Napoli#Uomo#40#Napoli#80121#Napoli#veicolo già assicurato con atr#no#BM#2#0#0#0#0#0#0#0#0#3,000,000
Fonsai - ciclomotori#249#2010-04-15#marca#modello#3#no#Persona Fisica#M#40#Napoli#80121#Napoli#Uomo#40#Napoli#80121#Napoli#veicolo già assicurato con atr#no#BM#3#0#0#0#0#0#0#0#0#3,000,000
Fonsai - ciclomotori#250#2010-04-15#marca#modello#3#no#Persona Fisica#M#40#Napoli#80121#Napoli#Uomo#40#Napoli#80121#Napoli#veicolo già assicurato con atr#no#BM#4#0#0#0#0#0#0#0#0#3,000,000
Fonsai - ciclomotori#251#2010-04-15#marca#modello#3#no#Persona Fisica#M#40#Napoli#80121#Napoli#Uomo#40#Napoli#80121#Napoli#veicolo già assicurato con atr#no#BM#5#0#0#0#0#0#0#0#0#3,000,000
Fonsai - ciclomotori#252#2010-04-15#marca#modello#3#no#Persona Fisica#M#40#Napoli#80121#Napoli#Uomo#40#Napoli#80121#Napoli#veicolo già assicurato con atr#no#BM#6#0#0#0#0#0#0#0#0#3,000,000
Fonsai - ciclomotori#253#2010-04-15#marca#modello#3#no#Persona Fisica#M#40#Napoli#80121#Napoli#Uomo#40#Napoli#80121#Napoli#veicolo già assicurato con atr#no#BM#7#0#0#0#0#0#0#0#0#3,000,000
Fonsai - ciclomotori#254#2010-04-15#marca#modello#3#no#Persona Fisica#M#40#Napoli#80121#Napoli#Uomo#40#Napoli#80121#Napoli#veicolo già assicurato con atr#no#BM#8#0#0#0#0#0#0#0#0#3,000,000
Fonsai - ciclomotori#255#2010-04-15#marca#modello#3#no#Persona Fisica#M#40#Napoli#80121#Napoli#Uomo#40#Napoli#80121#Napoli#veicolo già assicurato con atr#no#BM#9#0#0#0#0#0#0#0#0#3,000,000
Fonsai - ciclomotori#256#2010-04-15#marca#modello#3#no#Persona Fisica#M#40#Napoli#80121#Napoli#Uomo#40#Napoli#80121#Napoli#veicolo già assicurato con atr#no#BM#10#0#0#0#0#0#0#0#0#3,000,000
Fonsai - ciclomotori#257#2010-04-15#marca#modello#3#no#Persona Fisica#M#40#Napoli#80121#Napoli#Uomo#40#Napoli#80121#Napoli#veicolo già assicurato con atr#no#BM#11#0#0#0#0#0#0#0#0#3,000,000
Fonsai - ciclomotori#258#2010-04-15#marca#modello#3#no#Persona Fisica#M#40#Napoli#80121#Napoli#Uomo#40#Napoli#80121#Napoli#veicolo già assicurato con atr#no#BM#12#0#0#0#0#0#0#0#0#3,000,000
Fonsai - ciclomotori#259#2010-04-15#marca#modello#3#no#Persona Fisica#M#40#Napoli#80121#Napoli#Uomo#40#Napoli#80121#Napoli#veicolo già assicurato con atr#no#BM#13#0#0#0#0#0#0#0#0#3,000,000
Fonsai - ciclomotori#260#2010-04-15#marca#modello#3#no#Persona Fisica#M#40#Napoli#80121#Napoli#Uomo#40#Napoli#80121#Napoli#veicolo già assicurato con atr#no#BM#14#0#0#0#0#0#0#0#0#3,000,000
Fonsai - ciclomotori#261#2010-04-15#marca#modello#3#no#Persona Fisica#M#40#Napoli#80121#Napoli#Uomo#40#Napoli#80121#Napoli#veicolo già assicurato con atr#no#BM#15#0#0#0#0#0#0#0#0#3,000,000
Fonsai - ciclomotori#262#2010-04-15#marca#modello#3#no#Persona Fisica#M#40#Napoli#80121#Napoli#Uomo#40#Napoli#80121#Napoli#veicolo già assicurato con atr#no#BM#16#0#0#0#0#0#0#0#0#3,000,000
Fonsai - ciclomotori#263#2010-04-15#marca#modello#3#no#Persona Fisica#M#40#Napoli#80121#Napoli#Uomo#40#Napoli#80121#Napoli#veicolo già assicurato con atr#no#BM#17#0#0#0#0#0#0#0#0#3,000,000
Fonsai - ciclomotori#264#2010-04-15#marca#modello#3#no#Persona Fisica#M#40#Napoli#80121#Napoli#Uomo#40#Napoli#80121#Napoli#veicolo già assicurato con atr#no#BM#18#0#0#0#0#0#0#0#0#3,000,000
Fonsai - ciclomotori#265#2010-04-15#marca#modello#3#no#Persona Fisica#M#40#Napoli#80121#Napoli#Uomo#40#Napoli#80121#Napoli#1a immatricolazione dopo l’acquisto del veicolo#no#BM##0#0#0#0#0#0#0#0#3,000,000
Fonsai - ciclomotori#266#2010-04-15#marca#modello#3#no#Persona Fisica#M#40#Napoli#80121#Napoli#Uomo#40#Napoli#80121#Napoli#veicolo già assicurato con atr#no#BM#1#0#0#0#0#0#1#1#0#3,000,000
Fonsai - ciclomotori#267#2010-04-15#marca#modello#3#no#Persona Fisica#M#40#Napoli#80121#Napoli#Uomo#40#Napoli#80121#Napoli#veicolo già assicurato con atr#no#BM#2#0#0#0#0#0#1#1#0#3,000,000
Fonsai - ciclomotori#268#2010-04-15#marca#modello#3#no#Persona Fisica#M#40#Napoli#80121#Napoli#Uomo#40#Napoli#80121#Napoli#veicolo già assicurato con atr#no#BM#3#0#0#0#0#0#1#1#0#3,000,000
Fonsai - ciclomotori#269#2010-04-15#marca#modello#3#no#Persona Fisica#M#40#Napoli#80121#Napoli#Uomo#40#Napoli#80121#Napoli#veicolo già assicurato con atr#no#BM#4#0#0#0#0#0#1#1#0#3,000,000
Fonsai - ciclomotori#270#2010-04-15#marca#modello#3#no#Persona Fisica#M#40#Napoli#80121#Napoli#Uomo#40#Napoli#80121#Napoli#veicolo già assicurato con atr#no#BM#5#0#0#0#0#0#1#1#0#3,000,000
Fonsai - ciclomotori#271#2010-04-15#marca#modello#3#no#Persona Fisica#M#40#Napoli#80121#Napoli#Uomo#40#Napoli#80121#Napoli#veicolo già assicurato con atr#no#BM#6#0#0#0#0#0#1#1#0#3,000,000
Fonsai - ciclomotori#272#2010-04-15#marca#modello#3#no#Persona Fisica#M#40#Napoli#80121#Napoli#Uomo#40#Napoli#80121#Napoli#veicolo già assicurato con atr#no#BM#7#0#0#0#0#0#1#1#0#3,000,000
Fonsai - ciclomotori#273#2010-04-15#marca#modello#3#no#Persona Fisica#M#40#Napoli#80121#Napoli#Uomo#40#Napoli#80121#Napoli#veicolo già assicurato con atr#no#BM#8#0#0#0#0#0#1#1#0#3,000,000
Fonsai - ciclomotori#274#2010-04-15#marca#modello#3#no#Persona Fisica#M#40#Napoli#80121#Napoli#Uomo#40#Napoli#80121#Napoli#veicolo già assicurato con atr#no#BM#9#0#0#0#0#0#1#1#0#3,000,000
Fonsai - ciclomotori#275#2010-04-15#marca#modello#3#no#Persona Fisica#M#40#Napoli#80121#Napoli#Uomo#40#Napoli#80121#Napoli#veicolo già assicurato con atr#no#BM#10#0#0#0#0#0#1#1#0#3,000,000
Fonsai - ciclomotori#276#2010-04-15#marca#modello#3#no#Persona Fisica#M#40#Napoli#80121#Napoli#Uomo#40#Napoli#80121#Napoli#veicolo già assicurato con atr#no#BM#11#0#0#0#0#0#1#1#0#3,000,000
Fonsai - ciclomotori#277#2010-04-15#marca#modello#3#no#Persona Fisica#M#40#Napoli#80121#Napoli#Uomo#40#Napoli#80121#Napoli#veicolo già assicurato con atr#no#BM#12#0#0#0#0#0#1#1#0#3,000,000
Fonsai - ciclomotori#278#2010-04-15#marca#modello#3#no#Persona Fisica#M#40#Napoli#80121#Napoli#Uomo#40#Napoli#80121#Napoli#veicolo già assicurato con atr#no#BM#13#0#0#0#0#0#1#1#0#3,000,000
Fonsai - ciclomotori#279#2010-04-15#marca#modello#3#no#Persona Fisica#M#40#Napoli#80121#Napoli#Uomo#40#Napoli#80121#Napoli#veicolo già assicurato con atr#no#BM#14#0#0#0#0#0#1#1#0#3,000,000
Fonsai - ciclomotori#280#2010-04-15#marca#modello#3#no#Persona Fisica#M#40#Napoli#80121#Napoli#Uomo#40#Napoli#80121#Napoli#veicolo già assicurato con atr#no#BM#15#0#0#0#0#0#1#1#0#3,000,000
Fonsai - ciclomotori#281#2010-04-15#marca#modello#3#no#Persona Fisica#M#40#Napoli#80121#Napoli#Uomo#40#Napoli#80121#Napoli#veicolo già assicurato con atr#no#BM#16#0#0#0#0#0#1#1#0#3,000,000
Fonsai - ciclomotori#282#2010-04-15#marca#modello#3#no#Persona Fisica#M#40#Napoli#80121#Napoli#Uomo#40#Napoli#80121#Napoli#veicolo già assicurato con atr#no#BM#17#0#0#0#0#0#1#1#0#3,000,000
Fonsai - ciclomotori#283#2010-04-15#marca#modello#3#no#Persona Fisica#M#40#Napoli#80121#Napoli#Uomo#40#Napoli#80121#Napoli#veicolo già assicurato con atr#no#BM#18#0#0#0#0#0#1#1#0#3,000,000
Fonsai - ciclomotori#284#2010-04-15#marca#modello#3#no#Persona Fisica#M#40#Napoli#80121#Napoli#Uomo#40#Napoli#80121#Napoli#veicolo già assicurato con atr#no#BM#1#0#0#0#0#1#0#1#0#3,000,000
Fonsai - ciclomotori#285#2010-04-15#marca#modello#3#no#Persona Fisica#M#40#Napoli#80121#Napoli#Uomo#40#Napoli#80121#Napoli#veicolo già assicurato con atr#no#BM#2#0#0#0#0#1#0#1#0#3,000,000
Fonsai - ciclomotori#286#2010-04-15#marca#modello#3#no#Persona Fisica#M#40#Napoli#80121#Napoli#Uomo#40#Napoli#80121#Napoli#veicolo già assicurato con atr#no#BM#3#0#0#0#0#1#0#1#0#3,000,000
Fonsai - ciclomotori#287#2010-04-15#marca#modello#3#no#Persona Fisica#M#40#Napoli#80121#Napoli#Uomo#40#Napoli#80121#Napoli#veicolo già assicurato con atr#no#BM#4#0#0#0#0#1#0#1#0#3,000,000
Fonsai - ciclomotori#288#2010-04-15#marca#modello#3#no#Persona Fisica#M#40#Napoli#80121#Napoli#Uomo#40#Napoli#80121#Napoli#veicolo già assicurato con atr#no#BM#5#0#0#0#0#1#0#1#0#3,000,000
Fonsai - ciclomotori#289#2010-04-15#marca#modello#3#no#Persona Fisica#M#40#Napoli#80121#Napoli#Uomo#40#Napoli#80121#Napoli#veicolo già assicurato con atr#no#BM#6#0#0#0#0#1#0#1#0#3,000,000
Fonsai - ciclomotori#290#2010-04-15#marca#modello#3#no#Persona Fisica#M#40#Napoli#80121#Napoli#Uomo#40#Napoli#80121#Napoli#veicolo già assicurato con atr#no#BM#7#0#0#0#0#1#0#1#0#3,000,000
Fonsai - ciclomotori#291#2010-04-15#marca#modello#3#no#Persona Fisica#M#40#Napoli#80121#Napoli#Uomo#40#Napoli#80121#Napoli#veicolo già assicurato con atr#no#BM#8#0#0#0#0#1#0#1#0#3,000,000
Fonsai - ciclomotori#292#2010-04-15#marca#modello#3#no#Persona Fisica#M#40#Napoli#80121#Napoli#Uomo#40#Napoli#80121#Napoli#veicolo già assicurato con atr#no#BM#9#0#0#0#0#1#0#1#0#3,000,000
Fonsai - ciclomotori#293#2010-04-15#marca#modello#3#no#Persona Fisica#M#40#Napoli#80121#Napoli#Uomo#40#Napoli#80121#Napoli#veicolo già assicurato con atr#no#BM#10#0#0#0#0#1#0#1#0#3,000,000
Fonsai - ciclomotori#294#2010-04-15#marca#modello#3#no#Persona Fisica#M#40#Napoli#80121#Napoli#Uomo#40#Napoli#80121#Napoli#veicolo già assicurato con atr#no#BM#11#0#0#0#0#1#0#1#0#3,000,000
Fonsai - ciclomotori#295#2010-04-15#marca#modello#3#no#Persona Fisica#M#40#Napoli#80121#Napoli#Uomo#40#Napoli#80121#Napoli#veicolo già assicurato con atr#no#BM#12#0#0#0#0#1#0#1#0#3,000,000
Fonsai - ciclomotori#296#2010-04-15#marca#modello#3#no#Persona Fisica#M#40#Napoli#80121#Napoli#Uomo#40#Napoli#80121#Napoli#veicolo già assicurato con atr#no#BM#13#0#0#0#0#1#0#1#0#3,000,000
Fonsai - ciclomotori#297#2010-04-15#marca#modello#3#no#Persona Fisica#M#40#Napoli#80121#Napoli#Uomo#40#Napoli#80121#Napoli#veicolo già assicurato con atr#no#BM#14#0#0#0#0#1#0#1#0#3,000,000
Fonsai - ciclomotori#298#2010-04-15#marca#modello#3#no#Persona Fisica#M#40#Napoli#80121#Napoli#Uomo#40#Napoli#80121#Napoli#veicolo già assicurato con atr#no#BM#15#0#0#0#0#1#0#1#0#3,000,000
Fonsai - ciclomotori#299#2010-04-15#marca#modello#3#no#Persona Fisica#M#40#Napoli#80121#Napoli#Uomo#40#Napoli#80121#Napoli#veicolo già assicurato con atr#no#BM#16#0#0#0#0#1#0#1#0#3,000,000
Fonsai - ciclomotori#300#2010-04-15#marca#modello#3#no#Persona Fisica#M#40#Napoli#80121#Napoli#Uomo#40#Napoli#80121#Napoli#veicolo già assicurato con atr#no#BM#17#0#0#0#0#1#0#1#0#3,000,000
Fonsai - ciclomotori#301#2010-04-15#marca#modello#3#no#Persona Fisica#M#40#Napoli#80121#Napoli#Uomo#40#Napoli#80121#Napoli#veicolo già assicurato con atr#no#BM#18#0#0#0#0#1#0#1#0#3,000,000
Fonsai - ciclomotori#302#2010-04-15#marca#modello#3#no#Persona Fisica#M#40#Napoli#80121#Napoli#Uomo#40#Napoli#80121#Napoli#veicolo già assicurato con atr#no#BM#1#0#0#0#1#0#0#1#0#3,000,000
Fonsai - ciclomotori#303#2010-04-15#marca#modello#3#no#Persona Fisica#M#40#Napoli#80121#Napoli#Uomo#40#Napoli#80121#Napoli#veicolo già assicurato con atr#no#BM#2#0#0#0#1#0#0#1#0#3,000,000
Fonsai - ciclomotori#304#2010-04-15#marca#modello#3#no#Persona Fisica#M#40#Napoli#80121#Napoli#Uomo#40#Napoli#80121#Napoli#veicolo già assicurato con atr#no#BM#3#0#0#0#1#0#0#1#0#3,000,000
Fonsai - ciclomotori#305#2010-04-15#marca#modello#3#no#Persona Fisica#M#40#Napoli#80121#Napoli#Uomo#40#Napoli#80121#Napoli#veicolo già assicurato con atr#no#BM#4#0#0#0#1#0#0#1#0#3,000,000
Fonsai - ciclomotori#306#2010-04-15#marca#modello#3#no#Persona Fisica#M#40#Napoli#80121#Napoli#Uomo#40#Napoli#80121#Napoli#veicolo già assicurato con atr#no#BM#5#0#0#0#1#0#0#1#0#3,000,000
Fonsai - ciclomotori#307#2010-04-15#marca#modello#3#no#Persona Fisica#M#40#Napoli#80121#Napoli#Uomo#40#Napoli#80121#Napoli#veicolo già assicurato con atr#no#BM#6#0#0#0#1#0#0#1#0#3,000,000
Fonsai - ciclomotori#308#2010-04-15#marca#modello#3#no#Persona Fisica#M#40#Napoli#80121#Napoli#Uomo#40#Napoli#80121#Napoli#veicolo già assicurato con atr#no#BM#7#0#0#0#1#0#0#1#0#3,000,000
Fonsai - ciclomotori#309#2010-04-15#marca#modello#3#no#Persona Fisica#M#40#Napoli#80121#Napoli#Uomo#40#Napoli#80121#Napoli#veicolo già assicurato con atr#no#BM#8#0#0#0#1#0#0#1#0#3,000,000
Fonsai - ciclomotori#310#2010-04-15#marca#modello#3#no#Persona Fisica#M#40#Napoli#80121#Napoli#Uomo#40#Napoli#80121#Napoli#veicolo già assicurato con atr#no#BM#9#0#0#0#1#0#0#1#0#3,000,000
Fonsai - ciclomotori#311#2010-04-15#marca#modello#3#no#Persona Fisica#M#40#Napoli#80121#Napoli#Uomo#40#Napoli#80121#Napoli#veicolo già assicurato con atr#no#BM#10#0#0#0#1#0#0#1#0#3,000,000
Fonsai - ciclomotori#312#2010-04-15#marca#modello#3#no#Persona Fisica#M#40#Napoli#80121#Napoli#Uomo#40#Napoli#80121#Napoli#veicolo già assicurato con atr#no#BM#11#0#0#0#1#0#0#1#0#3,000,000
Fonsai - ciclomotori#313#2010-04-15#marca#modello#3#no#Persona Fisica#M#40#Napoli#80121#Napoli#Uomo#40#Napoli#80121#Napoli#veicolo già assicurato con atr#no#BM#12#0#0#0#1#0#0#1#0#3,000,000
Fonsai - ciclomotori#314#2010-04-15#marca#modello#3#no#Persona Fisica#M#40#Napoli#80121#Napoli#Uomo#40#Napoli#80121#Napoli#veicolo già assicurato con atr#no#BM#13#0#0#0#1#0#0#1#0#3,000,000
Fonsai - ciclomotori#315#2010-04-15#marca#modello#3#no#Persona Fisica#M#40#Napoli#80121#Napoli#Uomo#40#Napoli#80121#Napoli#veicolo già assicurato con atr#no#BM#14#0#0#0#1#0#0#1#0#3,000,000
Fonsai - ciclomotori#316#2010-04-15#marca#modello#3#no#Persona Fisica#M#40#Napoli#80121#Napoli#Uomo#40#Napoli#80121#Napoli#veicolo già assicurato con atr#no#BM#15#0#0#0#1#0#0#1#0#3,000,000
Fonsai - ciclomotori#317#2010-04-15#marca#modello#3#no#Persona Fisica#M#40#Napoli#80121#Napoli#Uomo#40#Napoli#80121#Napoli#veicolo già assicurato con atr#no#BM#16#0#0#0#1#0#0#1#0#3,000,000
Fonsai - ciclomotori#318#2010-04-15#marca#modello#3#no#Persona Fisica#M#40#Napoli#80121#Napoli#Uomo#40#Napoli#80121#Napoli#veicolo già assicurato con atr#no#BM#17#0#0#0#1#0#0#1#0#3,000,000
Fonsai - ciclomotori#319#2010-04-15#marca#modello#3#no#Persona Fisica#M#40#Napoli#80121#Napoli#Uomo#40#Napoli#80121#Napoli#veicolo già assicurato con atr#no#BM#18#0#0#0#1#0#0#1#0#3,000,000
Fonsai - ciclomotori#320#2010-04-15#marca#modello#3#no#Persona Fisica#M#40#Napoli#80121#Napoli#Uomo#40#Napoli#80121#Napoli#veicolo già assicurato con atr#no#BM#1#0#0#1#0#0#0#1#0#3,000,000
Fonsai - ciclomotori#321#2010-04-15#marca#modello#3#no#Persona Fisica#M#40#Napoli#80121#Napoli#Uomo#40#Napoli#80121#Napoli#veicolo già assicurato con atr#no#BM#2#0#0#1#0#0#0#1#0#3,000,000
Fonsai - ciclomotori#322#2010-04-15#marca#modello#3#no#Persona Fisica#M#40#Napoli#80121#Napoli#Uomo#40#Napoli#80121#Napoli#veicolo già assicurato con atr#no#BM#3#0#0#1#0#0#0#1#0#3,000,000
Fonsai - ciclomotori#323#2010-04-15#marca#modello#3#no#Persona Fisica#M#40#Napoli#80121#Napoli#Uomo#40#Napoli#80121#Napoli#veicolo già assicurato con atr#no#BM#4#0#0#1#0#0#0#1#0#3,000,000
Fonsai - ciclomotori#324#2010-04-15#marca#modello#3#no#Persona Fisica#M#40#Napoli#80121#Napoli#Uomo#40#Napoli#80121#Napoli#veicolo già assicurato con atr#no#BM#5#0#0#1#0#0#0#1#0#3,000,000
Fonsai - ciclomotori#325#2010-04-15#marca#modello#3#no#Persona Fisica#M#40#Napoli#80121#Napoli#Uomo#40#Napoli#80121#Napoli#veicolo già assicurato con atr#no#BM#6#0#0#1#0#0#0#1#0#3,000,000
Fonsai - ciclomotori#326#2010-04-15#marca#modello#3#no#Persona Fisica#M#40#Napoli#80121#Napoli#Uomo#40#Napoli#80121#Napoli#veicolo già assicurato con atr#no#BM#7#0#0#1#0#0#0#1#0#3,000,000
Fonsai - ciclomotori#327#2010-04-15#marca#modello#3#no#Persona Fisica#M#40#Napoli#80121#Napoli#Uomo#40#Napoli#80121#Napoli#veicolo già assicurato con atr#no#BM#8#0#0#1#0#0#0#1#0#3,000,000
Fonsai - ciclomotori#328#2010-04-15#marca#modello#3#no#Persona Fisica#M#40#Napoli#80121#Napoli#Uomo#40#Napoli#80121#Napoli#veicolo già assicurato con atr#no#BM#9#0#0#1#0#0#0#1#0#3,000,000
Fonsai - ciclomotori#329#2010-04-15#marca#modello#3#no#Persona Fisica#M#40#Napoli#80121#Napoli#Uomo#40#Napoli#80121#Napoli#veicolo già assicurato con atr#no#BM#10#0#0#1#0#0#0#1#0#3,000,000
Fonsai - ciclomotori#330#2010-04-15#marca#modello#3#no#Persona Fisica#M#40#Napoli#80121#Napoli#Uomo#40#Napoli#80121#Napoli#veicolo già assicurato con atr#no#BM#11#0#0#1#0#0#0#1#0#3,000,000
Fonsai - ciclomotori#331#2010-04-15#marca#modello#3#no#Persona Fisica#M#40#Napoli#80121#Napoli#Uomo#40#Napoli#80121#Napoli#veicolo già assicurato con atr#no#BM#12#0#0#1#0#0#0#1#0#3,000,000
Fonsai - ciclomotori#332#2010-04-15#marca#modello#3#no#Persona Fisica#M#40#Napoli#80121#Napoli#Uomo#40#Napoli#80121#Napoli#veicolo già assicurato con atr#no#BM#13#0#0#1#0#0#0#1#0#3,000,000
Fonsai - ciclomotori#333#2010-04-15#marca#modello#3#no#Persona Fisica#M#40#Napoli#80121#Napoli#Uomo#40#Napoli#80121#Napoli#veicolo già assicurato con atr#no#BM#14#0#0#1#0#0#0#1#0#3,000,000
Fonsai - ciclomotori#334#2010-04-15#marca#modello#3#no#Persona Fisica#M#40#Napoli#80121#Napoli#Uomo#40#Napoli#80121#Napoli#veicolo già assicurato con atr#no#BM#15#0#0#1#0#0#0#1#0#3,000,000
Fonsai - ciclomotori#335#2010-04-15#marca#modello#3#no#Persona Fisica#M#40#Napoli#80121#Napoli#Uomo#40#Napoli#80121#Napoli#veicolo già assicurato con atr#no#BM#16#0#0#1#0#0#0#1#0#3,000,000
Fonsai - ciclomotori#336#2010-04-15#marca#modello#3#no#Persona Fisica#M#40#Napoli#80121#Napoli#Uomo#40#Napoli#80121#Napoli#veicolo già assicurato con atr#no#BM#17#0#0#1#0#0#0#1#0#3,000,000
Fonsai - ciclomotori#337#2010-04-15#marca#modello#3#no#Persona Fisica#M#40#Napoli#80121#Napoli#Uomo#40#Napoli#80121#Napoli#veicolo già assicurato con atr#no#BM#18#0#0#1#0#0#0#1#0#3,000,000
Fonsai - ciclomotori#338#2010-04-15#marca#modello#3#no#Persona Fisica#M#40#Napoli#80121#Napoli#Uomo#40#Napoli#80121#Napoli#veicolo già assicurato con atr#no#BM#1#0#1#0#0#0#0#1#0#3,000,000
Fonsai - ciclomotori#339#2010-04-15#marca#modello#3#no#Persona Fisica#M#40#Napoli#80121#Napoli#Uomo#40#Napoli#80121#Napoli#veicolo già assicurato con atr#no#BM#2#0#1#0#0#0#0#1#0#3,000,000
Fonsai - ciclomotori#340#2010-04-15#marca#modello#3#no#Persona Fisica#M#40#Napoli#80121#Napoli#Uomo#40#Napoli#80121#Napoli#veicolo già assicurato con atr#no#BM#3#0#1#0#0#0#0#1#0#3,000,000
Fonsai - ciclomotori#341#2010-04-15#marca#modello#3#no#Persona Fisica#M#40#Napoli#80121#Napoli#Uomo#40#Napoli#80121#Napoli#veicolo già assicurato con atr#no#BM#4#0#1#0#0#0#0#1#0#3,000,000
Fonsai - ciclomotori#342#2010-04-15#marca#modello#3#no#Persona Fisica#M#40#Napoli#80121#Napoli#Uomo#40#Napoli#80121#Napoli#veicolo già assicurato con atr#no#BM#5#0#1#0#0#0#0#1#0#3,000,000
Fonsai - ciclomotori#343#2010-04-15#marca#modello#3#no#Persona Fisica#M#40#Napoli#80121#Napoli#Uomo#40#Napoli#80121#Napoli#veicolo già assicurato con atr#no#BM#6#0#1#0#0#0#0#1#0#3,000,000
Fonsai - ciclomotori#344#2010-04-15#marca#modello#3#no#Persona Fisica#M#40#Napoli#80121#Napoli#Uomo#40#Napoli#80121#Napoli#veicolo già assicurato con atr#no#BM#7#0#1#0#0#0#0#1#0#3,000,000
Fonsai - ciclomotori#345#2010-04-15#marca#modello#3#no#Persona Fisica#M#40#Napoli#80121#Napoli#Uomo#40#Napoli#80121#Napoli#veicolo già assicurato con atr#no#BM#8#0#1#0#0#0#0#1#0#3,000,000
Fonsai - ciclomotori#346#2010-04-15#marca#modello#3#no#Persona Fisica#M#40#Napoli#80121#Napoli#Uomo#40#Napoli#80121#Napoli#veicolo già assicurato con atr#no#BM#9#0#1#0#0#0#0#1#0#3,000,000
Fonsai - ciclomotori#347#2010-04-15#marca#modello#3#no#Persona Fisica#M#40#Napoli#80121#Napoli#Uomo#40#Napoli#80121#Napoli#veicolo già assicurato con atr#no#BM#10#0#1#0#0#0#0#1#0#3,000,000
Fonsai - ciclomotori#348#2010-04-15#marca#modello#3#no#Persona Fisica#M#40#Napoli#80121#Napoli#Uomo#40#Napoli#80121#Napoli#veicolo già assicurato con atr#no#BM#11#0#1#0#0#0#0#1#0#3,000,000
Fonsai - ciclomotori#349#2010-04-15#marca#modello#3#no#Persona Fisica#M#40#Napoli#80121#Napoli#Uomo#40#Napoli#80121#Napoli#veicolo già assicurato con atr#no#BM#12#0#1#0#0#0#0#1#0#3,000,000
Fonsai - ciclomotori#350#2010-04-15#marca#modello#3#no#Persona Fisica#M#40#Napoli#80121#Napoli#Uomo#40#Napoli#80121#Napoli#veicolo già assicurato con atr#no#BM#13#0#1#0#0#0#0#1#0#3,000,000
Fonsai - ciclomotori#351#2010-04-15#marca#modello#3#no#Persona Fisica#M#40#Napoli#80121#Napoli#Uomo#40#Napoli#80121#Napoli#veicolo già assicurato con atr#no#BM#14#0#1#0#0#0#0#1#0#3,000,000
Fonsai - ciclomotori#352#2010-04-15#marca#modello#3#no#Persona Fisica#M#40#Napoli#80121#Napoli#Uomo#40#Napoli#80121#Napoli#veicolo già assicurato con atr#no#BM#15#0#1#0#0#0#0#1#0#3,000,000
Fonsai - ciclomotori#353#2010-04-15#marca#modello#3#no#Persona Fisica#M#40#Napoli#80121#Napoli#Uomo#40#Napoli#80121#Napoli#veicolo già assicurato con atr#no#BM#16#0#1#0#0#0#0#1#0#3,000,000
Fonsai - ciclomotori#354#2010-04-15#marca#modello#3#no#Persona Fisica#M#40#Napoli#80121#Napoli#Uomo#40#Napoli#80121#Napoli#veicolo già assicurato con atr#no#BM#17#0#1#0#0#0#0#1#0#3,000,000
Fonsai - ciclomotori#355#2010-04-15#marca#modello#3#no#Persona Fisica#M#40#Napoli#80121#Napoli#Uomo#40#Napoli#80121#Napoli#veicolo già assicurato con atr#no#BM#18#0#1#0#0#0#0#1#0#3,000,000
Fonsai - ciclomotori#356#2010-04-15#marca#modello#3#no#Persona Fisica#M#40#Napoli#80121#Napoli#Uomo#40#Napoli#80121#Napoli#veicolo già assicurato con atr#no#BM#1#1#0#0#0#0#0#1#0#3,000,000
Fonsai - ciclomotori#357#2010-04-15#marca#modello#3#no#Persona Fisica#M#40#Napoli#80121#Napoli#Uomo#40#Napoli#80121#Napoli#veicolo già assicurato con atr#no#BM#2#1#0#0#0#0#0#1#0#3,000,000
Fonsai - ciclomotori#358#2010-04-15#marca#modello#3#no#Persona Fisica#M#40#Napoli#80121#Napoli#Uomo#40#Napoli#80121#Napoli#veicolo già assicurato con atr#no#BM#3#1#0#0#0#0#0#1#0#3,000,000
Fonsai - ciclomotori#359#2010-04-15#marca#modello#3#no#Persona Fisica#M#40#Napoli#80121#Napoli#Uomo#40#Napoli#80121#Napoli#veicolo già assicurato con atr#no#BM#4#1#0#0#0#0#0#1#0#3,000,000
Fonsai - ciclomotori#360#2010-04-15#marca#modello#3#no#Persona Fisica#M#40#Napoli#80121#Napoli#Uomo#40#Napoli#80121#Napoli#veicolo già assicurato con atr#no#BM#5#1#0#0#0#0#0#1#0#3,000,000
Fonsai - ciclomotori#361#2010-04-15#marca#modello#3#no#Persona Fisica#M#40#Napoli#80121#Napoli#Uomo#40#Napoli#80121#Napoli#veicolo già assicurato con atr#no#BM#6#1#0#0#0#0#0#1#0#3,000,000
Fonsai - ciclomotori#362#2010-04-15#marca#modello#3#no#Persona Fisica#M#40#Napoli#80121#Napoli#Uomo#40#Napoli#80121#Napoli#veicolo già assicurato con atr#no#BM#7#1#0#0#0#0#0#1#0#3,000,000
Fonsai - ciclomotori#363#2010-04-15#marca#modello#3#no#Persona Fisica#M#40#Napoli#80121#Napoli#Uomo#40#Napoli#80121#Napoli#veicolo già assicurato con atr#no#BM#8#1#0#0#0#0#0#1#0#3,000,000
Fonsai - ciclomotori#364#2010-04-15#marca#modello#3#no#Persona Fisica#M#40#Napoli#80121#Napoli#Uomo#40#Napoli#80121#Napoli#veicolo già assicurato con atr#no#BM#9#1#0#0#0#0#0#1#0#3,000,000
Fonsai - ciclomotori#365#2010-04-15#marca#modello#3#no#Persona Fisica#M#40#Napoli#80121#Napoli#Uomo#40#Napoli#80121#Napoli#veicolo già assicurato con atr#no#BM#10#1#0#0#0#0#0#1#0#3,000,000
Fonsai - ciclomotori#366#2010-04-15#marca#modello#3#no#Persona Fisica#M#40#Napoli#80121#Napoli#Uomo#40#Napoli#80121#Napoli#veicolo già assicurato con atr#no#BM#11#1#0#0#0#0#0#1#0#3,000,000
Fonsai - ciclomotori#367#2010-04-15#marca#modello#3#no#Persona Fisica#M#40#Napoli#80121#Napoli#Uomo#40#Napoli#80121#Napoli#veicolo già assicurato con atr#no#BM#12#1#0#0#0#0#0#1#0#3,000,000
Fonsai - ciclomotori#368#2010-04-15#marca#modello#3#no#Persona Fisica#M#40#Napoli#80121#Napoli#Uomo#40#Napoli#80121#Napoli#veicolo già assicurato con atr#no#BM#13#1#0#0#0#0#0#1#0#3,000,000
Fonsai - ciclomotori#369#2010-04-15#marca#modello#3#no#Persona Fisica#M#40#Napoli#80121#Napoli#Uomo#40#Napoli#80121#Napoli#veicolo già assicurato con atr#no#BM#14#1#0#0#0#0#0#1#0#3,000,000
Fonsai - ciclomotori#370#2010-04-15#marca#modello#3#no#Persona Fisica#M#40#Napoli#80121#Napoli#Uomo#40#Napoli#80121#Napoli#veicolo già assicurato con atr#no#BM#15#1#0#0#0#0#0#1#0#3,000,000
Fonsai - ciclomotori#371#2010-04-15#marca#modello#3#no#Persona Fisica#M#40#Napoli#80121#Napoli#Uomo#40#Napoli#80121#Napoli#veicolo già assicurato con atr#no#BM#16#1#0#0#0#0#0#1#0#3,000,000
Fonsai - ciclomotori#372#2010-04-15#marca#modello#3#no#Persona Fisica#M#40#Napoli#80121#Napoli#Uomo#40#Napoli#80121#Napoli#veicolo già assicurato con atr#no#BM#17#1#0#0#0#0#0#1#0#3,000,000
Fonsai - ciclomotori#373#2010-04-15#marca#modello#3#no#Persona Fisica#M#40#Napoli#80121#Napoli#Uomo#40#Napoli#80121#Napoli#veicolo già assicurato con atr#no#BM#18#1#0#0#0#0#0#1#0#3,000,000
