conte#1#2010-04-15#Honda#3#100#SH 125 I#I#si#125#Persona fisica#M#40#AGRIGENTO#92100#AGRIGENTO#3#SI#Impiegato#M#40#AGRIGENTO#92100#AGRIGENTO#veicolo già assicurato con atr#No#No#BM#14#0#0#0#0#0#0#0#0#2,500,000
conte#2#2010-04-15#Honda#3#100#SH 125 I#I#si#125#Persona fisica#M#40#ALESSANDRIA#15100#ALESSANDRIA#3#SI#Impiegato#M#40#ALESSANDRIA#15100#ALESSANDRIA#veicolo già assicurato con atr#No#No#BM#14#0#0#0#0#0#0#0#0#2,500,000
conte#3#2010-04-15#Honda#3#100#SH 125 I#I#si#125#Persona fisica#M#40#ANCONA#60100#ANCONA#3#SI#Impiegato#M#40#ANCONA#60100#ANCONA#veicolo già assicurato con atr#No#No#BM#14#0#0#0#0#0#0#0#0#2,500,000
conte#4#2010-04-15#Honda#3#100#SH 125 I#I#si#125#Persona fisica#M#40#AOSTA#11100#AOSTA#3#SI#Impiegato#M#40#AOSTA#11100#AOSTA#veicolo già assicurato con atr#No#No#BM#14#0#0#0#0#0#0#0#0#2,500,000
conte#5#2010-04-15#Honda#3#100#SH 125 I#I#si#125#Persona fisica#M#40#ASCOLI PICENO#63100#ASCOLI PICENO#3#SI#Impiegato#M#40#ASCOLI PICENO#63100#ASCOLI PICENO#veicolo già assicurato con atr#No#No#BM#14#0#0#0#0#0#0#0#0#2,500,000
conte#6#2010-04-15#Honda#3#100#SH 125 I#I#si#125#Persona fisica#M#40#L'AQUILA#67100#L'AQUILA#3#SI#Impiegato#M#40#L'AQUILA#67100#L'AQUILA#veicolo già assicurato con atr#No#No#BM#14#0#0#0#0#0#0#0#0#2,500,000
conte#7#2010-04-15#Honda#3#100#SH 125 I#I#si#125#Persona fisica#M#40#AREZZO#52100#AREZZO#3#SI#Impiegato#M#40#AREZZO#52100#AREZZO#veicolo già assicurato con atr#No#No#BM#14#0#0#0#0#0#0#0#0#2,500,000
conte#8#2010-04-15#Honda#3#100#SH 125 I#I#si#125#Persona fisica#M#40#ASTI#14100#ASTI#3#SI#Impiegato#M#40#ASTI#14100#ASTI#veicolo già assicurato con atr#No#No#BM#14#0#0#0#0#0#0#0#0#2,500,000
conte#9#2010-04-15#Honda#3#100#SH 125 I#I#si#125#Persona fisica#M#40#AVELLINO#83100#AVELLINO#3#SI#Impiegato#M#40#AVELLINO#83100#AVELLINO#veicolo già assicurato con atr#No#No#BM#14#0#0#0#0#0#0#0#0#2,500,000
conte#10#2010-04-15#Honda#3#100#SH 125 I#I#si#125#Persona fisica#M#40#BARI#70100#BARI#3#SI#Impiegato#M#40#BARI#70100#BARI#veicolo già assicurato con atr#No#No#BM#14#0#0#0#0#0#0#0#0#2,500,000
conte#11#2010-04-15#Honda#3#100#SH 125 I#I#si#125#Persona fisica#M#40#BERGAMO#24100#BERGAMO#3#SI#Impiegato#M#40#BERGAMO#24100#BERGAMO#veicolo già assicurato con atr#No#No#BM#14#0#0#0#0#0#0#0#0#2,500,000
conte#12#2010-04-15#Honda#3#100#SH 125 I#I#si#125#Persona fisica#M#40#BIELLA#13900#BIELLA#3#SI#Impiegato#M#40#BIELLA#13900#BIELLA#veicolo già assicurato con atr#No#No#BM#14#0#0#0#0#0#0#0#0#2,500,000
conte#13#2010-04-15#Honda#3#100#SH 125 I#I#si#125#Persona fisica#M#40#BELLUNO#32100#BELLUNO#3#SI#Impiegato#M#40#BELLUNO#32100#BELLUNO#veicolo già assicurato con atr#No#No#BM#14#0#0#0#0#0#0#0#0#2,500,000
conte#14#2010-04-15#Honda#3#100#SH 125 I#I#si#125#Persona fisica#M#40#BENEVENTO#82100#BENEVENTO#3#SI#Impiegato#M#40#BENEVENTO#82100#BENEVENTO#veicolo già assicurato con atr#No#No#BM#14#0#0#0#0#0#0#0#0#2,500,000
conte#15#2010-04-15#Honda#3#100#SH 125 I#I#si#125#Persona fisica#M#40#BOLOGNA#40100#BOLOGNA#3#SI#Impiegato#M#40#BOLOGNA#40100#BOLOGNA#veicolo già assicurato con atr#No#No#BM#14#0#0#0#0#0#0#0#0#2,500,000
conte#16#2010-04-15#Honda#3#100#SH 125 I#I#si#125#Persona fisica#M#40#BRINDISI#72100#BRINDISI#3#SI#Impiegato#M#40#BRINDISI#72100#BRINDISI#veicolo già assicurato con atr#No#No#BM#14#0#0#0#0#0#0#0#0#2,500,000
conte#17#2010-04-15#Honda#3#100#SH 125 I#I#si#125#Persona fisica#M#40#BRESCIA#25100#BRESCIA#3#SI#Impiegato#M#40#BRESCIA#25100#BRESCIA#veicolo già assicurato con atr#No#No#BM#14#0#0#0#0#0#0#0#0#2,500,000
conte#18#2010-04-15#Honda#3#100#SH 125 I#I#si#125#Persona fisica#M#40#BOLZANO#39100#BOLZANO#3#SI#Impiegato#M#40#BOLZANO#39100#BOLZANO#veicolo già assicurato con atr#No#No#BM#14#0#0#0#0#0#0#0#0#2,500,000
conte#19#2010-04-15#Honda#3#100#SH 125 I#I#si#125#Persona fisica#M#40#CAGLIARI#09100#CAGLIARI#3#SI#Impiegato#M#40#CAGLIARI#09100#CAGLIARI#veicolo già assicurato con atr#No#No#BM#14#0#0#0#0#0#0#0#0#2,500,000
conte#20#2010-04-15#Honda#3#100#SH 125 I#I#si#125#Persona fisica#M#40#CAMPOBASSO#86100#CAMPOBASSO#3#SI#Impiegato#M#40#CAMPOBASSO#86100#CAMPOBASSO#veicolo già assicurato con atr#No#No#BM#14#0#0#0#0#0#0#0#0#2,500,000
conte#21#2010-04-15#Honda#3#100#SH 125 I#I#si#125#Persona fisica#M#40#CASERTA#81100#CASERTA#3#SI#Impiegato#M#40#CASERTA#81100#CASERTA#veicolo già assicurato con atr#No#No#BM#14#0#0#0#0#0#0#0#0#2,500,000
conte#22#2010-04-15#Honda#3#100#SH 125 I#I#si#125#Persona fisica#M#40#CHIETI#66100#CHIETI#3#SI#Impiegato#M#40#CHIETI#66100#CHIETI#veicolo già assicurato con atr#No#No#BM#14#0#0#0#0#0#0#0#0#2,500,000
conte#23#2010-04-15#Honda#3#100#SH 125 I#I#si#125#Persona fisica#M#40#CALTANISSETTA#93100#CALTANISSETTA#3#SI#Impiegato#M#40#CALTANISSETTA#93100#CALTANISSETTA#veicolo già assicurato con atr#No#No#BM#14#0#0#0#0#0#0#0#0#2,500,000
conte#24#2010-04-15#Honda#3#100#SH 125 I#I#si#125#Persona fisica#M#40#CUNEO#12100#CUNEO#3#SI#Impiegato#M#40#CUNEO#12100#CUNEO#veicolo già assicurato con atr#No#No#BM#14#0#0#0#0#0#0#0#0#2,500,000
conte#25#2010-04-15#Honda#3#100#SH 125 I#I#si#125#Persona fisica#M#40#COMO#22100#COMO#3#SI#Impiegato#M#40#COMO#22100#COMO#veicolo già assicurato con atr#No#No#BM#14#0#0#0#0#0#0#0#0#2,500,000
conte#26#2010-04-15#Honda#3#100#SH 125 I#I#si#125#Persona fisica#M#40#CREMONA#26100#CREMONA#3#SI#Impiegato#M#40#CREMONA#26100#CREMONA#veicolo già assicurato con atr#No#No#BM#14#0#0#0#0#0#0#0#0#2,500,000
conte#27#2010-04-15#Honda#3#100#SH 125 I#I#si#125#Persona fisica#M#40#COSENZA#87100#COSENZA#3#SI#Impiegato#M#40#COSENZA#87100#COSENZA#veicolo già assicurato con atr#No#No#BM#14#0#0#0#0#0#0#0#0#2,500,000
conte#28#2010-04-15#Honda#3#100#SH 125 I#I#si#125#Persona fisica#M#40#CATANIA#95100#CATANIA#3#SI#Impiegato#M#40#CATANIA#95100#CATANIA#veicolo già assicurato con atr#No#No#BM#14#0#0#0#0#0#0#0#0#2,500,000
conte#29#2010-04-15#Honda#3#100#SH 125 I#I#si#125#Persona fisica#M#40#CATANZARO#88100#CATANZARO#3#SI#Impiegato#M#40#CATANZARO#88100#CATANZARO#veicolo già assicurato con atr#No#No#BM#14#0#0#0#0#0#0#0#0#2,500,000
conte#30#2010-04-15#Honda#3#100#SH 125 I#I#si#125#Persona fisica#M#40#ENNA#94100#ENNA#3#SI#Impiegato#M#40#ENNA#94100#ENNA#veicolo già assicurato con atr#No#No#BM#14#0#0#0#0#0#0#0#0#2,500,000
conte#31#2010-04-15#Honda#3#100#SH 125 I#I#si#125#Persona fisica#M#40#FERRARA#44100#FERRARA#3#SI#Impiegato#M#40#FERRARA#44100#FERRARA#veicolo già assicurato con atr#No#No#BM#14#0#0#0#0#0#0#0#0#2,500,000
conte#32#2010-04-15#Honda#3#100#SH 125 I#I#si#125#Persona fisica#M#40#FOGGIA#71100#FOGGIA#3#SI#Impiegato#M#40#FOGGIA#71100#FOGGIA#veicolo già assicurato con atr#No#No#BM#14#0#0#0#0#0#0#0#0#2,500,000
conte#33#2010-04-15#Honda#3#100#SH 125 I#I#si#125#Persona fisica#M#40#FIRENZE#50100#FIRENZE#3#SI#Impiegato#M#40#FIRENZE#50100#FIRENZE#veicolo già assicurato con atr#No#No#BM#14#0#0#0#0#0#0#0#0#2,500,000
conte#34#2010-04-15#Honda#3#100#SH 125 I#I#si#125#Persona fisica#M#40#FORLI'#47100#FORLI'#3#SI#Impiegato#M#40#FORLI'#47100#FORLI'#veicolo già assicurato con atr#No#No#BM#14#0#0#0#0#0#0#0#0#2,500,000
conte#35#2010-04-15#Honda#3#100#SH 125 I#I#si#125#Persona fisica#M#40#FROSINONE#03100#FROSINONE#3#SI#Impiegato#M#40#FROSINONE#03100#FROSINONE#veicolo già assicurato con atr#No#No#BM#14#0#0#0#0#0#0#0#0#2,500,000
conte#36#2010-04-15#Honda#3#100#SH 125 I#I#si#125#Persona fisica#M#40#GENOVA#16100#GENOVA#3#SI#Impiegato#M#40#GENOVA#16100#GENOVA#veicolo già assicurato con atr#No#No#BM#14#0#0#0#0#0#0#0#0#2,500,000
conte#37#2010-04-15#Honda#3#100#SH 125 I#I#si#125#Persona fisica#M#40#GORIZIA#34170#GORIZIA#3#SI#Impiegato#M#40#GORIZIA#34170#GORIZIA#veicolo già assicurato con atr#No#No#BM#14#0#0#0#0#0#0#0#0#2,500,000
conte#38#2010-04-15#Honda#3#100#SH 125 I#I#si#125#Persona fisica#M#40#GROSSETO#58100#GROSSETO#3#SI#Impiegato#M#40#GROSSETO#58100#GROSSETO#veicolo già assicurato con atr#No#No#BM#14#0#0#0#0#0#0#0#0#2,500,000
conte#39#2010-04-15#Honda#3#100#SH 125 I#I#si#125#Persona fisica#M#40#IMPERIA#18100#IMPERIA#3#SI#Impiegato#M#40#IMPERIA#18100#IMPERIA#veicolo già assicurato con atr#No#No#BM#14#0#0#0#0#0#0#0#0#2,500,000
conte#40#2010-04-15#Honda#3#100#SH 125 I#I#si#125#Persona fisica#M#40#ISERNIA#86170#ISERNIA#3#SI#Impiegato#M#40#ISERNIA#86170#ISERNIA#veicolo già assicurato con atr#No#No#BM#14#0#0#0#0#0#0#0#0#2,500,000
conte#41#2010-04-15#Honda#3#100#SH 125 I#I#si#125#Persona fisica#M#40#CROTONE#88900#CROTONE#3#SI#Impiegato#M#40#CROTONE#88900#CROTONE#veicolo già assicurato con atr#No#No#BM#14#0#0#0#0#0#0#0#0#2,500,000
conte#42#2010-04-15#Honda#3#100#SH 125 I#I#si#125#Persona fisica#M#40#LECCO#23900#LECCO#3#SI#Impiegato#M#40#LECCO#23900#LECCO#veicolo già assicurato con atr#No#No#BM#14#0#0#0#0#0#0#0#0#2,500,000
conte#43#2010-04-15#Honda#3#100#SH 125 I#I#si#125#Persona fisica#M#40#LECCE#73100#LECCE#3#SI#Impiegato#M#40#LECCE#73100#LECCE#veicolo già assicurato con atr#No#No#BM#14#0#0#0#0#0#0#0#0#2,500,000
conte#44#2010-04-15#Honda#3#100#SH 125 I#I#si#125#Persona fisica#M#40#LIVORNO#57100#LIVORNO#3#SI#Impiegato#M#40#LIVORNO#57100#LIVORNO#veicolo già assicurato con atr#No#No#BM#14#0#0#0#0#0#0#0#0#2,500,000
conte#45#2010-04-15#Honda#3#100#SH 125 I#I#si#125#Persona fisica#M#40#LODI#26900#LODI#3#SI#Impiegato#M#40#LODI#26900#LODI#veicolo già assicurato con atr#No#No#BM#14#0#0#0#0#0#0#0#0#2,500,000
conte#46#2010-04-15#Honda#3#100#SH 125 I#I#si#125#Persona fisica#M#40#LATINA#04100#LATINA#3#SI#Impiegato#M#40#LATINA#04100#LATINA#veicolo già assicurato con atr#No#No#BM#14#0#0#0#0#0#0#0#0#2,500,000
conte#47#2010-04-15#Honda#3#100#SH 125 I#I#si#125#Persona fisica#M#40#LUCCA#55100#LUCCA#3#SI#Impiegato#M#40#LUCCA#55100#LUCCA#veicolo già assicurato con atr#No#No#BM#14#0#0#0#0#0#0#0#0#2,500,000
conte#48#2010-04-15#Honda#3#100#SH 125 I#I#si#125#Persona fisica#M#40#MACERATA#62100#MACERATA#3#SI#Impiegato#M#40#MACERATA#62100#MACERATA#veicolo già assicurato con atr#No#No#BM#14#0#0#0#0#0#0#0#0#2,500,000
conte#49#2010-04-15#Honda#3#100#SH 125 I#I#si#125#Persona fisica#M#40#MESSINA#98100#MESSINA#3#SI#Impiegato#M#40#MESSINA#98100#MESSINA#veicolo già assicurato con atr#No#No#BM#14#0#0#0#0#0#0#0#0#2,500,000
conte#50#2010-04-15#Honda#3#100#SH 125 I#I#si#125#Persona fisica#M#40#MILANO#20100#MILANO#3#SI#Impiegato#M#40#MILANO#20100#MILANO#veicolo già assicurato con atr#No#No#BM#14#0#0#0#0#0#0#0#0#2,500,000
conte#51#2010-04-15#Honda#3#100#SH 125 I#I#si#125#Persona fisica#M#40#MANTOVA#46100#MANTOVA#3#SI#Impiegato#M#40#MANTOVA#46100#MANTOVA#veicolo già assicurato con atr#No#No#BM#14#0#0#0#0#0#0#0#0#2,500,000
conte#52#2010-04-15#Honda#3#100#SH 125 I#I#si#125#Persona fisica#M#40#MODENA#41100#MODENA#3#SI#Impiegato#M#40#MODENA#41100#MODENA#veicolo già assicurato con atr#No#No#BM#14#0#0#0#0#0#0#0#0#2,500,000
conte#53#2010-04-15#Honda#3#100#SH 125 I#I#si#125#Persona fisica#M#40#MASSA#54100#MASSA#3#SI#Impiegato#M#40#MASSA#54100#MASSA#veicolo già assicurato con atr#No#No#BM#14#0#0#0#0#0#0#0#0#2,500,000
conte#54#2010-04-15#Honda#3#100#SH 125 I#I#si#125#Persona fisica#M#40#MATERA#75100#MATERA#3#SI#Impiegato#M#40#MATERA#75100#MATERA#veicolo già assicurato con atr#No#No#BM#14#0#0#0#0#0#0#0#0#2,500,000
conte#55#2010-04-15#Honda#3#100#SH 125 I#I#si#125#Persona fisica#M#40#NAPOLI#80100#NAPOLI#3#SI#Impiegato#M#40#NAPOLI#80100#NAPOLI#veicolo già assicurato con atr#No#No#BM#14#0#0#0#0#0#0#0#0#2,500,000
conte#56#2010-04-15#Honda#3#100#SH 125 I#I#si#125#Persona fisica#M#40#NOVARA#28100#NOVARA#3#SI#Impiegato#M#40#NOVARA#28100#NOVARA#veicolo già assicurato con atr#No#No#BM#14#0#0#0#0#0#0#0#0#2,500,000
conte#57#2010-04-15#Honda#3#100#SH 125 I#I#si#125#Persona fisica#M#40#NUORO#08100#NUORO#3#SI#Impiegato#M#40#NUORO#08100#NUORO#veicolo già assicurato con atr#No#No#BM#14#0#0#0#0#0#0#0#0#2,500,000
conte#58#2010-04-15#Honda#3#100#SH 125 I#I#si#125#Persona fisica#M#40#ORISTANO#09170#ORISTANO#3#SI#Impiegato#M#40#ORISTANO#09170#ORISTANO#veicolo già assicurato con atr#No#No#BM#14#0#0#0#0#0#0#0#0#2,500,000
conte#59#2010-04-15#Honda#3#100#SH 125 I#I#si#125#Persona fisica#M#40#PALERMO#90100#PALERMO#3#SI#Impiegato#M#40#PALERMO#90100#PALERMO#veicolo già assicurato con atr#No#No#BM#14#0#0#0#0#0#0#0#0#2,500,000
conte#60#2010-04-15#Honda#3#100#SH 125 I#I#si#125#Persona fisica#M#40#PIACENZA#29100#PIACENZA#3#SI#Impiegato#M#40#PIACENZA#29100#PIACENZA#veicolo già assicurato con atr#No#No#BM#14#0#0#0#0#0#0#0#0#2,500,000
conte#61#2010-04-15#Honda#3#100#SH 125 I#I#si#125#Persona fisica#M#40#PADOVA#35100#PADOVA#3#SI#Impiegato#M#40#PADOVA#35100#PADOVA#veicolo già assicurato con atr#No#No#BM#14#0#0#0#0#0#0#0#0#2,500,000
conte#62#2010-04-15#Honda#3#100#SH 125 I#I#si#125#Persona fisica#M#40#PESCARA#65100#PESCARA#3#SI#Impiegato#M#40#PESCARA#65100#PESCARA#veicolo già assicurato con atr#No#No#BM#14#0#0#0#0#0#0#0#0#2,500,000
conte#63#2010-04-15#Honda#3#100#SH 125 I#I#si#125#Persona fisica#M#40#PERUGIA#06100#PERUGIA#3#SI#Impiegato#M#40#PERUGIA#06100#PERUGIA#veicolo già assicurato con atr#No#No#BM#14#0#0#0#0#0#0#0#0#2,500,000
conte#64#2010-04-15#Honda#3#100#SH 125 I#I#si#125#Persona fisica#M#40#PISA#56100#PISA#3#SI#Impiegato#M#40#PISA#56100#PISA#veicolo già assicurato con atr#No#No#BM#14#0#0#0#0#0#0#0#0#2,500,000
conte#65#2010-04-15#Honda#3#100#SH 125 I#I#si#125#Persona fisica#M#40#PORDENONE#33170#PORDENONE#3#SI#Impiegato#M#40#PORDENONE#33170#PORDENONE#veicolo già assicurato con atr#No#No#BM#14#0#0#0#0#0#0#0#0#2,500,000
conte#66#2010-04-15#Honda#3#100#SH 125 I#I#si#125#Persona fisica#M#40#PRATO#59100#PRATO#3#SI#Impiegato#M#40#PRATO#59100#PRATO#veicolo già assicurato con atr#No#No#BM#14#0#0#0#0#0#0#0#0#2,500,000
conte#67#2010-04-15#Honda#3#100#SH 125 I#I#si#125#Persona fisica#M#40#PARMA#43100#PARMA#3#SI#Impiegato#M#40#PARMA#43100#PARMA#veicolo già assicurato con atr#No#No#BM#14#0#0#0#0#0#0#0#0#2,500,000
conte#68#2010-04-15#Honda#3#100#SH 125 I#I#si#125#Persona fisica#M#40#PESARO#61100#PESARO#3#SI#Impiegato#M#40#PESARO#61100#PESARO#veicolo già assicurato con atr#No#No#BM#14#0#0#0#0#0#0#0#0#2,500,000
conte#69#2010-04-15#Honda#3#100#SH 125 I#I#si#125#Persona fisica#M#40#PISTOIA#51100#PISTOIA#3#SI#Impiegato#M#40#PISTOIA#51100#PISTOIA#veicolo già assicurato con atr#No#No#BM#14#0#0#0#0#0#0#0#0#2,500,000
conte#70#2010-04-15#Honda#3#100#SH 125 I#I#si#125#Persona fisica#M#40#PAVIA#27100#PAVIA#3#SI#Impiegato#M#40#PAVIA#27100#PAVIA#veicolo già assicurato con atr#No#No#BM#14#0#0#0#0#0#0#0#0#2,500,000
conte#71#2010-04-15#Honda#3#100#SH 125 I#I#si#125#Persona fisica#M#40#POTENZA#85100#POTENZA#3#SI#Impiegato#M#40#POTENZA#85100#POTENZA#veicolo già assicurato con atr#No#No#BM#14#0#0#0#0#0#0#0#0#2,500,000
conte#72#2010-04-15#Honda#3#100#SH 125 I#I#si#125#Persona fisica#M#40#RAVENNA#48100#RAVENNA#3#SI#Impiegato#M#40#RAVENNA#48100#RAVENNA#veicolo già assicurato con atr#No#No#BM#14#0#0#0#0#0#0#0#0#2,500,000
conte#73#2010-04-15#Honda#3#100#SH 125 I#I#si#125#Persona fisica#M#40#REGGIO DI CALABRIA#89100#REGGIO DI CALABRIA#3#SI#Impiegato#M#40#REGGIO DI CALABRIA#89100#REGGIO DI CALABRIA#veicolo già assicurato con atr#No#No#BM#14#0#0#0#0#0#0#0#0#2,500,000
conte#74#2010-04-15#Honda#3#100#SH 125 I#I#si#125#Persona fisica#M#40#REGGIO NELL'EMILIA#42100#REGGIO NELL'EMILIA#3#SI#Impiegato#M#40#REGGIO NELL'EMILIA#42100#REGGIO NELL'EMILIA#veicolo già assicurato con atr#No#No#BM#14#0#0#0#0#0#0#0#0#2,500,000
conte#75#2010-04-15#Honda#3#100#SH 125 I#I#si#125#Persona fisica#M#40#RAGUSA#97100#RAGUSA#3#SI#Impiegato#M#40#RAGUSA#97100#RAGUSA#veicolo già assicurato con atr#No#No#BM#14#0#0#0#0#0#0#0#0#2,500,000
conte#76#2010-04-15#Honda#3#100#SH 125 I#I#si#125#Persona fisica#M#40#RIETI#02100#RIETI#3#SI#Impiegato#M#40#RIETI#02100#RIETI#veicolo già assicurato con atr#No#No#BM#14#0#0#0#0#0#0#0#0#2,500,000
conte#77#2010-04-15#Honda#3#100#SH 125 I#I#si#125#Persona fisica#M#40#ROMA#00100#ROMA#3#SI#Impiegato#M#40#ROMA#00100#ROMA#veicolo già assicurato con atr#No#No#BM#14#0#0#0#0#0#0#0#0#2,500,000
conte#78#2010-04-15#Honda#3#100#SH 125 I#I#si#125#Persona fisica#M#40#RIMINI#47900#RIMINI#3#SI#Impiegato#M#40#RIMINI#47900#RIMINI#veicolo già assicurato con atr#No#No#BM#14#0#0#0#0#0#0#0#0#2,500,000
conte#79#2010-04-15#Honda#3#100#SH 125 I#I#si#125#Persona fisica#M#40#ROVIGO#45100#ROVIGO#3#SI#Impiegato#M#40#ROVIGO#45100#ROVIGO#veicolo già assicurato con atr#No#No#BM#14#0#0#0#0#0#0#0#0#2,500,000
conte#80#2010-04-15#Honda#3#100#SH 125 I#I#si#125#Persona fisica#M#40#SALERNO#84100#SALERNO#3#SI#Impiegato#M#40#SALERNO#84100#SALERNO#veicolo già assicurato con atr#No#No#BM#14#0#0#0#0#0#0#0#0#2,500,000
conte#81#2010-04-15#Honda#3#100#SH 125 I#I#si#125#Persona fisica#M#40#SIENA#53100#SIENA#3#SI#Impiegato#M#40#SIENA#53100#SIENA#veicolo già assicurato con atr#No#No#BM#14#0#0#0#0#0#0#0#0#2,500,000
conte#82#2010-04-15#Honda#3#100#SH 125 I#I#si#125#Persona fisica#M#40#SONDRIO#23100#SONDRIO#3#SI#Impiegato#M#40#SONDRIO#23100#SONDRIO#veicolo già assicurato con atr#No#No#BM#14#0#0#0#0#0#0#0#0#2,500,000
conte#83#2010-04-15#Honda#3#100#SH 125 I#I#si#125#Persona fisica#M#40#LA SPEZIA#19100#LA SPEZIA#3#SI#Impiegato#M#40#LA SPEZIA#19100#LA SPEZIA#veicolo già assicurato con atr#No#No#BM#14#0#0#0#0#0#0#0#0#2,500,000
conte#84#2010-04-15#Honda#3#100#SH 125 I#I#si#125#Persona fisica#M#40#SIRACUSA#96100#SIRACUSA#3#SI#Impiegato#M#40#SIRACUSA#96100#SIRACUSA#veicolo già assicurato con atr#No#No#BM#14#0#0#0#0#0#0#0#0#2,500,000
conte#85#2010-04-15#Honda#3#100#SH 125 I#I#si#125#Persona fisica#M#40#SASSARI#07100#SASSARI#3#SI#Impiegato#M#40#SASSARI#07100#SASSARI#veicolo già assicurato con atr#No#No#BM#14#0#0#0#0#0#0#0#0#2,500,000
conte#86#2010-04-15#Honda#3#100#SH 125 I#I#si#125#Persona fisica#M#40#SAVONA#17100#SAVONA#3#SI#Impiegato#M#40#SAVONA#17100#SAVONA#veicolo già assicurato con atr#No#No#BM#14#0#0#0#0#0#0#0#0#2,500,000
conte#87#2010-04-15#Honda#3#100#SH 125 I#I#si#125#Persona fisica#M#40#TARANTO#74100#TARANTO#3#SI#Impiegato#M#40#TARANTO#74100#TARANTO#veicolo già assicurato con atr#No#No#BM#14#0#0#0#0#0#0#0#0#2,500,000
conte#88#2010-04-15#Honda#3#100#SH 125 I#I#si#125#Persona fisica#M#40#TERAMO#64100#TERAMO#3#SI#Impiegato#M#40#TERAMO#64100#TERAMO#veicolo già assicurato con atr#No#No#BM#14#0#0#0#0#0#0#0#0#2,500,000
conte#89#2010-04-15#Honda#3#100#SH 125 I#I#si#125#Persona fisica#M#40#TRENTO#38100#TRENTO#3#SI#Impiegato#M#40#TRENTO#38100#TRENTO#veicolo già assicurato con atr#No#No#BM#14#0#0#0#0#0#0#0#0#2,500,000
conte#90#2010-04-15#Honda#3#100#SH 125 I#I#si#125#Persona fisica#M#40#TORINO#10100#TORINO#3#SI#Impiegato#M#40#TORINO#10100#TORINO#veicolo già assicurato con atr#No#No#BM#14#0#0#0#0#0#0#0#0#2,500,000
conte#91#2010-04-15#Honda#3#100#SH 125 I#I#si#125#Persona fisica#M#40#TRAPANI#91100#TRAPANI#3#SI#Impiegato#M#40#TRAPANI#91100#TRAPANI#veicolo già assicurato con atr#No#No#BM#14#0#0#0#0#0#0#0#0#2,500,000
conte#92#2010-04-15#Honda#3#100#SH 125 I#I#si#125#Persona fisica#M#40#TERNI#05100#TERNI#3#SI#Impiegato#M#40#TERNI#05100#TERNI#veicolo già assicurato con atr#No#No#BM#14#0#0#0#0#0#0#0#0#2,500,000
conte#93#2010-04-15#Honda#3#100#SH 125 I#I#si#125#Persona fisica#M#40#TRIESTE#34100#TRIESTE#3#SI#Impiegato#M#40#TRIESTE#34100#TRIESTE#veicolo già assicurato con atr#No#No#BM#14#0#0#0#0#0#0#0#0#2,500,000
conte#94#2010-04-15#Honda#3#100#SH 125 I#I#si#125#Persona fisica#M#40#TREVISO#31100#TREVISO#3#SI#Impiegato#M#40#TREVISO#31100#TREVISO#veicolo già assicurato con atr#No#No#BM#14#0#0#0#0#0#0#0#0#2,500,000
conte#95#2010-04-15#Honda#3#100#SH 125 I#I#si#125#Persona fisica#M#40#UDINE#33100#UDINE#3#SI#Impiegato#M#40#UDINE#33100#UDINE#veicolo già assicurato con atr#No#No#BM#14#0#0#0#0#0#0#0#0#2,500,000
conte#96#2010-04-15#Honda#3#100#SH 125 I#I#si#125#Persona fisica#M#40#VARESE#21100#VARESE#3#SI#Impiegato#M#40#VARESE#21100#VARESE#veicolo già assicurato con atr#No#No#BM#14#0#0#0#0#0#0#0#0#2,500,000
conte#97#2010-04-15#Honda#3#100#SH 125 I#I#si#125#Persona fisica#M#40#VERBANIA#28900#VERBANIA#3#SI#Impiegato#M#40#VERBANIA#28900#VERBANIA#veicolo già assicurato con atr#No#No#BM#14#0#0#0#0#0#0#0#0#2,500,000
conte#98#2010-04-15#Honda#3#100#SH 125 I#I#si#125#Persona fisica#M#40#VERCELLI#13100#VERCELLI#3#SI#Impiegato#M#40#VERCELLI#13100#VERCELLI#veicolo già assicurato con atr#No#No#BM#14#0#0#0#0#0#0#0#0#2,500,000
conte#99#2010-04-15#Honda#3#100#SH 125 I#I#si#125#Persona fisica#M#40#VENEZIA#30100#VENEZIA#3#SI#Impiegato#M#40#VENEZIA#30100#VENEZIA#veicolo già assicurato con atr#No#No#BM#14#0#0#0#0#0#0#0#0#2,500,000
conte#100#2010-04-15#Honda#3#100#SH 125 I#I#si#125#Persona fisica#M#40#VICENZA#36100#VICENZA#3#SI#Impiegato#M#40#VICENZA#36100#VICENZA#veicolo già assicurato con atr#No#No#BM#14#0#0#0#0#0#0#0#0#2,500,000
conte#101#2010-04-15#Honda#3#100#SH 125 I#I#si#125#Persona fisica#M#40#VERONA#37100#VERONA#3#SI#Impiegato#M#40#VERONA#37100#VERONA#veicolo già assicurato con atr#No#No#BM#14#0#0#0#0#0#0#0#0#2,500,000
conte#102#2010-04-15#Honda#3#100#SH 125 I#I#si#125#Persona fisica#M#40#VITERBO#01100#VITERBO#3#SI#Impiegato#M#40#VITERBO#01100#VITERBO#veicolo già assicurato con atr#No#No#BM#14#0#0#0#0#0#0#0#0#2,500,000
conte#103#2010-04-15#Honda#3#100#SH 125 I#I#si#125#Persona fisica#M#40#VIBO VALENTIA#89900#VIBO VALENTIA#3#SI#Impiegato#M#40#VIBO VALENTIA#89900#VIBO VALENTIA#veicolo già assicurato con atr#No#No#BM#14#0#0#0#0#0#0#0#0#2,500,000
conte#104#2010-04-15#Honda#3#100#SH 125 I#I#si#125#Persona fisica#M#40#AGRIGENTO#92010#ALESSANDRIA DELLA ROCCA#3#SI#Impiegato#M#40#AGRIGENTO#92010#ALESSANDRIA DELLA ROCCA#veicolo già assicurato con atr#No#No#BM#14#0#0#0#0#0#0#0#0#2,500,000
conte#105#2010-04-15#Honda#3#100#SH 125 I#I#si#125#Persona fisica#M#40#ALESSANDRIA#15010#ALICE BEL COLLE#3#SI#Impiegato#M#40#ALESSANDRIA#15010#ALICE BEL COLLE#veicolo già assicurato con atr#No#No#BM#14#0#0#0#0#0#0#0#0#2,500,000
conte#106#2010-04-15#Honda#3#100#SH 125 I#I#si#125#Persona fisica#M#40#ANCONA#60010#BARBARA#3#SI#Impiegato#M#40#ANCONA#60010#BARBARA#veicolo già assicurato con atr#No#No#BM#14#0#0#0#0#0#0#0#0#2,500,000
conte#107#2010-04-15#Honda#3#100#SH 125 I#I#si#125#Persona fisica#M#40#AOSTA#11010#ALLEIN#3#SI#Impiegato#M#40#AOSTA#11010#ALLEIN#veicolo già assicurato con atr#No#No#BM#14#0#0#0#0#0#0#0#0#2,500,000
conte#108#2010-04-15#Honda#3#100#SH 125 I#I#si#125#Persona fisica#M#40#ASCOLI PICENO#63043#ARQUATA DEL TRONTO#3#SI#Impiegato#M#40#ASCOLI PICENO#63043#ARQUATA DEL TRONTO#veicolo già assicurato con atr#No#No#BM#14#0#0#0#0#0#0#0#0#2,500,000
conte#109#2010-04-15#Honda#3#100#SH 125 I#I#si#125#Persona fisica#M#40#L'AQUILA#67013#CAMPOTOSTO#3#SI#Impiegato#M#40#L'AQUILA#67013#CAMPOTOSTO#veicolo già assicurato con atr#No#No#BM#14#0#0#0#0#0#0#0#0#2,500,000
conte#110#2010-04-15#Honda#3#100#SH 125 I#I#si#125#Persona fisica#M#40#AREZZO#52044#CORTONA#3#SI#Impiegato#M#40#AREZZO#52044#CORTONA#veicolo già assicurato con atr#No#No#BM#14#0#0#0#0#0#0#0#0#2,500,000
conte#111#2010-04-15#Honda#3#100#SH 125 I#I#si#125#Persona fisica#M#40#ASTI#14041#AGLIANO#3#SI#Impiegato#M#40#ASTI#14041#AGLIANO#veicolo già assicurato con atr#No#No#BM#14#0#0#0#0#0#0#0#0#2,500,000
conte#112#2010-04-15#Honda#3#100#SH 125 I#I#si#125#Persona fisica#M#40#AVELLINO#83010#CAPRIGLIA IRPINA#3#SI#Impiegato#M#40#AVELLINO#83010#CAPRIGLIA IRPINA#veicolo già assicurato con atr#No#No#BM#14#0#0#0#0#0#0#0#0#2,500,000
conte#113#2010-04-15#Honda#3#100#SH 125 I#I#si#125#Persona fisica#M#40#BARI#70010#VALENZANO#3#SI#Impiegato#M#40#BARI#70010.00#VALENZANO#veicolo già assicurato con atr#No#No#BM#14#0#0#0#0#0#0#0#0#2,500,000
conte#114#2010-04-15#Honda#3#100#SH 125 I#I#si#125#Persona fisica#M#40#BERGAMO#24010#ALGUA#3#SI#Impiegato#M#40#BERGAMO#24010#ALGUA#veicolo già assicurato con atr#No#No#BM#14#0#0#0#0#0#0#0#0#2,500,000
conte#115#2010-04-15#Honda#3#100#SH 125 I#I#si#125#Persona fisica#M#40#BIELLA#13882#CERRIONE#3#SI#Impiegato#M#40#BIELLA#13882#CERRIONE#veicolo già assicurato con atr#No#No#BM#14#0#0#0#0#0#0#0#0#2,500,000
conte#116#2010-04-15#Honda#3#100#SH 125 I#I#si#125#Persona fisica#M#40#BELLUNO#32031#ALANO DI PIAVE#3#SI#Impiegato#M#40#BELLUNO#32031#ALANO DI PIAVE#veicolo già assicurato con atr#No#No#BM#14#0#0#0#0#0#0#0#0#2,500,000
conte#117#2010-04-15#Honda#3#100#SH 125 I#I#si#125#Persona fisica#M#40#BENEVENTO#82010#ARPAISE#3#SI#Impiegato#M#40#BENEVENTO#82010#ARPAISE#veicolo già assicurato con atr#No#No#BM#14#0#0#0#0#0#0#0#0#2,500,000
conte#118#2010-04-15#Honda#3#100#SH 125 I#I#si#125#Persona fisica#M#40#BOLOGNA#40010#BENTIVOGLIO#3#SI#Impiegato#M#40#BOLOGNA#40010#BENTIVOGLIO#veicolo già assicurato con atr#No#No#BM#14#0#0#0#0#0#0#0#0#2,500,000
conte#119#2010-04-15#Honda#3#100#SH 125 I#I#si#125#Persona fisica#M#40#BRINDISI#72012#CAROVIGNO#3#SI#Impiegato#M#40#BRINDISI#72012#CAROVIGNO#veicolo già assicurato con atr#No#No#BM#14#0#0#0#0#0#0#0#0#2,500,000
conte#120#2010-04-15#Honda#3#100#SH 125 I#I#si#125#Persona fisica#M#40#BRESCIA#25010#ACQUAFREDDA#3#SI#Impiegato#M#40#BRESCIA#25010#ACQUAFREDDA#veicolo già assicurato con atr#No#No#BM#14#0#0#0#0#0#0#0#0#2,500,000
conte#121#2010-04-15#Honda#3#100#SH 125 I#I#si#125#Persona fisica#M#40#BOLZANO#39043#CHIUSA#3#SI#Impiegato#M#40#BOLZANO#39043#CHIUSA#veicolo già assicurato con atr#No#No#BM#14#0#0#0#0#0#0#0#0#2,500,000
conte#122#2010-04-15#Honda#3#100#SH 125 I#I#si#125#Persona fisica#M#40#CAGLIARI#09019#TEULADA#3#SI#Impiegato#M#40#CAGLIARI#09019#TEULADA#veicolo già assicurato con atr#No#No#BM#14#0#0#0#0#0#0#0#0#2,500,000
conte#123#2010-04-15#Honda#3#100#SH 125 I#I#si#125#Persona fisica#M#40#CAMPOBASSO#86010#BUSSO#3#SI#Impiegato#M#40#CAMPOBASSO#86010#BUSSO#veicolo già assicurato con atr#No#No#BM#14#0#0#0#0#0#0#0#0#2,500,000
conte#124#2010-04-15#Honda#3#100#SH 125 I#I#si#125#Persona fisica#M#40#CASERTA#81010#AILANO#3#SI#Impiegato#M#40#CASERTA#81010#AILANO#veicolo già assicurato con atr#No#No#BM#14#0#0#0#0#0#0#0#0#2,500,000
conte#125#2010-04-15#Honda#3#100#SH 125 I#I#si#125#Persona fisica#M#40#CHIETI#66010#ARI#3#SI#Impiegato#M#40#CHIETI#66010#ARI#veicolo già assicurato con atr#No#No#BM#14#0#0#0#0#0#0#0#0#2,500,000
conte#126#2010-04-15#Honda#3#100#SH 125 I#I#si#125#Persona fisica#M#40#CALTANISSETTA#93010#ACQUAVIVA PLATANI#3#SI#Impiegato#M#40#CALTANISSETTA#93010#ACQUAVIVA PLATANI#veicolo già assicurato con atr#No#No#BM#14#0#0#0#0#0#0#0#0#2,500,000
conte#127#2010-04-15#Honda#3#100#SH 125 I#I#si#125#Persona fisica#M#40#CUNEO#12010#AISONE#3#SI#Impiegato#M#40#CUNEO#12010#AISONE#veicolo già assicurato con atr#No#No#BM#14#0#0#0#0#0#0#0#0#2,500,000
conte#128#2010-04-15#Honda#3#100#SH 125 I#I#si#125#Persona fisica#M#40#COMO#22016#LENNO#3#SI#Impiegato#M#40#COMO#22016#LENNO#veicolo già assicurato con atr#No#No#BM#14#0#0#0#0#0#0#0#0#2,500,000
conte#129#2010-04-15#Honda#3#100#SH 125 I#I#si#125#Persona fisica#M#40#CREMONA#26010#AZZANELLO#3#SI#Impiegato#M#40#CREMONA#26010#AZZANELLO#veicolo già assicurato con atr#No#No#BM#14#0#0#0#0#0#0#0#0#2,500,000
conte#130#2010-04-15#Honda#3#100#SH 125 I#I#si#125#Persona fisica#M#40#COSENZA#87010#ACQUAFORMOSA#3#SI#Impiegato#M#40#COSENZA#87010#ACQUAFORMOSA#veicolo già assicurato con atr#No#No#BM#14#0#0#0#0#0#0#0#0#2,500,000
conte#131#2010-04-15#Honda#3#100#SH 125 I#I#si#125#Persona fisica#M#40#CATANIA#95024#ACIREALE#3#SI#Impiegato#M#40#CATANIA#95024#ACIREALE#veicolo già assicurato con atr#No#No#BM#14#0#0#0#0#0#0#0#0#2,500,000
conte#132#2010-04-15#Honda#3#100#SH 125 I#I#si#125#Persona fisica#M#40#CATANZARO#88040#CICALA#3#SI#Impiegato#M#40#CATANZARO#88040#CICALA#veicolo già assicurato con atr#No#No#BM#14#0#0#0#0#0#0#0#0#2,500,000
conte#133#2010-04-15#Honda#3#100#SH 125 I#I#si#125#Persona fisica#M#40#ENNA#94010#AIDONE#3#SI#Impiegato#M#40#ENNA#94010#AIDONE#veicolo già assicurato con atr#No#No#BM#14#0#0#0#0#0#0#0#0#2,500,000
conte#134#2010-04-15#Honda#3#100#SH 125 I#I#si#125#Persona fisica#M#40#FERRARA#44011#ARGENTA#3#SI#Impiegato#M#40#FERRARA#44011#ARGENTA#veicolo già assicurato con atr#No#No#BM#14#0#0#0#0#0#0#0#0#2,500,000
conte#135#2010-04-15#Honda#3#100#SH 125 I#I#si#125#Persona fisica#M#40#FOGGIA#71021#ACCADIA#3#SI#Impiegato#M#40#FOGGIA#71021#ACCADIA#veicolo già assicurato con atr#No#No#BM#14#0#0#0#0#0#0#0#0#2,500,000
conte#136#2010-04-15#Honda#3#100#SH 125 I#I#si#125#Persona fisica#M#40#FIRENZE#50058#SIGNA#3#SI#Impiegato#M#40#FIRENZE#50058.00#SIGNA#veicolo già assicurato con atr#No#No#BM#14#0#0#0#0#0#0#0#0#2,500,000
conte#137#2010-04-15#Honda#3#100#SH 125 I#I#si#125#Persona fisica#M#40#FORLI'#47042#CESENATICO#3#SI#Impiegato#M#40#FORLI'#47042#CESENATICO#veicolo già assicurato con atr#No#No#BM#14#0#0#0#0#0#0#0#0#2,500,000
conte#138#2010-04-15#Honda#3#100#SH 125 I#I#si#125#Persona fisica#M#40#FROSINONE#03010#ACUTO#3#SI#Impiegato#M#40#FROSINONE#03010#ACUTO#veicolo già assicurato con atr#No#No#BM#14#0#0#0#0#0#0#0#0#2,500,000
conte#139#2010-04-15#Honda#3#100#SH 125 I#I#si#125#Persona fisica#M#40#GENOVA#16010#CROCEFIESCHI#3#SI#Impiegato#M#40#GENOVA#16010#CROCEFIESCHI#veicolo già assicurato con atr#No#No#BM#14#0#0#0#0#0#0#0#0#2,500,000
conte#140#2010-04-15#Honda#3#100#SH 125 I#I#si#125#Persona fisica#M#40#GORIZIA#34070#CAPRIVA DEL FRIULI#3#SI#Impiegato#M#40#GORIZIA#34070#CAPRIVA DEL FRIULI#veicolo già assicurato con atr#No#No#BM#14#0#0#0#0#0#0#0#0#2,500,000
conte#141#2010-04-15#Honda#3#100#SH 125 I#I#si#125#Persona fisica#M#40#GROSSETO#58031#ARCIDOSSO#3#SI#Impiegato#M#40#GROSSETO#58031#ARCIDOSSO#veicolo già assicurato con atr#No#No#BM#14#0#0#0#0#0#0#0#0#2,500,000
conte#142#2010-04-15#Honda#3#100#SH 125 I#I#si#125#Persona fisica#M#40#IMPERIA#18030#AIROLE#3#SI#Impiegato#M#40#IMPERIA#18030#AIROLE#veicolo già assicurato con atr#No#No#BM#14#0#0#0#0#0#0#0#0#2,500,000
conte#143#2010-04-15#Honda#3#100#SH 125 I#I#si#125#Persona fisica#M#40#ISERNIA#86081#AGNONE#3#SI#Impiegato#M#40#ISERNIA#86081#AGNONE#veicolo già assicurato con atr#No#No#BM#14#0#0#0#0#0#0#0#0#2,500,000
conte#144#2010-04-15#Honda#3#100#SH 125 I#I#si#125#Persona fisica#M#40#CROTONE#88842#CUTRO#3#SI#Impiegato#M#40#CROTONE#88842#CUTRO#veicolo già assicurato con atr#No#No#BM#14#0#0#0#0#0#0#0#0#2,500,000
conte#145#2010-04-15#Honda#3#100#SH 125 I#I#si#125#Persona fisica#M#40#LECCO#23841#ANNONE DI BRIANZA#3#SI#Impiegato#M#40#LECCO#23841#ANNONE DI BRIANZA#veicolo già assicurato con atr#No#No#BM#14#0#0#0#0#0#0#0#0#2,500,000
conte#146#2010-04-15#Honda#3#100#SH 125 I#I#si#125#Persona fisica#M#40#LECCE#73010#ARNESANO#3#SI#Impiegato#M#40#LECCE#73010#ARNESANO#veicolo già assicurato con atr#No#No#BM#14#0#0#0#0#0#0#0#0#2,500,000
conte#147#2010-04-15#Honda#3#100#SH 125 I#I#si#125#Persona fisica#M#40#LIVORNO#57020#BIBBONA#3#SI#Impiegato#M#40#LIVORNO#57020#BIBBONA#veicolo già assicurato con atr#No#No#BM#14#0#0#0#0#0#0#0#0#2,500,000
conte#148#2010-04-15#Honda#3#100#SH 125 I#I#si#125#Persona fisica#M#40#LODI#26821#BERTONICO#3#SI#Impiegato#M#40#LODI#26821#BERTONICO#veicolo già assicurato con atr#No#No#BM#14#0#0#0#0#0#0#0#0#2,500,000
conte#149#2010-04-15#Honda#3#100#SH 125 I#I#si#125#Persona fisica#M#40#LATINA#04011#APRILIA#3#SI#Impiegato#M#40#LATINA#04011#APRILIA#veicolo già assicurato con atr#No#No#BM#14#0#0#0#0#0#0#0#0#2,500,000
conte#150#2010-04-15#Honda#3#100#SH 125 I#I#si#125#Persona fisica#M#40#LUCCA#55011#ALTOPASCIO#3#SI#Impiegato#M#40#LUCCA#55011#ALTOPASCIO#veicolo già assicurato con atr#No#No#BM#14#0#0#0#0#0#0#0#0#2,500,000
conte#151#2010-04-15#Honda#3#100#SH 125 I#I#si#125#Persona fisica#M#40#MACERATA#62024#MATELICA#3#SI#Impiegato#M#40#MACERATA#62024#MATELICA#veicolo già assicurato con atr#No#No#BM#14#0#0#0#0#0#0#0#0#2,500,000
conte#152#2010-04-15#Honda#3#100#SH 125 I#I#si#125#Persona fisica#M#40#MESSINA#98072#CARONIA#3#SI#Impiegato#M#40#MESSINA#98072#CARONIA#veicolo già assicurato con atr#No#No#BM#14#0#0#0#0#0#0#0#0#2,500,000
conte#153#2010-04-15#Honda#3#100#SH 125 I#I#si#125#Persona fisica#M#40#MILANO#20010#ARLUNO#3#SI#Impiegato#M#40#MILANO#20010#ARLUNO#veicolo già assicurato con atr#No#No#BM#14#0#0#0#0#0#0#0#0#2,500,000
conte#154#2010-04-15#Honda#3#100#SH 125 I#I#si#125#Persona fisica#M#40#MANTOVA#46011#ACQUANEGRA SUL CHIESE#3#SI#Impiegato#M#40#MANTOVA#46011#ACQUANEGRA SUL CHIESE#veicolo già assicurato con atr#No#No#BM#14#0#0#0#0#0#0#0#0#2,500,000
conte#155#2010-04-15#Honda#3#100#SH 125 I#I#si#125#Persona fisica#M#40#MODENA#41030#BASTIGLIA#3#SI#Impiegato#M#40#MODENA#41030#BASTIGLIA#veicolo già assicurato con atr#No#No#BM#14#0#0#0#0#0#0#0#0#2,500,000
conte#156#2010-04-15#Honda#3#100#SH 125 I#I#si#125#Persona fisica#M#40#MASSA#54021#BAGNONE#3#SI#Impiegato#M#40#MASSA#54021#BAGNONE#veicolo già assicurato con atr#No#No#BM#14#0#0#0#0#0#0#0#0#2,500,000
conte#157#2010-04-15#Honda#3#100#SH 125 I#I#si#125#Persona fisica#M#40#MATERA#75011#ACCETTURA#3#SI#Impiegato#M#40#MATERA#75011#ACCETTURA#veicolo già assicurato con atr#No#No#BM#14#0#0#0#0#0#0#0#0#2,500,000
conte#158#2010-04-15#Honda#3#100#SH 125 I#I#si#125#Persona fisica#M#40#NAPOLI#80075#FORIO#3#SI#Impiegato#M#40#NAPOLI#80075.00#FORIO#veicolo già assicurato con atr#No#No#BM#14#0#0#0#0#0#0#0#0#2,500,000
conte#159#2010-04-15#Honda#3#100#SH 125 I#I#si#125#Persona fisica#M#40#NOVARA#28010#AGRATE CONTURBIA#3#SI#Impiegato#M#40#NOVARA#28010#AGRATE CONTURBIA#veicolo già assicurato con atr#No#No#BM#14#0#0#0#0#0#0#0#0#2,500,000
conte#160#2010-04-15#Honda#3#100#SH 125 I#I#si#125#Persona fisica#M#40#NUORO#08010#BIRORI#3#SI#Impiegato#M#40#NUORO#08010#BIRORI#veicolo già assicurato con atr#No#No#BM#14#0#0#0#0#0#0#0#0#2,500,000
conte#161#2010-04-15#Honda#3#100#SH 125 I#I#si#125#Persona fisica#M#40#ORISTANO#09070#AIDOMAGGIORE#3#SI#Impiegato#M#40#ORISTANO#09070#AIDOMAGGIORE#veicolo già assicurato con atr#No#No#BM#14#0#0#0#0#0#0#0#0#2,500,000
conte#162#2010-04-15#Honda#3#100#SH 125 I#I#si#125#Persona fisica#M#40#PALERMO#90010#ALTAVILLA MILICIA#3#SI#Impiegato#M#40#PALERMO#90010#ALTAVILLA MILICIA#veicolo già assicurato con atr#No#No#BM#14#0#0#0#0#0#0#0#0#2,500,000
conte#163#2010-04-15#Honda#3#100#SH 125 I#I#si#125#Persona fisica#M#40#PIACENZA#29010#AGAZZANO#3#SI#Impiegato#M#40#PIACENZA#29010#AGAZZANO#veicolo già assicurato con atr#No#No#BM#14#0#0#0#0#0#0#0#0#2,500,000
conte#164#2010-04-15#Honda#3#100#SH 125 I#I#si#125#Persona fisica#M#40#PADOVA#35040#BARBONA#3#SI#Impiegato#M#40#PADOVA#35040#BARBONA#veicolo già assicurato con atr#No#No#BM#14#0#0#0#0#0#0#0#0#2,500,000
conte#165#2010-04-15#Honda#3#100#SH 125 I#I#si#125#Persona fisica#M#40#PESCARA#65010#BRITTOLI#3#SI#Impiegato#M#40#PESCARA#65010#BRITTOLI#veicolo già assicurato con atr#No#No#BM#14#0#0#0#0#0#0#0#0#2,500,000
conte#166#2010-04-15#Honda#3#100#SH 125 I#I#si#125#Persona fisica#M#40#PERUGIA#06010#CITERNA#3#SI#Impiegato#M#40#PERUGIA#06010#CITERNA#veicolo già assicurato con atr#No#No#BM#14#0#0#0#0#0#0#0#0#2,500,000
conte#167#2010-04-15#Honda#3#100#SH 125 I#I#si#125#Persona fisica#M#40#PISA#56032#BUTI#3#SI#Impiegato#M#40#PISA#56032#BUTI#veicolo già assicurato con atr#No#No#BM#14#0#0#0#0#0#0#0#0#2,500,000
conte#168#2010-04-15#Honda#3#100#SH 125 I#I#si#125#Persona fisica#M#40#PORDENONE#33070#BRUGNERA#3#SI#Impiegato#M#40#PORDENONE#33070#BRUGNERA#veicolo già assicurato con atr#No#No#BM#14#0#0#0#0#0#0#0#0#2,500,000
conte#169#2010-04-15#Honda#3#100#SH 125 I#I#si#125#Persona fisica#M#40#PRATO#59013#MONTEMURLO#3#SI#Impiegato#M#40#PRATO#59013#MONTEMURLO#veicolo già assicurato con atr#No#No#BM#14#0#0#0#0#0#0#0#0#2,500,000
conte#170#2010-04-15#Honda#3#100#SH 125 I#I#si#125#Persona fisica#M#40#PARMA#43051#ALBARETO#3#SI#Impiegato#M#40#PARMA#43051#ALBARETO#veicolo già assicurato con atr#No#No#BM#14#0#0#0#0#0#0#0#0#2,500,000
conte#171#2010-04-15#Honda#3#100#SH 125 I#I#si#125#Persona fisica#M#40#PESARO#61032#FANO#3#SI#Impiegato#M#40#PESARO#61032#FANO#veicolo già assicurato con atr#No#No#BM#14#0#0#0#0#0#0#0#0#2,500,000
conte#172#2010-04-15#Honda#3#100#SH 125 I#I#si#125#Persona fisica#M#40#PISTOIA#51021#ABETONE#3#SI#Impiegato#M#40#PISTOIA#51021#ABETONE#veicolo già assicurato con atr#No#No#BM#14#0#0#0#0#0#0#0#0#2,500,000
conte#173#2010-04-15#Honda#3#100#SH 125 I#I#si#125#Persona fisica#M#40#PAVIA#27010#ALBUZZANO#3#SI#Impiegato#M#40#PAVIA#27010#ALBUZZANO#veicolo già assicurato con atr#No#No#BM#14#0#0#0#0#0#0#0#0#2,500,000
conte#174#2010-04-15#Honda#3#100#SH 125 I#I#si#125#Persona fisica#M#40#POTENZA#85010#ABRIOLA#3#SI#Impiegato#M#40#POTENZA#85010#ABRIOLA#veicolo già assicurato con atr#No#No#BM#14#0#0#0#0#0#0#0#0#2,500,000
conte#175#2010-04-15#Honda#3#100#SH 125 I#I#si#125#Persona fisica#M#40#RAVENNA#48010#BAGNARA DI ROMAGNA#3#SI#Impiegato#M#40#RAVENNA#48010#BAGNARA DI ROMAGNA#veicolo già assicurato con atr#No#No#BM#14#0#0#0#0#0#0#0#0#2,500,000
conte#176#2010-04-15#Honda#3#100#SH 125 I#I#si#125#Persona fisica#M#40#REGGIO DI CALABRIA#89030#AFRICO#3#SI#Impiegato#M#40#REGGIO DI CALABRIA#89030#AFRICO#veicolo già assicurato con atr#No#No#BM#14#0#0#0#0#0#0#0#0#2,500,000
conte#177#2010-04-15#Honda#3#100#SH 125 I#I#si#125#Persona fisica#M#40#REGGIO NELL'EMILIA#42020#ALBINEA#3#SI#Impiegato#M#40#REGGIO NELL'EMILIA#42020#ALBINEA#veicolo già assicurato con atr#No#No#BM#14#0#0#0#0#0#0#0#0#2,500,000
conte#178#2010-04-15#Honda#3#100#SH 125 I#I#si#125#Persona fisica#M#40#RAGUSA#97011#ACATE#3#SI#Impiegato#M#40#RAGUSA#97011#ACATE#veicolo già assicurato con atr#No#No#BM#14#0#0#0#0#0#0#0#0#2,500,000
conte#179#2010-04-15#Honda#3#100#SH 125 I#I#si#125#Persona fisica#M#40#RIETI#02010#BORBONA#3#SI#Impiegato#M#40#RIETI#02010#BORBONA#veicolo già assicurato con atr#No#No#BM#14#0#0#0#0#0#0#0#0#2,500,000
conte#180#2010-04-15#Honda#3#100#SH 125 I#I#si#125#Persona fisica#M#40#ROMA#00010#CASAPE#3#SI#Impiegato#M#40#ROMA#00010#CASAPE#veicolo già assicurato con atr#No#No#BM#14#0#0#0#0#0#0#0#0#2,500,000
conte#181#2010-04-15#Honda#3#100#SH 125 I#I#si#125#Persona fisica#M#40#RIMINI#47841#CATTOLICA#3#SI#Impiegato#M#40#RIMINI#47841#CATTOLICA#veicolo già assicurato con atr#No#No#BM#14#0#0#0#0#0#0#0#0#2,500,000
conte#182#2010-04-15#Honda#3#100#SH 125 I#I#si#125#Persona fisica#M#40#ROVIGO#45011#ADRIA#3#SI#Impiegato#M#40#ROVIGO#45011#ADRIA#veicolo già assicurato con atr#No#No#BM#14#0#0#0#0#0#0#0#0#2,500,000
conte#183#2010-04-15#Honda#3#100#SH 125 I#I#si#125#Persona fisica#M#40#SALERNO#84010#ATRANI#3#SI#Impiegato#M#40#SALERNO#84010#ATRANI#veicolo già assicurato con atr#No#No#BM#14#0#0#0#0#0#0#0#0#2,500,000
conte#184#2010-04-15#Honda#3#100#SH 125 I#I#si#125#Persona fisica#M#40#SIENA#53021#ABBADIA SAN SALVATORE#3#SI#Impiegato#M#40#SIENA#53021#ABBADIA SAN SALVATORE#veicolo già assicurato con atr#No#No#BM#14#0#0#0#0#0#0#0#0#2,500,000
conte#185#2010-04-15#Honda#3#100#SH 125 I#I#si#125#Persona fisica#M#40#SONDRIO#23010#ALBAREDO PER SAN MARCO#3#SI#Impiegato#M#40#SONDRIO#23010#ALBAREDO PER SAN MARCO#veicolo già assicurato con atr#No#No#BM#14#0#0#0#0#0#0#0#0#2,500,000
conte#186#2010-04-15#Honda#3#100#SH 125 I#I#si#125#Persona fisica#M#40#LA SPEZIA#19031#AMEGLIA#3#SI#Impiegato#M#40#LA SPEZIA#19031#AMEGLIA#veicolo già assicurato con atr#No#No#BM#14#0#0#0#0#0#0#0#0#2,500,000
conte#187#2010-04-15#Honda#3#100#SH 125 I#I#si#125#Persona fisica#M#40#SIRACUSA#96011#AUGUSTA#3#SI#Impiegato#M#40#SIRACUSA#96011#AUGUSTA#veicolo già assicurato con atr#No#No#BM#14#0#0#0#0#0#0#0#0#2,500,000
conte#188#2010-04-15#Honda#3#100#SH 125 I#I#si#125#Persona fisica#M#40#SASSARI#07010#ANELA#3#SI#Impiegato#M#40#SASSARI#07010#ANELA#veicolo già assicurato con atr#No#No#BM#14#0#0#0#0#0#0#0#0#2,500,000
conte#189#2010-04-15#Honda#3#100#SH 125 I#I#si#125#Persona fisica#M#40#SAVONA#17021#ALASSIO#3#SI#Impiegato#M#40#SAVONA#17021#ALASSIO#veicolo già assicurato con atr#No#No#BM#14#0#0#0#0#0#0#0#0#2,500,000
conte#190#2010-04-15#Honda#3#100#SH 125 I#I#si#125#Persona fisica#M#40#TARANTO#74020#AVETRANA#3#SI#Impiegato#M#40#TARANTO#74020#AVETRANA#veicolo già assicurato con atr#No#No#BM#14#0#0#0#0#0#0#0#0#2,500,000
conte#191#2010-04-15#Honda#3#100#SH 125 I#I#si#125#Persona fisica#M#40#TERAMO#64010#ANCARANO#3#SI#Impiegato#M#40#TERAMO#64010#ANCARANO#veicolo già assicurato con atr#No#No#BM#14#0#0#0#0#0#0#0#0#2,500,000
conte#192#2010-04-15#Honda#3#100#SH 125 I#I#si#125#Persona fisica#M#40#TRENTO#38010#ANDALO#3#SI#Impiegato#M#40#TRENTO#38010#ANDALO#veicolo già assicurato con atr#No#No#BM#14#0#0#0#0#0#0#0#0#2,500,000
conte#193#2010-04-15#Honda#3#100#SH 125 I#I#si#125#Persona fisica#M#40#TORINO#10090#TRANA#3#SI#Impiegato#M#40#TORINO#10090.00#TRANA#veicolo già assicurato con atr#No#No#BM#14#0#0#0#0#0#0#0#0#2,500,000
conte#194#2010-04-15#Honda#3#100#SH 125 I#I#si#125#Persona fisica#M#40#TRAPANI#91011#ALCAMO#3#SI#Impiegato#M#40#TRAPANI#91011#ALCAMO#veicolo già assicurato con atr#No#No#BM#14#0#0#0#0#0#0#0#0#2,500,000
conte#195#2010-04-15#Honda#3#100#SH 125 I#I#si#125#Persona fisica#M#40#TERNI#05021#ACQUASPARTA#3#SI#Impiegato#M#40#TERNI#05021#ACQUASPARTA#veicolo già assicurato con atr#No#No#BM#14#0#0#0#0#0#0#0#0#2,500,000
conte#196#2010-04-15#Honda#3#100#SH 125 I#I#si#125#Persona fisica#M#40#TRIESTE#34011#DUINO AURISINA#3#SI#Impiegato#M#40#TRIESTE#34011.00#DUINO AURISINA#veicolo già assicurato con atr#No#No#BM#14#0#0#0#0#0#0#0#0#2,500,000
conte#197#2010-04-15#Honda#3#100#SH 125 I#I#si#125#Persona fisica#M#40#TREVISO#31036#ISTRANA#3#SI#Impiegato#M#40#TREVISO#31036#ISTRANA#veicolo già assicurato con atr#No#No#BM#14#0#0#0#0#0#0#0#0#2,500,000
conte#198#2010-04-15#Honda#3#100#SH 125 I#I#si#125#Persona fisica#M#40#UDINE#33053#LATISANA#3#SI#Impiegato#M#40#UDINE#33053#LATISANA#veicolo già assicurato con atr#No#No#BM#14#0#0#0#0#0#0#0#0#2,500,000
conte#199#2010-04-15#Honda#3#100#SH 125 I#I#si#125#Persona fisica#M#40#VARESE#21038#LEGGIUNO#3#SI#Impiegato#M#40#VARESE#21038#LEGGIUNO#veicolo già assicurato con atr#No#No#BM#14#0#0#0#0#0#0#0#0#2,500,000
conte#200#2010-04-15#Honda#3#100#SH 125 I#I#si#125#Persona fisica#M#40#VERBANIA#28895#MASSIOLA#3#SI#Impiegato#M#40#VERBANIA#28895#MASSIOLA#veicolo già assicurato con atr#No#No#BM#14#0#0#0#0#0#0#0#0#2,500,000
conte#201#2010-04-15#Honda#3#100#SH 125 I#I#si#125#Persona fisica#M#40#VERCELLI#13010#CARESANA#3#SI#Impiegato#M#40#VERCELLI#13010#CARESANA#veicolo già assicurato con atr#No#No#BM#14#0#0#0#0#0#0#0#0#2,500,000
conte#202#2010-04-15#Honda#3#100#SH 125 I#I#si#125#Persona fisica#M#40#VENEZIA#30034#MIRA#3#SI#Impiegato#M#40#VENEZIA#30034.00#MIRA#veicolo già assicurato con atr#No#No#BM#14#0#0#0#0#0#0#0#0#2,500,000
conte#203#2010-04-15#Honda#3#100#SH 125 I#I#si#125#Persona fisica#M#40#VICENZA#36020#AGUGLIARO#3#SI#Impiegato#M#40#VICENZA#36020#AGUGLIARO#veicolo già assicurato con atr#No#No#BM#14#0#0#0#0#0#0#0#0#2,500,000
conte#204#2010-04-15#Honda#3#100#SH 125 I#I#si#125#Persona fisica#M#40#VERONA#37010#AFFI#3#SI#Impiegato#M#40#VERONA#37010#AFFI#veicolo già assicurato con atr#No#No#BM#14#0#0#0#0#0#0#0#0#2,500,000
conte#205#2010-04-15#Honda#3#100#SH 125 I#I#si#125#Persona fisica#M#40#VITERBO#01010#ARLENA DI CASTRO#3#SI#Impiegato#M#40#VITERBO#01010#ARLENA DI CASTRO#veicolo già assicurato con atr#No#No#BM#14#0#0#0#0#0#0#0#0#2,500,000
conte#206#2010-04-15#Honda#3#100#SH 125 I#I#si#125#Persona fisica#M#40#VIBO VALENTIA#89832#ACQUARO#3#SI#Impiegato#M#40#VIBO VALENTIA#89832#ACQUARO#veicolo già assicurato con atr#No#No#BM#14#0#0#0#0#0#0#0#0#2,500,000
conte#207#2010-04-15#Honda#3#100#SH 125 I#I#si#125#Persona fisica#M#40#Napoli#80100#Napoli#3#SI#Impiegato#M#40#Napoli#80100.00#Napoli#1a immatricolazione dopo l’acquisto del veicolo#No#No#BM##0#0#0#0#0#0#0#0#2,500,000
conte#208#2010-04-15#KYMCO#12/2008#100#AGILITY 125 R16#R16#si#125#Persona fisica#M#40#Napoli#80100#Napoli#3#SI#Impiegato#M#40#Napoli#80100.00#Napoli#veicolo già assicurato con atr#No#No#BM#14#0#0#0#0#0#0#0#0#2,500,000
conte#209#2010-04-15#HONDA#12/2009#100#SH 125 I#I#si#125#Persona fisica#M#40#Napoli#80100#Napoli#3#SI#Impiegato#M#40#Napoli#80100.00#Napoli#veicolo già assicurato con atr#No#No#BM#14#0#0#0#0#0#0#0#0#2,500,000
conte#210#2010-04-15#KYMCO#12/2009#100#AGILITY 150 R16#R16#si#150#Persona fisica#M#40#Napoli#80100#Napoli#3#SI#Impiegato#M#40#Napoli#80100.00#Napoli#veicolo già assicurato con atr#No#No#BM#14#0#0#0#0#0#0#0#0#2,500,000
conte#211#2010-04-15#HONDA#12/2008#100#SH 150 I SPECIAL#I SPECIAL#si#150#Persona fisica#M#40#Napoli#80100#Napoli#3#SI#Impiegato#M#40#Napoli#80100.00#Napoli#veicolo già assicurato con atr#No#No#BM#14#0#0#0#0#0#0#0#0#2,500,000
conte#212#2010-04-15#PIAGGIO#12/2008#100#BEVERLY 250 TOURER#TOURER#si#250#Persona fisica#M#40#Napoli#80100#Napoli#3#SI#Impiegato#M#40#Napoli#80100.00#Napoli#veicolo già assicurato con atr#No#No#BM#14#0#0#0#0#0#0#0#0#2,500,000
conte#213#2010-04-15#HONDA#12/2006#100#SH 300 ABS ##si#300#Persona fisica#M#40#Napoli#80100#Napoli#3#SI#Impiegato#M#40#Napoli#80100.00#Napoli#veicolo già assicurato con atr#No#No#BM#14#0#0#0#0#0#0#0#0#2,500,000
conte#214#2010-04-15#SUZUKI#12/2006#100#BURGMAN 400 IE#IE#si#400#Persona fisica#M#40#Napoli#80100#Napoli#3#SI#Impiegato#M#40#Napoli#80100.00#Napoli#veicolo già assicurato con atr#No#No#BM#14#0#0#0#0#0#0#0#0#2,500,000
conte#215#2010-04-15#HONDA#12/2005#100#SILVERWING 400 ##si#400#Persona fisica#M#40#Napoli#80100#Napoli#3#SI#Impiegato#M#40#Napoli#80100.00#Napoli#veicolo già assicurato con atr#No#No#BM#14#0#0#0#0#0#0#0#0#2,500,000
conte#216#2010-04-15#YAMAHA#12/2008#100#T MAX ABS ##si#500#Persona fisica#M#40#Napoli#80100#Napoli#3#SI#Impiegato#M#40#Napoli#80100.00#Napoli#veicolo già assicurato con atr#No#No#BM#14#0#0#0#0#0#0#0#0#2,500,000
conte#217#2010-04-15#SUZUKI#12/2003#100#RV VAN VAN 125 ##si#125#Persona fisica#M#40#Napoli#80100#Napoli#3#SI#Impiegato#M#40#Napoli#80100.00#Napoli#veicolo già assicurato con atr#No#No#BM#14#0#0#0#0#0#0#0#0#2,500,000
conte#218#2010-04-15#DERBI#12/2004#100#GPR 125 NUDE#NUDE#si#125#Persona fisica#M#40#Napoli#80100#Napoli#3#SI#Impiegato#M#40#Napoli#80100.00#Napoli#veicolo già assicurato con atr#No#No#BM#14#0#0#0#0#0#0#0#0#2,500,000
conte#219#2010-04-15#YAMAHA#12/2008#100#YZF r15 150 cc ##si#150#Persona fisica#M#40#Napoli#80100#Napoli#3#SI#Impiegato#M#40#Napoli#80100.00#Napoli#veicolo già assicurato con atr#No#No#BM#14#0#0#0#0#0#0#0#0#2,500,000
conte#220#2010-04-15#KAWASAKI#12/2008#100#NINJA 250R ##si#250#Persona fisica#M#40#Napoli#80100#Napoli#3#SI#Impiegato#M#40#Napoli#80100.00#Napoli#veicolo già assicurato con atr#No#No#BM#14#0#0#0#0#0#0#0#0#2,500,000
conte#221#2010-04-15#Royal Enfield#12/2006#100#BULLET 350 STD K/S#STD K/S#si#350#Persona fisica#M#40#Napoli#80100#Napoli#3#SI#Impiegato#M#40#Napoli#80100.00#Napoli#veicolo già assicurato con atr#No#No#BM#14#0#0#0#0#0#0#0#0#2,500,000
conte#222#2010-04-15#DUCATI#12/2004#100#MONSTER 400 DARK SD 25KW#DARK SD 25KW#si#400#Persona fisica#M#40#Napoli#80100#Napoli#3#SI#Impiegato#M#40#Napoli#80100.00#Napoli#veicolo già assicurato con atr#No#No#BM#14#0#0#0#0#0#0#0#0#2,500,000
conte#223#2010-04-15#KAWASAKI#12/2005#100#ER 5 25 KW ##si#500#Persona fisica#M#40#Napoli#80100#Napoli#3#SI#Impiegato#M#40#Napoli#80100.00#Napoli#veicolo già assicurato con atr#No#No#BM#14#0#0#0#0#0#0#0#0#2,500,000
conte#224#2010-04-15#SUZUKI#12/2001#100#GS 500 ##si#500#Persona fisica#M#40#Napoli#80100#Napoli#3#SI#Impiegato#M#40#Napoli#80100.00#Napoli#veicolo già assicurato con atr#No#No#BM#14#0#0#0#0#0#0#0#0#2,500,000
conte#225#2010-04-15#HONDA#12/2005#100#HORNET 25KW ##si#600#Persona fisica#M#40#Napoli#80100#Napoli#3#SI#Impiegato#M#40#Napoli#80100.00#Napoli#veicolo già assicurato con atr#No#No#BM#14#0#0#0#0#0#0#0#0#2,500,000
conte#226#2010-04-15#SUZUKI#12/2006#100#GSR 600 ##si#600#Persona fisica#M#40#Napoli#80100#Napoli#3#SI#Impiegato#M#40#Napoli#80100.00#Napoli#veicolo già assicurato con atr#No#No#BM#14#0#0#0#0#0#0#0#0#2,500,000
conte#227#2010-04-15#KAWASAKI#12/2009#100#ER 6N ##si#650#Persona fisica#M#40#Napoli#80100#Napoli#3#SI#Impiegato#M#40#Napoli#80100.00#Napoli#veicolo già assicurato con atr#No#No#BM#14#0#0#0#0#0#0#0#0#2,500,000
conte#228#2010-04-15#KAWASAKI#12/2009#100#Z 750 ##si#750#Persona fisica#M#40#Napoli#80100#Napoli#3#SI#Impiegato#M#40#Napoli#80100.00#Napoli#veicolo già assicurato con atr#No#No#BM#14#0#0#0#0#0#0#0#0#2,500,000
conte#229#2010-04-15#MV AUGUSTA#12/2004#100#BRUTALE S#S#si#800#Persona fisica#M#40#Napoli#80100#Napoli#3#SI#Impiegato#M#40#Napoli#80100.00#Napoli#veicolo già assicurato con atr#No#No#BM#14#0#0#0#0#0#0#0#0#2,500,000
conte#230#2010-04-15#BMW#12/2009#100#F 800 R#R#si#800#Persona fisica#M#40#Napoli#80100#Napoli#3#SI#Impiegato#M#40#Napoli#80100.00#Napoli#veicolo già assicurato con atr#No#No#BM#14#0#0#0#0#0#0#0#0#2,500,000
conte#231#2010-04-15#DUCATI#12/2000#100#MONSTER 900 ##si#900#Persona fisica#M#40#Napoli#80100#Napoli#3#SI#Impiegato#M#40#Napoli#80100.00#Napoli#veicolo già assicurato con atr#No#No#BM#14#0#0#0#0#0#0#0#0#2,500,000
conte#232#2010-04-15#DUCATI#12/2009#100#GT 1000 TOURINg TOURING#TOURING#si#1000#Persona fisica#M#40#Napoli#80100#Napoli#3#SI#Impiegato#M#40#Napoli#80100.00#Napoli#veicolo già assicurato con atr#No#No#BM#14#0#0#0#0#0#0#0#0#2,500,000
conte#233#2010-04-15#DUCATI#12/2009#100#MONSTER 1100 S#S#si#1100#Persona fisica#M#40#Napoli#80100#Napoli#3#SI#Impiegato#M#40#Napoli#80100.00#Napoli#veicolo già assicurato con atr#No#No#BM#14#0#0#0#0#0#0#0#0#2,500,000
conte#234#2010-04-15#MAGNI#12/2000#100#SPORT 1200 S#S#si#1200#Persona fisica#M#40#Napoli#80100#Napoli#3#SI#Impiegato#M#40#Napoli#80100.00#Napoli#veicolo già assicurato con atr#No#No#BM#14#0#0#0#0#0#0#0#0#2,500,000
conte#235#2010-04-15#HONDA#12/1997#100#VFR 750 F#F#si#750#Persona fisica#M#40#Napoli#80100#Napoli#3#SI#Impiegato#M#40#Napoli#80100.00#Napoli#veicolo già assicurato con atr#No#No#BM#14#0#0#0#0#0#0#0#0#2,500,000
conte#236#2010-04-15#HONDA#12/2004#100#HORNET 900 ##si#900#Persona fisica#M#40#Napoli#80100#Napoli#3#SI#Impiegato#M#40#Napoli#80100.00#Napoli#veicolo già assicurato con atr#No#No#BM#14#0#0#0#0#0#0#0#0#2,500,000
conte#237#2010-04-15#HONDA#12/2008#100#CB 1000 R#R#si#1000#Persona fisica#M#40#Napoli#80100#Napoli#3#SI#Impiegato#M#40#Napoli#80100.00#Napoli#veicolo già assicurato con atr#No#No#BM#14#0#0#0#0#0#0#0#0#2,500,000
conte#238#2010-04-15#SUZUKI#12/1991#100#GSX-R 1100 ##si#1100#Persona fisica#M#40#Napoli#80100#Napoli#3#SI#Impiegato#M#40#Napoli#80100.00#Napoli#veicolo già assicurato con atr#No#No#BM#14#0#0#0#0#0#0#0#0#2,500,000
conte#239#2010-04-15#BMW#12/2006#100#R 1200 R R#R#si#1200#Persona fisica#M#40#Napoli#80100#Napoli#3#SI#Impiegato#M#40#Napoli#80100.00#Napoli#veicolo già assicurato con atr#No#No#BM#14#0#0#0#0#0#0#0#0#2,500,000
conte#240#2010-04-15#HONDA#12/2008#100#CB 1300 Naked 85Kw ##si#1300#Persona fisica#M#40#Napoli#80100#Napoli#3#SI#Impiegato#M#40#Napoli#80100.00#Napoli#veicolo già assicurato con atr#No#No#BM#14#0#0#0#0#0#0#0#0#2,500,000
conte#241#2010-04-15#Honda#3#100#SH 125 I#I#si#125#Persona fisica#M#40#Napoli#80100#Napoli#3#SI#Impiegato#M#40#Napoli#80100.00#Napoli#veicolo già assicurato con atr#No#No#BM#1#0#0#0#0#0#0#0#0#2,500,000
conte#242#2010-04-15#Honda#3#100#SH 125 I#I#si#125#Persona fisica#M#40#Napoli#80100#Napoli#3#SI#Impiegato#M#40#Napoli#80100.00#Napoli#veicolo già assicurato con atr#No#No#BM#2#0#0#0#0#0#0#0#0#2,500,000
conte#243#2010-04-15#Honda#3#100#SH 125 I#I#si#125#Persona fisica#M#40#Napoli#80100#Napoli#3#SI#Impiegato#M#40#Napoli#80100.00#Napoli#veicolo già assicurato con atr#No#No#BM#3#0#0#0#0#0#0#0#0#2,500,000
conte#244#2010-04-15#Honda#3#100#SH 125 I#I#si#125#Persona fisica#M#40#Napoli#80100#Napoli#3#SI#Impiegato#M#40#Napoli#80100.00#Napoli#veicolo già assicurato con atr#No#No#BM#4#0#0#0#0#0#0#0#0#2,500,000
conte#245#2010-04-15#Honda#3#100#SH 125 I#I#si#125#Persona fisica#M#40#Napoli#80100#Napoli#3#SI#Impiegato#M#40#Napoli#80100.00#Napoli#veicolo già assicurato con atr#No#No#BM#5#0#0#0#0#0#0#0#0#2,500,000
conte#246#2010-04-15#Honda#3#100#SH 125 I#I#si#125#Persona fisica#M#40#Napoli#80100#Napoli#3#SI#Impiegato#M#40#Napoli#80100.00#Napoli#veicolo già assicurato con atr#No#No#BM#6#0#0#0#0#0#0#0#0#2,500,000
conte#247#2010-04-15#Honda#3#100#SH 125 I#I#si#125#Persona fisica#M#40#Napoli#80100#Napoli#3#SI#Impiegato#M#40#Napoli#80100.00#Napoli#veicolo già assicurato con atr#No#No#BM#7#0#0#0#0#0#0#0#0#2,500,000
conte#248#2010-04-15#Honda#3#100#SH 125 I#I#si#125#Persona fisica#M#40#Napoli#80100#Napoli#3#SI#Impiegato#M#40#Napoli#80100.00#Napoli#veicolo già assicurato con atr#No#No#BM#8#0#0#0#0#0#0#0#0#2,500,000
conte#249#2010-04-15#Honda#3#100#SH 125 I#I#si#125#Persona fisica#M#40#Napoli#80100#Napoli#3#SI#Impiegato#M#40#Napoli#80100.00#Napoli#veicolo già assicurato con atr#No#No#BM#9#0#0#0#0#0#0#0#0#2,500,000
conte#250#2010-04-15#Honda#3#100#SH 125 I#I#si#125#Persona fisica#M#40#Napoli#80100#Napoli#3#SI#Impiegato#M#40#Napoli#80100.00#Napoli#veicolo già assicurato con atr#No#No#BM#10#0#0#0#0#0#0#0#0#2,500,000
conte#251#2010-04-15#Honda#3#100#SH 125 I#I#si#125#Persona fisica#M#40#Napoli#80100#Napoli#3#SI#Impiegato#M#40#Napoli#80100.00#Napoli#veicolo già assicurato con atr#No#No#BM#11#0#0#0#0#0#0#0#0#2,500,000
conte#252#2010-04-15#Honda#3#100#SH 125 I#I#si#125#Persona fisica#M#40#Napoli#80100#Napoli#3#SI#Impiegato#M#40#Napoli#80100.00#Napoli#veicolo già assicurato con atr#No#No#BM#12#0#0#0#0#0#0#0#0#2,500,000
conte#253#2010-04-15#Honda#3#100#SH 125 I#I#si#125#Persona fisica#M#40#Napoli#80100#Napoli#3#SI#Impiegato#M#40#Napoli#80100.00#Napoli#veicolo già assicurato con atr#No#No#BM#14#0#0#0#0#0#0#0#0#2,500,000
conte#254#2010-04-15#Honda#3#100#SH 125 I#I#si#125#Persona fisica#M#40#Napoli#80100#Napoli#3#SI#Impiegato#M#40#Napoli#80100.00#Napoli#veicolo già assicurato con atr#No#No#BM#15#0#0#0#0#0#0#0#0#2,500,000
conte#255#2010-04-15#Honda#3#100#SH 125 I#I#si#125#Persona fisica#M#40#Napoli#80100#Napoli#3#SI#Impiegato#M#40#Napoli#80100.00#Napoli#veicolo già assicurato con atr#No#No#BM#16#0#0#0#0#0#0#0#0#2,500,000
conte#256#2010-04-15#Honda#3#100#SH 125 I#I#si#125#Persona fisica#M#40#Napoli#80100#Napoli#3#SI#Impiegato#M#40#Napoli#80100.00#Napoli#veicolo già assicurato con atr#No#No#BM#17#0#0#0#0#0#0#0#0#2,500,000
conte#257#2010-04-15#Honda#3#100#SH 125 I#I#si#125#Persona fisica#M#40#Napoli#80100#Napoli#3#SI#Impiegato#M#40#Napoli#80100.00#Napoli#veicolo già assicurato con atr#No#No#BM#18#0#0#0#0#0#0#0#0#2,500,000
conte#258#2010-04-15#Honda#3#100#SH 125 I#I#si#125#Persona fisica#M#40#Napoli#80100#Napoli#3#SI#Impiegato#M#40#Napoli#80100.00#Napoli#veicolo già assicurato con atr#No#No#BM#1#0#0#0#0#0#1#1#0#2,500,000
conte#259#2010-04-15#Honda#3#100#SH 125 I#I#si#125#Persona fisica#M#40#Napoli#80100#Napoli#3#SI#Impiegato#M#40#Napoli#80100.00#Napoli#veicolo già assicurato con atr#No#No#BM#2#0#0#0#0#0#1#1#0#2,500,000
conte#260#2010-04-15#Honda#3#100#SH 125 I#I#si#125#Persona fisica#M#40#Napoli#80100#Napoli#3#SI#Impiegato#M#40#Napoli#80100.00#Napoli#veicolo già assicurato con atr#No#No#BM#3#0#0#0#0#0#1#1#0#2,500,000
conte#261#2010-04-15#Honda#3#100#SH 125 I#I#si#125#Persona fisica#M#40#Napoli#80100#Napoli#3#SI#Impiegato#M#40#Napoli#80100.00#Napoli#veicolo già assicurato con atr#No#No#BM#4#0#0#0#0#0#1#1#0#2,500,000
conte#262#2010-04-15#Honda#3#100#SH 125 I#I#si#125#Persona fisica#M#40#Napoli#80100#Napoli#3#SI#Impiegato#M#40#Napoli#80100.00#Napoli#veicolo già assicurato con atr#No#No#BM#5#0#0#0#0#0#1#1#0#2,500,000
conte#263#2010-04-15#Honda#3#100#SH 125 I#I#si#125#Persona fisica#M#40#Napoli#80100#Napoli#3#SI#Impiegato#M#40#Napoli#80100.00#Napoli#veicolo già assicurato con atr#No#No#BM#6#0#0#0#0#0#1#1#0#2,500,000
conte#264#2010-04-15#Honda#3#100#SH 125 I#I#si#125#Persona fisica#M#40#Napoli#80100#Napoli#3#SI#Impiegato#M#40#Napoli#80100.00#Napoli#veicolo già assicurato con atr#No#No#BM#7#0#0#0#0#0#1#1#0#2,500,000
conte#265#2010-04-15#Honda#3#100#SH 125 I#I#si#125#Persona fisica#M#40#Napoli#80100#Napoli#3#SI#Impiegato#M#40#Napoli#80100.00#Napoli#veicolo già assicurato con atr#No#No#BM#8#0#0#0#0#0#1#1#0#2,500,000
conte#266#2010-04-15#Honda#3#100#SH 125 I#I#si#125#Persona fisica#M#40#Napoli#80100#Napoli#3#SI#Impiegato#M#40#Napoli#80100.00#Napoli#veicolo già assicurato con atr#No#No#BM#9#0#0#0#0#0#1#1#0#2,500,000
conte#267#2010-04-15#Honda#3#100#SH 125 I#I#si#125#Persona fisica#M#40#Napoli#80100#Napoli#3#SI#Impiegato#M#40#Napoli#80100.00#Napoli#veicolo già assicurato con atr#No#No#BM#10#0#0#0#0#0#1#1#0#2,500,000
conte#268#2010-04-15#Honda#3#100#SH 125 I#I#si#125#Persona fisica#M#40#Napoli#80100#Napoli#3#SI#Impiegato#M#40#Napoli#80100.00#Napoli#veicolo già assicurato con atr#No#No#BM#11#0#0#0#0#0#1#1#0#2,500,000
conte#269#2010-04-15#Honda#3#100#SH 125 I#I#si#125#Persona fisica#M#40#Napoli#80100#Napoli#3#SI#Impiegato#M#40#Napoli#80100.00#Napoli#veicolo già assicurato con atr#No#No#BM#12#0#0#0#0#0#1#1#0#2,500,000
conte#270#2010-04-15#Honda#3#100#SH 125 I#I#si#125#Persona fisica#M#40#Napoli#80100#Napoli#3#SI#Impiegato#M#40#Napoli#80100.00#Napoli#veicolo già assicurato con atr#No#No#BM#14#0#0#0#0#0#1#1#0#2,500,000
conte#271#2010-04-15#Honda#3#100#SH 125 I#I#si#125#Persona fisica#M#40#Napoli#80100#Napoli#3#SI#Impiegato#M#40#Napoli#80100.00#Napoli#veicolo già assicurato con atr#No#No#BM#15#0#0#0#0#0#1#1#0#2,500,000
conte#272#2010-04-15#Honda#3#100#SH 125 I#I#si#125#Persona fisica#M#40#Napoli#80100#Napoli#3#SI#Impiegato#M#40#Napoli#80100.00#Napoli#veicolo già assicurato con atr#No#No#BM#16#0#0#0#0#0#1#1#0#2,500,000
conte#273#2010-04-15#Honda#3#100#SH 125 I#I#si#125#Persona fisica#M#40#Napoli#80100#Napoli#3#SI#Impiegato#M#40#Napoli#80100.00#Napoli#veicolo già assicurato con atr#No#No#BM#17#0#0#0#0#0#1#1#0#2,500,000
conte#274#2010-04-15#Honda#3#100#SH 125 I#I#si#125#Persona fisica#M#40#Napoli#80100#Napoli#3#SI#Impiegato#M#40#Napoli#80100.00#Napoli#veicolo già assicurato con atr#No#No#BM#18#0#0#0#0#0#1#1#0#2,500,000
conte#275#2010-04-15#Honda#3#100#SH 125 I#I#si#125#Persona fisica#M#40#Napoli#80100#Napoli#3#SI#Impiegato#M#40#Napoli#80100.00#Napoli#1a immatricolazione dopo l’acquisto del veicolo#No#No#BM##0#0#0#0#0#0#1#0#2,500,000
conte#276#2010-04-15#Honda#3#100#SH 125 I#I#si#125#Persona fisica#M#40#Napoli#80100#Napoli#3#SI#Impiegato#M#40#Napoli#80100.00#Napoli#veicolo già assicurato con atr#No#No#BM#14#0#0#0#0#0#0#0#0#2,500,000
conte#277#2010-04-15#Honda#3#100#SH 125 I#I#si#125#Persona fisica#M#40#Napoli#80100#Napoli#3#SI#Impiegato#M#40#Napoli#80100.00#Napoli#veicolo già assicurato con atr#No#No#BM#14#0#0#0#0#0#0#0#0#5,000,000
conte#278#2010-04-15#Honda#3#100#SH 125 I#I#si#125#Persona fisica#M#40#Napoli#80100#Napoli#3#SI#Impiegato#M#40#Napoli#80100.00#Napoli#veicolo già assicurato con atr#No#No#BM#14#0#0#0#0#0#0#0#0#10,000,000
conte#279#2010-04-15#Honda#3#100#SH 125 I#I#si#125#Persona fisica#M#40#Napoli#80100#Napoli#3#SI#Impiegato#M#40#Napoli#80100.00#Napoli#veicolo già assicurato con atr#No#No#BM#14#0#0#0#0#0#0#0#0#15,000,000
conte#280#2010-04-15#Honda#3#100#SH 125 I#I#si#125#Persona fisica#M#40#Napoli#80100#Napoli#3#SI#Impiegato#M#40#Napoli#80100.00#Napoli#veicolo già assicurato con atr#No#No#BM#14#0#0#0#0#0#0#0#0#25,000,000
conte#281#2010-04-15#Honda#3#100#SH 125 I#I#si#125#Persona fisica#M#40#Napoli#80100#Napoli#3#SI#Impiegato#M#40#Napoli#80100.00#Napoli#veicolo già assicurato con atr#No#No#BM#14#0#0#0#0#0#0#0#0#50,000,000
conte#282#2010-04-15#Honda#3#100#SH 125 I#I#si#125#Persona fisica#M#18#Napoli#80100#Napoli#3#SI#Impiegato#M#18#Napoli#80100.00#Napoli#veicolo già assicurato con atr#No#No#BM#14#0#0#0#0#0#0#0#0#2,500,000
conte#283#2010-04-15#Honda#3#100#SH 125 I#I#si#125#Persona fisica#M#19#Napoli#80100#Napoli#3#SI#Impiegato#M#19#Napoli#80100.00#Napoli#veicolo già assicurato con atr#No#No#BM#14#0#0#0#0#0#0#0#0#2,500,000
conte#284#2010-04-15#Honda#3#100#SH 125 I#I#si#125#Persona fisica#M#20#Napoli#80100#Napoli#3#SI#Impiegato#M#20#Napoli#80100.00#Napoli#veicolo già assicurato con atr#No#No#BM#14#0#0#0#0#0#0#0#0#2,500,000
conte#285#2010-04-15#Honda#3#100#SH 125 I#I#si#125#Persona fisica#M#21#Napoli#80100#Napoli#3#SI#Impiegato#M#21#Napoli#80100.00#Napoli#veicolo già assicurato con atr#No#No#BM#14#0#0#0#0#0#0#0#0#2,500,000
conte#286#2010-04-15#Honda#3#100#SH 125 I#I#si#125#Persona fisica#M#22#Napoli#80100#Napoli#3#SI#Impiegato#M#22#Napoli#80100.00#Napoli#veicolo già assicurato con atr#No#No#BM#14#0#0#0#0#0#0#0#0#2,500,000
conte#287#2010-04-15#Honda#3#100#SH 125 I#I#si#125#Persona fisica#M#23#Napoli#80100#Napoli#3#SI#Impiegato#M#23#Napoli#80100.00#Napoli#veicolo già assicurato con atr#No#No#BM#14#0#0#0#0#0#0#0#0#2,500,000
conte#288#2010-04-15#Honda#3#100#SH 125 I#I#si#125#Persona fisica#M#24#Napoli#80100#Napoli#3#SI#Impiegato#M#24#Napoli#80100.00#Napoli#veicolo già assicurato con atr#No#No#BM#14#0#0#0#0#0#0#0#0#2,500,000
conte#289#2010-04-15#Honda#3#100#SH 125 I#I#si#125#Persona fisica#M#25#Napoli#80100#Napoli#3#SI#Impiegato#M#25#Napoli#80100.00#Napoli#veicolo già assicurato con atr#No#No#BM#14#0#0#0#0#0#0#0#0#2,500,000
conte#290#2010-04-15#Honda#3#100#SH 125 I#I#si#125#Persona fisica#M#26#Napoli#80100#Napoli#3#SI#Impiegato#M#26#Napoli#80100.00#Napoli#veicolo già assicurato con atr#No#No#BM#14#0#0#0#0#0#0#0#0#2,500,000
conte#291#2010-04-15#Honda#3#100#SH 125 I#I#si#125#Persona fisica#M#27#Napoli#80100#Napoli#3#SI#Impiegato#M#27#Napoli#80100.00#Napoli#veicolo già assicurato con atr#No#No#BM#14#0#0#0#0#0#0#0#0#2,500,000
conte#292#2010-04-15#Honda#3#100#SH 125 I#I#si#125#Persona fisica#M#28#Napoli#80100#Napoli#3#SI#Impiegato#M#28#Napoli#80100.00#Napoli#veicolo già assicurato con atr#No#No#BM#14#0#0#0#0#0#0#0#0#2,500,000
conte#293#2010-04-15#Honda#3#100#SH 125 I#I#si#125#Persona fisica#M#29#Napoli#80100#Napoli#3#SI#Impiegato#M#29#Napoli#80100.00#Napoli#veicolo già assicurato con atr#No#No#BM#14#0#0#0#0#0#0#0#0#2,500,000
conte#294#2010-04-15#Honda#3#100#SH 125 I#I#si#125#Persona fisica#M#30#Napoli#80100#Napoli#3#SI#Impiegato#M#30#Napoli#80100.00#Napoli#veicolo già assicurato con atr#No#No#BM#14#0#0#0#0#0#0#0#0#2,500,000
conte#295#2010-04-15#Honda#3#100#SH 125 I#I#si#125#Persona fisica#M#31#Napoli#80100#Napoli#3#SI#Impiegato#M#31#Napoli#80100.00#Napoli#veicolo già assicurato con atr#No#No#BM#14#0#0#0#0#0#0#0#0#2,500,000
conte#296#2010-04-15#Honda#3#100#SH 125 I#I#si#125#Persona fisica#M#32#Napoli#80100#Napoli#3#SI#Impiegato#M#32#Napoli#80100.00#Napoli#veicolo già assicurato con atr#No#No#BM#14#0#0#0#0#0#0#0#0#2,500,000
conte#297#2010-04-15#Honda#3#100#SH 125 I#I#si#125#Persona fisica#M#33#Napoli#80100#Napoli#3#SI#Impiegato#M#33#Napoli#80100.00#Napoli#veicolo già assicurato con atr#No#No#BM#14#0#0#0#0#0#0#0#0#2,500,000
conte#298#2010-04-15#Honda#3#100#SH 125 I#I#si#125#Persona fisica#M#34#Napoli#80100#Napoli#3#SI#Impiegato#M#34#Napoli#80100.00#Napoli#veicolo già assicurato con atr#No#No#BM#14#0#0#0#0#0#0#0#0#2,500,000
conte#299#2010-04-15#Honda#3#100#SH 125 I#I#si#125#Persona fisica#M#35#Napoli#80100#Napoli#3#SI#Impiegato#M#35#Napoli#80100.00#Napoli#veicolo già assicurato con atr#No#No#BM#14#0#0#0#0#0#0#0#0#2,500,000
conte#300#2010-04-15#Honda#3#100#SH 125 I#I#si#125#Persona fisica#M#36#Napoli#80100#Napoli#3#SI#Impiegato#M#36#Napoli#80100.00#Napoli#veicolo già assicurato con atr#No#No#BM#14#0#0#0#0#0#0#0#0#2,500,000
conte#301#2010-04-15#Honda#3#100#SH 125 I#I#si#125#Persona fisica#M#37#Napoli#80100#Napoli#3#SI#Impiegato#M#37#Napoli#80100.00#Napoli#veicolo già assicurato con atr#No#No#BM#14#0#0#0#0#0#0#0#0#2,500,000
conte#302#2010-04-15#Honda#3#100#SH 125 I#I#si#125#Persona fisica#M#38#Napoli#80100#Napoli#3#SI#Impiegato#M#38#Napoli#80100.00#Napoli#veicolo già assicurato con atr#No#No#BM#14#0#0#0#0#0#0#0#0#2,500,000
conte#303#2010-04-15#Honda#3#100#SH 125 I#I#si#125#Persona fisica#M#39#Napoli#80100#Napoli#3#SI#Impiegato#M#39#Napoli#80100.00#Napoli#veicolo già assicurato con atr#No#No#BM#14#0#0#0#0#0#0#0#0#2,500,000
conte#304#2010-04-15#Honda#3#100#SH 125 I#I#si#125#Persona fisica#M#40#Napoli#80100#Napoli#3#SI#Impiegato#M#40#Napoli#80100.00#Napoli#veicolo già assicurato con atr#No#No#BM#14#0#0#0#0#0#0#0#0#2,500,000
conte#305#2010-04-15#Honda#3#100#SH 125 I#I#si#125#Persona fisica#M#41#Napoli#80100#Napoli#3#SI#Impiegato#M#41#Napoli#80100.00#Napoli#veicolo già assicurato con atr#No#No#BM#14#0#0#0#0#0#0#0#0#2,500,000
conte#306#2010-04-15#Honda#3#100#SH 125 I#I#si#125#Persona fisica#M#42#Napoli#80100#Napoli#3#SI#Impiegato#M#42#Napoli#80100.00#Napoli#veicolo già assicurato con atr#No#No#BM#14#0#0#0#0#0#0#0#0#2,500,000
conte#307#2010-04-15#Honda#3#100#SH 125 I#I#si#125#Persona fisica#M#43#Napoli#80100#Napoli#3#SI#Impiegato#M#43#Napoli#80100.00#Napoli#veicolo già assicurato con atr#No#No#BM#14#0#0#0#0#0#0#0#0#2,500,000
conte#308#2010-04-15#Honda#3#100#SH 125 I#I#si#125#Persona fisica#M#44#Napoli#80100#Napoli#3#SI#Impiegato#M#44#Napoli#80100.00#Napoli#veicolo già assicurato con atr#No#No#BM#14#0#0#0#0#0#0#0#0#2,500,000
conte#309#2010-04-15#Honda#3#100#SH 125 I#I#si#125#Persona fisica#M#45#Napoli#80100#Napoli#3#SI#Impiegato#M#45#Napoli#80100.00#Napoli#veicolo già assicurato con atr#No#No#BM#14#0#0#0#0#0#0#0#0#2,500,000
conte#310#2010-04-15#Honda#3#100#SH 125 I#I#si#125#Persona fisica#M#46#Napoli#80100#Napoli#3#SI#Impiegato#M#46#Napoli#80100.00#Napoli#veicolo già assicurato con atr#No#No#BM#14#0#0#0#0#0#0#0#0#2,500,000
conte#311#2010-04-15#Honda#3#100#SH 125 I#I#si#125#Persona fisica#M#47#Napoli#80100#Napoli#3#SI#Impiegato#M#47#Napoli#80100.00#Napoli#veicolo già assicurato con atr#No#No#BM#14#0#0#0#0#0#0#0#0#2,500,000
conte#312#2010-04-15#Honda#3#100#SH 125 I#I#si#125#Persona fisica#M#48#Napoli#80100#Napoli#3#SI#Impiegato#M#48#Napoli#80100.00#Napoli#veicolo già assicurato con atr#No#No#BM#14#0#0#0#0#0#0#0#0#2,500,000
conte#313#2010-04-15#Honda#3#100#SH 125 I#I#si#125#Persona fisica#M#49#Napoli#80100#Napoli#3#SI#Impiegato#M#49#Napoli#80100.00#Napoli#veicolo già assicurato con atr#No#No#BM#14#0#0#0#0#0#0#0#0#2,500,000
conte#314#2010-04-15#Honda#3#100#SH 125 I#I#si#125#Persona fisica#M#50#Napoli#80100#Napoli#3#SI#Impiegato#M#50#Napoli#80100.00#Napoli#veicolo già assicurato con atr#No#No#BM#14#0#0#0#0#0#0#0#0#2,500,000
conte#315#2010-04-15#Honda#3#100#SH 125 I#I#si#125#Persona fisica#M#51#Napoli#80100#Napoli#3#SI#Impiegato#M#51#Napoli#80100.00#Napoli#veicolo già assicurato con atr#No#No#BM#14#0#0#0#0#0#0#0#0#2,500,000
conte#316#2010-04-15#Honda#3#100#SH 125 I#I#si#125#Persona fisica#M#52#Napoli#80100#Napoli#3#SI#Impiegato#M#52#Napoli#80100.00#Napoli#veicolo già assicurato con atr#No#No#BM#14#0#0#0#0#0#0#0#0#2,500,000
conte#317#2010-04-15#Honda#3#100#SH 125 I#I#si#125#Persona fisica#M#53#Napoli#80100#Napoli#3#SI#Impiegato#M#53#Napoli#80100.00#Napoli#veicolo già assicurato con atr#No#No#BM#14#0#0#0#0#0#0#0#0#2,500,000
conte#318#2010-04-15#Honda#3#100#SH 125 I#I#si#125#Persona fisica#M#54#Napoli#80100#Napoli#3#SI#Impiegato#M#54#Napoli#80100.00#Napoli#veicolo già assicurato con atr#No#No#BM#14#0#0#0#0#0#0#0#0#2,500,000
conte#319#2010-04-15#Honda#3#100#SH 125 I#I#si#125#Persona fisica#M#55#Napoli#80100#Napoli#3#SI#Impiegato#M#55#Napoli#80100.00#Napoli#veicolo già assicurato con atr#No#No#BM#14#0#0#0#0#0#0#0#0#2,500,000
conte#320#2010-04-15#Honda#3#100#SH 125 I#I#si#125#Persona fisica#M#56#Napoli#80100#Napoli#3#SI#Impiegato#M#56#Napoli#80100.00#Napoli#veicolo già assicurato con atr#No#No#BM#14#0#0#0#0#0#0#0#0#2,500,000
conte#321#2010-04-15#Honda#3#100#SH 125 I#I#si#125#Persona fisica#M#57#Napoli#80100#Napoli#3#SI#Impiegato#M#57#Napoli#80100.00#Napoli#veicolo già assicurato con atr#No#No#BM#14#0#0#0#0#0#0#0#0#2,500,000
conte#322#2010-04-15#Honda#3#100#SH 125 I#I#si#125#Persona fisica#M#58#Napoli#80100#Napoli#3#SI#Impiegato#M#58#Napoli#80100.00#Napoli#veicolo già assicurato con atr#No#No#BM#14#0#0#0#0#0#0#0#0#2,500,000
conte#323#2010-04-15#Honda#3#100#SH 125 I#I#si#125#Persona fisica#M#59#Napoli#80100#Napoli#3#SI#Impiegato#M#59#Napoli#80100.00#Napoli#veicolo già assicurato con atr#No#No#BM#14#0#0#0#0#0#0#0#0#2,500,000
conte#324#2010-04-15#Honda#3#100#SH 125 I#I#si#125#Persona fisica#M#60#Napoli#80100#Napoli#3#SI#Impiegato#M#60#Napoli#80100.00#Napoli#veicolo già assicurato con atr#No#No#BM#14#0#0#0#0#0#0#0#0#2,500,000
conte#325#2010-04-15#Honda#3#100#SH 125 I#I#si#125#Persona fisica#M#61#Napoli#80100#Napoli#3#SI#Impiegato#M#61#Napoli#80100.00#Napoli#veicolo già assicurato con atr#No#No#BM#14#0#0#0#0#0#0#0#0#2,500,000
conte#326#2010-04-15#Honda#3#100#SH 125 I#I#si#125#Persona fisica#M#62#Napoli#80100#Napoli#3#SI#Impiegato#M#62#Napoli#80100.00#Napoli#veicolo già assicurato con atr#No#No#BM#14#0#0#0#0#0#0#0#0#2,500,000
conte#327#2010-04-15#Honda#3#100#SH 125 I#I#si#125#Persona fisica#M#63#Napoli#80100#Napoli#3#SI#Impiegato#M#63#Napoli#80100.00#Napoli#veicolo già assicurato con atr#No#No#BM#14#0#0#0#0#0#0#0#0#2,500,000
conte#328#2010-04-15#Honda#3#100#SH 125 I#I#si#125#Persona fisica#M#64#Napoli#80100#Napoli#3#SI#Impiegato#M#64#Napoli#80100.00#Napoli#veicolo già assicurato con atr#No#No#BM#14#0#0#0#0#0#0#0#0#2,500,000
conte#329#2010-04-15#Honda#3#100#SH 125 I#I#si#125#Persona fisica#M#65#Napoli#80100#Napoli#3#SI#Impiegato#M#65#Napoli#80100.00#Napoli#veicolo già assicurato con atr#No#No#BM#14#0#0#0#0#0#0#0#0#2,500,000
conte#330#2010-04-15#Honda#3#100#SH 125 I#I#si#125#Persona fisica#M#66#Napoli#80100#Napoli#3#SI#Impiegato#M#66#Napoli#80100.00#Napoli#veicolo già assicurato con atr#No#No#BM#14#0#0#0#0#0#0#0#0#2,500,000
conte#331#2010-04-15#Honda#3#100#SH 125 I#I#si#125#Persona fisica#M#67#Napoli#80100#Napoli#3#SI#Impiegato#M#67#Napoli#80100.00#Napoli#veicolo già assicurato con atr#No#No#BM#14#0#0#0#0#0#0#0#0#2,500,000
conte#332#2010-04-15#Honda#3#100#SH 125 I#I#si#125#Persona fisica#M#68#Napoli#80100#Napoli#3#SI#Impiegato#M#68#Napoli#80100.00#Napoli#veicolo già assicurato con atr#No#No#BM#14#0#0#0#0#0#0#0#0#2,500,000
conte#333#2010-04-15#Honda#3#100#SH 125 I#I#si#125#Persona fisica#M#69#Napoli#80100#Napoli#3#SI#Impiegato#M#69#Napoli#80100.00#Napoli#veicolo già assicurato con atr#No#No#BM#14#0#0#0#0#0#0#0#0#2,500,000
conte#334#2010-04-15#Honda#3#100#SH 125 I#I#si#125#Persona fisica#M#70#Napoli#80100#Napoli#3#SI#Impiegato#M#70#Napoli#80100.00#Napoli#veicolo già assicurato con atr#No#No#BM#14#0#0#0#0#0#0#0#0#2,500,000
conte#335#2010-04-15#Honda#3#100#SH 125 I#I#si#125#Persona fisica#M#71#Napoli#80100#Napoli#3#SI#Impiegato#M#71#Napoli#80100.00#Napoli#veicolo già assicurato con atr#No#No#BM#14#0#0#0#0#0#0#0#0#2,500,000
conte#336#2010-04-15#Honda#3#100#SH 125 I#I#si#125#Persona fisica#M#72#Napoli#80100#Napoli#3#SI#Impiegato#M#72#Napoli#80100.00#Napoli#veicolo già assicurato con atr#No#No#BM#14#0#0#0#0#0#0#0#0#2,500,000
conte#337#2010-04-15#Honda#3#100#SH 125 I#I#si#125#Persona fisica#M#73#Napoli#80100#Napoli#3#SI#Impiegato#M#73#Napoli#80100.00#Napoli#veicolo già assicurato con atr#No#No#BM#14#0#0#0#0#0#0#0#0#2,500,000
conte#338#2010-04-15#Honda#3#100#SH 125 I#I#si#125#Persona fisica#M#74#Napoli#80100#Napoli#3#SI#Impiegato#M#74#Napoli#80100.00#Napoli#veicolo già assicurato con atr#No#No#BM#14#0#0#0#0#0#0#0#0#2,500,000
conte#339#2010-04-15#Honda#3#100#SH 125 I#I#si#125#Persona fisica#M#75#Napoli#80100#Napoli#3#SI#Impiegato#M#75#Napoli#80100.00#Napoli#veicolo già assicurato con atr#No#No#BM#14#0#0#0#0#0#0#0#0#2,500,000
conte#340#2010-04-15#Honda#3#100#SH 125 I#I#si#125#Persona fisica#M#76#Napoli#80100#Napoli#3#SI#Impiegato#M#76#Napoli#80100.00#Napoli#veicolo già assicurato con atr#No#No#BM#14#0#0#0#0#0#0#0#0#2,500,000
conte#341#2010-04-15#Honda#3#100#SH 125 I#I#si#125#Persona fisica#M#77#Napoli#80100#Napoli#3#SI#Impiegato#M#77#Napoli#80100.00#Napoli#veicolo già assicurato con atr#No#No#BM#14#0#0#0#0#0#0#0#0#2,500,000
conte#342#2010-04-15#Honda#3#100#SH 125 I#I#si#125#Persona fisica#M#78#Napoli#80100#Napoli#3#SI#Impiegato#M#78#Napoli#80100.00#Napoli#veicolo già assicurato con atr#No#No#BM#14#0#0#0#0#0#0#0#0#2,500,000
conte#343#2010-04-15#Honda#3#100#SH 125 I#I#si#125#Persona fisica#M#79#Napoli#80100#Napoli#3#SI#Impiegato#M#79#Napoli#80100.00#Napoli#veicolo già assicurato con atr#No#No#BM#14#0#0#0#0#0#0#0#0#2,500,000
conte#344#2010-04-15#Honda#3#100#SH 125 I#I#si#125#Persona fisica#M#80#Napoli#80100#Napoli#3#SI#Impiegato#M#80#Napoli#80100.00#Napoli#veicolo già assicurato con atr#No#No#BM#14#0#0#0#0#0#0#0#0#2,500,000
conte#345#2010-04-15#Honda#3#100#SH 125 I#I#si#125#Persona fisica#F#18#Napoli#80100#Napoli#3#SI#Impiegato#F#18#Napoli#80100.00#Napoli#veicolo già assicurato con atr#No#No#BM#14#0#0#0#0#0#0#0#0#2,500,000
conte#346#2010-04-15#Honda#3#100#SH 125 I#I#si#125#Persona fisica#F#19#Napoli#80100#Napoli#3#SI#Impiegato#F#19#Napoli#80100.00#Napoli#veicolo già assicurato con atr#No#No#BM#14#0#0#0#0#0#0#0#0#2,500,000
conte#347#2010-04-15#Honda#3#100#SH 125 I#I#si#125#Persona fisica#F#20#Napoli#80100#Napoli#3#SI#Impiegato#F#20#Napoli#80100.00#Napoli#veicolo già assicurato con atr#No#No#BM#14#0#0#0#0#0#0#0#0#2,500,000
conte#348#2010-04-15#Honda#3#100#SH 125 I#I#si#125#Persona fisica#F#21#Napoli#80100#Napoli#3#SI#Impiegato#F#21#Napoli#80100.00#Napoli#veicolo già assicurato con atr#No#No#BM#14#0#0#0#0#0#0#0#0#2,500,000
conte#349#2010-04-15#Honda#3#100#SH 125 I#I#si#125#Persona fisica#F#22#Napoli#80100#Napoli#3#SI#Impiegato#F#22#Napoli#80100.00#Napoli#veicolo già assicurato con atr#No#No#BM#14#0#0#0#0#0#0#0#0#2,500,000
conte#350#2010-04-15#Honda#3#100#SH 125 I#I#si#125#Persona fisica#F#23#Napoli#80100#Napoli#3#SI#Impiegato#F#23#Napoli#80100.00#Napoli#veicolo già assicurato con atr#No#No#BM#14#0#0#0#0#0#0#0#0#2,500,000
conte#351#2010-04-15#Honda#3#100#SH 125 I#I#si#125#Persona fisica#F#24#Napoli#80100#Napoli#3#SI#Impiegato#F#24#Napoli#80100.00#Napoli#veicolo già assicurato con atr#No#No#BM#14#0#0#0#0#0#0#0#0#2,500,000
conte#352#2010-04-15#Honda#3#100#SH 125 I#I#si#125#Persona fisica#F#25#Napoli#80100#Napoli#3#SI#Impiegato#F#25#Napoli#80100.00#Napoli#veicolo già assicurato con atr#No#No#BM#14#0#0#0#0#0#0#0#0#2,500,000
conte#353#2010-04-15#Honda#3#100#SH 125 I#I#si#125#Persona fisica#F#26#Napoli#80100#Napoli#3#SI#Impiegato#F#26#Napoli#80100.00#Napoli#veicolo già assicurato con atr#No#No#BM#14#0#0#0#0#0#0#0#0#2,500,000
conte#354#2010-04-15#Honda#3#100#SH 125 I#I#si#125#Persona fisica#F#27#Napoli#80100#Napoli#3#SI#Impiegato#F#27#Napoli#80100.00#Napoli#veicolo già assicurato con atr#No#No#BM#14#0#0#0#0#0#0#0#0#2,500,000
conte#355#2010-04-15#Honda#3#100#SH 125 I#I#si#125#Persona fisica#F#28#Napoli#80100#Napoli#3#SI#Impiegato#F#28#Napoli#80100.00#Napoli#veicolo già assicurato con atr#No#No#BM#14#0#0#0#0#0#0#0#0#2,500,000
conte#356#2010-04-15#Honda#3#100#SH 125 I#I#si#125#Persona fisica#F#29#Napoli#80100#Napoli#3#SI#Impiegato#F#29#Napoli#80100.00#Napoli#veicolo già assicurato con atr#No#No#BM#14#0#0#0#0#0#0#0#0#2,500,000
conte#357#2010-04-15#Honda#3#100#SH 125 I#I#si#125#Persona fisica#F#30#Napoli#80100#Napoli#3#SI#Impiegato#F#30#Napoli#80100.00#Napoli#veicolo già assicurato con atr#No#No#BM#14#0#0#0#0#0#0#0#0#2,500,000
conte#358#2010-04-15#Honda#3#100#SH 125 I#I#si#125#Persona fisica#F#31#Napoli#80100#Napoli#3#SI#Impiegato#F#31#Napoli#80100.00#Napoli#veicolo già assicurato con atr#No#No#BM#14#0#0#0#0#0#0#0#0#2,500,000
conte#359#2010-04-15#Honda#3#100#SH 125 I#I#si#125#Persona fisica#F#32#Napoli#80100#Napoli#3#SI#Impiegato#F#32#Napoli#80100.00#Napoli#veicolo già assicurato con atr#No#No#BM#14#0#0#0#0#0#0#0#0#2,500,000
conte#360#2010-04-15#Honda#3#100#SH 125 I#I#si#125#Persona fisica#F#33#Napoli#80100#Napoli#3#SI#Impiegato#F#33#Napoli#80100.00#Napoli#veicolo già assicurato con atr#No#No#BM#14#0#0#0#0#0#0#0#0#2,500,000
conte#361#2010-04-15#Honda#3#100#SH 125 I#I#si#125#Persona fisica#F#34#Napoli#80100#Napoli#3#SI#Impiegato#F#34#Napoli#80100.00#Napoli#veicolo già assicurato con atr#No#No#BM#14#0#0#0#0#0#0#0#0#2,500,000
conte#362#2010-04-15#Honda#3#100#SH 125 I#I#si#125#Persona fisica#F#35#Napoli#80100#Napoli#3#SI#Impiegato#F#35#Napoli#80100.00#Napoli#veicolo già assicurato con atr#No#No#BM#14#0#0#0#0#0#0#0#0#2,500,000
conte#363#2010-04-15#Honda#3#100#SH 125 I#I#si#125#Persona fisica#F#36#Napoli#80100#Napoli#3#SI#Impiegato#F#36#Napoli#80100.00#Napoli#veicolo già assicurato con atr#No#No#BM#14#0#0#0#0#0#0#0#0#2,500,000
conte#364#2010-04-15#Honda#3#100#SH 125 I#I#si#125#Persona fisica#F#37#Napoli#80100#Napoli#3#SI#Impiegato#F#37#Napoli#80100.00#Napoli#veicolo già assicurato con atr#No#No#BM#14#0#0#0#0#0#0#0#0#2,500,000
conte#365#2010-04-15#Honda#3#100#SH 125 I#I#si#125#Persona fisica#F#38#Napoli#80100#Napoli#3#SI#Impiegato#F#38#Napoli#80100.00#Napoli#veicolo già assicurato con atr#No#No#BM#14#0#0#0#0#0#0#0#0#2,500,000
conte#366#2010-04-15#Honda#3#100#SH 125 I#I#si#125#Persona fisica#F#39#Napoli#80100#Napoli#3#SI#Impiegato#F#39#Napoli#80100.00#Napoli#veicolo già assicurato con atr#No#No#BM#14#0#0#0#0#0#0#0#0#2,500,000
conte#367#2010-04-15#Honda#3#100#SH 125 I#I#si#125#Persona fisica#F#40#Napoli#80100#Napoli#3#SI#Impiegato#F#40#Napoli#80100.00#Napoli#veicolo già assicurato con atr#No#No#BM#14#0#0#0#0#0#0#0#0#2,500,000
conte#368#2010-04-15#Honda#3#100#SH 125 I#I#si#125#Persona fisica#F#41#Napoli#80100#Napoli#3#SI#Impiegato#F#41#Napoli#80100.00#Napoli#veicolo già assicurato con atr#No#No#BM#14#0#0#0#0#0#0#0#0#2,500,000
conte#369#2010-04-15#Honda#3#100#SH 125 I#I#si#125#Persona fisica#F#42#Napoli#80100#Napoli#3#SI#Impiegato#F#42#Napoli#80100.00#Napoli#veicolo già assicurato con atr#No#No#BM#14#0#0#0#0#0#0#0#0#2,500,000
conte#370#2010-04-15#Honda#3#100#SH 125 I#I#si#125#Persona fisica#F#43#Napoli#80100#Napoli#3#SI#Impiegato#F#43#Napoli#80100.00#Napoli#veicolo già assicurato con atr#No#No#BM#14#0#0#0#0#0#0#0#0#2,500,000
conte#371#2010-04-15#Honda#3#100#SH 125 I#I#si#125#Persona fisica#F#44#Napoli#80100#Napoli#3#SI#Impiegato#F#44#Napoli#80100.00#Napoli#veicolo già assicurato con atr#No#No#BM#14#0#0#0#0#0#0#0#0#2,500,000
conte#372#2010-04-15#Honda#3#100#SH 125 I#I#si#125#Persona fisica#F#45#Napoli#80100#Napoli#3#SI#Impiegato#F#45#Napoli#80100.00#Napoli#veicolo già assicurato con atr#No#No#BM#14#0#0#0#0#0#0#0#0#2,500,000
conte#373#2010-04-15#Honda#3#100#SH 125 I#I#si#125#Persona fisica#F#46#Napoli#80100#Napoli#3#SI#Impiegato#F#46#Napoli#80100.00#Napoli#veicolo già assicurato con atr#No#No#BM#14#0#0#0#0#0#0#0#0#2,500,000
conte#374#2010-04-15#Honda#3#100#SH 125 I#I#si#125#Persona fisica#F#47#Napoli#80100#Napoli#3#SI#Impiegato#F#47#Napoli#80100.00#Napoli#veicolo già assicurato con atr#No#No#BM#14#0#0#0#0#0#0#0#0#2,500,000
conte#375#2010-04-15#Honda#3#100#SH 125 I#I#si#125#Persona fisica#F#48#Napoli#80100#Napoli#3#SI#Impiegato#F#48#Napoli#80100.00#Napoli#veicolo già assicurato con atr#No#No#BM#14#0#0#0#0#0#0#0#0#2,500,000
conte#376#2010-04-15#Honda#3#100#SH 125 I#I#si#125#Persona fisica#F#49#Napoli#80100#Napoli#3#SI#Impiegato#F#49#Napoli#80100.00#Napoli#veicolo già assicurato con atr#No#No#BM#14#0#0#0#0#0#0#0#0#2,500,000
conte#377#2010-04-15#Honda#3#100#SH 125 I#I#si#125#Persona fisica#F#50#Napoli#80100#Napoli#3#SI#Impiegato#F#50#Napoli#80100.00#Napoli#veicolo già assicurato con atr#No#No#BM#14#0#0#0#0#0#0#0#0#2,500,000
conte#378#2010-04-15#Honda#3#100#SH 125 I#I#si#125#Persona fisica#F#51#Napoli#80100#Napoli#3#SI#Impiegato#F#51#Napoli#80100.00#Napoli#veicolo già assicurato con atr#No#No#BM#14#0#0#0#0#0#0#0#0#2,500,000
conte#379#2010-04-15#Honda#3#100#SH 125 I#I#si#125#Persona fisica#F#52#Napoli#80100#Napoli#3#SI#Impiegato#F#52#Napoli#80100.00#Napoli#veicolo già assicurato con atr#No#No#BM#14#0#0#0#0#0#0#0#0#2,500,000
conte#380#2010-04-15#Honda#3#100#SH 125 I#I#si#125#Persona fisica#F#53#Napoli#80100#Napoli#3#SI#Impiegato#F#53#Napoli#80100.00#Napoli#veicolo già assicurato con atr#No#No#BM#14#0#0#0#0#0#0#0#0#2,500,000
conte#381#2010-04-15#Honda#3#100#SH 125 I#I#si#125#Persona fisica#F#54#Napoli#80100#Napoli#3#SI#Impiegato#F#54#Napoli#80100.00#Napoli#veicolo già assicurato con atr#No#No#BM#14#0#0#0#0#0#0#0#0#2,500,000
conte#382#2010-04-15#Honda#3#100#SH 125 I#I#si#125#Persona fisica#F#55#Napoli#80100#Napoli#3#SI#Impiegato#F#55#Napoli#80100.00#Napoli#veicolo già assicurato con atr#No#No#BM#14#0#0#0#0#0#0#0#0#2,500,000
conte#383#2010-04-15#Honda#3#100#SH 125 I#I#si#125#Persona fisica#F#56#Napoli#80100#Napoli#3#SI#Impiegato#F#56#Napoli#80100.00#Napoli#veicolo già assicurato con atr#No#No#BM#14#0#0#0#0#0#0#0#0#2,500,000
conte#384#2010-04-15#Honda#3#100#SH 125 I#I#si#125#Persona fisica#F#57#Napoli#80100#Napoli#3#SI#Impiegato#F#57#Napoli#80100.00#Napoli#veicolo già assicurato con atr#No#No#BM#14#0#0#0#0#0#0#0#0#2,500,000
conte#385#2010-04-15#Honda#3#100#SH 125 I#I#si#125#Persona fisica#F#58#Napoli#80100#Napoli#3#SI#Impiegato#F#58#Napoli#80100.00#Napoli#veicolo già assicurato con atr#No#No#BM#14#0#0#0#0#0#0#0#0#2,500,000
conte#386#2010-04-15#Honda#3#100#SH 125 I#I#si#125#Persona fisica#F#59#Napoli#80100#Napoli#3#SI#Impiegato#F#59#Napoli#80100.00#Napoli#veicolo già assicurato con atr#No#No#BM#14#0#0#0#0#0#0#0#0#2,500,000
conte#387#2010-04-15#Honda#3#100#SH 125 I#I#si#125#Persona fisica#F#60#Napoli#80100#Napoli#3#SI#Impiegato#F#60#Napoli#80100.00#Napoli#veicolo già assicurato con atr#No#No#BM#14#0#0#0#0#0#0#0#0#2,500,000
conte#388#2010-04-15#Honda#3#100#SH 125 I#I#si#125#Persona fisica#F#61#Napoli#80100#Napoli#3#SI#Impiegato#F#61#Napoli#80100.00#Napoli#veicolo già assicurato con atr#No#No#BM#14#0#0#0#0#0#0#0#0#2,500,000
conte#389#2010-04-15#Honda#3#100#SH 125 I#I#si#125#Persona fisica#F#62#Napoli#80100#Napoli#3#SI#Impiegato#F#62#Napoli#80100.00#Napoli#veicolo già assicurato con atr#No#No#BM#14#0#0#0#0#0#0#0#0#2,500,000
conte#390#2010-04-15#Honda#3#100#SH 125 I#I#si#125#Persona fisica#F#63#Napoli#80100#Napoli#3#SI#Impiegato#F#63#Napoli#80100.00#Napoli#veicolo già assicurato con atr#No#No#BM#14#0#0#0#0#0#0#0#0#2,500,000
conte#391#2010-04-15#Honda#3#100#SH 125 I#I#si#125#Persona fisica#F#64#Napoli#80100#Napoli#3#SI#Impiegato#F#64#Napoli#80100.00#Napoli#veicolo già assicurato con atr#No#No#BM#14#0#0#0#0#0#0#0#0#2,500,000
conte#392#2010-04-15#Honda#3#100#SH 125 I#I#si#125#Persona fisica#F#65#Napoli#80100#Napoli#3#SI#Impiegato#F#65#Napoli#80100.00#Napoli#veicolo già assicurato con atr#No#No#BM#14#0#0#0#0#0#0#0#0#2,500,000
conte#393#2010-04-15#Honda#3#100#SH 125 I#I#si#125#Persona fisica#F#66#Napoli#80100#Napoli#3#SI#Impiegato#F#66#Napoli#80100.00#Napoli#veicolo già assicurato con atr#No#No#BM#14#0#0#0#0#0#0#0#0#2,500,000
conte#394#2010-04-15#Honda#3#100#SH 125 I#I#si#125#Persona fisica#F#67#Napoli#80100#Napoli#3#SI#Impiegato#F#67#Napoli#80100.00#Napoli#veicolo già assicurato con atr#No#No#BM#14#0#0#0#0#0#0#0#0#2,500,000
conte#395#2010-04-15#Honda#3#100#SH 125 I#I#si#125#Persona fisica#F#68#Napoli#80100#Napoli#3#SI#Impiegato#F#68#Napoli#80100.00#Napoli#veicolo già assicurato con atr#No#No#BM#14#0#0#0#0#0#0#0#0#2,500,000
conte#396#2010-04-15#Honda#3#100#SH 125 I#I#si#125#Persona fisica#F#69#Napoli#80100#Napoli#3#SI#Impiegato#F#69#Napoli#80100.00#Napoli#veicolo già assicurato con atr#No#No#BM#14#0#0#0#0#0#0#0#0#2,500,000
conte#397#2010-04-15#Honda#3#100#SH 125 I#I#si#125#Persona fisica#F#70#Napoli#80100#Napoli#3#SI#Impiegato#F#70#Napoli#80100.00#Napoli#veicolo già assicurato con atr#No#No#BM#14#0#0#0#0#0#0#0#0#2,500,000
conte#398#2010-04-15#Honda#3#100#SH 125 I#I#si#125#Persona fisica#F#71#Napoli#80100#Napoli#3#SI#Impiegato#F#71#Napoli#80100.00#Napoli#veicolo già assicurato con atr#No#No#BM#14#0#0#0#0#0#0#0#0#2,500,000
conte#399#2010-04-15#Honda#3#100#SH 125 I#I#si#125#Persona fisica#F#72#Napoli#80100#Napoli#3#SI#Impiegato#F#72#Napoli#80100.00#Napoli#veicolo già assicurato con atr#No#No#BM#14#0#0#0#0#0#0#0#0#2,500,000
conte#400#2010-04-15#Honda#3#100#SH 125 I#I#si#125#Persona fisica#F#73#Napoli#80100#Napoli#3#SI#Impiegato#F#73#Napoli#80100.00#Napoli#veicolo già assicurato con atr#No#No#BM#14#0#0#0#0#0#0#0#0#2,500,000
conte#401#2010-04-15#Honda#3#100#SH 125 I#I#si#125#Persona fisica#F#74#Napoli#80100#Napoli#3#SI#Impiegato#F#74#Napoli#80100.00#Napoli#veicolo già assicurato con atr#No#No#BM#14#0#0#0#0#0#0#0#0#2,500,000
conte#402#2010-04-15#Honda#3#100#SH 125 I#I#si#125#Persona fisica#F#75#Napoli#80100#Napoli#3#SI#Impiegato#F#75#Napoli#80100.00#Napoli#veicolo già assicurato con atr#No#No#BM#14#0#0#0#0#0#0#0#0#2,500,000
conte#403#2010-04-15#Honda#3#100#SH 125 I#I#si#125#Persona fisica#F#76#Napoli#80100#Napoli#3#SI#Impiegato#F#76#Napoli#80100.00#Napoli#veicolo già assicurato con atr#No#No#BM#14#0#0#0#0#0#0#0#0#2,500,000
conte#404#2010-04-15#Honda#3#100#SH 125 I#I#si#125#Persona fisica#F#77#Napoli#80100#Napoli#3#SI#Impiegato#F#77#Napoli#80100.00#Napoli#veicolo già assicurato con atr#No#No#BM#14#0#0#0#0#0#0#0#0#2,500,000
conte#405#2010-04-15#Honda#3#100#SH 125 I#I#si#125#Persona fisica#F#78#Napoli#80100#Napoli#3#SI#Impiegato#F#78#Napoli#80100.00#Napoli#veicolo già assicurato con atr#No#No#BM#14#0#0#0#0#0#0#0#0#2,500,000
conte#406#2010-04-15#Honda#3#100#SH 125 I#I#si#125#Persona fisica#F#79#Napoli#80100#Napoli#3#SI#Impiegato#F#79#Napoli#80100.00#Napoli#veicolo già assicurato con atr#No#No#BM#14#0#0#0#0#0#0#0#0#2,500,000
conte#407#2010-04-15#Honda#3#100#SH 125 I#I#si#125#Persona fisica#F#80#Napoli#80100#Napoli#3#SI#Impiegato#F#80#Napoli#80100.00#Napoli#veicolo già assicurato con atr#No#No#BM#14#0#0#0#0#0#0#0#0#2,500,000
conte#408#2010-04-15#Honda#3#100#SH 125 I#I#si#125#Persona Giuridica###Napoli#80100#Napoli#3#SI#Impiegato#0#0#Napoli#80100.00#Napoli#veicolo già assicurato con atr#No#No#BM#14#0#0#0#0#0#0#0#0#2,500,000
conte#409#2010-04-15#Honda#0#100#SH 125 I#I#si#125#Persona fisica#M#40#Napoli#80100#Napoli#3#SI#Impiegato#M#40#Napoli#80100.00#Napoli#1a immatricolazione dopo l’acquisto del veicolo#Si#No#BM#1#0#0#0#0#0#0#0#0#2,500,000
conte#410#2010-04-15#Honda#0#100#SH 125 I#I#si#125#Persona fisica#M#40#Napoli#80100#Napoli#3#SI#Impiegato#M#40#Napoli#80100.00#Napoli#1a immatricolazione dopo l’acquisto del veicolo#Si#No#BM#2#0#0#0#0#0#0#0#0#2,500,000
conte#411#2010-04-15#Honda#0#100#SH 125 I#I#si#125#Persona fisica#M#40#Napoli#80100#Napoli#3#SI#Impiegato#M#40#Napoli#80100.00#Napoli#1a immatricolazione dopo l’acquisto del veicolo#Si#No#BM#3#0#0#0#0#0#0#0#0#2,500,000
conte#412#2010-04-15#Honda#0#100#SH 125 I#I#si#125#Persona fisica#M#40#Napoli#80100#Napoli#3#SI#Impiegato#M#40#Napoli#80100.00#Napoli#1a immatricolazione dopo l’acquisto del veicolo#Si#No#BM#4#0#0#0#0#0#0#0#0#2,500,000
conte#413#2010-04-15#Honda#0#100#SH 125 I#I#si#125#Persona fisica#M#40#Napoli#80100#Napoli#3#SI#Impiegato#M#40#Napoli#80100.00#Napoli#1a immatricolazione dopo l’acquisto del veicolo#Si#No#BM#5#0#0#0#0#0#0#0#0#2,500,000
conte#414#2010-04-15#Honda#0#100#SH 125 I#I#si#125#Persona fisica#M#40#Napoli#80100#Napoli#3#SI#Impiegato#M#40#Napoli#80100.00#Napoli#1a immatricolazione dopo l’acquisto del veicolo#Si#No#BM#6#0#0#0#0#0#0#0#0#2,500,000
conte#415#2010-04-15#Honda#0#100#SH 125 I#I#si#125#Persona fisica#M#40#Napoli#80100#Napoli#3#SI#Impiegato#M#40#Napoli#80100.00#Napoli#1a immatricolazione dopo l’acquisto del veicolo#Si#No#BM#7#0#0#0#0#0#0#0#0#2,500,000
conte#416#2010-04-15#Honda#0#100#SH 125 I#I#si#125#Persona fisica#M#40#Napoli#80100#Napoli#3#SI#Impiegato#M#40#Napoli#80100.00#Napoli#1a immatricolazione dopo l’acquisto del veicolo#Si#No#BM#8#0#0#0#0#0#0#0#0#2,500,000
conte#417#2010-04-15#Honda#0#100#SH 125 I#I#si#125#Persona fisica#M#40#Napoli#80100#Napoli#3#SI#Impiegato#M#40#Napoli#80100.00#Napoli#1a immatricolazione dopo l’acquisto del veicolo#Si#No#BM#9#0#0#0#0#0#0#0#0#2,500,000
conte#418#2010-04-15#Honda#0#100#SH 125 I#I#si#125#Persona fisica#M#40#Napoli#80100#Napoli#3#SI#Impiegato#M#40#Napoli#80100.00#Napoli#1a immatricolazione dopo l’acquisto del veicolo#Si#No#BM#10#0#0#0#0#0#0#0#0#2,500,000
conte#419#2010-04-15#Honda#0#100#SH 125 I#I#si#125#Persona fisica#M#40#Napoli#80100#Napoli#3#SI#Impiegato#M#40#Napoli#80100.00#Napoli#1a immatricolazione dopo l’acquisto del veicolo#Si#No#BM#11#0#0#0#0#0#0#0#0#2,500,000
conte#420#2010-04-15#Honda#0#100#SH 125 I#I#si#125#Persona fisica#M#40#Napoli#80100#Napoli#3#SI#Impiegato#M#40#Napoli#80100.00#Napoli#1a immatricolazione dopo l’acquisto del veicolo#Si#No#BM#12#0#0#0#0#0#0#0#0#2,500,000
conte#421#2010-04-15#Honda#0#100#SH 125 I#I#si#125#Persona fisica#M#40#Napoli#80100#Napoli#3#SI#Impiegato#M#40#Napoli#80100.00#Napoli#1a immatricolazione dopo l’acquisto del veicolo#Si#No#BM#14#0#0#0#0#0#0#0#0#2,500,000
conte#422#2010-04-15#Honda#0#100#SH 125 I#I#si#125#Persona fisica#M#40#Napoli#80100#Napoli#3#SI#Impiegato#M#40#Napoli#80100.00#Napoli#1a immatricolazione dopo l’acquisto del veicolo#Si#No#BM#15#0#0#0#0#0#0#0#0#2,500,000
conte#423#2010-04-15#Honda#0#100#SH 125 I#I#si#125#Persona fisica#M#40#Napoli#80100#Napoli#3#SI#Impiegato#M#40#Napoli#80100.00#Napoli#1a immatricolazione dopo l’acquisto del veicolo#Si#No#BM#16#0#0#0#0#0#0#0#0#2,500,000
conte#424#2010-04-15#Honda#0#100#SH 125 I#I#si#125#Persona fisica#M#40#Napoli#80100#Napoli#3#SI#Impiegato#M#40#Napoli#80100.00#Napoli#1a immatricolazione dopo l’acquisto del veicolo#Si#No#BM#17#0#0#0#0#0#0#0#0#2,500,000
conte#425#2010-04-15#Honda#0#100#SH 125 I#I#si#125#Persona fisica#M#40#Napoli#80100#Napoli#3#SI#Impiegato#M#40#Napoli#80100.00#Napoli#1a immatricolazione dopo l’acquisto del veicolo#Si#No#BM#18#0#0#0#0#0#0#0#0#2,500,000
