zurich_connect#1#2010-04-01#moto#5#100#moto#moto#si#100#persona fisica#m#34#BO#40100#BOLOGNA#5#NO#IMPIEGATO #m#34#BO#40100#BOLOGNA#veicolo già assicurato con atr#No#No#BM#13#0#0#0#0#0#0#0#0#3,000,000
zurich_connect#2#2010-04-01#moto#5#100#moto#moto#si#100#persona fisica#m#34#BO#40100#BOLOGNA#5#NO#IMPIEGATO #m#34#BO#40100#BOLOGNA#veicolo già assicurato con atr#No#No#BM#13#0#0#0#0#0#0#0#0#3,000,000
zurich_connect#3#2010-04-01#moto#5#100#moto#moto#si#100#persona fisica#m#34#BO#40100#BOLOGNA#5#NO#IMPIEGATO #m#34#BO#40100#BOLOGNA#veicolo già assicurato con atr#No#No#BM#13#0#0#0#0#0#0#0#0#4,000,000
zurich_connect#4#2010-04-01#moto#5#100#moto#moto#si#100#persona fisica#m#34#BO#40100#BOLOGNA#5#NO#IMPIEGATO #m#34#BO#40100#BOLOGNA#veicolo già assicurato con atr#No#No#BM#13#0#0#0#0#0#0#0#0#6,000,000
zurich_connect#5#2010-04-01#moto#5#100#moto#moto#si#100#persona fisica#m#34#BO#40100#BOLOGNA#5#NO#IMPIEGATO #m#34#BO#40100#BOLOGNA#veicolo già assicurato con atr#No#No#BM#13#0#0#0#0#0#0#0#0#20,000,000
zurich_connect#6#2010-04-01#moto#5#100#moto#moto#si#100#persona fisica#m#34#BR#72100#BRINDISI#5#NO#IMPIEGATO #m#34#BR#72100#BRINDISI#veicolo già assicurato con atr#No#No#BM#13#0#0#0#0#0#0#0#0#3,000,000
zurich_connect#7#2010-04-01#moto#5#100#moto#moto#si#100#persona fisica#m#34#BS#25100#BRESCIA#5#NO#IMPIEGATO #m#34#BS#25100#BRESCIA#veicolo già assicurato con atr#No#No#BM#13#0#0#0#0#0#0#0#0#3,000,000
zurich_connect#8#2010-04-01#moto#5#100#moto#moto#si#100#persona fisica#m#34#BZ#39100#BOLZANO#5#NO#IMPIEGATO #m#34#BZ#39100#BOLZANO#veicolo già assicurato con atr#No#No#BM#13#0#0#0#0#0#0#0#0#3,000,000
zurich_connect#9#2010-04-01#moto#5#100#moto#moto#si#100#persona fisica#m#34#CA#09100#CAGLIARI#5#NO#IMPIEGATO #m#34#CA#09100#CAGLIARI#veicolo già assicurato con atr#No#No#BM#13#0#0#0#0#0#0#0#0#3,000,000
zurich_connect#10#2010-04-01#moto#5#100#moto#moto#si#100#persona fisica#m#34#CB#86100#CAMPOBASSO#5#NO#IMPIEGATO #m#34#CB#86100#CAMPOBASSO#veicolo già assicurato con atr#No#No#BM#13#0#0#0#0#0#0#0#0#3,000,000
zurich_connect#11#2010-04-01#moto#5#100#moto#moto#si#100#persona fisica#m#34#CE#81100#CASERTA#5#NO#IMPIEGATO #m#34#CE#81100#CASERTA#veicolo già assicurato con atr#No#No#BM#13#0#0#0#0#0#0#0#0#3,000,000
zurich_connect#12#2010-04-01#moto#5#100#moto#moto#si#100#persona fisica#m#34#CH#66100#CHIETI#5#NO#IMPIEGATO #m#34#CH#66100#CHIETI#veicolo già assicurato con atr#No#No#BM#13#0#0#0#0#0#0#0#0#3,000,000
zurich_connect#13#2010-04-01#moto#5#100#moto#moto#si#100#persona fisica#m#34#CL#93100#CALTANISSETTA#5#NO#IMPIEGATO #m#34#CL#93100#CALTANISSETTA#veicolo già assicurato con atr#No#No#BM#13#0#0#0#0#0#0#0#0#3,000,000
zurich_connect#14#2010-04-01#moto#5#100#moto#moto#si#100#persona fisica#m#34#CN#12100#CUNEO#5#NO#IMPIEGATO #m#34#CN#12100#CUNEO#veicolo già assicurato con atr#No#No#BM#13#0#0#0#0#0#0#0#0#3,000,000
zurich_connect#15#2010-04-01#moto#5#100#moto#moto#si#100#persona fisica#m#34#CO#22100#COMO#5#NO#IMPIEGATO #m#34#CO#22100#COMO#veicolo già assicurato con atr#No#No#BM#13#0#0#0#0#0#0#0#0#3,000,000
zurich_connect#16#2010-04-01#moto#5#100#moto#moto#si#100#persona fisica#m#34#CR#26100#CREMONA#5#NO#IMPIEGATO #m#34#CR#26100#CREMONA#veicolo già assicurato con atr#No#No#BM#13#0#0#0#0#0#0#0#0#3,000,000
zurich_connect#17#2010-04-01#moto#5#100#moto#moto#si#100#persona fisica#m#34#CS#87100#COSENZA#5#NO#IMPIEGATO #m#34#CS#87100#COSENZA#veicolo già assicurato con atr#No#No#BM#13#0#0#0#0#0#0#0#0#3,000,000
zurich_connect#18#2010-04-01#moto#5#100#moto#moto#si#100#persona fisica#m#34#CT#95100#CATANIA#5#NO#IMPIEGATO #m#34#CT#95100#CATANIA#veicolo già assicurato con atr#No#No#BM#13#0#0#0#0#0#0#0#0#3,000,000
zurich_connect#19#2010-04-01#moto#5#100#moto#moto#si#100#persona fisica#m#34#CZ#88100#CATANZARO#5#NO#IMPIEGATO #m#34#CZ#88100#CATANZARO#veicolo già assicurato con atr#No#No#BM#13#0#0#0#0#0#0#0#0#3,000,000
zurich_connect#20#2010-04-01#moto#5#100#moto#moto#si#100#persona fisica#m#34#EN#94100#ENNA#5#NO#IMPIEGATO #m#34#EN#94100#ENNA#veicolo già assicurato con atr#No#No#BM#13#0#0#0#0#0#0#0#0#3,000,000
zurich_connect#21#2010-04-01#moto#5#100#moto#moto#si#100#persona fisica#m#34#FE#44100#FERRARA#5#NO#IMPIEGATO #m#34#FE#44100#FERRARA#veicolo già assicurato con atr#No#No#BM#13#0#0#0#0#0#0#0#0#3,000,000
zurich_connect#22#2010-04-01#moto#5#100#moto#moto#si#100#persona fisica#m#34#FG#71100#FOGGIA#5#NO#IMPIEGATO #m#34#FG#71100#FOGGIA#veicolo già assicurato con atr#No#No#BM#13#0#0#0#0#0#0#0#0#3,000,000
zurich_connect#23#2010-04-01#moto#5#100#moto#moto#si#100#persona fisica#m#34#FI#50100#FIRENZE#5#NO#IMPIEGATO #m#34#FI#50100#FIRENZE#veicolo già assicurato con atr#No#No#BM#13#0#0#0#0#0#0#0#0#3,000,000
zurich_connect#24#2010-04-01#moto#5#100#moto#moto#si#100#persona fisica#m#34#FC#47100#Forl#5#NO#IMPIEGATO #m#34#FC#47100#Forl#veicolo già assicurato con atr#No#No#BM#13#0#0#0#0#0#0#0#0#3,000,000
zurich_connect#25#2010-04-01#moto#5#100#moto#moto#si#100#persona fisica#m#34#FR#03100#FROSINONE#5#NO#IMPIEGATO #m#34#FR#03100#FROSINONE#veicolo già assicurato con atr#No#No#BM#13#0#0#0#0#0#0#0#0#3,000,000
zurich_connect#26#2010-04-01#moto#5#100#moto#moto#si#100#persona fisica#m#34#GE#16100#GENOVA#5#NO#IMPIEGATO #m#34#GE#16100#GENOVA#veicolo già assicurato con atr#No#No#BM#13#0#0#0#0#0#0#0#0#3,000,000
zurich_connect#27#2010-04-01#moto#5#100#moto#moto#si#100#persona fisica#m#34#GO#34170#GORIZIA#5#NO#IMPIEGATO #m#34#GO#34170#GORIZIA#veicolo già assicurato con atr#No#No#BM#13#0#0#0#0#0#0#0#0#3,000,000
zurich_connect#28#2010-04-01#moto#5#100#moto#moto#si#100#persona fisica#m#34#GR#58100#GROSSETO#5#NO#IMPIEGATO #m#34#GR#58100#GROSSETO#veicolo già assicurato con atr#No#No#BM#13#0#0#0#0#0#0#0#0#3,000,000
zurich_connect#29#2010-04-01#moto#5#100#moto#moto#si#100#persona fisica#m#34#IM#18100#IMPERIA#5#NO#IMPIEGATO #m#34#IM#18100#IMPERIA#veicolo già assicurato con atr#No#No#BM#13#0#0#0#0#0#0#0#0#3,000,000
zurich_connect#30#2010-04-01#moto#5#100#moto#moto#si#100#persona fisica#m#34#IS#86170#ISERNIA#5#NO#IMPIEGATO #m#34#IS#86170#ISERNIA#veicolo già assicurato con atr#No#No#BM#13#0#0#0#0#0#0#0#0#3,000,000
zurich_connect#31#2010-04-01#moto#5#100#moto#moto#si#100#persona fisica#m#34#KR#88900#CROTONE#5#NO#IMPIEGATO #m#34#KR#88900#CROTONE#veicolo già assicurato con atr#No#No#BM#13#0#0#0#0#0#0#0#0#3,000,000
zurich_connect#32#2010-04-01#moto#5#100#moto#moto#si#100#persona fisica#m#34#LC#23900#LECCO#5#NO#IMPIEGATO #m#34#LC#23900#LECCO#veicolo già assicurato con atr#No#No#BM#13#0#0#0#0#0#0#0#0#3,000,000
zurich_connect#33#2010-04-01#moto#5#100#moto#moto#si#100#persona fisica#m#34#LE#73100#LECCE#5#NO#IMPIEGATO #m#34#LE#73100#LECCE#veicolo già assicurato con atr#No#No#BM#13#0#0#0#0#0#0#0#0#3,000,000
zurich_connect#34#2010-04-01#moto#5#100#moto#moto#si#100#persona fisica#m#34#LI#57100#LIVORNO#5#NO#IMPIEGATO #m#34#LI#57100#LIVORNO#veicolo già assicurato con atr#No#No#BM#13#0#0#0#0#0#0#0#0#3,000,000
zurich_connect#35#2010-04-01#moto#5#100#moto#moto#si#100#persona fisica#m#34#LO#26900#LODI#5#NO#IMPIEGATO #m#34#LO#26900#LODI#veicolo già assicurato con atr#No#No#BM#13#0#0#0#0#0#0#0#0#3,000,000
zurich_connect#36#2010-04-01#moto#5#100#moto#moto#si#100#persona fisica#m#34#LT#04100#LATINA#5#NO#IMPIEGATO #m#34#LT#04100#LATINA#veicolo già assicurato con atr#No#No#BM#13#0#0#0#0#0#0#0#0#3,000,000
zurich_connect#37#2010-04-01#moto#5#100#moto#moto#si#100#persona fisica#m#34#LU#55100#LUCCA#5#NO#IMPIEGATO #m#34#LU#55100#LUCCA#veicolo già assicurato con atr#No#No#BM#13#0#0#0#0#0#0#0#0#3,000,000
zurich_connect#38#2010-04-01#moto#5#100#moto#moto#si#100#persona fisica#m#34#MC#62100#MACERATA#5#NO#IMPIEGATO #m#34#MC#62100#MACERATA#veicolo già assicurato con atr#No#No#BM#13#0#0#0#0#0#0#0#0#3,000,000
zurich_connect#39#2010-04-01#moto#5#100#moto#moto#si#100#persona fisica#m#34#ME#98100#MESSINA#5#NO#IMPIEGATO #m#34#ME#98100#MESSINA#veicolo già assicurato con atr#No#No#BM#13#0#0#0#0#0#0#0#0#3,000,000
zurich_connect#40#2010-04-01#moto#5#100#moto#moto#si#100#persona fisica#m#34#MI#20100#MILANO#5#NO#IMPIEGATO #m#34#MI#20100#MILANO#veicolo già assicurato con atr#No#No#BM#13#0#0#0#0#0#0#0#0#3,000,000
zurich_connect#41#2010-04-01#moto#5#100#moto#moto#si#100#persona fisica#m#34#AG#92100#AGRIGENTO#5#NO#IMPIEGATO #m#34#AG#92100#AGRIGENTO#veicolo già assicurato con atr#No#No#BM#13#0#0#0#0#0#0#0#0#3,000,000
zurich_connect#42#2010-04-01#moto#5#100#moto#moto#si#100#persona fisica#m#34#AL#15100#ALESSANDRIA#5#NO#IMPIEGATO #m#34#AL#15100#ALESSANDRIA#veicolo già assicurato con atr#No#No#BM#13#0#0#0#0#0#0#0#0#3,000,000
zurich_connect#43#2010-04-01#moto#5#100#moto#moto#si#100#persona fisica#m#34#AN#60100#ANCONA#5#NO#IMPIEGATO #m#34#AN#60100#ANCONA#veicolo già assicurato con atr#No#No#BM#13#0#0#0#0#0#0#0#0#3,000,000
zurich_connect#44#2010-04-01#moto#5#100#moto#moto#si#100#persona fisica#m#34#AO#11100#AOSTA#5#NO#IMPIEGATO #m#34#AO#11100#AOSTA#veicolo già assicurato con atr#No#No#BM#13#0#0#0#0#0#0#0#0#3,000,000
zurich_connect#45#2010-04-01#moto#5#100#moto#moto#si#100#persona fisica#m#34#AP#63100#ASCOLIPICENO#5#NO#IMPIEGATO #m#34#AP#63100#ASCOLIPICENO#veicolo già assicurato con atr#No#No#BM#13#0#0#0#0#0#0#0#0#3,000,000
zurich_connect#46#2010-04-01#moto#5#100#moto#moto#si#100#persona fisica#m#34#AQ#67100#L'AQUILA#5#NO#IMPIEGATO #m#34#AQ#67100#L'AQUILA#veicolo già assicurato con atr#No#No#BM#13#0#0#0#0#0#0#0#0#3,000,000
zurich_connect#47#2010-04-01#moto#5#100#moto#moto#si#100#persona fisica#m#34#AR#52100#AREZZO#5#NO#IMPIEGATO #m#34#AR#52100#AREZZO#veicolo già assicurato con atr#No#No#BM#13#0#0#0#0#0#0#0#0#3,000,000
zurich_connect#48#2010-04-01#moto#5#100#moto#moto#si#100#persona fisica#m#34#AT#14100#ASTI#5#NO#IMPIEGATO #m#34#AT#14100#ASTI#veicolo già assicurato con atr#No#No#BM#13#0#0#0#0#0#0#0#0#3,000,000
zurich_connect#49#2010-04-01#moto#5#100#moto#moto#si#100#persona fisica#m#34#AV#83100#AVELLINO#5#NO#IMPIEGATO #m#34#AV#83100#AVELLINO#veicolo già assicurato con atr#No#No#BM#13#0#0#0#0#0#0#0#0#3,000,000
zurich_connect#50#2010-04-01#moto#5#100#moto#moto#si#100#persona fisica#m#34#BA#70100#BARI#5#NO#IMPIEGATO #m#34#BA#70100#BARI#veicolo già assicurato con atr#No#No#BM#13#0#0#0#0#0#0#0#0#3,000,000
zurich_connect#51#2010-04-01#moto#5#100#moto#moto#si#100#persona fisica#m#34#BG#24100#BERGAMO#5#NO#IMPIEGATO #m#34#BG#24100#BERGAMO#veicolo già assicurato con atr#No#No#BM#13#0#0#0#0#0#0#0#0#3,000,000
zurich_connect#52#2010-04-01#moto#5#100#moto#moto#si#100#persona fisica#m#34#BI#13900#BIELLA#5#NO#IMPIEGATO #m#34#BI#13900#BIELLA#veicolo già assicurato con atr#No#No#BM#13#0#0#0#0#0#0#0#0#3,000,000
zurich_connect#53#2010-04-01#moto#5#100#moto#moto#si#100#persona fisica#m#34#BL#32100#BELLUNO#5#NO#IMPIEGATO #m#34#BL#32100#BELLUNO#veicolo già assicurato con atr#No#No#BM#13#0#0#0#0#0#0#0#0#3,000,000
zurich_connect#54#2010-04-01#moto#5#100#moto#moto#si#100#persona fisica#m#34#BN#82100#BENEVENTO#5#NO#IMPIEGATO #m#34#BN#82100#BENEVENTO#veicolo già assicurato con atr#No#No#BM#13#0#0#0#0#0#0#0#0#3,000,000
zurich_connect#55#2010-04-01#moto#5#100#moto#moto#si#100#persona fisica#m#34#BO#40100#BOLOGNA#5#NO#IMPIEGATO #m#34#BO#40100#BOLOGNA#veicolo già assicurato con atr#No#No#BM#13#0#0#0#0#0#0#0#0#3,000,000
zurich_connect#56#2010-04-01#moto#5#100#moto#moto#si#100#persona fisica#m#34#MN#46100#MANTOVA#5#NO#IMPIEGATO #m#34#MN#46100#MANTOVA#veicolo già assicurato con atr#No#No#BM#13#0#0#0#0#0#0#0#0#3,000,000
zurich_connect#57#2010-04-01#moto#5#100#moto#moto#si#100#persona fisica#m#34#MO#41100#MODENA#5#NO#IMPIEGATO #m#34#MO#41100#MODENA#veicolo già assicurato con atr#No#No#BM#13#0#0#0#0#0#0#0#0#3,000,000
zurich_connect#58#2010-04-01#moto#5#100#moto#moto#si#100#persona fisica#m#34#MS#54100#MASSACARRARA#5#NO#IMPIEGATO #m#34#MS#54100#MASSACARRARA#veicolo già assicurato con atr#No#No#BM#13#0#0#0#0#0#0#0#0#3,000,000
zurich_connect#59#2010-04-01#moto#5#100#moto#moto#si#100#persona fisica#m#34#MT#75100#MATERA#5#NO#IMPIEGATO #m#34#MT#75100#MATERA#veicolo già assicurato con atr#No#No#BM#13#0#0#0#0#0#0#0#0#3,000,000
zurich_connect#60#2010-04-01#moto#5#100#moto#moto#si#100#persona fisica#m#34#NA#80100#NAPOLI#5#NO#IMPIEGATO #m#34#NA#80100#NAPOLI#veicolo già assicurato con atr#No#No#BM#13#0#0#0#0#0#0#0#0#3,000,000
zurich_connect#61#2010-04-01#moto#5#100#moto#moto#si#100#persona fisica#m#34#NO#28100#NOVARA#5#NO#IMPIEGATO #m#34#NO#28100#NOVARA#veicolo già assicurato con atr#No#No#BM#13#0#0#0#0#0#0#0#0#3,000,000
zurich_connect#62#2010-04-01#moto#5#100#moto#moto#si#100#persona fisica#m#34#NU#08100#NUORO#5#NO#IMPIEGATO #m#34#NU#08100#NUORO#veicolo già assicurato con atr#No#No#BM#13#0#0#0#0#0#0#0#0#3,000,000
zurich_connect#63#2010-04-01#moto#5#100#moto#moto#si#100#persona fisica#m#34#OR#09170#ORISTANO#5#NO#IMPIEGATO #m#34#OR#09170#ORISTANO#veicolo già assicurato con atr#No#No#BM#13#0#0#0#0#0#0#0#0#3,000,000
zurich_connect#64#2010-04-01#moto#5#100#moto#moto#si#100#persona fisica#m#34#PA#90100#PALERMO#5#NO#IMPIEGATO #m#34#PA#90100#PALERMO#veicolo già assicurato con atr#No#No#BM#13#0#0#0#0#0#0#0#0#3,000,000
zurich_connect#65#2010-04-01#moto#5#100#moto#moto#si#100#persona fisica#m#34#PC#29100#PIACENZA#5#NO#IMPIEGATO #m#34#PC#29100#PIACENZA#veicolo già assicurato con atr#No#No#BM#13#0#0#0#0#0#0#0#0#3,000,000
zurich_connect#66#2010-04-01#moto#5#100#moto#moto#si#100#persona fisica#m#34#PD#35100#PADOVA#5#NO#IMPIEGATO #m#34#PD#35100#PADOVA#veicolo già assicurato con atr#No#No#BM#13#0#0#0#0#0#0#0#0#3,000,000
zurich_connect#67#2010-04-01#moto#5#100#moto#moto#si#100#persona fisica#m#34#PE#65100#PESCARA#5#NO#IMPIEGATO #m#34#PE#65100#PESCARA#veicolo già assicurato con atr#No#No#BM#13#0#0#0#0#0#0#0#0#3,000,000
zurich_connect#68#2010-04-01#moto#5#100#moto#moto#si#100#persona fisica#m#34#PG#06100#PERUGIA#5#NO#IMPIEGATO #m#34#PG#06100#PERUGIA#veicolo già assicurato con atr#No#No#BM#13#0#0#0#0#0#0#0#0#3,000,000
zurich_connect#69#2010-04-01#moto#5#100#moto#moto#si#100#persona fisica#m#34#PI#56100#PISA#5#NO#IMPIEGATO #m#34#PI#56100#PISA#veicolo già assicurato con atr#No#No#BM#13#0#0#0#0#0#0#0#0#3,000,000
zurich_connect#70#2010-04-01#moto#5#100#moto#moto#si#100#persona fisica#m#34#PN#33170#PORDENONE#5#NO#IMPIEGATO #m#34#PN#33170#PORDENONE#veicolo già assicurato con atr#No#No#BM#13#0#0#0#0#0#0#0#0#3,000,000
zurich_connect#71#2010-04-01#moto#5#100#moto#moto#si#100#persona fisica#m#34#PO#59100#PRATO#5#NO#IMPIEGATO #m#34#PO#59100#PRATO#veicolo già assicurato con atr#No#No#BM#13#0#0#0#0#0#0#0#0#3,000,000
zurich_connect#72#2010-04-01#moto#5#100#moto#moto#si#100#persona fisica#m#34#PR#43100#PARMA#5#NO#IMPIEGATO #m#34#PR#43100#PARMA#veicolo già assicurato con atr#No#No#BM#13#0#0#0#0#0#0#0#0#3,000,000
zurich_connect#73#2010-04-01#moto#5#100#moto#moto#si#100#persona fisica#m#34#PU#61100#PESARO#5#NO#IMPIEGATO #m#34#PU#61100#PESARO#veicolo già assicurato con atr#No#No#BM#13#0#0#0#0#0#0#0#0#3,000,000
zurich_connect#74#2010-04-01#moto#5#100#moto#moto#si#100#persona fisica#m#34#PT#51100#PISTOIA#5#NO#IMPIEGATO #m#34#PT#51100#PISTOIA#veicolo già assicurato con atr#No#No#BM#13#0#0#0#0#0#0#0#0#3,000,000
zurich_connect#75#2010-04-01#moto#5#100#moto#moto#si#100#persona fisica#m#34#PV#27100#PAVIA#5#NO#IMPIEGATO #m#34#PV#27100#PAVIA#veicolo già assicurato con atr#No#No#BM#13#0#0#0#0#0#0#0#0#3,000,000
zurich_connect#76#2010-04-01#moto#5#100#moto#moto#si#100#persona fisica#m#34#PZ#85100#POTENZA#5#NO#IMPIEGATO #m#34#PZ#85100#POTENZA#veicolo già assicurato con atr#No#No#BM#13#0#0#0#0#0#0#0#0#3,000,000
zurich_connect#77#2010-04-01#moto#5#100#moto#moto#si#100#persona fisica#m#34#RA#48100#RAVENNA#5#NO#IMPIEGATO #m#34#RA#48100#RAVENNA#veicolo già assicurato con atr#No#No#BM#13#0#0#0#0#0#0#0#0#3,000,000
zurich_connect#78#2010-04-01#moto#5#100#moto#moto#si#100#persona fisica#m#34#RC#89100#REGGIOCALABRIA#5#NO#IMPIEGATO #m#34#RC#89100#REGGIOCALABRIA#veicolo già assicurato con atr#No#No#BM#13#0#0#0#0#0#0#0#0#3,000,000
zurich_connect#79#2010-04-01#moto#5#100#moto#moto#si#100#persona fisica#m#34#RE#42100#REGGIOEMILIA#5#NO#IMPIEGATO #m#34#RE#42100#REGGIOEMILIA#veicolo già assicurato con atr#No#No#BM#13#0#0#0#0#0#0#0#0#3,000,000
zurich_connect#80#2010-04-01#moto#5#100#moto#moto#si#100#persona fisica#m#34#RG#97100#RAGUSA#5#NO#IMPIEGATO #m#34#RG#97100#RAGUSA#veicolo già assicurato con atr#No#No#BM#13#0#0#0#0#0#0#0#0#3,000,000
zurich_connect#81#2010-04-01#moto#5#100#moto#moto#si#100#persona fisica#m#34#RI#02100#RIETI#5#NO#IMPIEGATO #m#34#RI#02100#RIETI#veicolo già assicurato con atr#No#No#BM#13#0#0#0#0#0#0#0#0#3,000,000
zurich_connect#82#2010-04-01#moto#5#100#moto#moto#si#100#persona fisica#m#34#RM#00136#ROMA#5#NO#IMPIEGATO #m#34#RM#00136#ROMA#veicolo già assicurato con atr#No#No#BM#13#0#0#0#0#0#0#0#0#3,000,000
zurich_connect#83#2010-04-01#moto#5#100#moto#moto#si#100#persona fisica#m#34#RN#47900#RIMINI#5#NO#IMPIEGATO #m#34#RN#47900#RIMINI#veicolo già assicurato con atr#No#No#BM#13#0#0#0#0#0#0#0#0#3,000,000
zurich_connect#84#2010-04-01#moto#5#100#moto#moto#si#100#persona fisica#m#34#RO#45100#ROVIGO#5#NO#IMPIEGATO #m#34#RO#45100#ROVIGO#veicolo già assicurato con atr#No#No#BM#13#0#0#0#0#0#0#0#0#3,000,000
zurich_connect#85#2010-04-01#moto#5#100#moto#moto#si#100#persona fisica#m#34#SA#84100#SALERNO#5#NO#IMPIEGATO #m#34#SA#84100#SALERNO#veicolo già assicurato con atr#No#No#BM#13#0#0#0#0#0#0#0#0#3,000,000
zurich_connect#86#2010-04-01#moto#5#100#moto#moto#si#100#persona fisica#m#34#SI#53100#SIENA#5#NO#IMPIEGATO #m#34#SI#53100#SIENA#veicolo già assicurato con atr#No#No#BM#13#0#0#0#0#0#0#0#0#3,000,000
zurich_connect#87#2010-04-01#moto#5#100#moto#moto#si#100#persona fisica#m#34#SO#23100#SONDRIO#5#NO#IMPIEGATO #m#34#SO#23100#SONDRIO#veicolo già assicurato con atr#No#No#BM#13#0#0#0#0#0#0#0#0#3,000,000
zurich_connect#88#2010-04-01#moto#5#100#moto#moto#si#100#persona fisica#m#34#SP#19100#LASPEZIA#5#NO#IMPIEGATO #m#34#SP#19100#LASPEZIA#veicolo già assicurato con atr#No#No#BM#13#0#0#0#0#0#0#0#0#3,000,000
zurich_connect#89#2010-04-01#moto#5#100#moto#moto#si#100#persona fisica#m#34#SR#96100#SIRACUSA#5#NO#IMPIEGATO #m#34#SR#96100#SIRACUSA#veicolo già assicurato con atr#No#No#BM#13#0#0#0#0#0#0#0#0#3,000,000
zurich_connect#90#2010-04-01#moto#5#100#moto#moto#si#100#persona fisica#m#34#SS#07100#SASSARI#5#NO#IMPIEGATO #m#34#SS#07100#SASSARI#veicolo già assicurato con atr#No#No#BM#13#0#0#0#0#0#0#0#0#3,000,000
zurich_connect#91#2010-04-01#moto#5#100#moto#moto#si#100#persona fisica#m#34#SV#17100#SAVONA#5#NO#IMPIEGATO #m#34#SV#17100#SAVONA#veicolo già assicurato con atr#No#No#BM#13#0#0#0#0#0#0#0#0#3,000,000
zurich_connect#92#2010-04-01#moto#5#100#moto#moto#si#100#persona fisica#m#34#TA#74100#TARANTO#5#NO#IMPIEGATO #m#34#TA#74100#TARANTO#veicolo già assicurato con atr#No#No#BM#13#0#0#0#0#0#0#0#0#3,000,000
zurich_connect#93#2010-04-01#moto#5#100#moto#moto#si#100#persona fisica#m#34#TE#64100#TERAMO#5#NO#IMPIEGATO #m#34#TE#64100#TERAMO#veicolo già assicurato con atr#No#No#BM#13#0#0#0#0#0#0#0#0#3,000,000
zurich_connect#94#2010-04-01#moto#5#100#moto#moto#si#100#persona fisica#m#34#TN#38100#TRENTO#5#NO#IMPIEGATO #m#34#TN#38100#TRENTO#veicolo già assicurato con atr#No#No#BM#13#0#0#0#0#0#0#0#0#3,000,000
zurich_connect#95#2010-04-01#moto#5#100#moto#moto#si#100#persona fisica#m#34#TO#10100#TORINO#5#NO#IMPIEGATO #m#34#TO#10100#TORINO#veicolo già assicurato con atr#No#No#BM#13#0#0#0#0#0#0#0#0#3,000,000
zurich_connect#96#2010-04-01#moto#5#100#moto#moto#si#100#persona fisica#m#34#TP#91100#TRAPANI#5#NO#IMPIEGATO #m#34#TP#91100#TRAPANI#veicolo già assicurato con atr#No#No#BM#13#0#0#0#0#0#0#0#0#3,000,000
zurich_connect#97#2010-04-01#moto#5#100#moto#moto#si#100#persona fisica#m#34#TR#05100#TERNI#5#NO#IMPIEGATO #m#34#TR#05100#TERNI#veicolo già assicurato con atr#No#No#BM#13#0#0#0#0#0#0#0#0#3,000,000
zurich_connect#98#2010-04-01#moto#5#100#moto#moto#si#100#persona fisica#m#34#TS#34100#TRIESTE#5#NO#IMPIEGATO #m#34#TS#34100#TRIESTE#veicolo già assicurato con atr#No#No#BM#13#0#0#0#0#0#0#0#0#3,000,000
zurich_connect#99#2010-04-01#moto#5#100#moto#moto#si#100#persona fisica#m#34#TV#31100#TREVISO#5#NO#IMPIEGATO #m#34#TV#31100#TREVISO#veicolo già assicurato con atr#No#No#BM#13#0#0#0#0#0#0#0#0#3,000,000
zurich_connect#100#2010-04-01#moto#5#100#moto#moto#si#100#persona fisica#m#34#UD#33100#UDINE#5#NO#IMPIEGATO #m#34#UD#33100#UDINE#veicolo già assicurato con atr#No#No#BM#13#0#0#0#0#0#0#0#0#3,000,000
zurich_connect#101#2010-04-01#moto#5#100#moto#moto#si#100#persona fisica#m#34#VA#21100#VARESE#5#NO#IMPIEGATO #m#34#VA#21100#VARESE#veicolo già assicurato con atr#No#No#BM#13#0#0#0#0#0#0#0#0#3,000,000
zurich_connect#102#2010-04-01#moto#5#100#moto#moto#si#100#persona fisica#m#34#VB#28900#VERBANIA#5#NO#IMPIEGATO #m#34#VB#28900#VERBANIA#veicolo già assicurato con atr#No#No#BM#13#0#0#0#0#0#0#0#0#3,000,000
zurich_connect#103#2010-04-01#moto#5#100#moto#moto#si#100#persona fisica#m#34#VC#13100#VERCELLI#5#NO#IMPIEGATO #m#34#VC#13100#VERCELLI#veicolo già assicurato con atr#No#No#BM#13#0#0#0#0#0#0#0#0#3,000,000
zurich_connect#104#2010-04-01#moto#5#100#moto#moto#si#100#persona fisica#m#34#VE#30100#VENEZIA#5#NO#IMPIEGATO #m#34#VE#30100#VENEZIA#veicolo già assicurato con atr#No#No#BM#13#0#0#0#0#0#0#0#0#3,000,000
zurich_connect#105#2010-04-01#moto#5#100#moto#moto#si#100#persona fisica#m#34#VI#36100#VICENZA#5#NO#IMPIEGATO #m#34#VI#36100#VICENZA#veicolo già assicurato con atr#No#No#BM#13#0#0#0#0#0#0#0#0#3,000,000
zurich_connect#106#2010-04-01#moto#5#100#moto#moto#si#100#persona fisica#m#34#VR#37100#VERONA#5#NO#IMPIEGATO #m#34#VR#37100#VERONA#veicolo già assicurato con atr#No#No#BM#13#0#0#0#0#0#0#0#0#3,000,000
zurich_connect#107#2010-04-01#moto#5#100#moto#moto#si#100#persona fisica#m#34#VT#01100#VITERBO#5#NO#IMPIEGATO #m#34#VT#01100#VITERBO#veicolo già assicurato con atr#No#No#BM#13#0#0#0#0#0#0#0#0#3,000,000
zurich_connect#108#2010-04-01#moto#5#100#moto#moto#si#100#persona fisica#m#34#VV#89900#VIBOVALENTIA#5#NO#IMPIEGATO #m#34#VV#89900#VIBOVALENTIA#veicolo già assicurato con atr#No#No#BM#13#0#0#0#0#0#0#0#0#3,000,000
zurich_connect#109#2010-04-01#moto#5#100#moto#moto#si#100#persona fisica#m#34#AG#92010#ALESSANDRIA DELLA ROCCA#5#NO#IMPIEGATO #m#34#AG#92010#ALESSANDRIA DELLA ROCCA#veicolo già assicurato con atr#No#No#BM#13#0#0#0#0#0#0#0#0#3,000,000
zurich_connect#110#2010-04-01#moto#5#100#moto#moto#si#100#persona fisica#m#34#AL#15010#ALICE BEL COLLE#5#NO#IMPIEGATO #m#34#AL#15010#ALICE BEL COLLE#veicolo già assicurato con atr#No#No#BM#13#0#0#0#0#0#0#0#0#3,000,000
zurich_connect#111#2010-04-01#moto#5#100#moto#moto#si#100#persona fisica#m#34#AN#60010#BARBARA#5#NO#IMPIEGATO #m#34#AN#60010#BARBARA#veicolo già assicurato con atr#No#No#BM#13#0#0#0#0#0#0#0#0#3,000,000
zurich_connect#112#2010-04-01#moto#5#100#moto#moto#si#100#persona fisica#m#34#AO#11010#ALLEIN#5#NO#IMPIEGATO #m#34#AO#11010#ALLEIN#veicolo già assicurato con atr#No#No#BM#13#0#0#0#0#0#0#0#0#3,000,000
zurich_connect#113#2010-04-01#moto#5#100#moto#moto#si#100#persona fisica#m#34#AP#63043#ARQUATA DEL TRONTO#5#NO#IMPIEGATO #m#34#AP#63043#ARQUATA DEL TRONTO#veicolo già assicurato con atr#No#No#BM#13#0#0#0#0#0#0#0#0#3,000,000
zurich_connect#114#2010-04-01#moto#5#100#moto#moto#si#100#persona fisica#m#34#AQ#67013#CAMPOTOSTO#5#NO#IMPIEGATO #m#34#AQ#67013#CAMPOTOSTO#veicolo già assicurato con atr#No#No#BM#13#0#0#0#0#0#0#0#0#3,000,000
zurich_connect#115#2010-04-01#moto#5#100#moto#moto#si#100#persona fisica#m#34#AR#52044#CORTONA#5#NO#IMPIEGATO #m#34#AR#52044#CORTONA#veicolo già assicurato con atr#No#No#BM#13#0#0#0#0#0#0#0#0#3,000,000
zurich_connect#116#2010-04-01#moto#5#100#moto#moto#si#100#persona fisica#m#34#AT#14041#AGLIANO#5#NO#IMPIEGATO #m#34#AT#14041#AGLIANO#veicolo già assicurato con atr#No#No#BM#13#0#0#0#0#0#0#0#0#3,000,000
zurich_connect#117#2010-04-01#moto#5#100#moto#moto#si#100#persona fisica#m#34#AV#83010#CAPRIGLIA IRPINA#5#NO#IMPIEGATO #m#34#AV#83010#CAPRIGLIA IRPINA#veicolo già assicurato con atr#No#No#BM#13#0#0#0#0#0#0#0#0#3,000,000
zurich_connect#118#2010-04-01#moto#5#100#moto#moto#si#100#persona fisica#m#34#BA#70010#VALENZANO#5#NO#IMPIEGATO #m#34#BA#70010#VALENZANO#veicolo già assicurato con atr#No#No#BM#13#0#0#0#0#0#0#0#0#3,000,000
zurich_connect#119#2010-04-01#moto#5#100#moto#moto#si#100#persona fisica#m#34#BG#24010#ALGUA#5#NO#IMPIEGATO #m#34#BG#24010#ALGUA#veicolo già assicurato con atr#No#No#BM#13#0#0#0#0#0#0#0#0#3,000,000
zurich_connect#120#2010-04-01#moto#5#100#moto#moto#si#100#persona fisica#m#34#BI#13882#CERRIONE#5#NO#IMPIEGATO #m#34#BI#13882#CERRIONE#veicolo già assicurato con atr#No#No#BM#13#0#0#0#0#0#0#0#0#3,000,000
zurich_connect#121#2010-04-01#moto#5#100#moto#moto#si#100#persona fisica#m#34#BL#32031#ALANO DI PIAVE#5#NO#IMPIEGATO #m#34#BL#32031#ALANO DI PIAVE#veicolo già assicurato con atr#No#No#BM#13#0#0#0#0#0#0#0#0#3,000,000
zurich_connect#122#2010-04-01#moto#5#100#moto#moto#si#100#persona fisica#m#34#BN#82010#ARPAISE#5#NO#IMPIEGATO #m#34#BN#82010#ARPAISE#veicolo già assicurato con atr#No#No#BM#13#0#0#0#0#0#0#0#0#3,000,000
zurich_connect#123#2010-04-01#moto#5#100#moto#moto#si#100#persona fisica#m#34#BO#40010#BENTIVOGLIO#5#NO#IMPIEGATO #m#34#BO#40010#BENTIVOGLIO#veicolo già assicurato con atr#No#No#BM#13#0#0#0#0#0#0#0#0#3,000,000
zurich_connect#124#2010-04-01#moto#5#100#moto#moto#si#100#persona fisica#m#34#BR#72012#CAROVIGNO#5#NO#IMPIEGATO #m#34#BR#72012#CAROVIGNO#veicolo già assicurato con atr#No#No#BM#13#0#0#0#0#0#0#0#0#3,000,000
zurich_connect#125#2010-04-01#moto#5#100#moto#moto#si#100#persona fisica#m#34#BS#25010#ACQUAFREDDA#5#NO#IMPIEGATO #m#34#BS#25010#ACQUAFREDDA#veicolo già assicurato con atr#No#No#BM#13#0#0#0#0#0#0#0#0#3,000,000
zurich_connect#126#2010-04-01#moto#5#100#moto#moto#si#100#persona fisica#m#34#BZ#39043#CHIUSA#5#NO#IMPIEGATO #m#34#BZ#39043#CHIUSA#veicolo già assicurato con atr#No#No#BM#13#0#0#0#0#0#0#0#0#3,000,000
zurich_connect#127#2010-04-01#moto#5#100#moto#moto#si#100#persona fisica#m#34#CA#09019#TEULADA#5#NO#IMPIEGATO #m#34#CA#09019#TEULADA#veicolo già assicurato con atr#No#No#BM#13#0#0#0#0#0#0#0#0#3,000,000
zurich_connect#128#2010-04-01#moto#5#100#moto#moto#si#100#persona fisica#m#34#CB#86010#BUSSO#5#NO#IMPIEGATO #m#34#CB#86010#BUSSO#veicolo già assicurato con atr#No#No#BM#13#0#0#0#0#0#0#0#0#3,000,000
zurich_connect#129#2010-04-01#moto#5#100#moto#moto#si#100#persona fisica#m#34#CE#81010#AILANO#5#NO#IMPIEGATO #m#34#CE#81010#AILANO#veicolo già assicurato con atr#No#No#BM#13#0#0#0#0#0#0#0#0#3,000,000
zurich_connect#130#2010-04-01#moto#5#100#moto#moto#si#100#persona fisica#m#34#CH#66010#ARI#5#NO#IMPIEGATO #m#34#CH#66010#ARI#veicolo già assicurato con atr#No#No#BM#13#0#0#0#0#0#0#0#0#3,000,000
zurich_connect#131#2010-04-01#moto#5#100#moto#moto#si#100#persona fisica#m#34#CL#93010#ACQUAVIVA PLATANI#5#NO#IMPIEGATO #m#34#CL#93010#ACQUAVIVA PLATANI#veicolo già assicurato con atr#No#No#BM#13#0#0#0#0#0#0#0#0#3,000,000
zurich_connect#132#2010-04-01#moto#5#100#moto#moto#si#100#persona fisica#m#34#CN#12010#AISONE#5#NO#IMPIEGATO #m#34#CN#12010#AISONE#veicolo già assicurato con atr#No#No#BM#13#0#0#0#0#0#0#0#0#3,000,000
zurich_connect#133#2010-04-01#moto#5#100#moto#moto#si#100#persona fisica#m#34#CO#22016#LENNO#5#NO#IMPIEGATO #m#34#CO#22016#LENNO#veicolo già assicurato con atr#No#No#BM#13#0#0#0#0#0#0#0#0#3,000,000
zurich_connect#134#2010-04-01#moto#5#100#moto#moto#si#100#persona fisica#m#34#CR#26010#AZZANELLO#5#NO#IMPIEGATO #m#34#CR#26010#AZZANELLO#veicolo già assicurato con atr#No#No#BM#13#0#0#0#0#0#0#0#0#3,000,000
zurich_connect#135#2010-04-01#moto#5#100#moto#moto#si#100#persona fisica#m#34#CS#87010#ACQUAFORMOSA#5#NO#IMPIEGATO #m#34#CS#87010#ACQUAFORMOSA#veicolo già assicurato con atr#No#No#BM#13#0#0#0#0#0#0#0#0#3,000,000
zurich_connect#136#2010-04-01#moto#5#100#moto#moto#si#100#persona fisica#m#34#CT#95024#ACIREALE#5#NO#IMPIEGATO #m#34#CT#95024#ACIREALE#veicolo già assicurato con atr#No#No#BM#13#0#0#0#0#0#0#0#0#3,000,000
zurich_connect#137#2010-04-01#moto#5#100#moto#moto#si#100#persona fisica#m#34#CZ#88040#CICALA#5#NO#IMPIEGATO #m#34#CZ#88040#CICALA#veicolo già assicurato con atr#No#No#BM#13#0#0#0#0#0#0#0#0#3,000,000
zurich_connect#138#2010-04-01#moto#5#100#moto#moto#si#100#persona fisica#m#34#EN#94010#AIDONE#5#NO#IMPIEGATO #m#34#EN#94010#AIDONE#veicolo già assicurato con atr#No#No#BM#13#0#0#0#0#0#0#0#0#3,000,000
zurich_connect#139#2010-04-01#moto#5#100#moto#moto#si#100#persona fisica#m#34#FE#44011#ARGENTA#5#NO#IMPIEGATO #m#34#FE#44011#ARGENTA#veicolo già assicurato con atr#No#No#BM#13#0#0#0#0#0#0#0#0#3,000,000
zurich_connect#140#2010-04-01#moto#5#100#moto#moto#si#100#persona fisica#m#34#FG#71021#ACCADIA#5#NO#IMPIEGATO #m#34#FG#71021#ACCADIA#veicolo già assicurato con atr#No#No#BM#13#0#0#0#0#0#0#0#0#3,000,000
zurich_connect#141#2010-04-01#moto#5#100#moto#moto#si#100#persona fisica#m#34#FI#50058#SIGNA#5#NO#IMPIEGATO #m#34#FI#50058#SIGNA#veicolo già assicurato con atr#No#No#BM#13#0#0#0#0#0#0#0#0#3,000,000
zurich_connect#142#2010-04-01#moto#5#100#moto#moto#si#100#persona fisica#m#34#FO#47042#CESENATICO#5#NO#IMPIEGATO #m#34#FO#47042#CESENATICO#veicolo già assicurato con atr#No#No#BM#13#0#0#0#0#0#0#0#0#3,000,000
zurich_connect#143#2010-04-01#moto#5#100#moto#moto#si#100#persona fisica#m#34#FR#03010#ACUTO#5#NO#IMPIEGATO #m#34#FR#03010#ACUTO#veicolo già assicurato con atr#No#No#BM#13#0#0#0#0#0#0#0#0#3,000,000
zurich_connect#144#2010-04-01#moto#5#100#moto#moto#si#100#persona fisica#m#34#GE#16010#CROCEFIESCHI#5#NO#IMPIEGATO #m#34#GE#16010#CROCEFIESCHI#veicolo già assicurato con atr#No#No#BM#13#0#0#0#0#0#0#0#0#3,000,000
zurich_connect#145#2010-04-01#moto#5#100#moto#moto#si#100#persona fisica#m#34#GO#34070#CAPRIVA DEL FRIULI#5#NO#IMPIEGATO #m#34#GO#34070#CAPRIVA DEL FRIULI#veicolo già assicurato con atr#No#No#BM#13#0#0#0#0#0#0#0#0#3,000,000
zurich_connect#146#2010-04-01#moto#5#100#moto#moto#si#100#persona fisica#m#34#GR#58031#ARCIDOSSO#5#NO#IMPIEGATO #m#34#GR#58031#ARCIDOSSO#veicolo già assicurato con atr#No#No#BM#13#0#0#0#0#0#0#0#0#3,000,000
zurich_connect#147#2010-04-01#moto#5#100#moto#moto#si#100#persona fisica#m#34#IM#18030#AIROLE#5#NO#IMPIEGATO #m#34#IM#18030#AIROLE#veicolo già assicurato con atr#No#No#BM#13#0#0#0#0#0#0#0#0#3,000,000
zurich_connect#148#2010-04-01#moto#5#100#moto#moto#si#100#persona fisica#m#34#IS#86081#AGNONE#5#NO#IMPIEGATO #m#34#IS#86081#AGNONE#veicolo già assicurato con atr#No#No#BM#13#0#0#0#0#0#0#0#0#3,000,000
zurich_connect#149#2010-04-01#moto#5#100#moto#moto#si#100#persona fisica#m#34#KR#88842#CUTRO#5#NO#IMPIEGATO #m#34#KR#88842#CUTRO#veicolo già assicurato con atr#No#No#BM#13#0#0#0#0#0#0#0#0#3,000,000
zurich_connect#150#2010-04-01#moto#5#100#moto#moto#si#100#persona fisica#m#34#LC#23841#ANNONE DI BRIANZA#5#NO#IMPIEGATO #m#34#LC#23841#ANNONE DI BRIANZA#veicolo già assicurato con atr#No#No#BM#13#0#0#0#0#0#0#0#0#3,000,000
zurich_connect#151#2010-04-01#moto#5#100#moto#moto#si#100#persona fisica#m#34#LE#73010#ARNESANO#5#NO#IMPIEGATO #m#34#LE#73010#ARNESANO#veicolo già assicurato con atr#No#No#BM#13#0#0#0#0#0#0#0#0#3,000,000
zurich_connect#152#2010-04-01#moto#5#100#moto#moto#si#100#persona fisica#m#34#LI#57020#BIBBONA#5#NO#IMPIEGATO #m#34#LI#57020#BIBBONA#veicolo già assicurato con atr#No#No#BM#13#0#0#0#0#0#0#0#0#3,000,000
zurich_connect#153#2010-04-01#moto#5#100#moto#moto#si#100#persona fisica#m#34#LO#26821#BERTONICO#5#NO#IMPIEGATO #m#34#LO#26821#BERTONICO#veicolo già assicurato con atr#No#No#BM#13#0#0#0#0#0#0#0#0#3,000,000
zurich_connect#154#2010-04-01#moto#5#100#moto#moto#si#100#persona fisica#m#34#LT#04011#APRILIA#5#NO#IMPIEGATO #m#34#LT#04011#APRILIA#veicolo già assicurato con atr#No#No#BM#13#0#0#0#0#0#0#0#0#3,000,000
zurich_connect#155#2010-04-01#moto#5#100#moto#moto#si#100#persona fisica#m#34#LU#55011#ALTOPASCIO#5#NO#IMPIEGATO #m#34#LU#55011#ALTOPASCIO#veicolo già assicurato con atr#No#No#BM#13#0#0#0#0#0#0#0#0#3,000,000
zurich_connect#156#2010-04-01#moto#5#100#moto#moto#si#100#persona fisica#m#34#MC#62024#MATELICA#5#NO#IMPIEGATO #m#34#MC#62024#MATELICA#veicolo già assicurato con atr#No#No#BM#13#0#0#0#0#0#0#0#0#3,000,000
zurich_connect#157#2010-04-01#moto#5#100#moto#moto#si#100#persona fisica#m#34#ME#98072#CARONIA#5#NO#IMPIEGATO #m#34#ME#98072#CARONIA#veicolo già assicurato con atr#No#No#BM#13#0#0#0#0#0#0#0#0#3,000,000
zurich_connect#158#2010-04-01#moto#5#100#moto#moto#si#100#persona fisica#m#34#MI#20010#ARLUNO#5#NO#IMPIEGATO #m#34#MI#20010#ARLUNO#veicolo già assicurato con atr#No#No#BM#13#0#0#0#0#0#0#0#0#3,000,000
zurich_connect#159#2010-04-01#moto#5#100#moto#moto#si#100#persona fisica#m#34#MN#46011#ACQUANEGRA SUL CHIESE#5#NO#IMPIEGATO #m#34#MN#46011#ACQUANEGRA SUL CHIESE#veicolo già assicurato con atr#No#No#BM#13#0#0#0#0#0#0#0#0#3,000,000
zurich_connect#160#2010-04-01#moto#5#100#moto#moto#si#100#persona fisica#m#34#MO#41030#BASTIGLIA#5#NO#IMPIEGATO #m#34#MO#41030#BASTIGLIA#veicolo già assicurato con atr#No#No#BM#13#0#0#0#0#0#0#0#0#3,000,000
zurich_connect#161#2010-04-01#moto#5#100#moto#moto#si#100#persona fisica#m#34#MS#54021#BAGNONE#5#NO#IMPIEGATO #m#34#MS#54021#BAGNONE#veicolo già assicurato con atr#No#No#BM#13#0#0#0#0#0#0#0#0#3,000,000
zurich_connect#162#2010-04-01#moto#5#100#moto#moto#si#100#persona fisica#m#34#MT#75011#ACCETTURA#5#NO#IMPIEGATO #m#34#MT#75011#ACCETTURA#veicolo già assicurato con atr#No#No#BM#13#0#0#0#0#0#0#0#0#3,000,000
zurich_connect#163#2010-04-01#moto#5#100#moto#moto#si#100#persona fisica#m#34#NA#80075#FORIO#5#NO#IMPIEGATO #m#34#NA#80075#FORIO#veicolo già assicurato con atr#No#No#BM#13#0#0#0#0#0#0#0#0#3,000,000
zurich_connect#164#2010-04-01#moto#5#100#moto#moto#si#100#persona fisica#m#34#NO#28010#AGRATE CONTURBIA#5#NO#IMPIEGATO #m#34#NO#28010#AGRATE CONTURBIA#veicolo già assicurato con atr#No#No#BM#13#0#0#0#0#0#0#0#0#3,000,000
zurich_connect#165#2010-04-01#moto#5#100#moto#moto#si#100#persona fisica#m#34#NU#08010#BIRORI#5#NO#IMPIEGATO #m#34#NU#08010#BIRORI#veicolo già assicurato con atr#No#No#BM#13#0#0#0#0#0#0#0#0#3,000,000
zurich_connect#166#2010-04-01#moto#5#100#moto#moto#si#100#persona fisica#m#34#OR#09070#AIDOMAGGIORE#5#NO#IMPIEGATO #m#34#OR#09070#AIDOMAGGIORE#veicolo già assicurato con atr#No#No#BM#13#0#0#0#0#0#0#0#0#3,000,000
zurich_connect#167#2010-04-01#moto#5#100#moto#moto#si#100#persona fisica#m#34#PA#90010#ALTAVILLA MILICIA#5#NO#IMPIEGATO #m#34#PA#90010#ALTAVILLA MILICIA#veicolo già assicurato con atr#No#No#BM#13#0#0#0#0#0#0#0#0#3,000,000
zurich_connect#168#2010-04-01#moto#5#100#moto#moto#si#100#persona fisica#m#34#PC#29010#AGAZZANO#5#NO#IMPIEGATO #m#34#PC#29010#AGAZZANO#veicolo già assicurato con atr#No#No#BM#13#0#0#0#0#0#0#0#0#3,000,000
zurich_connect#169#2010-04-01#moto#5#100#moto#moto#si#100#persona fisica#m#34#PD#35040#BARBONA#5#NO#IMPIEGATO #m#34#PD#35040#BARBONA#veicolo già assicurato con atr#No#No#BM#13#0#0#0#0#0#0#0#0#3,000,000
zurich_connect#170#2010-04-01#moto#5#100#moto#moto#si#100#persona fisica#m#34#PE#65010#BRITTOLI#5#NO#IMPIEGATO #m#34#PE#65010#BRITTOLI#veicolo già assicurato con atr#No#No#BM#13#0#0#0#0#0#0#0#0#3,000,000
zurich_connect#171#2010-04-01#moto#5#100#moto#moto#si#100#persona fisica#m#34#PG#06010#CITERNA#5#NO#IMPIEGATO #m#34#PG#06010#CITERNA#veicolo già assicurato con atr#No#No#BM#13#0#0#0#0#0#0#0#0#3,000,000
zurich_connect#172#2010-04-01#moto#5#100#moto#moto#si#100#persona fisica#m#34#PI#56032#BUTI#5#NO#IMPIEGATO #m#34#PI#56032#BUTI#veicolo già assicurato con atr#No#No#BM#13#0#0#0#0#0#0#0#0#3,000,000
zurich_connect#173#2010-04-01#moto#5#100#moto#moto#si#100#persona fisica#m#34#PN#33070#BRUGNERA#5#NO#IMPIEGATO #m#34#PN#33070#BRUGNERA#veicolo già assicurato con atr#No#No#BM#13#0#0#0#0#0#0#0#0#3,000,000
zurich_connect#174#2010-04-01#moto#5#100#moto#moto#si#100#persona fisica#m#34#PO#59013#MONTEMURLO#5#NO#IMPIEGATO #m#34#PO#59013#MONTEMURLO#veicolo già assicurato con atr#No#No#BM#13#0#0#0#0#0#0#0#0#3,000,000
zurich_connect#175#2010-04-01#moto#5#100#moto#moto#si#100#persona fisica#m#34#PR#43051#ALBARETO#5#NO#IMPIEGATO #m#34#PR#43051#ALBARETO#veicolo già assicurato con atr#No#No#BM#13#0#0#0#0#0#0#0#0#3,000,000
zurich_connect#176#2010-04-01#moto#5#100#moto#moto#si#100#persona fisica#m#34#PS#61032#FANO#5#NO#IMPIEGATO #m#34#PS#61032#FANO#veicolo già assicurato con atr#No#No#BM#13#0#0#0#0#0#0#0#0#3,000,000
zurich_connect#177#2010-04-01#moto#5#100#moto#moto#si#100#persona fisica#m#34#PT#51021#ABETONE#5#NO#IMPIEGATO #m#34#PT#51021#ABETONE#veicolo già assicurato con atr#No#No#BM#13#0#0#0#0#0#0#0#0#3,000,000
zurich_connect#178#2010-04-01#moto#5#100#moto#moto#si#100#persona fisica#m#34#PV#27010#ALBUZZANO#5#NO#IMPIEGATO #m#34#PV#27010#ALBUZZANO#veicolo già assicurato con atr#No#No#BM#13#0#0#0#0#0#0#0#0#3,000,000
zurich_connect#179#2010-04-01#moto#5#100#moto#moto#si#100#persona fisica#m#34#PZ#85010#ABRIOLA#5#NO#IMPIEGATO #m#34#PZ#85010#ABRIOLA#veicolo già assicurato con atr#No#No#BM#13#0#0#0#0#0#0#0#0#3,000,000
zurich_connect#180#2010-04-01#moto#5#100#moto#moto#si#100#persona fisica#m#34#RA#48010#BAGNARA DI ROMAGNA#5#NO#IMPIEGATO #m#34#RA#48010#BAGNARA DI ROMAGNA#veicolo già assicurato con atr#No#No#BM#13#0#0#0#0#0#0#0#0#3,000,000
zurich_connect#181#2010-04-01#moto#5#100#moto#moto#si#100#persona fisica#m#34#RC#89030#AFRICO#5#NO#IMPIEGATO #m#34#RC#89030#AFRICO#veicolo già assicurato con atr#No#No#BM#13#0#0#0#0#0#0#0#0#3,000,000
zurich_connect#182#2010-04-01#moto#5#100#moto#moto#si#100#persona fisica#m#34#RE#42020#ALBINEA#5#NO#IMPIEGATO #m#34#RE#42020#ALBINEA#veicolo già assicurato con atr#No#No#BM#13#0#0#0#0#0#0#0#0#3,000,000
zurich_connect#183#2010-04-01#moto#5#100#moto#moto#si#100#persona fisica#m#34#RG#97011#ACATE#5#NO#IMPIEGATO #m#34#RG#97011#ACATE#veicolo già assicurato con atr#No#No#BM#13#0#0#0#0#0#0#0#0#3,000,000
zurich_connect#184#2010-04-01#moto#5#100#moto#moto#si#100#persona fisica#m#34#RI#02010#BORBONA#5#NO#IMPIEGATO #m#34#RI#02010#BORBONA#veicolo già assicurato con atr#No#No#BM#13#0#0#0#0#0#0#0#0#3,000,000
zurich_connect#185#2010-04-01#moto#5#100#moto#moto#si#100#persona fisica#m#34#RM#00010#CASAPE#5#NO#IMPIEGATO #m#34#RM#00010#CASAPE#veicolo già assicurato con atr#No#No#BM#13#0#0#0#0#0#0#0#0#3,000,000
zurich_connect#186#2010-04-01#moto#5#100#moto#moto#si#100#persona fisica#m#34#RN#47841#CATTOLICA#5#NO#IMPIEGATO #m#34#RN#47841#CATTOLICA#veicolo già assicurato con atr#No#No#BM#13#0#0#0#0#0#0#0#0#3,000,000
zurich_connect#187#2010-04-01#moto#5#100#moto#moto#si#100#persona fisica#m#34#RO#45011#ADRIA#5#NO#IMPIEGATO #m#34#RO#45011#ADRIA#veicolo già assicurato con atr#No#No#BM#13#0#0#0#0#0#0#0#0#3,000,000
zurich_connect#188#2010-04-01#moto#5#100#moto#moto#si#100#persona fisica#m#34#SA#84010#ATRANI#5#NO#IMPIEGATO #m#34#SA#84010#ATRANI#veicolo già assicurato con atr#No#No#BM#13#0#0#0#0#0#0#0#0#3,000,000
zurich_connect#189#2010-04-01#moto#5#100#moto#moto#si#100#persona fisica#m#34#SI#53021#ABBADIA SAN SALVATORE#5#NO#IMPIEGATO #m#34#SI#53021#ABBADIA SAN SALVATORE#veicolo già assicurato con atr#No#No#BM#13#0#0#0#0#0#0#0#0#3,000,000
zurich_connect#190#2010-04-01#moto#5#100#moto#moto#si#100#persona fisica#m#34#SO#23010#ALBAREDO PER SAN MARCO#5#NO#IMPIEGATO #m#34#SO#23010#ALBAREDO PER SAN MARCO#veicolo già assicurato con atr#No#No#BM#13#0#0#0#0#0#0#0#0#3,000,000
zurich_connect#191#2010-04-01#moto#5#100#moto#moto#si#100#persona fisica#m#34#SP#19031#AMEGLIA#5#NO#IMPIEGATO #m#34#SP#19031#AMEGLIA#veicolo già assicurato con atr#No#No#BM#13#0#0#0#0#0#0#0#0#3,000,000
zurich_connect#192#2010-04-01#moto#5#100#moto#moto#si#100#persona fisica#m#34#SR#96011#AUGUSTA#5#NO#IMPIEGATO #m#34#SR#96011#AUGUSTA#veicolo già assicurato con atr#No#No#BM#13#0#0#0#0#0#0#0#0#3,000,000
zurich_connect#193#2010-04-01#moto#5#100#moto#moto#si#100#persona fisica#m#34#SS#07010#ANELA#5#NO#IMPIEGATO #m#34#SS#07010#ANELA#veicolo già assicurato con atr#No#No#BM#13#0#0#0#0#0#0#0#0#3,000,000
zurich_connect#194#2010-04-01#moto#5#100#moto#moto#si#100#persona fisica#m#34#SV#17021#ALASSIO#5#NO#IMPIEGATO #m#34#SV#17021#ALASSIO#veicolo già assicurato con atr#No#No#BM#13#0#0#0#0#0#0#0#0#3,000,000
zurich_connect#195#2010-04-01#moto#5#100#moto#moto#si#100#persona fisica#m#34#TA#74020#AVETRANA#5#NO#IMPIEGATO #m#34#TA#74020#AVETRANA#veicolo già assicurato con atr#No#No#BM#13#0#0#0#0#0#0#0#0#3,000,000
zurich_connect#196#2010-04-01#moto#5#100#moto#moto#si#100#persona fisica#m#34#TE#64010#ANCARANO#5#NO#IMPIEGATO #m#34#TE#64010#ANCARANO#veicolo già assicurato con atr#No#No#BM#13#0#0#0#0#0#0#0#0#3,000,000
zurich_connect#197#2010-04-01#moto#5#100#moto#moto#si#100#persona fisica#m#34#TN#38010#ANDALO#5#NO#IMPIEGATO #m#34#TN#38010#ANDALO#veicolo già assicurato con atr#No#No#BM#13#0#0#0#0#0#0#0#0#3,000,000
zurich_connect#198#2010-04-01#moto#5#100#moto#moto#si#100#persona fisica#m#34#TO#10090#TRANA#5#NO#IMPIEGATO #m#34#TO#10090#TRANA#veicolo già assicurato con atr#No#No#BM#13#0#0#0#0#0#0#0#0#3,000,000
zurich_connect#199#2010-04-01#moto#5#100#moto#moto#si#100#persona fisica#m#34#TP#91011#ALCAMO#5#NO#IMPIEGATO #m#34#TP#91011#ALCAMO#veicolo già assicurato con atr#No#No#BM#13#0#0#0#0#0#0#0#0#3,000,000
zurich_connect#200#2010-04-01#moto#5#100#moto#moto#si#100#persona fisica#m#34#TR#05021#ACQUASPARTA#5#NO#IMPIEGATO #m#34#TR#05021#ACQUASPARTA#veicolo già assicurato con atr#No#No#BM#13#0#0#0#0#0#0#0#0#3,000,000
zurich_connect#201#2010-04-01#moto#5#100#moto#moto#si#100#persona fisica#m#34#TS#34013#DUINO AURISINA#5#NO#IMPIEGATO #m#34#TS#34013#DUINO AURISINA#veicolo già assicurato con atr#No#No#BM#13#0#0#0#0#0#0#0#0#3,000,000
zurich_connect#202#2010-04-01#moto#5#100#moto#moto#si#100#persona fisica#m#34#TV#31036#ISTRANA#5#NO#IMPIEGATO #m#34#TV#31036#ISTRANA#veicolo già assicurato con atr#No#No#BM#13#0#0#0#0#0#0#0#0#3,000,000
zurich_connect#203#2010-04-01#moto#5#100#moto#moto#si#100#persona fisica#m#34#UD#33053#LATISANA#5#NO#IMPIEGATO #m#34#UD#33053#LATISANA#veicolo già assicurato con atr#No#No#BM#13#0#0#0#0#0#0#0#0#3,000,000
zurich_connect#204#2010-04-01#moto#5#100#moto#moto#si#100#persona fisica#m#34#VA#21038#LEGGIUNO#5#NO#IMPIEGATO #m#34#VA#21038#LEGGIUNO#veicolo già assicurato con atr#No#No#BM#13#0#0#0#0#0#0#0#0#3,000,000
zurich_connect#205#2010-04-01#moto#5#100#moto#moto#si#100#persona fisica#m#34#VB#28895#MASSIOLA#5#NO#IMPIEGATO #m#34#VB#28895#MASSIOLA#veicolo già assicurato con atr#No#No#BM#13#0#0#0#0#0#0#0#0#3,000,000
zurich_connect#206#2010-04-01#moto#5#100#moto#moto#si#100#persona fisica#m#34#VC#13010#CARESANA#5#NO#IMPIEGATO #m#34#VC#13010#CARESANA#veicolo già assicurato con atr#No#No#BM#13#0#0#0#0#0#0#0#0#3,000,000
zurich_connect#207#2010-04-01#moto#5#100#moto#moto#si#100#persona fisica#m#34#VE#30175#MESTRE#5#NO#IMPIEGATO #m#34#VE#30175#MESTRE#veicolo già assicurato con atr#No#No#BM#13#0#0#0#0#0#0#0#0#3,000,000
zurich_connect#208#2010-04-01#moto#5#100#moto#moto#si#100#persona fisica#m#34#VI#36020#AGUGLIARO#5#NO#IMPIEGATO #m#34#VI#36020#AGUGLIARO#veicolo già assicurato con atr#No#No#BM#13#0#0#0#0#0#0#0#0#3,000,000
zurich_connect#209#2010-04-01#moto#5#100#moto#moto#si#100#persona fisica#m#34#VR#37010#AFFI#5#NO#IMPIEGATO #m#34#VR#37010#AFFI#veicolo già assicurato con atr#No#No#BM#13#0#0#0#0#0#0#0#0#3,000,000
zurich_connect#210#2010-04-01#moto#5#100#moto#moto#si#100#persona fisica#m#34#VT#01010#ARLENA DI CASTRO#5#NO#IMPIEGATO #m#34#VT#01010#ARLENA DI CASTRO#veicolo già assicurato con atr#No#No#BM#13#0#0#0#0#0#0#0#0#3,000,000
zurich_connect#211#2010-04-01#moto#5#100#moto#moto#si#100#persona fisica#m#34#VV#89832#ACQUARO#5#NO#IMPIEGATO #m#34#VV#89832#ACQUARO#veicolo già assicurato con atr#No#No#BM#13#0#0#0#0#0#0#0#0#3,000,000
zurich_connect#212#2010-04-01#moto#5#100#moto#moto#si#100#persona fisica#m#18#BO#40100#BOLOGNA#5#NO#IMPIEGATO #m#18#BO#40100#BOLOGNA#veicolo già assicurato con atr#No#No#BM#13#0#0#0#0#0#0#0#0#3,000,000
zurich_connect#213#2010-04-01#moto#5#100#moto#moto#si#100#persona fisica#m#19#BO#40100#BOLOGNA#5#NO#IMPIEGATO #m#19#BO#40100#BOLOGNA#veicolo già assicurato con atr#No#No#BM#13#0#0#0#0#0#0#0#0#3,000,000
zurich_connect#214#2010-04-01#moto#5#100#moto#moto#si#100#persona fisica#m#20#BO#40100#BOLOGNA#5#NO#IMPIEGATO #m#20#BO#40100#BOLOGNA#veicolo già assicurato con atr#No#No#BM#13#0#0#0#0#0#0#0#0#3,000,000
zurich_connect#215#2010-04-01#moto#5#100#moto#moto#si#100#persona fisica#m#21#BO#40100#BOLOGNA#5#NO#IMPIEGATO #m#21#BO#40100#BOLOGNA#veicolo già assicurato con atr#No#No#BM#13#0#0#0#0#0#0#0#0#3,000,000
zurich_connect#216#2010-04-01#moto#5#100#moto#moto#si#100#persona fisica#m#22#BO#40100#BOLOGNA#5#NO#IMPIEGATO #m#22#BO#40100#BOLOGNA#veicolo già assicurato con atr#No#No#BM#13#0#0#0#0#0#0#0#0#3,000,000
zurich_connect#217#2010-04-01#moto#5#100#moto#moto#si#100#persona fisica#m#23#BO#40100#BOLOGNA#5#NO#IMPIEGATO #m#23#BO#40100#BOLOGNA#veicolo già assicurato con atr#No#No#BM#13#0#0#0#0#0#0#0#0#3,000,000
zurich_connect#218#2010-04-01#moto#5#100#moto#moto#si#100#persona fisica#m#24#BO#40100#BOLOGNA#5#NO#IMPIEGATO #m#24#BO#40100#BOLOGNA#veicolo già assicurato con atr#No#No#BM#13#0#0#0#0#0#0#0#0#3,000,000
zurich_connect#219#2010-04-01#moto#5#100#moto#moto#si#100#persona fisica#m#25#BO#40100#BOLOGNA#5#NO#IMPIEGATO #m#25#BO#40100#BOLOGNA#veicolo già assicurato con atr#No#No#BM#13#0#0#0#0#0#0#0#0#3,000,000
zurich_connect#220#2010-04-01#moto#5#100#moto#moto#si#100#persona fisica#m#26#BO#40100#BOLOGNA#5#NO#IMPIEGATO #m#26#BO#40100#BOLOGNA#veicolo già assicurato con atr#No#No#BM#13#0#0#0#0#0#0#0#0#3,000,000
zurich_connect#221#2010-04-01#moto#5#100#moto#moto#si#100#persona fisica#m#27#BO#40100#BOLOGNA#5#NO#IMPIEGATO #m#27#BO#40100#BOLOGNA#veicolo già assicurato con atr#No#No#BM#13#0#0#0#0#0#0#0#0#3,000,000
zurich_connect#222#2010-04-01#moto#5#100#moto#moto#si#100#persona fisica#m#28#BO#40100#BOLOGNA#5#NO#IMPIEGATO #m#28#BO#40100#BOLOGNA#veicolo già assicurato con atr#No#No#BM#13#0#0#0#0#0#0#0#0#3,000,000
zurich_connect#223#2010-04-01#moto#5#100#moto#moto#si#100#persona fisica#m#29#BO#40100#BOLOGNA#5#NO#IMPIEGATO #m#29#BO#40100#BOLOGNA#veicolo già assicurato con atr#No#No#BM#13#0#0#0#0#0#0#0#0#3,000,000
zurich_connect#224#2010-04-01#moto#5#100#moto#moto#si#100#persona fisica#m#30#BO#40100#BOLOGNA#5#NO#IMPIEGATO #m#30#BO#40100#BOLOGNA#veicolo già assicurato con atr#No#No#BM#13#0#0#0#0#0#0#0#0#3,000,000
zurich_connect#225#2010-04-01#moto#5#100#moto#moto#si#100#persona fisica#m#31#BO#40100#BOLOGNA#5#NO#IMPIEGATO #m#31#BO#40100#BOLOGNA#veicolo già assicurato con atr#No#No#BM#13#0#0#0#0#0#0#0#0#3,000,000
zurich_connect#226#2010-04-01#moto#5#100#moto#moto#si#100#persona fisica#m#32#BO#40100#BOLOGNA#5#NO#IMPIEGATO #m#32#BO#40100#BOLOGNA#veicolo già assicurato con atr#No#No#BM#13#0#0#0#0#0#0#0#0#3,000,000
zurich_connect#227#2010-04-01#moto#5#100#moto#moto#si#100#persona fisica#m#33#BO#40100#BOLOGNA#5#NO#IMPIEGATO #m#33#BO#40100#BOLOGNA#veicolo già assicurato con atr#No#No#BM#13#0#0#0#0#0#0#0#0#3,000,000
zurich_connect#228#2010-04-01#moto#5#100#moto#moto#si#100#persona fisica#m#34#BO#40100#BOLOGNA#5#NO#IMPIEGATO #m#34#BO#40100#BOLOGNA#veicolo già assicurato con atr#No#No#BM#13#0#0#0#0#0#0#0#0#3,000,000
zurich_connect#229#2010-04-01#moto#5#100#moto#moto#si#100#persona fisica#m#35#BO#40100#BOLOGNA#5#NO#IMPIEGATO #m#35#BO#40100#BOLOGNA#veicolo già assicurato con atr#No#No#BM#13#0#0#0#0#0#0#0#0#3,000,000
zurich_connect#230#2010-04-01#moto#5#100#moto#moto#si#100#persona fisica#m#36#BO#40100#BOLOGNA#5#NO#IMPIEGATO #m#36#BO#40100#BOLOGNA#veicolo già assicurato con atr#No#No#BM#13#0#0#0#0#0#0#0#0#3,000,000
zurich_connect#231#2010-04-01#moto#5#100#moto#moto#si#100#persona fisica#m#37#BO#40100#BOLOGNA#5#NO#IMPIEGATO #m#37#BO#40100#BOLOGNA#veicolo già assicurato con atr#No#No#BM#13#0#0#0#0#0#0#0#0#3,000,000
zurich_connect#232#2010-04-01#moto#5#100#moto#moto#si#100#persona fisica#m#38#BO#40100#BOLOGNA#5#NO#IMPIEGATO #m#38#BO#40100#BOLOGNA#veicolo già assicurato con atr#No#No#BM#13#0#0#0#0#0#0#0#0#3,000,000
zurich_connect#233#2010-04-01#moto#5#100#moto#moto#si#100#persona fisica#m#39#BO#40100#BOLOGNA#5#NO#IMPIEGATO #m#39#BO#40100#BOLOGNA#veicolo già assicurato con atr#No#No#BM#13#0#0#0#0#0#0#0#0#3,000,000
zurich_connect#234#2010-04-01#moto#5#100#moto#moto#si#100#persona fisica#m#40#BO#40100#BOLOGNA#5#NO#IMPIEGATO #m#40#BO#40100#BOLOGNA#veicolo già assicurato con atr#No#No#BM#13#0#0#0#0#0#0#0#0#3,000,000
zurich_connect#235#2010-04-01#moto#5#100#moto#moto#si#100#persona fisica#m#41#BO#40100#BOLOGNA#5#NO#IMPIEGATO #m#41#BO#40100#BOLOGNA#veicolo già assicurato con atr#No#No#BM#13#0#0#0#0#0#0#0#0#3,000,000
zurich_connect#236#2010-04-01#moto#5#100#moto#moto#si#100#persona fisica#m#42#BO#40100#BOLOGNA#5#NO#IMPIEGATO #m#42#BO#40100#BOLOGNA#veicolo già assicurato con atr#No#No#BM#13#0#0#0#0#0#0#0#0#3,000,000
zurich_connect#237#2010-04-01#moto#5#100#moto#moto#si#100#persona fisica#m#43#BO#40100#BOLOGNA#5#NO#IMPIEGATO #m#43#BO#40100#BOLOGNA#veicolo già assicurato con atr#No#No#BM#13#0#0#0#0#0#0#0#0#3,000,000
zurich_connect#238#2010-04-01#moto#5#100#moto#moto#si#100#persona fisica#m#44#BO#40100#BOLOGNA#5#NO#IMPIEGATO #m#44#BO#40100#BOLOGNA#veicolo già assicurato con atr#No#No#BM#13#0#0#0#0#0#0#0#0#3,000,000
zurich_connect#239#2010-04-01#moto#5#100#moto#moto#si#100#persona fisica#m#45#BO#40100#BOLOGNA#5#NO#IMPIEGATO #m#45#BO#40100#BOLOGNA#veicolo già assicurato con atr#No#No#BM#13#0#0#0#0#0#0#0#0#3,000,000
zurich_connect#240#2010-04-01#moto#5#100#moto#moto#si#100#persona fisica#m#46#BO#40100#BOLOGNA#5#NO#IMPIEGATO #m#46#BO#40100#BOLOGNA#veicolo già assicurato con atr#No#No#BM#13#0#0#0#0#0#0#0#0#3,000,000
zurich_connect#241#2010-04-01#moto#5#100#moto#moto#si#100#persona fisica#m#47#BO#40100#BOLOGNA#5#NO#IMPIEGATO #m#47#BO#40100#BOLOGNA#veicolo già assicurato con atr#No#No#BM#13#0#0#0#0#0#0#0#0#3,000,000
zurich_connect#242#2010-04-01#moto#5#100#moto#moto#si#100#persona fisica#m#48#BO#40100#BOLOGNA#5#NO#IMPIEGATO #m#48#BO#40100#BOLOGNA#veicolo già assicurato con atr#No#No#BM#13#0#0#0#0#0#0#0#0#3,000,000
zurich_connect#243#2010-04-01#moto#5#100#moto#moto#si#100#persona fisica#m#49#BO#40100#BOLOGNA#5#NO#IMPIEGATO #m#49#BO#40100#BOLOGNA#veicolo già assicurato con atr#No#No#BM#13#0#0#0#0#0#0#0#0#3,000,000
zurich_connect#244#2010-04-01#moto#5#100#moto#moto#si#100#persona fisica#m#50#BO#40100#BOLOGNA#5#NO#IMPIEGATO #m#50#BO#40100#BOLOGNA#veicolo già assicurato con atr#No#No#BM#13#0#0#0#0#0#0#0#0#3,000,000
zurich_connect#245#2010-04-01#moto#5#100#moto#moto#si#100#persona fisica#m#51#BO#40100#BOLOGNA#5#NO#IMPIEGATO #m#51#BO#40100#BOLOGNA#veicolo già assicurato con atr#No#No#BM#13#0#0#0#0#0#0#0#0#3,000,000
zurich_connect#246#2010-04-01#moto#5#100#moto#moto#si#100#persona fisica#m#52#BO#40100#BOLOGNA#5#NO#IMPIEGATO #m#52#BO#40100#BOLOGNA#veicolo già assicurato con atr#No#No#BM#13#0#0#0#0#0#0#0#0#3,000,000
zurich_connect#247#2010-04-01#moto#5#100#moto#moto#si#100#persona fisica#m#53#BO#40100#BOLOGNA#5#NO#IMPIEGATO #m#53#BO#40100#BOLOGNA#veicolo già assicurato con atr#No#No#BM#13#0#0#0#0#0#0#0#0#3,000,000
zurich_connect#248#2010-04-01#moto#5#100#moto#moto#si#100#persona fisica#m#54#BO#40100#BOLOGNA#5#NO#IMPIEGATO #m#54#BO#40100#BOLOGNA#veicolo già assicurato con atr#No#No#BM#13#0#0#0#0#0#0#0#0#3,000,000
zurich_connect#249#2010-04-01#moto#5#100#moto#moto#si#100#persona fisica#m#55#BO#40100#BOLOGNA#5#NO#IMPIEGATO #m#55#BO#40100#BOLOGNA#veicolo già assicurato con atr#No#No#BM#13#0#0#0#0#0#0#0#0#3,000,000
zurich_connect#250#2010-04-01#moto#5#100#moto#moto#si#100#persona fisica#m#56#BO#40100#BOLOGNA#5#NO#IMPIEGATO #m#56#BO#40100#BOLOGNA#veicolo già assicurato con atr#No#No#BM#13#0#0#0#0#0#0#0#0#3,000,000
zurich_connect#251#2010-04-01#moto#5#100#moto#moto#si#100#persona fisica#m#57#BO#40100#BOLOGNA#5#NO#IMPIEGATO #m#57#BO#40100#BOLOGNA#veicolo già assicurato con atr#No#No#BM#13#0#0#0#0#0#0#0#0#3,000,000
zurich_connect#252#2010-04-01#moto#5#100#moto#moto#si#100#persona fisica#m#58#BO#40100#BOLOGNA#5#NO#IMPIEGATO #m#58#BO#40100#BOLOGNA#veicolo già assicurato con atr#No#No#BM#13#0#0#0#0#0#0#0#0#3,000,000
zurich_connect#253#2010-04-01#moto#5#100#moto#moto#si#100#persona fisica#m#59#BO#40100#BOLOGNA#5#NO#IMPIEGATO #m#59#BO#40100#BOLOGNA#veicolo già assicurato con atr#No#No#BM#13#0#0#0#0#0#0#0#0#3,000,000
zurich_connect#254#2010-04-01#moto#5#100#moto#moto#si#100#persona fisica#m#60#BO#40100#BOLOGNA#5#NO#IMPIEGATO #m#60#BO#40100#BOLOGNA#veicolo già assicurato con atr#No#No#BM#13#0#0#0#0#0#0#0#0#3,000,000
zurich_connect#255#2010-04-01#moto#5#100#moto#moto#si#100#persona fisica#m#61#BO#40100#BOLOGNA#5#NO#IMPIEGATO #m#61#BO#40100#BOLOGNA#veicolo già assicurato con atr#No#No#BM#13#0#0#0#0#0#0#0#0#3,000,000
zurich_connect#256#2010-04-01#moto#5#100#moto#moto#si#100#persona fisica#m#62#BO#40100#BOLOGNA#5#NO#IMPIEGATO #m#62#BO#40100#BOLOGNA#veicolo già assicurato con atr#No#No#BM#13#0#0#0#0#0#0#0#0#3,000,000
zurich_connect#257#2010-04-01#moto#5#100#moto#moto#si#100#persona fisica#m#63#BO#40100#BOLOGNA#5#NO#IMPIEGATO #m#63#BO#40100#BOLOGNA#veicolo già assicurato con atr#No#No#BM#13#0#0#0#0#0#0#0#0#3,000,000
zurich_connect#258#2010-04-01#moto#5#100#moto#moto#si#100#persona fisica#m#64#BO#40100#BOLOGNA#5#NO#IMPIEGATO #m#64#BO#40100#BOLOGNA#veicolo già assicurato con atr#No#No#BM#13#0#0#0#0#0#0#0#0#3,000,000
zurich_connect#259#2010-04-01#moto#5#100#moto#moto#si#100#persona fisica#m#65#BO#40100#BOLOGNA#5#NO#IMPIEGATO #m#65#BO#40100#BOLOGNA#veicolo già assicurato con atr#No#No#BM#13#0#0#0#0#0#0#0#0#3,000,000
zurich_connect#260#2010-04-01#moto#5#100#moto#moto#si#100#persona fisica#m#66#BO#40100#BOLOGNA#5#NO#IMPIEGATO #m#66#BO#40100#BOLOGNA#veicolo già assicurato con atr#No#No#BM#13#0#0#0#0#0#0#0#0#3,000,000
zurich_connect#261#2010-04-01#moto#5#100#moto#moto#si#100#persona fisica#m#67#BO#40100#BOLOGNA#5#NO#IMPIEGATO #m#67#BO#40100#BOLOGNA#veicolo già assicurato con atr#No#No#BM#13#0#0#0#0#0#0#0#0#3,000,000
zurich_connect#262#2010-04-01#moto#5#100#moto#moto#si#100#persona fisica#m#68#BO#40100#BOLOGNA#5#NO#IMPIEGATO #m#68#BO#40100#BOLOGNA#veicolo già assicurato con atr#No#No#BM#13#0#0#0#0#0#0#0#0#3,000,000
zurich_connect#263#2010-04-01#moto#5#100#moto#moto#si#100#persona fisica#m#69#BO#40100#BOLOGNA#5#NO#IMPIEGATO #m#69#BO#40100#BOLOGNA#veicolo già assicurato con atr#No#No#BM#13#0#0#0#0#0#0#0#0#3,000,000
zurich_connect#264#2010-04-01#moto#5#100#moto#moto#si#100#persona fisica#m#70#BO#40100#BOLOGNA#5#NO#IMPIEGATO #m#70#BO#40100#BOLOGNA#veicolo già assicurato con atr#No#No#BM#13#0#0#0#0#0#0#0#0#3,000,000
zurich_connect#265#2010-04-01#moto#5#100#moto#moto#si#100#persona fisica#m#71#BO#40100#BOLOGNA#5#NO#IMPIEGATO #m#71#BO#40100#BOLOGNA#veicolo già assicurato con atr#No#No#BM#13#0#0#0#0#0#0#0#0#3,000,000
zurich_connect#266#2010-04-01#moto#5#100#moto#moto#si#100#persona fisica#m#72#BO#40100#BOLOGNA#5#NO#IMPIEGATO #m#72#BO#40100#BOLOGNA#veicolo già assicurato con atr#No#No#BM#13#0#0#0#0#0#0#0#0#3,000,000
zurich_connect#267#2010-04-01#moto#5#100#moto#moto#si#100#persona fisica#m#73#BO#40100#BOLOGNA#5#NO#IMPIEGATO #m#73#BO#40100#BOLOGNA#veicolo già assicurato con atr#No#No#BM#13#0#0#0#0#0#0#0#0#3,000,000
zurich_connect#268#2010-04-01#moto#5#100#moto#moto#si#100#persona fisica#m#74#BO#40100#BOLOGNA#5#NO#IMPIEGATO #m#74#BO#40100#BOLOGNA#veicolo già assicurato con atr#No#No#BM#13#0#0#0#0#0#0#0#0#3,000,000
zurich_connect#269#2010-04-01#moto#5#100#moto#moto#si#100#persona fisica#m#75#BO#40100#BOLOGNA#5#NO#IMPIEGATO #m#75#BO#40100#BOLOGNA#veicolo già assicurato con atr#No#No#BM#13#0#0#0#0#0#0#0#0#3,000,000
zurich_connect#270#2010-04-01#moto#5#100#moto#moto#si#100#persona fisica#m#76#BO#40100#BOLOGNA#5#NO#IMPIEGATO #m#76#BO#40100#BOLOGNA#veicolo già assicurato con atr#No#No#BM#13#0#0#0#0#0#0#0#0#3,000,000
zurich_connect#271#2010-04-01#moto#5#100#moto#moto#si#100#persona fisica#m#77#BO#40100#BOLOGNA#5#NO#IMPIEGATO #m#77#BO#40100#BOLOGNA#veicolo già assicurato con atr#No#No#BM#13#0#0#0#0#0#0#0#0#3,000,000
zurich_connect#272#2010-04-01#moto#5#100#moto#moto#si#100#persona fisica#m#78#BO#40100#BOLOGNA#5#NO#IMPIEGATO #m#78#BO#40100#BOLOGNA#veicolo già assicurato con atr#No#No#BM#13#0#0#0#0#0#0#0#0#3,000,000
zurich_connect#273#2010-04-01#moto#5#100#moto#moto#si#100#persona fisica#m#79#BO#40100#BOLOGNA#5#NO#IMPIEGATO #m#79#BO#40100#BOLOGNA#veicolo già assicurato con atr#No#No#BM#13#0#0#0#0#0#0#0#0#3,000,000
zurich_connect#274#2010-04-01#moto#5#100#moto#moto#si#100#persona fisica#m#80#BO#40100#BOLOGNA#5#NO#IMPIEGATO #m#80#BO#40100#BOLOGNA#veicolo già assicurato con atr#No#No#BM#13#0#0#0#0#0#0#0#0#3,000,000
zurich_connect#275#2010-04-01#moto#5#100#moto#moto#si#100#persona fisica#m#81#BO#40100#BOLOGNA#5#NO#IMPIEGATO #m#81#BO#40100#BOLOGNA#veicolo già assicurato con atr#No#No#BM#13#0#0#0#0#0#0#0#0#3,000,000
zurich_connect#276#2010-04-01#moto#5#100#moto#moto#si#100#persona fisica#m#82#BO#40100#BOLOGNA#5#NO#IMPIEGATO #m#82#BO#40100#BOLOGNA#veicolo già assicurato con atr#No#No#BM#13#0#0#0#0#0#0#0#0#3,000,000
zurich_connect#277#2010-04-01#moto#5#100#moto#moto#si#100#persona fisica#m#83#BO#40100#BOLOGNA#5#NO#IMPIEGATO #m#83#BO#40100#BOLOGNA#veicolo già assicurato con atr#No#No#BM#13#0#0#0#0#0#0#0#0#3,000,000
zurich_connect#278#2010-04-01#moto#5#100#moto#moto#si#100#persona fisica#m#84#BO#40100#BOLOGNA#5#NO#IMPIEGATO #m#84#BO#40100#BOLOGNA#veicolo già assicurato con atr#No#No#BM#13#0#0#0#0#0#0#0#0#3,000,000
zurich_connect#279#2010-04-01#moto#5#100#moto#moto#si#100#persona fisica#m#85#BO#40100#BOLOGNA#5#NO#IMPIEGATO #m#85#BO#40100#BOLOGNA#veicolo già assicurato con atr#No#No#BM#13#0#0#0#0#0#0#0#0#3,000,000
zurich_connect#280#2010-04-01#moto#5#100#moto#moto#si#100#persona fisica#F#18#BO#40100#BOLOGNA#5#NO#IMPIEGATO #F#18#BO#40100#BOLOGNA#veicolo già assicurato con atr#No#No#BM#13#0#0#0#0#0#0#0#0#3,000,000
zurich_connect#281#2010-04-01#moto#5#100#moto#moto#si#100#persona fisica#F#19#BO#40100#BOLOGNA#5#NO#IMPIEGATO #F#19#BO#40100#BOLOGNA#veicolo già assicurato con atr#No#No#BM#13#0#0#0#0#0#0#0#0#3,000,000
zurich_connect#282#2010-04-01#moto#5#100#moto#moto#si#100#persona fisica#F#20#BO#40100#BOLOGNA#5#NO#IMPIEGATO #F#20#BO#40100#BOLOGNA#veicolo già assicurato con atr#No#No#BM#13#0#0#0#0#0#0#0#0#3,000,000
zurich_connect#283#2010-04-01#moto#5#100#moto#moto#si#100#persona fisica#F#21#BO#40100#BOLOGNA#5#NO#IMPIEGATO #F#21#BO#40100#BOLOGNA#veicolo già assicurato con atr#No#No#BM#13#0#0#0#0#0#0#0#0#3,000,000
zurich_connect#284#2010-04-01#moto#5#100#moto#moto#si#100#persona fisica#F#22#BO#40100#BOLOGNA#5#NO#IMPIEGATO #F#22#BO#40100#BOLOGNA#veicolo già assicurato con atr#No#No#BM#13#0#0#0#0#0#0#0#0#3,000,000
zurich_connect#285#2010-04-01#moto#5#100#moto#moto#si#100#persona fisica#F#23#BO#40100#BOLOGNA#5#NO#IMPIEGATO #F#23#BO#40100#BOLOGNA#veicolo già assicurato con atr#No#No#BM#13#0#0#0#0#0#0#0#0#3,000,000
zurich_connect#286#2010-04-01#moto#5#100#moto#moto#si#100#persona fisica#F#24#BO#40100#BOLOGNA#5#NO#IMPIEGATO #F#24#BO#40100#BOLOGNA#veicolo già assicurato con atr#No#No#BM#13#0#0#0#0#0#0#0#0#3,000,000
zurich_connect#287#2010-04-01#moto#5#100#moto#moto#si#100#persona fisica#F#25#BO#40100#BOLOGNA#5#NO#IMPIEGATO #F#25#BO#40100#BOLOGNA#veicolo già assicurato con atr#No#No#BM#13#0#0#0#0#0#0#0#0#3,000,000
zurich_connect#288#2010-04-01#moto#5#100#moto#moto#si#100#persona fisica#F#26#BO#40100#BOLOGNA#5#NO#IMPIEGATO #F#26#BO#40100#BOLOGNA#veicolo già assicurato con atr#No#No#BM#13#0#0#0#0#0#0#0#0#3,000,000
zurich_connect#289#2010-04-01#moto#5#100#moto#moto#si#100#persona fisica#F#27#BO#40100#BOLOGNA#5#NO#IMPIEGATO #F#27#BO#40100#BOLOGNA#veicolo già assicurato con atr#No#No#BM#13#0#0#0#0#0#0#0#0#3,000,000
zurich_connect#290#2010-04-01#moto#5#100#moto#moto#si#100#persona fisica#F#28#BO#40100#BOLOGNA#5#NO#IMPIEGATO #F#28#BO#40100#BOLOGNA#veicolo già assicurato con atr#No#No#BM#13#0#0#0#0#0#0#0#0#3,000,000
zurich_connect#291#2010-04-01#moto#5#100#moto#moto#si#100#persona fisica#F#29#BO#40100#BOLOGNA#5#NO#IMPIEGATO #F#29#BO#40100#BOLOGNA#veicolo già assicurato con atr#No#No#BM#13#0#0#0#0#0#0#0#0#3,000,000
zurich_connect#292#2010-04-01#moto#5#100#moto#moto#si#100#persona fisica#F#30#BO#40100#BOLOGNA#5#NO#IMPIEGATO #F#30#BO#40100#BOLOGNA#veicolo già assicurato con atr#No#No#BM#13#0#0#0#0#0#0#0#0#3,000,000
zurich_connect#293#2010-04-01#moto#5#100#moto#moto#si#100#persona fisica#F#31#BO#40100#BOLOGNA#5#NO#IMPIEGATO #F#31#BO#40100#BOLOGNA#veicolo già assicurato con atr#No#No#BM#13#0#0#0#0#0#0#0#0#3,000,000
zurich_connect#294#2010-04-01#moto#5#100#moto#moto#si#100#persona fisica#F#32#BO#40100#BOLOGNA#5#NO#IMPIEGATO #F#32#BO#40100#BOLOGNA#veicolo già assicurato con atr#No#No#BM#13#0#0#0#0#0#0#0#0#3,000,000
zurich_connect#295#2010-04-01#moto#5#100#moto#moto#si#100#persona fisica#F#33#BO#40100#BOLOGNA#5#NO#IMPIEGATO #F#33#BO#40100#BOLOGNA#veicolo già assicurato con atr#No#No#BM#13#0#0#0#0#0#0#0#0#3,000,000
zurich_connect#296#2010-04-01#moto#5#100#moto#moto#si#100#persona fisica#F#34#BO#40100#BOLOGNA#5#NO#IMPIEGATO #F#34#BO#40100#BOLOGNA#veicolo già assicurato con atr#No#No#BM#13#0#0#0#0#0#0#0#0#3,000,000
zurich_connect#297#2010-04-01#moto#5#100#moto#moto#si#100#persona fisica#F#35#BO#40100#BOLOGNA#5#NO#IMPIEGATO #F#35#BO#40100#BOLOGNA#veicolo già assicurato con atr#No#No#BM#13#0#0#0#0#0#0#0#0#3,000,000
zurich_connect#298#2010-04-01#moto#5#100#moto#moto#si#100#persona fisica#F#36#BO#40100#BOLOGNA#5#NO#IMPIEGATO #F#36#BO#40100#BOLOGNA#veicolo già assicurato con atr#No#No#BM#13#0#0#0#0#0#0#0#0#3,000,000
zurich_connect#299#2010-04-01#moto#5#100#moto#moto#si#100#persona fisica#F#37#BO#40100#BOLOGNA#5#NO#IMPIEGATO #F#37#BO#40100#BOLOGNA#veicolo già assicurato con atr#No#No#BM#13#0#0#0#0#0#0#0#0#3,000,000
zurich_connect#300#2010-04-01#moto#5#100#moto#moto#si#100#persona fisica#F#38#BO#40100#BOLOGNA#5#NO#IMPIEGATO #F#38#BO#40100#BOLOGNA#veicolo già assicurato con atr#No#No#BM#13#0#0#0#0#0#0#0#0#3,000,000
zurich_connect#301#2010-04-01#moto#5#100#moto#moto#si#100#persona fisica#F#39#BO#40100#BOLOGNA#5#NO#IMPIEGATO #F#39#BO#40100#BOLOGNA#veicolo già assicurato con atr#No#No#BM#13#0#0#0#0#0#0#0#0#3,000,000
zurich_connect#302#2010-04-01#moto#5#100#moto#moto#si#100#persona fisica#F#40#BO#40100#BOLOGNA#5#NO#IMPIEGATO #F#40#BO#40100#BOLOGNA#veicolo già assicurato con atr#No#No#BM#13#0#0#0#0#0#0#0#0#3,000,000
zurich_connect#303#2010-04-01#moto#5#100#moto#moto#si#100#persona fisica#F#41#BO#40100#BOLOGNA#5#NO#IMPIEGATO #F#41#BO#40100#BOLOGNA#veicolo già assicurato con atr#No#No#BM#13#0#0#0#0#0#0#0#0#3,000,000
zurich_connect#304#2010-04-01#moto#5#100#moto#moto#si#100#persona fisica#F#42#BO#40100#BOLOGNA#5#NO#IMPIEGATO #F#42#BO#40100#BOLOGNA#veicolo già assicurato con atr#No#No#BM#13#0#0#0#0#0#0#0#0#3,000,000
zurich_connect#305#2010-04-01#moto#5#100#moto#moto#si#100#persona fisica#F#43#BO#40100#BOLOGNA#5#NO#IMPIEGATO #F#43#BO#40100#BOLOGNA#veicolo già assicurato con atr#No#No#BM#13#0#0#0#0#0#0#0#0#3,000,000
zurich_connect#306#2010-04-01#moto#5#100#moto#moto#si#100#persona fisica#F#44#BO#40100#BOLOGNA#5#NO#IMPIEGATO #F#44#BO#40100#BOLOGNA#veicolo già assicurato con atr#No#No#BM#13#0#0#0#0#0#0#0#0#3,000,000
zurich_connect#307#2010-04-01#moto#5#100#moto#moto#si#100#persona fisica#F#45#BO#40100#BOLOGNA#5#NO#IMPIEGATO #F#45#BO#40100#BOLOGNA#veicolo già assicurato con atr#No#No#BM#13#0#0#0#0#0#0#0#0#3,000,000
zurich_connect#308#2010-04-01#moto#5#100#moto#moto#si#100#persona fisica#F#46#BO#40100#BOLOGNA#5#NO#IMPIEGATO #F#46#BO#40100#BOLOGNA#veicolo già assicurato con atr#No#No#BM#13#0#0#0#0#0#0#0#0#3,000,000
zurich_connect#309#2010-04-01#moto#5#100#moto#moto#si#100#persona fisica#F#47#BO#40100#BOLOGNA#5#NO#IMPIEGATO #F#47#BO#40100#BOLOGNA#veicolo già assicurato con atr#No#No#BM#13#0#0#0#0#0#0#0#0#3,000,000
zurich_connect#310#2010-04-01#moto#5#100#moto#moto#si#100#persona fisica#F#48#BO#40100#BOLOGNA#5#NO#IMPIEGATO #F#48#BO#40100#BOLOGNA#veicolo già assicurato con atr#No#No#BM#13#0#0#0#0#0#0#0#0#3,000,000
zurich_connect#311#2010-04-01#moto#5#100#moto#moto#si#100#persona fisica#F#49#BO#40100#BOLOGNA#5#NO#IMPIEGATO #F#49#BO#40100#BOLOGNA#veicolo già assicurato con atr#No#No#BM#13#0#0#0#0#0#0#0#0#3,000,000
zurich_connect#312#2010-04-01#moto#5#100#moto#moto#si#100#persona fisica#F#50#BO#40100#BOLOGNA#5#NO#IMPIEGATO #F#50#BO#40100#BOLOGNA#veicolo già assicurato con atr#No#No#BM#13#0#0#0#0#0#0#0#0#3,000,000
zurich_connect#313#2010-04-01#moto#5#100#moto#moto#si#100#persona fisica#F#51#BO#40100#BOLOGNA#5#NO#IMPIEGATO #F#51#BO#40100#BOLOGNA#veicolo già assicurato con atr#No#No#BM#13#0#0#0#0#0#0#0#0#3,000,000
zurich_connect#314#2010-04-01#moto#5#100#moto#moto#si#100#persona fisica#F#52#BO#40100#BOLOGNA#5#NO#IMPIEGATO #F#52#BO#40100#BOLOGNA#veicolo già assicurato con atr#No#No#BM#13#0#0#0#0#0#0#0#0#3,000,000
zurich_connect#315#2010-04-01#moto#5#100#moto#moto#si#100#persona fisica#F#53#BO#40100#BOLOGNA#5#NO#IMPIEGATO #F#53#BO#40100#BOLOGNA#veicolo già assicurato con atr#No#No#BM#13#0#0#0#0#0#0#0#0#3,000,000
zurich_connect#316#2010-04-01#moto#5#100#moto#moto#si#100#persona fisica#F#54#BO#40100#BOLOGNA#5#NO#IMPIEGATO #F#54#BO#40100#BOLOGNA#veicolo già assicurato con atr#No#No#BM#13#0#0#0#0#0#0#0#0#3,000,000
zurich_connect#317#2010-04-01#moto#5#100#moto#moto#si#100#persona fisica#F#55#BO#40100#BOLOGNA#5#NO#IMPIEGATO #F#55#BO#40100#BOLOGNA#veicolo già assicurato con atr#No#No#BM#13#0#0#0#0#0#0#0#0#3,000,000
zurich_connect#318#2010-04-01#moto#5#100#moto#moto#si#100#persona fisica#F#56#BO#40100#BOLOGNA#5#NO#IMPIEGATO #F#56#BO#40100#BOLOGNA#veicolo già assicurato con atr#No#No#BM#13#0#0#0#0#0#0#0#0#3,000,000
zurich_connect#319#2010-04-01#moto#5#100#moto#moto#si#100#persona fisica#F#57#BO#40100#BOLOGNA#5#NO#IMPIEGATO #F#57#BO#40100#BOLOGNA#veicolo già assicurato con atr#No#No#BM#13#0#0#0#0#0#0#0#0#3,000,000
zurich_connect#320#2010-04-01#moto#5#100#moto#moto#si#100#persona fisica#F#58#BO#40100#BOLOGNA#5#NO#IMPIEGATO #F#58#BO#40100#BOLOGNA#veicolo già assicurato con atr#No#No#BM#13#0#0#0#0#0#0#0#0#3,000,000
zurich_connect#321#2010-04-01#moto#5#100#moto#moto#si#100#persona fisica#F#59#BO#40100#BOLOGNA#5#NO#IMPIEGATO #F#59#BO#40100#BOLOGNA#veicolo già assicurato con atr#No#No#BM#13#0#0#0#0#0#0#0#0#3,000,000
zurich_connect#322#2010-04-01#moto#5#100#moto#moto#si#100#persona fisica#F#60#BO#40100#BOLOGNA#5#NO#IMPIEGATO #F#60#BO#40100#BOLOGNA#veicolo già assicurato con atr#No#No#BM#13#0#0#0#0#0#0#0#0#3,000,000
zurich_connect#323#2010-04-01#moto#5#100#moto#moto#si#100#persona fisica#F#61#BO#40100#BOLOGNA#5#NO#IMPIEGATO #F#61#BO#40100#BOLOGNA#veicolo già assicurato con atr#No#No#BM#13#0#0#0#0#0#0#0#0#3,000,000
zurich_connect#324#2010-04-01#moto#5#100#moto#moto#si#100#persona fisica#F#62#BO#40100#BOLOGNA#5#NO#IMPIEGATO #F#62#BO#40100#BOLOGNA#veicolo già assicurato con atr#No#No#BM#13#0#0#0#0#0#0#0#0#3,000,000
zurich_connect#325#2010-04-01#moto#5#100#moto#moto#si#100#persona fisica#F#63#BO#40100#BOLOGNA#5#NO#IMPIEGATO #F#63#BO#40100#BOLOGNA#veicolo già assicurato con atr#No#No#BM#13#0#0#0#0#0#0#0#0#3,000,000
zurich_connect#326#2010-04-01#moto#5#100#moto#moto#si#100#persona fisica#F#64#BO#40100#BOLOGNA#5#NO#IMPIEGATO #F#64#BO#40100#BOLOGNA#veicolo già assicurato con atr#No#No#BM#13#0#0#0#0#0#0#0#0#3,000,000
zurich_connect#327#2010-04-01#moto#5#100#moto#moto#si#100#persona fisica#F#65#BO#40100#BOLOGNA#5#NO#IMPIEGATO #F#65#BO#40100#BOLOGNA#veicolo già assicurato con atr#No#No#BM#13#0#0#0#0#0#0#0#0#3,000,000
zurich_connect#328#2010-04-01#moto#5#100#moto#moto#si#100#persona fisica#F#66#BO#40100#BOLOGNA#5#NO#IMPIEGATO #F#66#BO#40100#BOLOGNA#veicolo già assicurato con atr#No#No#BM#13#0#0#0#0#0#0#0#0#3,000,000
zurich_connect#329#2010-04-01#moto#5#100#moto#moto#si#100#persona fisica#F#67#BO#40100#BOLOGNA#5#NO#IMPIEGATO #F#67#BO#40100#BOLOGNA#veicolo già assicurato con atr#No#No#BM#13#0#0#0#0#0#0#0#0#3,000,000
zurich_connect#330#2010-04-01#moto#5#100#moto#moto#si#100#persona fisica#F#68#BO#40100#BOLOGNA#5#NO#IMPIEGATO #F#68#BO#40100#BOLOGNA#veicolo già assicurato con atr#No#No#BM#13#0#0#0#0#0#0#0#0#3,000,000
zurich_connect#331#2010-04-01#moto#5#100#moto#moto#si#100#persona fisica#F#69#BO#40100#BOLOGNA#5#NO#IMPIEGATO #F#69#BO#40100#BOLOGNA#veicolo già assicurato con atr#No#No#BM#13#0#0#0#0#0#0#0#0#3,000,000
zurich_connect#332#2010-04-01#moto#5#100#moto#moto#si#100#persona fisica#F#70#BO#40100#BOLOGNA#5#NO#IMPIEGATO #F#70#BO#40100#BOLOGNA#veicolo già assicurato con atr#No#No#BM#13#0#0#0#0#0#0#0#0#3,000,000
zurich_connect#333#2010-04-01#moto#5#100#moto#moto#si#100#persona fisica#F#71#BO#40100#BOLOGNA#5#NO#IMPIEGATO #F#71#BO#40100#BOLOGNA#veicolo già assicurato con atr#No#No#BM#13#0#0#0#0#0#0#0#0#3,000,000
zurich_connect#334#2010-04-01#moto#5#100#moto#moto#si#100#persona fisica#F#72#BO#40100#BOLOGNA#5#NO#IMPIEGATO #F#72#BO#40100#BOLOGNA#veicolo già assicurato con atr#No#No#BM#13#0#0#0#0#0#0#0#0#3,000,000
zurich_connect#335#2010-04-01#moto#5#100#moto#moto#si#100#persona fisica#F#73#BO#40100#BOLOGNA#5#NO#IMPIEGATO #F#73#BO#40100#BOLOGNA#veicolo già assicurato con atr#No#No#BM#13#0#0#0#0#0#0#0#0#3,000,000
zurich_connect#336#2010-04-01#moto#5#100#moto#moto#si#100#persona fisica#F#74#BO#40100#BOLOGNA#5#NO#IMPIEGATO #F#74#BO#40100#BOLOGNA#veicolo già assicurato con atr#No#No#BM#13#0#0#0#0#0#0#0#0#3,000,000
zurich_connect#337#2010-04-01#moto#5#100#moto#moto#si#100#persona fisica#F#75#BO#40100#BOLOGNA#5#NO#IMPIEGATO #F#75#BO#40100#BOLOGNA#veicolo già assicurato con atr#No#No#BM#13#0#0#0#0#0#0#0#0#3,000,000
zurich_connect#338#2010-04-01#moto#5#100#moto#moto#si#100#persona fisica#F#76#BO#40100#BOLOGNA#5#NO#IMPIEGATO #F#76#BO#40100#BOLOGNA#veicolo già assicurato con atr#No#No#BM#13#0#0#0#0#0#0#0#0#3,000,000
zurich_connect#339#2010-04-01#moto#5#100#moto#moto#si#100#persona fisica#F#77#BO#40100#BOLOGNA#5#NO#IMPIEGATO #F#77#BO#40100#BOLOGNA#veicolo già assicurato con atr#No#No#BM#13#0#0#0#0#0#0#0#0#3,000,000
zurich_connect#340#2010-04-01#moto#5#100#moto#moto#si#100#persona fisica#F#78#BO#40100#BOLOGNA#5#NO#IMPIEGATO #F#78#BO#40100#BOLOGNA#veicolo già assicurato con atr#No#No#BM#13#0#0#0#0#0#0#0#0#3,000,000
zurich_connect#341#2010-04-01#moto#5#100#moto#moto#si#100#persona fisica#F#79#BO#40100#BOLOGNA#5#NO#IMPIEGATO #F#79#BO#40100#BOLOGNA#veicolo già assicurato con atr#No#No#BM#13#0#0#0#0#0#0#0#0#3,000,000
zurich_connect#342#2010-04-01#moto#5#100#moto#moto#si#100#persona fisica#F#80#BO#40100#BOLOGNA#5#NO#IMPIEGATO #F#80#BO#40100#BOLOGNA#veicolo già assicurato con atr#No#No#BM#13#0#0#0#0#0#0#0#0#3,000,000
zurich_connect#343#2010-04-01#moto#5#100#moto#moto#si#100#persona fisica#F#81#BO#40100#BOLOGNA#5#NO#IMPIEGATO #F#81#BO#40100#BOLOGNA#veicolo già assicurato con atr#No#No#BM#13#0#0#0#0#0#0#0#0#3,000,000
zurich_connect#344#2010-04-01#moto#5#100#moto#moto#si#100#persona fisica#F#82#BO#40100#BOLOGNA#5#NO#IMPIEGATO #F#82#BO#40100#BOLOGNA#veicolo già assicurato con atr#No#No#BM#13#0#0#0#0#0#0#0#0#3,000,000
zurich_connect#345#2010-04-01#moto#5#100#moto#moto#si#100#persona fisica#F#83#BO#40100#BOLOGNA#5#NO#IMPIEGATO #F#83#BO#40100#BOLOGNA#veicolo già assicurato con atr#No#No#BM#13#0#0#0#0#0#0#0#0#3,000,000
zurich_connect#346#2010-04-01#moto#5#100#moto#moto#si#100#persona fisica#F#84#BO#40100#BOLOGNA#5#NO#IMPIEGATO #F#84#BO#40100#BOLOGNA#veicolo già assicurato con atr#No#No#BM#13#0#0#0#0#0#0#0#0#3,000,000
zurich_connect#347#2010-04-01#moto#5#100#moto#moto#si#100#persona fisica#F#85#BO#40100#BOLOGNA#5#NO#IMPIEGATO #F#85#BO#40100#BOLOGNA#veicolo già assicurato con atr#No#No#BM#13#0#0#0#0#0#0#0#0#3,000,000
zurich_connect#348#2010-04-01#moto#5#100#moto#moto#si#100#persona giridica###BO#40100#BOLOGNA#5#NO#IMPIEGATO ###BO#40100#BOLOGNA#veicolo già assicurato con atr#No#No#BM#13#0#0#0#0#0#0#0#0#3,000,000
zurich_connect#349#2010-04-01#moto#5#100#moto#moto#si#100#persona fisica#m#34#BO#40100#BOLOGNA#5#NO#IMPIEGATO #m#34#BO#40100#BOLOGNA#veicolo già assicurato con atr#No#No#BM#13#0#0#0#0#0#0#0#0#3,000,000
zurich_connect#350#2010-04-01#moto#5#150#moto#moto#si#100#persona fisica#m#34#BO#40100#BOLOGNA#5#NO#IMPIEGATO #m#34#BO#40100#BOLOGNA#veicolo già assicurato con atr#No#No#BM#13#0#0#0#0#0#0#0#0#3,000,000
zurich_connect#351#2010-04-01#moto#5#250#moto#moto#si#100#persona fisica#m#34#BO#40100#BOLOGNA#5#NO#IMPIEGATO #m#34#BO#40100#BOLOGNA#veicolo già assicurato con atr#No#No#BM#13#0#0#0#0#0#0#0#0#3,000,000
zurich_connect#352#2010-04-01#moto#5#350#moto#moto#si#100#persona fisica#m#34#BO#40100#BOLOGNA#5#NO#IMPIEGATO #m#34#BO#40100#BOLOGNA#veicolo già assicurato con atr#No#No#BM#13#0#0#0#0#0#0#0#0#3,000,000
zurich_connect#353#2010-04-01#moto#5#400#moto#moto#si#100#persona fisica#m#34#BO#40100#BOLOGNA#5#NO#IMPIEGATO #m#34#BO#40100#BOLOGNA#veicolo già assicurato con atr#No#No#BM#13#0#0#0#0#0#0#0#0#3,000,000
zurich_connect#354#2010-04-01#moto#5#500#moto#moto#si#100#persona fisica#m#34#BO#40100#BOLOGNA#5#NO#IMPIEGATO #m#34#BO#40100#BOLOGNA#veicolo già assicurato con atr#No#No#BM#13#0#0#0#0#0#0#0#0#3,000,000
zurich_connect#355#2010-04-01#moto#5#600#moto#moto#si#100#persona fisica#m#34#BO#40100#BOLOGNA#5#NO#IMPIEGATO #m#34#BO#40100#BOLOGNA#veicolo già assicurato con atr#No#No#BM#13#0#0#0#0#0#0#0#0#3,000,000
zurich_connect#356#2010-04-01#moto#5#750#moto#moto#si#100#persona fisica#m#34#BO#40100#BOLOGNA#5#NO#IMPIEGATO #m#34#BO#40100#BOLOGNA#veicolo già assicurato con atr#No#No#BM#13#0#0#0#0#0#0#0#0#3,000,000
zurich_connect#357#2010-04-01#moto#5#800#moto#moto#si#100#persona fisica#m#34#BO#40100#BOLOGNA#5#NO#IMPIEGATO #m#34#BO#40100#BOLOGNA#veicolo già assicurato con atr#No#No#BM#13#0#0#0#0#0#0#0#0#3,000,000
zurich_connect#358#2010-04-01#moto#5#850#moto#moto#si#100#persona fisica#m#34#BO#40100#BOLOGNA#5#NO#IMPIEGATO #m#34#BO#40100#BOLOGNA#veicolo già assicurato con atr#No#No#BM#13#0#0#0#0#0#0#0#0#3,000,000
zurich_connect#359#2010-04-01#moto#5#900#moto#moto#si#100#persona fisica#m#34#BO#40100#BOLOGNA#5#NO#IMPIEGATO #m#34#BO#40100#BOLOGNA#veicolo già assicurato con atr#No#No#BM#13#0#0#0#0#0#0#0#0#3,000,000
zurich_connect#360#2010-04-01#moto#5#1000#moto#moto#si#100#persona fisica#m#34#BO#40100#BOLOGNA#5#NO#IMPIEGATO #m#34#BO#40100#BOLOGNA#veicolo già assicurato con atr#No#No#BM#13#0#0#0#0#0#0#0#0#3,000,000
zurich_connect#361#2010-04-01#moto#5#1100#moto#moto#si#100#persona fisica#m#34#BO#40100#BOLOGNA#5#NO#IMPIEGATO #m#34#BO#40100#BOLOGNA#veicolo già assicurato con atr#No#No#BM#13#0#0#0#0#0#0#0#0#3,000,000
zurich_connect#362#2010-04-01#moto#5#1200#moto#moto#si#100#persona fisica#m#34#BO#40100#BOLOGNA#5#NO#IMPIEGATO #m#34#BO#40100#BOLOGNA#veicolo già assicurato con atr#No#No#BM#13#0#0#0#0#0#0#0#0#3,000,000
zurich_connect#363#2010-04-01#moto#5#1300#moto#moto#si#100#persona fisica#m#34#BO#40100#BOLOGNA#5#NO#IMPIEGATO #m#34#BO#40100#BOLOGNA#veicolo già assicurato con atr#No#No#BM#13#0#0#0#0#0#0#0#0#3,000,000
zurich_connect#364#2010-04-01#moto#5#100#moto#moto#si#100#persona fisica#m#34#BO#40100#BOLOGNA#5#NO#IMPIEGATO #m#34#BO#40100#BOLOGNA#veicolo già assicurato con atr#No#No#BM#1#0#0#0#0#0#0#0#0#3,000,000
zurich_connect#365#2010-04-01#moto#5#100#moto#moto#si#100#persona fisica#m#34#BO#40100#BOLOGNA#5#NO#IMPIEGATO #m#34#BO#40100#BOLOGNA#veicolo già assicurato con atr#No#No#BM#2#0#0#0#0#0#0#0#0#3,000,000
zurich_connect#366#2010-04-01#moto#5#100#moto#moto#si#100#persona fisica#m#34#BO#40100#BOLOGNA#5#NO#IMPIEGATO #m#34#BO#40100#BOLOGNA#veicolo già assicurato con atr#No#No#BM#3#0#0#0#0#0#0#0#0#3,000,000
zurich_connect#367#2010-04-01#moto#5#100#moto#moto#si#100#persona fisica#m#34#BO#40100#BOLOGNA#5#NO#IMPIEGATO #m#34#BO#40100#BOLOGNA#veicolo già assicurato con atr#No#No#BM#4#0#0#0#0#0#0#0#0#3,000,000
zurich_connect#368#2010-04-01#moto#5#100#moto#moto#si#100#persona fisica#m#34#BO#40100#BOLOGNA#5#NO#IMPIEGATO #m#34#BO#40100#BOLOGNA#veicolo già assicurato con atr#No#No#BM#5#0#0#0#0#0#0#0#0#3,000,000
zurich_connect#369#2010-04-01#moto#5#100#moto#moto#si#100#persona fisica#m#34#BO#40100#BOLOGNA#5#NO#IMPIEGATO #m#34#BO#40100#BOLOGNA#veicolo già assicurato con atr#No#No#BM#6#0#0#0#0#0#0#0#0#3,000,000
zurich_connect#370#2010-04-01#moto#5#100#moto#moto#si#100#persona fisica#m#34#BO#40100#BOLOGNA#5#NO#IMPIEGATO #m#34#BO#40100#BOLOGNA#veicolo già assicurato con atr#No#No#BM#7#0#0#0#0#0#0#0#0#3,000,000
zurich_connect#371#2010-04-01#moto#5#100#moto#moto#si#100#persona fisica#m#34#BO#40100#BOLOGNA#5#NO#IMPIEGATO #m#34#BO#40100#BOLOGNA#veicolo già assicurato con atr#No#No#BM#8#0#0#0#0#0#0#0#0#3,000,000
zurich_connect#372#2010-04-01#moto#5#100#moto#moto#si#100#persona fisica#m#34#BO#40100#BOLOGNA#5#NO#IMPIEGATO #m#34#BO#40100#BOLOGNA#veicolo già assicurato con atr#No#No#BM#9#0#0#0#0#0#0#0#0#3,000,000
zurich_connect#373#2010-04-01#moto#5#100#moto#moto#si#100#persona fisica#m#34#BO#40100#BOLOGNA#5#NO#IMPIEGATO #m#34#BO#40100#BOLOGNA#veicolo già assicurato con atr#No#No#BM#10#0#0#0#0#0#0#0#0#3,000,000
zurich_connect#374#2010-04-01#moto#5#100#moto#moto#si#100#persona fisica#m#34#BO#40100#BOLOGNA#5#NO#IMPIEGATO #m#34#BO#40100#BOLOGNA#veicolo già assicurato con atr#No#No#BM#11#0#0#0#0#0#0#0#0#3,000,000
zurich_connect#375#2010-04-01#moto#5#100#moto#moto#si#100#persona fisica#m#34#BO#40100#BOLOGNA#5#NO#IMPIEGATO #m#34#BO#40100#BOLOGNA#veicolo già assicurato con atr#No#No#BM#12#0#0#0#0#0#0#0#0#3,000,000
zurich_connect#376#2010-04-01#moto#5#100#moto#moto#si#100#persona fisica#m#34#BO#40100#BOLOGNA#5#NO#IMPIEGATO #m#34#BO#40100#BOLOGNA#veicolo già assicurato con atr#No#No#BM#13#0#0#0#0#0#0#0#0#3,000,000
zurich_connect#377#2010-04-01#moto#5#100#moto#moto#si#100#persona fisica#m#34#BO#40100#BOLOGNA#5#NO#IMPIEGATO #m#34#BO#40100#BOLOGNA#veicolo già assicurato con atr#No#No#BM#14#0#0#0#0#0#0#0#0#3,000,000
zurich_connect#378#2010-04-01#moto#5#100#moto#moto#si#100#persona fisica#m#34#BO#40100#BOLOGNA#5#NO#IMPIEGATO #m#34#BO#40100#BOLOGNA#veicolo già assicurato con atr#No#No#BM#15#0#0#0#0#0#0#0#0#3,000,000
zurich_connect#379#2010-04-01#moto#5#100#moto#moto#si#100#persona fisica#m#34#BO#40100#BOLOGNA#5#NO#IMPIEGATO #m#34#BO#40100#BOLOGNA#veicolo già assicurato con atr#No#No#BM#16#0#0#0#0#0#0#0#0#3,000,000
zurich_connect#380#2010-04-01#moto#5#100#moto#moto#si#100#persona fisica#m#34#BO#40100#BOLOGNA#5#NO#IMPIEGATO #m#34#BO#40100#BOLOGNA#veicolo già assicurato con atr#No#No#BM#17#0#0#0#0#0#0#0#0#3,000,000
zurich_connect#381#2010-04-01#moto#5#100#moto#moto#si#100#persona fisica#m#34#BO#40100#BOLOGNA#5#NO#IMPIEGATO #m#34#BO#40100#BOLOGNA#veicolo già assicurato con atr#No#No#BM#18#0#0#0#0#0#0#0#0#3,000,000
zurich_connect#382#2010-04-01#moto#5#100#moto#moto#si#100#persona fisica#m#34#BO#40100#BOLOGNA#5#NO#IMPIEGATO #m#34#BO#40100#BOLOGNA#1a immatricolazione dopo l’acquisto del veicolo#No#No#BM##0#0#0#0#0#0#0#0#3,000,000
zurich_connect#383#2010-04-01#moto#5#100#moto#moto#si#100#persona fisica#m#34#BO#40100#BOLOGNA#5#NO#IMPIEGATO #m#34#BO#40100#BOLOGNA#veicolo già assicurato con atr#No#No#BM#1#0#0#0#1#0#0#1#0#3,000,000
zurich_connect#384#2010-04-01#moto#5#100#moto#moto#si#100#persona fisica#m#34#BO#40100#BOLOGNA#5#NO#IMPIEGATO #m#34#BO#40100#BOLOGNA#veicolo già assicurato con atr#No#No#BM#2#0#0#0#1#0#0#1#0#3,000,000
zurich_connect#385#2010-04-01#moto#5#100#moto#moto#si#100#persona fisica#m#34#BO#40100#BOLOGNA#5#NO#IMPIEGATO #m#34#BO#40100#BOLOGNA#veicolo già assicurato con atr#No#No#BM#3#0#0#0#1#0#0#1#0#3,000,000
zurich_connect#386#2010-04-01#moto#5#100#moto#moto#si#100#persona fisica#m#34#BO#40100#BOLOGNA#5#NO#IMPIEGATO #m#34#BO#40100#BOLOGNA#veicolo già assicurato con atr#No#No#BM#4#0#0#0#1#0#0#1#0#3,000,000
zurich_connect#387#2010-04-01#moto#5#100#moto#moto#si#100#persona fisica#m#34#BO#40100#BOLOGNA#5#NO#IMPIEGATO #m#34#BO#40100#BOLOGNA#veicolo già assicurato con atr#No#No#BM#5#0#0#0#1#0#0#1#0#3,000,000
zurich_connect#388#2010-04-01#moto#5#100#moto#moto#si#100#persona fisica#m#34#BO#40100#BOLOGNA#5#NO#IMPIEGATO #m#34#BO#40100#BOLOGNA#veicolo già assicurato con atr#No#No#BM#6#0#0#0#1#0#0#1#0#3,000,000
zurich_connect#389#2010-04-01#moto#5#100#moto#moto#si#100#persona fisica#m#34#BO#40100#BOLOGNA#5#NO#IMPIEGATO #m#34#BO#40100#BOLOGNA#veicolo già assicurato con atr#No#No#BM#7#0#0#0#1#0#0#1#0#3,000,000
zurich_connect#390#2010-04-01#moto#5#100#moto#moto#si#100#persona fisica#m#34#BO#40100#BOLOGNA#5#NO#IMPIEGATO #m#34#BO#40100#BOLOGNA#veicolo già assicurato con atr#No#No#BM#8#0#0#0#1#0#0#1#0#3,000,000
zurich_connect#391#2010-04-01#moto#5#100#moto#moto#si#100#persona fisica#m#34#BO#40100#BOLOGNA#5#NO#IMPIEGATO #m#34#BO#40100#BOLOGNA#veicolo già assicurato con atr#No#No#BM#9#0#0#0#1#0#0#1#0#3,000,000
zurich_connect#392#2010-04-01#moto#5#100#moto#moto#si#100#persona fisica#m#34#BO#40100#BOLOGNA#5#NO#IMPIEGATO #m#34#BO#40100#BOLOGNA#veicolo già assicurato con atr#No#No#BM#10#0#0#0#1#0#0#1#0#3,000,000
zurich_connect#393#2010-04-01#moto#5#100#moto#moto#si#100#persona fisica#m#34#BO#40100#BOLOGNA#5#NO#IMPIEGATO #m#34#BO#40100#BOLOGNA#veicolo già assicurato con atr#No#No#BM#11#0#0#0#1#0#0#1#0#3,000,000
zurich_connect#394#2010-04-01#moto#5#100#moto#moto#si#100#persona fisica#m#34#BO#40100#BOLOGNA#5#NO#IMPIEGATO #m#34#BO#40100#BOLOGNA#veicolo già assicurato con atr#No#No#BM#12#0#0#0#1#0#0#1#0#3,000,000
zurich_connect#395#2010-04-01#moto#5#100#moto#moto#si#100#persona fisica#m#34#BO#40100#BOLOGNA#5#NO#IMPIEGATO #m#34#BO#40100#BOLOGNA#veicolo già assicurato con atr#No#No#BM#13#0#0#0#1#0#0#1#0#3,000,000
zurich_connect#396#2010-04-01#moto#5#100#moto#moto#si#100#persona fisica#m#34#BO#40100#BOLOGNA#5#NO#IMPIEGATO #m#34#BO#40100#BOLOGNA#veicolo già assicurato con atr#No#No#BM#14#0#0#0#1#0#0#1#0#3,000,000
zurich_connect#397#2010-04-01#moto#5#100#moto#moto#si#100#persona fisica#m#34#BO#40100#BOLOGNA#5#NO#IMPIEGATO #m#34#BO#40100#BOLOGNA#veicolo già assicurato con atr#No#No#BM#15#0#0#0#1#0#0#1#0#3,000,000
zurich_connect#398#2010-04-01#moto#5#100#moto#moto#si#100#persona fisica#m#34#BO#40100#BOLOGNA#5#NO#IMPIEGATO #m#34#BO#40100#BOLOGNA#veicolo già assicurato con atr#No#No#BM#16#0#0#0#1#0#0#1#0#3,000,000
zurich_connect#399#2010-04-01#moto#5#100#moto#moto#si#100#persona fisica#m#34#BO#40100#BOLOGNA#5#NO#IMPIEGATO #m#34#BO#40100#BOLOGNA#veicolo già assicurato con atr#No#No#BM#17#0#0#0#1#0#0#1#0#3,000,000
zurich_connect#400#2010-04-01#moto#5#100#moto#moto#si#100#persona fisica#m#34#BO#40100#BOLOGNA#5#NO#IMPIEGATO #m#34#BO#40100#BOLOGNA#veicolo già assicurato con atr#No#No#BM#18#0#0#0#1#0#0#1#0#3,000,000
zurich_connect#401#2010-04-01#moto#5#100#moto#moto#si#100#persona fisica#m#34#BO#40100#BOLOGNA#5#NO#IMPIEGATO #m#34#BO#40100#BOLOGNA#veicolo già assicurato con atr#No#No#BM#1#1#0#0#0#0#0#1#0#3,000,000
zurich_connect#402#2010-04-01#moto#5#100#moto#moto#si#100#persona fisica#m#34#BO#40100#BOLOGNA#5#NO#IMPIEGATO #m#34#BO#40100#BOLOGNA#veicolo già assicurato con atr#No#No#BM#2#1#0#0#0#0#0#1#0#3,000,000
zurich_connect#403#2010-04-01#moto#5#100#moto#moto#si#100#persona fisica#m#34#BO#40100#BOLOGNA#5#NO#IMPIEGATO #m#34#BO#40100#BOLOGNA#veicolo già assicurato con atr#No#No#BM#3#1#0#0#0#0#0#1#0#3,000,000
zurich_connect#404#2010-04-01#moto#5#100#moto#moto#si#100#persona fisica#m#34#BO#40100#BOLOGNA#5#NO#IMPIEGATO #m#34#BO#40100#BOLOGNA#veicolo già assicurato con atr#No#No#BM#4#1#0#0#0#0#0#1#0#3,000,000
zurich_connect#405#2010-04-01#moto#5#100#moto#moto#si#100#persona fisica#m#34#BO#40100#BOLOGNA#5#NO#IMPIEGATO #m#34#BO#40100#BOLOGNA#veicolo già assicurato con atr#No#No#BM#5#1#0#0#0#0#0#1#0#3,000,000
zurich_connect#406#2010-04-01#moto#5#100#moto#moto#si#100#persona fisica#m#34#BO#40100#BOLOGNA#5#NO#IMPIEGATO #m#34#BO#40100#BOLOGNA#veicolo già assicurato con atr#No#No#BM#6#1#0#0#0#0#0#1#0#3,000,000
zurich_connect#407#2010-04-01#moto#5#100#moto#moto#si#100#persona fisica#m#34#BO#40100#BOLOGNA#5#NO#IMPIEGATO #m#34#BO#40100#BOLOGNA#veicolo già assicurato con atr#No#No#BM#7#1#0#0#0#0#0#1#0#3,000,000
zurich_connect#408#2010-04-01#moto#5#100#moto#moto#si#100#persona fisica#m#34#BO#40100#BOLOGNA#5#NO#IMPIEGATO #m#34#BO#40100#BOLOGNA#veicolo già assicurato con atr#No#No#BM#8#1#0#0#0#0#0#1#0#3,000,000
zurich_connect#409#2010-04-01#moto#5#100#moto#moto#si#100#persona fisica#m#34#BO#40100#BOLOGNA#5#NO#IMPIEGATO #m#34#BO#40100#BOLOGNA#veicolo già assicurato con atr#No#No#BM#9#1#0#0#0#0#0#1#0#3,000,000
zurich_connect#410#2010-04-01#moto#5#100#moto#moto#si#100#persona fisica#m#34#BO#40100#BOLOGNA#5#NO#IMPIEGATO #m#34#BO#40100#BOLOGNA#veicolo già assicurato con atr#No#No#BM#10#1#0#0#0#0#0#1#0#3,000,000
zurich_connect#411#2010-04-01#moto#5#100#moto#moto#si#100#persona fisica#m#34#BO#40100#BOLOGNA#5#NO#IMPIEGATO #m#34#BO#40100#BOLOGNA#veicolo già assicurato con atr#No#No#BM#11#1#0#0#0#0#0#1#0#3,000,000
zurich_connect#412#2010-04-01#moto#5#100#moto#moto#si#100#persona fisica#m#34#BO#40100#BOLOGNA#5#NO#IMPIEGATO #m#34#BO#40100#BOLOGNA#veicolo già assicurato con atr#No#No#BM#12#1#0#0#0#0#0#1#0#3,000,000
zurich_connect#413#2010-04-01#moto#5#100#moto#moto#si#100#persona fisica#m#34#BO#40100#BOLOGNA#5#NO#IMPIEGATO #m#34#BO#40100#BOLOGNA#veicolo già assicurato con atr#No#No#BM#13#1#0#0#0#0#0#1#0#3,000,000
zurich_connect#414#2010-04-01#moto#5#100#moto#moto#si#100#persona fisica#m#34#BO#40100#BOLOGNA#5#NO#IMPIEGATO #m#34#BO#40100#BOLOGNA#veicolo già assicurato con atr#No#No#BM#14#1#0#0#0#0#0#1#0#3,000,000
zurich_connect#415#2010-04-01#moto#5#100#moto#moto#si#100#persona fisica#m#34#BO#40100#BOLOGNA#5#NO#IMPIEGATO #m#34#BO#40100#BOLOGNA#veicolo già assicurato con atr#No#No#BM#15#1#0#0#0#0#0#1#0#3,000,000
zurich_connect#416#2010-04-01#moto#5#100#moto#moto#si#100#persona fisica#m#34#BO#40100#BOLOGNA#5#NO#IMPIEGATO #m#34#BO#40100#BOLOGNA#veicolo già assicurato con atr#No#No#BM#16#1#0#0#0#0#0#1#0#3,000,000
zurich_connect#417#2010-04-01#moto#5#100#moto#moto#si#100#persona fisica#m#34#BO#40100#BOLOGNA#5#NO#IMPIEGATO #m#34#BO#40100#BOLOGNA#veicolo già assicurato con atr#No#No#BM#17#1#0#0#0#0#0#1#0#3,000,000
zurich_connect#418#2010-04-01#moto#5#100#moto#moto#si#100#persona fisica#m#34#BO#40100#BOLOGNA#5#NO#IMPIEGATO #m#34#BO#40100#BOLOGNA#veicolo già assicurato con atr#No#No#BM#18#1#0#0#0#0#0#1#0#3,000,000
zurich_connect#419#2010-04-01#moto#5#100#moto#moto#si#100#persona fisica#m#34#BO#40100#BOLOGNA#5#NO#IMPIEGATO #m#34#BO#40100#BOLOGNA#1a immatricolazione dopo l’acquisto del veicolo#Si#No#BM#1#0#0#0#0#0#0#0#0#3,000,000
zurich_connect#420#2010-04-01#moto#5#100#moto#moto#si#100#persona fisica#m#34#BO#40100#BOLOGNA#5#NO#IMPIEGATO #m#34#BO#40100#BOLOGNA#1a immatricolazione dopo l’acquisto del veicolo#Si#No#BM#2#0#0#0#0#0#0#0#0#3,000,000
zurich_connect#421#2010-04-01#moto#5#100#moto#moto#si#100#persona fisica#m#34#BO#40100#BOLOGNA#5#NO#IMPIEGATO #m#34#BO#40100#BOLOGNA#1a immatricolazione dopo l’acquisto del veicolo#Si#No#BM#3#0#0#0#0#0#0#0#0#3,000,000
zurich_connect#422#2010-04-01#moto#5#100#moto#moto#si#100#persona fisica#m#34#BO#40100#BOLOGNA#5#NO#IMPIEGATO #m#34#BO#40100#BOLOGNA#1a immatricolazione dopo l’acquisto del veicolo#Si#No#BM#4#0#0#0#0#0#0#0#0#3,000,000
zurich_connect#423#2010-04-01#moto#5#100#moto#moto#si#100#persona fisica#m#34#BO#40100#BOLOGNA#5#NO#IMPIEGATO #m#34#BO#40100#BOLOGNA#1a immatricolazione dopo l’acquisto del veicolo#Si#No#BM#5#0#0#0#0#0#0#0#0#3,000,000
zurich_connect#424#2010-04-01#moto#5#100#moto#moto#si#100#persona fisica#m#34#BO#40100#BOLOGNA#5#NO#IMPIEGATO #m#34#BO#40100#BOLOGNA#1a immatricolazione dopo l’acquisto del veicolo#Si#No#BM#6#0#0#0#0#0#0#0#0#3,000,000
zurich_connect#425#2010-04-01#moto#5#100#moto#moto#si#100#persona fisica#m#34#BO#40100#BOLOGNA#5#NO#IMPIEGATO #m#34#BO#40100#BOLOGNA#1a immatricolazione dopo l’acquisto del veicolo#Si#No#BM#7#0#0#0#0#0#0#0#0#3,000,000
zurich_connect#426#2010-04-01#moto#5#100#moto#moto#si#100#persona fisica#m#34#BO#40100#BOLOGNA#5#NO#IMPIEGATO #m#34#BO#40100#BOLOGNA#1a immatricolazione dopo l’acquisto del veicolo#Si#No#BM#8#0#0#0#0#0#0#0#0#3,000,000
zurich_connect#427#2010-04-01#moto#5#100#moto#moto#si#100#persona fisica#m#34#BO#40100#BOLOGNA#5#NO#IMPIEGATO #m#34#BO#40100#BOLOGNA#1a immatricolazione dopo l’acquisto del veicolo#Si#No#BM#9#0#0#0#0#0#0#0#0#3,000,000
zurich_connect#428#2010-04-01#moto#5#100#moto#moto#si#100#persona fisica#m#34#BO#40100#BOLOGNA#5#NO#IMPIEGATO #m#34#BO#40100#BOLOGNA#1a immatricolazione dopo l’acquisto del veicolo#Si#No#BM#10#0#0#0#0#0#0#0#0#3,000,000
zurich_connect#429#2010-04-01#moto#5#100#moto#moto#si#100#persona fisica#m#34#BO#40100#BOLOGNA#5#NO#IMPIEGATO #m#34#BO#40100#BOLOGNA#1a immatricolazione dopo l’acquisto del veicolo#Si#No#BM#11#0#0#0#0#0#0#0#0#3,000,000
zurich_connect#430#2010-04-01#moto#5#100#moto#moto#si#100#persona fisica#m#34#BO#40100#BOLOGNA#5#NO#IMPIEGATO #m#34#BO#40100#BOLOGNA#1a immatricolazione dopo l’acquisto del veicolo#Si#No#BM#12#0#0#0#0#0#0#0#0#3,000,000
zurich_connect#431#2010-04-01#moto#5#100#moto#moto#si#100#persona fisica#m#34#BO#40100#BOLOGNA#5#NO#IMPIEGATO #m#34#BO#40100#BOLOGNA#1a immatricolazione dopo l’acquisto del veicolo#Si#No#BM#13#0#0#0#0#0#0#0#0#3,000,000
zurich_connect#432#2010-04-01#moto#5#100#moto#moto#si#100#persona fisica#m#34#BO#40100#BOLOGNA#5#NO#IMPIEGATO #m#34#BO#40100#BOLOGNA#1a immatricolazione dopo l’acquisto del veicolo#Si#No#BM#14#0#0#0#0#0#0#0#0#3,000,000
zurich_connect#433#2010-04-01#moto#5#100#moto#moto#si#100#persona fisica#m#34#BO#40100#BOLOGNA#5#NO#IMPIEGATO #m#34#BO#40100#BOLOGNA#1a immatricolazione dopo l’acquisto del veicolo#Si#No#BM#15#0#0#0#0#0#0#0#0#3,000,000
zurich_connect#434#2010-04-01#moto#5#100#moto#moto#si#100#persona fisica#m#34#BO#40100#BOLOGNA#5#NO#IMPIEGATO #m#34#BO#40100#BOLOGNA#1a immatricolazione dopo l’acquisto del veicolo#Si#No#BM#16#0#0#0#0#0#0#0#0#3,000,000
zurich_connect#435#2010-04-01#moto#5#100#moto#moto#si#100#persona fisica#m#34#BO#40100#BOLOGNA#5#NO#IMPIEGATO #m#34#BO#40100#BOLOGNA#1a immatricolazione dopo l’acquisto del veicolo#Si#No#BM#17#0#0#0#0#0#0#0#0#3,000,000
zurich_connect#436#2010-04-01#moto#5#100#moto#moto#si#100#persona fisica#m#34#BO#40100#BOLOGNA#5#NO#IMPIEGATO #m#34#BO#40100#BOLOGNA#1a immatricolazione dopo l’acquisto del veicolo#Si#No#BM#18#0#0#0#0#0#0#0#0#3,000,000
zurich_connect#437#2010-04-01#moto#5#100#moto#moto#si#100#persona fisica#m#34#BO#40100#BOLOGNA#5#NO#AGRICOLTORE#m#34#BO#40100#BOLOGNA#veicolo già assicurato con atr#No#No#BM#13#0#0#0#0#0#0#0#0#3,000,000
zurich_connect#438#2010-04-01#moto#5#100#moto#moto#si#100#persona fisica#m#34#BO#40100#BOLOGNA#5#NO#ATTIVITA' NON CLASSIFICATA#m#34#BO#40100#BOLOGNA#veicolo già assicurato con atr#No#No#BM#13#0#0#0#0#0#0#0#0#3,000,000
zurich_connect#439#2010-04-01#moto#5#100#moto#moto#si#100#persona fisica#m#34#BO#40100#BOLOGNA#5#NO#ARCHITETTO#m#34#BO#40100#BOLOGNA#veicolo già assicurato con atr#No#No#BM#13#0#0#0#0#0#0#0#0#3,000,000
zurich_connect#440#2010-04-01#moto#5#100#moto#moto#si#100#persona fisica#m#34#BO#40100#BOLOGNA#5#NO#CASALINGA /O#m#34#BO#40100#BOLOGNA#veicolo già assicurato con atr#No#No#BM#13#0#0#0#0#0#0#0#0#3,000,000
zurich_connect#441#2010-04-01#moto#5#100#moto#moto#si#100#persona fisica#m#34#BO#40100#BOLOGNA#5#NO#COMMERCIALISTA#m#34#BO#40100#BOLOGNA#veicolo già assicurato con atr#No#No#BM#13#0#0#0#0#0#0#0#0#3,000,000
zurich_connect#442#2010-04-01#moto#5#100#moto#moto#si#100#persona fisica#m#34#BO#40100#BOLOGNA#5#NO#DIMOSTRATORE SCIENTIFICO#m#34#BO#40100#BOLOGNA#veicolo già assicurato con atr#No#No#BM#13#0#0#0#0#0#0#0#0#3,000,000
zurich_connect#443#2010-04-01#moto#5#100#moto#moto#si#100#persona fisica#m#34#BO#40100#BOLOGNA#5#NO#DIRIGENTE#m#34#BO#40100#BOLOGNA#veicolo già assicurato con atr#No#No#BM#13#0#0#0#0#0#0#0#0#3,000,000
zurich_connect#444#2010-04-01#moto#5#100#moto#moto#si#100#persona fisica#m#34#BO#40100#BOLOGNA#5#NO#RELIGIOSA /O#m#34#BO#40100#BOLOGNA#veicolo già assicurato con atr#No#No#BM#13#0#0#0#0#0#0#0#0#3,000,000
zurich_connect#445#2010-04-01#moto#5#100#moto#moto#si#100#persona fisica#m#34#BO#40100#BOLOGNA#5#NO#FARMACISTA#m#34#BO#40100#BOLOGNA#veicolo già assicurato con atr#No#No#BM#13#0#0#0#0#0#0#0#0#3,000,000
zurich_connect#446#2010-04-01#moto#5#100#moto#moto#si#100#persona fisica#m#34#BO#40100#BOLOGNA#5#NO#FUNZIONARIO#m#34#BO#40100#BOLOGNA#veicolo già assicurato con atr#No#No#BM#13#0#0#0#0#0#0#0#0#3,000,000
zurich_connect#447#2010-04-01#moto#5#100#moto#moto#si#100#persona fisica#m#34#BO#40100#BOLOGNA#5#NO#GEOMETRA#m#34#BO#40100#BOLOGNA#veicolo già assicurato con atr#No#No#BM#13#0#0#0#0#0#0#0#0#3,000,000
zurich_connect#448#2010-04-01#moto#5#100#moto#moto#si#100#persona fisica#m#34#BO#40100#BOLOGNA#5#NO#IMPIEGATO / QUADRO#m#34#BO#40100#BOLOGNA#veicolo già assicurato con atr#No#No#BM#13#0#0#0#0#0#0#0#0#3,000,000
zurich_connect#449#2010-04-01#moto#5#100#moto#moto#si#100#persona fisica#m#34#BO#40100#BOLOGNA#5#NO#IMPRENDITORE (GENERICO)#m#34#BO#40100#BOLOGNA#veicolo già assicurato con atr#No#No#BM#13#0#0#0#0#0#0#0#0#3,000,000
zurich_connect#450#2010-04-01#moto#5#100#moto#moto#si#100#persona fisica#m#34#BO#40100#BOLOGNA#5#NO#INGEGNERE#m#34#BO#40100#BOLOGNA#veicolo già assicurato con atr#No#No#BM#13#0#0#0#0#0#0#0#0#3,000,000
zurich_connect#451#2010-04-01#moto#5#100#moto#moto#si#100#persona fisica#m#34#BO#40100#BOLOGNA#5#NO#DOCENTE / INSEGNANTE#m#34#BO#40100#BOLOGNA#veicolo già assicurato con atr#No#No#BM#13#0#0#0#0#0#0#0#0#3,000,000
zurich_connect#452#2010-04-01#moto#5#100#moto#moto#si#100#persona fisica#m#34#BO#40100#BOLOGNA#5#NO#MAGISTRATO#m#34#BO#40100#BOLOGNA#veicolo già assicurato con atr#No#No#BM#13#0#0#0#0#0#0#0#0#3,000,000
zurich_connect#453#2010-04-01#moto#5#100#moto#moto#si#100#persona fisica#m#34#BO#40100#BOLOGNA#5#NO#MEDICO#m#34#BO#40100#BOLOGNA#veicolo già assicurato con atr#No#No#BM#13#0#0#0#0#0#0#0#0#3,000,000
zurich_connect#454#2010-04-01#moto#5#100#moto#moto#si#100#persona fisica#m#34#BO#40100#BOLOGNA#5#NO#MILITARE O ASSIMILATO#m#34#BO#40100#BOLOGNA#veicolo già assicurato con atr#No#No#BM#13#0#0#0#0#0#0#0#0#3,000,000
zurich_connect#455#2010-04-01#moto#5#100#moto#moto#si#100#persona fisica#m#34#BO#40100#BOLOGNA#5#NO#OPERAIO#m#34#BO#40100#BOLOGNA#veicolo già assicurato con atr#No#No#BM#13#0#0#0#0#0#0#0#0#3,000,000
zurich_connect#456#2010-04-01#moto#5#100#moto#moto#si#100#persona fisica#m#34#BO#40100#BOLOGNA#5#NO#PENSIONATA /O#m#34#BO#40100#BOLOGNA#veicolo già assicurato con atr#No#No#BM#13#0#0#0#0#0#0#0#0#3,000,000
zurich_connect#457#2010-04-01#moto#5#100#moto#moto#si#100#persona fisica#m#34#BO#40100#BOLOGNA#5#NO#LIBERO PROFESSIONISTA#m#34#BO#40100#BOLOGNA#veicolo già assicurato con atr#No#No#BM#13#0#0#0#0#0#0#0#0#3,000,000
zurich_connect#458#2010-04-01#moto#5#100#moto#moto#si#100#persona fisica#m#34#BO#40100#BOLOGNA#5#NO#PROMOTORE FINANZIARIO#m#34#BO#40100#BOLOGNA#veicolo già assicurato con atr#No#No#BM#13#0#0#0#0#0#0#0#0#3,000,000
zurich_connect#459#2010-04-01#moto#5#100#moto#moto#si#100#persona fisica#m#34#BO#40100#BOLOGNA#5#NO#RAPPRESENTANTE#m#34#BO#40100#BOLOGNA#veicolo già assicurato con atr#No#No#BM#13#0#0#0#0#0#0#0#0#3,000,000
zurich_connect#460#2010-04-01#moto#5#100#moto#moto#si#100#persona fisica#m#34#BO#40100#BOLOGNA#5#NO#STUDENTE#m#34#BO#40100#BOLOGNA#veicolo già assicurato con atr#No#No#BM#13#0#0#0#0#0#0#0#0#3,000,000
zurich_connect#461#2010-04-01#moto#0#100#moto#moto#si#100#persona fisica#m#34#BO#40100#BOLOGNA#5#NO#IMPIEGATO#m#34#BO#40100#BOLOGNA#veicolo già assicurato con atr#No#No#BM#13#0#0#0#0#0#0#0#0#3,000,000
zurich_connect#462#2010-04-01#moto#1#100#moto#moto#si#100#persona fisica#m#34#BO#40100#BOLOGNA#5#NO#IMPIEGATO#m#34#BO#40100#BOLOGNA#veicolo già assicurato con atr#No#No#BM#13#0#0#0#0#0#0#0#0#3,000,000
zurich_connect#463#2010-04-01#moto#2#100#moto#moto#si#100#persona fisica#m#34#BO#40100#BOLOGNA#5#NO#IMPIEGATO#m#34#BO#40100#BOLOGNA#veicolo già assicurato con atr#No#No#BM#13#0#0#0#0#0#0#0#0#3,000,000
zurich_connect#464#2010-04-01#moto#3#100#moto#moto#si#100#persona fisica#m#34#BO#40100#BOLOGNA#5#NO#IMPIEGATO#m#34#BO#40100#BOLOGNA#veicolo già assicurato con atr#No#No#BM#13#0#0#0#0#0#0#0#0#3,000,000
zurich_connect#465#2010-04-01#moto#4#100#moto#moto#si#100#persona fisica#m#34#BO#40100#BOLOGNA#5#NO#IMPIEGATO#m#34#BO#40100#BOLOGNA#veicolo già assicurato con atr#No#No#BM#13#0#0#0#0#0#0#0#0#3,000,000
zurich_connect#466#2010-04-01#moto#5#100#moto#moto#si#100#persona fisica#m#34#BO#40100#BOLOGNA#5#NO#IMPIEGATO#m#34#BO#40100#BOLOGNA#veicolo già assicurato con atr#No#No#BM#13#0#0#0#0#0#0#0#0#3,000,000
zurich_connect#467#2010-04-01#moto#6#100#moto#moto#si#100#persona fisica#m#34#BO#40100#BOLOGNA#5#NO#IMPIEGATO#m#34#BO#40100#BOLOGNA#veicolo già assicurato con atr#No#No#BM#13#0#0#0#0#0#0#0#0#3,000,000
zurich_connect#468#2010-04-01#moto#7#100#moto#moto#si#100#persona fisica#m#34#BO#40100#BOLOGNA#5#NO#IMPIEGATO#m#34#BO#40100#BOLOGNA#veicolo già assicurato con atr#No#No#BM#13#0#0#0#0#0#0#0#0#3,000,000
zurich_connect#469#2010-04-01#moto#8#100#moto#moto#si#100#persona fisica#m#34#BO#40100#BOLOGNA#5#NO#IMPIEGATO#m#34#BO#40100#BOLOGNA#veicolo già assicurato con atr#No#No#BM#13#0#0#0#0#0#0#0#0#3,000,000
zurich_connect#470#2010-04-01#moto#9#100#moto#moto#si#100#persona fisica#m#34#BO#40100#BOLOGNA#5#NO#IMPIEGATO#m#34#BO#40100#BOLOGNA#veicolo già assicurato con atr#No#No#BM#13#0#0#0#0#0#0#0#0#3,000,000
zurich_connect#471#2010-04-01#moto#10#100#moto#moto#si#100#persona fisica#m#34#BO#40100#BOLOGNA#5#NO#IMPIEGATO#m#34#BO#40100#BOLOGNA#veicolo già assicurato con atr#No#No#BM#13#0#0#0#0#0#0#0#0#3,000,000
