Conte - Moto#1#2010-04-15#Honda#3#100#SH 125 I#I#si#125#Persona fisica#M#40#AGRIGENTO#92100#AGRIGENTO#3#SI#Impiegato#M#40#AGRIGENTO#92100#AGRIGENTO#veicolo già assicurato con atr#No#No#BM#14#0#0#0#0#0#0#0#0#2,500,000
Conte - Moto#2#2010-04-15#Honda#3#100#SH 125 I#I#si#125#Persona fisica#M#40#ALESSANDRIA#15100#ALESSANDRIA#3#SI#Impiegato#M#40#ALESSANDRIA#15100#ALESSANDRIA#veicolo già assicurato con atr#No#No#BM#14#0#0#0#0#0#0#0#0#2,500,000
Conte - Moto#3#2010-04-15#Honda#3#100#SH 125 I#I#si#125#Persona fisica#M#40#ANCONA#60100#ANCONA#3#SI#Impiegato#M#40#ANCONA#60100#ANCONA#veicolo già assicurato con atr#No#No#BM#14#0#0#0#0#0#0#0#0#2,500,000
Conte - Moto#4#2010-04-15#Honda#3#100#SH 125 I#I#si#125#Persona fisica#M#40#AOSTA#11100#AOSTA#3#SI#Impiegato#M#40#AOSTA#11100#AOSTA#veicolo già assicurato con atr#No#No#BM#14#0#0#0#0#0#0#0#0#2,500,000
Conte - Moto#5#2010-04-15#Honda#3#100#SH 125 I#I#si#125#Persona fisica#M#40#ASCOLI PICENO#63100#ASCOLI PICENO#3#SI#Impiegato#M#40#ASCOLI PICENO#63100#ASCOLI PICENO#veicolo già assicurato con atr#No#No#BM#14#0#0#0#0#0#0#0#0#2,500,000
Conte - Moto#6#2010-04-15#Honda#3#100#SH 125 I#I#si#125#Persona fisica#M#40#L'AQUILA#67100#L'AQUILA#3#SI#Impiegato#M#40#L'AQUILA#67100#L'AQUILA#veicolo già assicurato con atr#No#No#BM#14#0#0#0#0#0#0#0#0#2,500,000
Conte - Moto#7#2010-04-15#Honda#3#100#SH 125 I#I#si#125#Persona fisica#M#40#AREZZO#52100#AREZZO#3#SI#Impiegato#M#40#AREZZO#52100#AREZZO#veicolo già assicurato con atr#No#No#BM#14#0#0#0#0#0#0#0#0#2,500,000
Conte - Moto#8#2010-04-15#Honda#3#100#SH 125 I#I#si#125#Persona fisica#M#40#ASTI#14100#ASTI#3#SI#Impiegato#M#40#ASTI#14100#ASTI#veicolo già assicurato con atr#No#No#BM#14#0#0#0#0#0#0#0#0#2,500,000
Conte - Moto#9#2010-04-15#Honda#3#100#SH 125 I#I#si#125#Persona fisica#M#40#AVELLINO#83100#AVELLINO#3#SI#Impiegato#M#40#AVELLINO#83100#AVELLINO#veicolo già assicurato con atr#No#No#BM#14#0#0#0#0#0#0#0#0#2,500,000
Conte - Moto#10#2010-04-15#Honda#3#100#SH 125 I#I#si#125#Persona fisica#M#40#BARI#70121#BARI#3#SI#Impiegato#M#40#BARI#70121#BARI#veicolo già assicurato con atr#No#No#BM#14#0#0#0#0#0#0#0#0#2,500,000
Conte - Moto#11#2010-04-15#Honda#3#100#SH 125 I#I#si#125#Persona fisica#M#40#BERGAMO#24121#BERGAMO#3#SI#Impiegato#M#40#BERGAMO#24121#BERGAMO#veicolo già assicurato con atr#No#No#BM#14#0#0#0#0#0#0#0#0#2,500,000
Conte - Moto#12#2010-04-15#Honda#3#100#SH 125 I#I#si#125#Persona fisica#M#40#BIELLA#13900#BIELLA#3#SI#Impiegato#M#40#BIELLA#13900#BIELLA#veicolo già assicurato con atr#No#No#BM#14#0#0#0#0#0#0#0#0#2,500,000
Conte - Moto#13#2010-04-15#Honda#3#100#SH 125 I#I#si#125#Persona fisica#M#40#BELLUNO#32100#BELLUNO#3#SI#Impiegato#M#40#BELLUNO#32100#BELLUNO#veicolo già assicurato con atr#No#No#BM#14#0#0#0#0#0#0#0#0#2,500,000
Conte - Moto#14#2010-04-15#Honda#3#100#SH 125 I#I#si#125#Persona fisica#M#40#BENEVENTO#82100#BENEVENTO#3#SI#Impiegato#M#40#BENEVENTO#82100#BENEVENTO#veicolo già assicurato con atr#No#No#BM#14#0#0#0#0#0#0#0#0#2,500,000
Conte - Moto#15#2010-04-15#Honda#3#100#SH 125 I#I#si#125#Persona fisica#M#40#BOLOGNA#40121#BOLOGNA#3#SI#Impiegato#M#40#BOLOGNA#40121#BOLOGNA#veicolo già assicurato con atr#No#No#BM#14#0#0#0#0#0#0#0#0#2,500,000
Conte - Moto#16#2010-04-15#Honda#3#100#SH 125 I#I#si#125#Persona fisica#M#40#BRINDISI#72100#BRINDISI#3#SI#Impiegato#M#40#BRINDISI#72100#BRINDISI#veicolo già assicurato con atr#No#No#BM#14#0#0#0#0#0#0#0#0#2,500,000
Conte - Moto#17#2010-04-15#Honda#3#100#SH 125 I#I#si#125#Persona fisica#M#40#BRESCIA#25121#BRESCIA#3#SI#Impiegato#M#40#BRESCIA#25121#BRESCIA#veicolo già assicurato con atr#No#No#BM#14#0#0#0#0#0#0#0#0#2,500,000
Conte - Moto#18#2010-04-15#Honda#3#100#SH 125 I#I#si#125#Persona fisica#M#40#BOLZANO#39100#BOLZANO#3#SI#Impiegato#M#40#BOLZANO#39100#BOLZANO#veicolo già assicurato con atr#No#No#BM#14#0#0#0#0#0#0#0#0#2,500,000
Conte - Moto#19#2010-04-15#Honda#3#100#SH 125 I#I#si#125#Persona fisica#M#40#CAGLIARI#09100#CAGLIARI#3#SI#Impiegato#M#40#CAGLIARI#09100#CAGLIARI#veicolo già assicurato con atr#No#No#BM#14#0#0#0#0#0#0#0#0#2,500,000
Conte - Moto#20#2010-04-15#Honda#3#100#SH 125 I#I#si#125#Persona fisica#M#40#CAMPOBASSO#86100#CAMPOBASSO#3#SI#Impiegato#M#40#CAMPOBASSO#86100#CAMPOBASSO#veicolo già assicurato con atr#No#No#BM#14#0#0#0#0#0#0#0#0#2,500,000
Conte - Moto#21#2010-04-15#Honda#3#100#SH 125 I#I#si#125#Persona fisica#M#40#CASERTA#81100#CASERTA#3#SI#Impiegato#M#40#CASERTA#81100#CASERTA#veicolo già assicurato con atr#No#No#BM#14#0#0#0#0#0#0#0#0#2,500,000
Conte - Moto#22#2010-04-15#Honda#3#100#SH 125 I#I#si#125#Persona fisica#M#40#CHIETI#66100#CHIETI#3#SI#Impiegato#M#40#CHIETI#66100#CHIETI#veicolo già assicurato con atr#No#No#BM#14#0#0#0#0#0#0#0#0#2,500,000
Conte - Moto#23#2010-04-15#Honda#3#100#SH 125 I#I#si#125#Persona fisica#M#40#CALTANISSETTA#93100#CALTANISSETTA#3#SI#Impiegato#M#40#CALTANISSETTA#93100#CALTANISSETTA#veicolo già assicurato con atr#No#No#BM#14#0#0#0#0#0#0#0#0#2,500,000
Conte - Moto#24#2010-04-15#Honda#3#100#SH 125 I#I#si#125#Persona fisica#M#40#CUNEO#12100#CUNEO#3#SI#Impiegato#M#40#CUNEO#12100#CUNEO#veicolo già assicurato con atr#No#No#BM#14#0#0#0#0#0#0#0#0#2,500,000
Conte - Moto#25#2010-04-15#Honda#3#100#SH 125 I#I#si#125#Persona fisica#M#40#COMO#22100#COMO#3#SI#Impiegato#M#40#COMO#22100#COMO#veicolo già assicurato con atr#No#No#BM#14#0#0#0#0#0#0#0#0#2,500,000
Conte - Moto#26#2010-04-15#Honda#3#100#SH 125 I#I#si#125#Persona fisica#M#40#CREMONA#26100#CREMONA#3#SI#Impiegato#M#40#CREMONA#26100#CREMONA#veicolo già assicurato con atr#No#No#BM#14#0#0#0#0#0#0#0#0#2,500,000
Conte - Moto#27#2010-04-15#Honda#3#100#SH 125 I#I#si#125#Persona fisica#M#40#COSENZA#87100#COSENZA#3#SI#Impiegato#M#40#COSENZA#87100#COSENZA#veicolo già assicurato con atr#No#No#BM#14#0#0#0#0#0#0#0#0#2,500,000
Conte - Moto#28#2010-04-15#Honda#3#100#SH 125 I#I#si#125#Persona fisica#M#40#CATANIA#95100#CATANIA#3#SI#Impiegato#M#40#CATANIA#95100#CATANIA#veicolo già assicurato con atr#No#No#BM#14#0#0#0#0#0#0#0#0#2,500,000
Conte - Moto#29#2010-04-15#Honda#3#100#SH 125 I#I#si#125#Persona fisica#M#40#CATANZARO#88100#CATANZARO#3#SI#Impiegato#M#40#CATANZARO#88100#CATANZARO#veicolo già assicurato con atr#No#No#BM#14#0#0#0#0#0#0#0#0#2,500,000
Conte - Moto#30#2010-04-15#Honda#3#100#SH 125 I#I#si#125#Persona fisica#M#40#ENNA#94100#ENNA#3#SI#Impiegato#M#40#ENNA#94100#ENNA#veicolo già assicurato con atr#No#No#BM#14#0#0#0#0#0#0#0#0#2,500,000
Conte - Moto#31#2010-04-15#Honda#3#100#SH 125 I#I#si#125#Persona fisica#M#40#FERRARA#44100#FERRARA#3#SI#Impiegato#M#40#FERRARA#44100#FERRARA#veicolo già assicurato con atr#No#No#BM#14#0#0#0#0#0#0#0#0#2,500,000
Conte - Moto#32#2010-04-15#Honda#3#100#SH 125 I#I#si#125#Persona fisica#M#40#FOGGIA#71100#FOGGIA#3#SI#Impiegato#M#40#FOGGIA#71100#FOGGIA#veicolo già assicurato con atr#No#No#BM#14#0#0#0#0#0#0#0#0#2,500,000
Conte - Moto#33#2010-04-15#Honda#3#100#SH 125 I#I#si#125#Persona fisica#M#40#FIRENZE#50100#FIRENZE#3#SI#Impiegato#M#40#FIRENZE#50100#FIRENZE#veicolo già assicurato con atr#No#No#BM#14#0#0#0#0#0#0#0#0#2,500,000
Conte - Moto#34#2010-04-15#Honda#3#100#SH 125 I#I#si#125#Persona fisica#M#40#FORLI' E CESENA#47100#FORLI'#3#SI#Impiegato#M#40#FORLI' E CESENA#47100#FORLI'#veicolo già assicurato con atr#No#No#BM#14#0#0#0#0#0#0#0#0#2,500,000
Conte - Moto#35#2010-04-15#Honda#3#100#SH 125 I#I#si#125#Persona fisica#M#40#FROSINONE#03100#FROSINONE#3#SI#Impiegato#M#40#FROSINONE#03100#FROSINONE#veicolo già assicurato con atr#No#No#BM#14#0#0#0#0#0#0#0#0#2,500,000
Conte - Moto#36#2010-04-15#Honda#3#100#SH 125 I#I#si#125#Persona fisica#M#40#GENOVA#16100#GENOVA#3#SI#Impiegato#M#40#GENOVA#16100#GENOVA#veicolo già assicurato con atr#No#No#BM#14#0#0#0#0#0#0#0#0#2,500,000
Conte - Moto#37#2010-04-15#Honda#3#100#SH 125 I#I#si#125#Persona fisica#M#40#GORIZIA#34170#GORIZIA#3#SI#Impiegato#M#40#GORIZIA#34170#GORIZIA#veicolo già assicurato con atr#No#No#BM#14#0#0#0#0#0#0#0#0#2,500,000
Conte - Moto#38#2010-04-15#Honda#3#100#SH 125 I#I#si#125#Persona fisica#M#40#GROSSETO#58100#GROSSETO#3#SI#Impiegato#M#40#GROSSETO#58100#GROSSETO#veicolo già assicurato con atr#No#No#BM#14#0#0#0#0#0#0#0#0#2,500,000
Conte - Moto#39#2010-04-15#Honda#3#100#SH 125 I#I#si#125#Persona fisica#M#40#IMPERIA#18100#IMPERIA#3#SI#Impiegato#M#40#IMPERIA#18100#IMPERIA#veicolo già assicurato con atr#No#No#BM#14#0#0#0#0#0#0#0#0#2,500,000
Conte - Moto#40#2010-04-15#Honda#3#100#SH 125 I#I#si#125#Persona fisica#M#40#ISERNIA#86170#ISERNIA#3#SI#Impiegato#M#40#ISERNIA#86170#ISERNIA#veicolo già assicurato con atr#No#No#BM#14#0#0#0#0#0#0#0#0#2,500,000
Conte - Moto#41#2010-04-15#Honda#3#100#SH 125 I#I#si#125#Persona fisica#M#40#CROTONE#88900#CROTONE#3#SI#Impiegato#M#40#CROTONE#88900#CROTONE#veicolo già assicurato con atr#No#No#BM#14#0#0#0#0#0#0#0#0#2,500,000
Conte - Moto#42#2010-04-15#Honda#3#100#SH 125 I#I#si#125#Persona fisica#M#40#LECCO#23900#LECCO#3#SI#Impiegato#M#40#LECCO#23900#LECCO#veicolo già assicurato con atr#No#No#BM#14#0#0#0#0#0#0#0#0#2,500,000
Conte - Moto#43#2010-04-15#Honda#3#100#SH 125 I#I#si#125#Persona fisica#M#40#LECCE#73100#LECCE#3#SI#Impiegato#M#40#LECCE#73100#LECCE#veicolo già assicurato con atr#No#No#BM#14#0#0#0#0#0#0#0#0#2,500,000
Conte - Moto#44#2010-04-15#Honda#3#100#SH 125 I#I#si#125#Persona fisica#M#40#LIVORNO#57100#LIVORNO#3#SI#Impiegato#M#40#LIVORNO#57100#LIVORNO#veicolo già assicurato con atr#No#No#BM#14#0#0#0#0#0#0#0#0#2,500,000
Conte - Moto#45#2010-04-15#Honda#3#100#SH 125 I#I#si#125#Persona fisica#M#40#LODI#26900#LODI#3#SI#Impiegato#M#40#LODI#26900#LODI#veicolo già assicurato con atr#No#No#BM#14#0#0#0#0#0#0#0#0#2,500,000
Conte - Moto#46#2010-04-15#Honda#3#100#SH 125 I#I#si#125#Persona fisica#M#40#LATINA#04100#LATINA#3#SI#Impiegato#M#40#LATINA#04100#LATINA#veicolo già assicurato con atr#No#No#BM#14#0#0#0#0#0#0#0#0#2,500,000
Conte - Moto#47#2010-04-15#Honda#3#100#SH 125 I#I#si#125#Persona fisica#M#40#LUCCA#55100#LUCCA#3#SI#Impiegato#M#40#LUCCA#55100#LUCCA#veicolo già assicurato con atr#No#No#BM#14#0#0#0#0#0#0#0#0#2,500,000
Conte - Moto#48#2010-04-15#Honda#3#100#SH 125 I#I#si#125#Persona fisica#M#40#MACERATA#62100#MACERATA#3#SI#Impiegato#M#40#MACERATA#62100#MACERATA#veicolo già assicurato con atr#No#No#BM#14#0#0#0#0#0#0#0#0#2,500,000
Conte - Moto#49#2010-04-15#Honda#3#100#SH 125 I#I#si#125#Persona fisica#M#40#MESSINA#98100#MESSINA#3#SI#Impiegato#M#40#MESSINA#98100#MESSINA#veicolo già assicurato con atr#No#No#BM#14#0#0#0#0#0#0#0#0#2,500,000
Conte - Moto#50#2010-04-15#Honda#3#100#SH 125 I#I#si#125#Persona fisica#M#40#MILANO#20100#MILANO#3#SI#Impiegato#M#40#MILANO#20100#MILANO#veicolo già assicurato con atr#No#No#BM#14#0#0#0#0#0#0#0#0#2,500,000
Conte - Moto#51#2010-04-15#Honda#3#100#SH 125 I#I#si#125#Persona fisica#M#40#MANTOVA#46100#MANTOVA#3#SI#Impiegato#M#40#MANTOVA#46100#MANTOVA#veicolo già assicurato con atr#No#No#BM#14#0#0#0#0#0#0#0#0#2,500,000
Conte - Moto#52#2010-04-15#Honda#3#100#SH 125 I#I#si#125#Persona fisica#M#40#MODENA#41100#MODENA#3#SI#Impiegato#M#40#MODENA#41100#MODENA#veicolo già assicurato con atr#No#No#BM#14#0#0#0#0#0#0#0#0#2,500,000
Conte - Moto#53#2010-04-15#Honda#3#100#SH 125 I#I#si#125#Persona fisica#M#40#MASSA CARRARA#54100#MASSA#3#SI#Impiegato#M#40#MASSA CARRARA#54100#MASSA#veicolo già assicurato con atr#No#No#BM#14#0#0#0#0#0#0#0#0#2,500,000
Conte - Moto#54#2010-04-15#Honda#3#100#SH 125 I#I#si#125#Persona fisica#M#40#MATERA#75100#MATERA#3#SI#Impiegato#M#40#MATERA#75100#MATERA#veicolo già assicurato con atr#No#No#BM#14#0#0#0#0#0#0#0#0#2,500,000
Conte - Moto#55#2010-04-15#Honda#3#100#SH 125 I#I#si#125#Persona fisica#M#40#NAPOLI#80121#NAPOLI#3#SI#Impiegato#M#40#NAPOLI#80121#NAPOLI#veicolo già assicurato con atr#No#No#BM#14#0#0#0#0#0#0#0#0#2,500,000
Conte - Moto#56#2010-04-15#Honda#3#100#SH 125 I#I#si#125#Persona fisica#M#40#NOVARA#28100#NOVARA#3#SI#Impiegato#M#40#NOVARA#28100#NOVARA#veicolo già assicurato con atr#No#No#BM#14#0#0#0#0#0#0#0#0#2,500,000
Conte - Moto#57#2010-04-15#Honda#3#100#SH 125 I#I#si#125#Persona fisica#M#40#NUORO#08100#NUORO#3#SI#Impiegato#M#40#NUORO#08100#NUORO#veicolo già assicurato con atr#No#No#BM#14#0#0#0#0#0#0#0#0#2,500,000
Conte - Moto#58#2010-04-15#Honda#3#100#SH 125 I#I#si#125#Persona fisica#M#40#ORISTANO#09170#ORISTANO#3#SI#Impiegato#M#40#ORISTANO#09170#ORISTANO#veicolo già assicurato con atr#No#No#BM#14#0#0#0#0#0#0#0#0#2,500,000
Conte - Moto#59#2010-04-15#Honda#3#100#SH 125 I#I#si#125#Persona fisica#M#40#PALERMO#90100#PALERMO#3#SI#Impiegato#M#40#PALERMO#90100#PALERMO#veicolo già assicurato con atr#No#No#BM#14#0#0#0#0#0#0#0#0#2,500,000
Conte - Moto#60#2010-04-15#Honda#3#100#SH 125 I#I#si#125#Persona fisica#M#40#PIACENZA#29100#PIACENZA#3#SI#Impiegato#M#40#PIACENZA#29100#PIACENZA#veicolo già assicurato con atr#No#No#BM#14#0#0#0#0#0#0#0#0#2,500,000
Conte - Moto#61#2010-04-15#Honda#3#100#SH 125 I#I#si#125#Persona fisica#M#40#PADOVA#35121#PADOVA#3#SI#Impiegato#M#40#PADOVA#35121#PADOVA#veicolo già assicurato con atr#No#No#BM#14#0#0#0#0#0#0#0#0#2,500,000
Conte - Moto#62#2010-04-15#Honda#3#100#SH 125 I#I#si#125#Persona fisica#M#40#PESCARA#65100#PESCARA#3#SI#Impiegato#M#40#PESCARA#65100#PESCARA#veicolo già assicurato con atr#No#No#BM#14#0#0#0#0#0#0#0#0#2,500,000
Conte - Moto#63#2010-04-15#Honda#3#100#SH 125 I#I#si#125#Persona fisica#M#40#PERUGIA#06100#PERUGIA#3#SI#Impiegato#M#40#PERUGIA#06100#PERUGIA#veicolo già assicurato con atr#No#No#BM#14#0#0#0#0#0#0#0#0#2,500,000
Conte - Moto#64#2010-04-15#Honda#3#100#SH 125 I#I#si#125#Persona fisica#M#40#PISA#56100#PISA#3#SI#Impiegato#M#40#PISA#56100#PISA#veicolo già assicurato con atr#No#No#BM#14#0#0#0#0#0#0#0#0#2,500,000
Conte - Moto#65#2010-04-15#Honda#3#100#SH 125 I#I#si#125#Persona fisica#M#40#PORDENONE#33170#PORDENONE#3#SI#Impiegato#M#40#PORDENONE#33170#PORDENONE#veicolo già assicurato con atr#No#No#BM#14#0#0#0#0#0#0#0#0#2,500,000
Conte - Moto#66#2010-04-15#Honda#3#100#SH 125 I#I#si#125#Persona fisica#M#40#PRATO#59100#PRATO#3#SI#Impiegato#M#40#PRATO#59100#PRATO#veicolo già assicurato con atr#No#No#BM#14#0#0#0#0#0#0#0#0#2,500,000
Conte - Moto#67#2010-04-15#Honda#3#100#SH 125 I#I#si#125#Persona fisica#M#40#PARMA#43100#PARMA#3#SI#Impiegato#M#40#PARMA#43100#PARMA#veicolo già assicurato con atr#No#No#BM#14#0#0#0#0#0#0#0#0#2,500,000
Conte - Moto#68#2010-04-15#Honda#3#100#SH 125 I#I#si#125#Persona fisica#M#40#PESARO E URBINO#61100#PESARO#3#SI#Impiegato#M#40#PESARO E URBINO#61100#PESARO#veicolo già assicurato con atr#No#No#BM#14#0#0#0#0#0#0#0#0#2,500,000
Conte - Moto#69#2010-04-15#Honda#3#100#SH 125 I#I#si#125#Persona fisica#M#40#PISTOIA#51100#PISTOIA#3#SI#Impiegato#M#40#PISTOIA#51100#PISTOIA#veicolo già assicurato con atr#No#No#BM#14#0#0#0#0#0#0#0#0#2,500,000
Conte - Moto#70#2010-04-15#Honda#3#100#SH 125 I#I#si#125#Persona fisica#M#40#PAVIA#27100#PAVIA#3#SI#Impiegato#M#40#PAVIA#27100#PAVIA#veicolo già assicurato con atr#No#No#BM#14#0#0#0#0#0#0#0#0#2,500,000
Conte - Moto#71#2010-04-15#Honda#3#100#SH 125 I#I#si#125#Persona fisica#M#40#POTENZA#85100#POTENZA#3#SI#Impiegato#M#40#POTENZA#85100#POTENZA#veicolo già assicurato con atr#No#No#BM#14#0#0#0#0#0#0#0#0#2,500,000
Conte - Moto#72#2010-04-15#Honda#3#100#SH 125 I#I#si#125#Persona fisica#M#40#RAVENNA#48100#RAVENNA#3#SI#Impiegato#M#40#RAVENNA#48100#RAVENNA#veicolo già assicurato con atr#No#No#BM#14#0#0#0#0#0#0#0#0#2,500,000
Conte - Moto#73#2010-04-15#Honda#3#100#SH 125 I#I#si#125#Persona fisica#M#40#REGGIO CALABRIA#89100#REGGIO CALABRIA#3#SI#Impiegato#M#40#REGGIO CALABRIA#89100#REGGIO CALABRIA#veicolo già assicurato con atr#No#No#BM#14#0#0#0#0#0#0#0#0#2,500,000
Conte - Moto#74#2010-04-15#Honda#3#100#SH 125 I#I#si#125#Persona fisica#M#40#REGGIO EMILIA#42100#REGGIO EMILIA#3#SI#Impiegato#M#40#REGGIO EMILIA#42100#REGGIO EMILIA#veicolo già assicurato con atr#No#No#BM#14#0#0#0#0#0#0#0#0#2,500,000
Conte - Moto#75#2010-04-15#Honda#3#100#SH 125 I#I#si#125#Persona fisica#M#40#RAGUSA#97100#RAGUSA#3#SI#Impiegato#M#40#RAGUSA#97100#RAGUSA#veicolo già assicurato con atr#No#No#BM#14#0#0#0#0#0#0#0#0#2,500,000
Conte - Moto#76#2010-04-15#Honda#3#100#SH 125 I#I#si#125#Persona fisica#M#40#RIETI#02100#RIETI#3#SI#Impiegato#M#40#RIETI#02100#RIETI#veicolo già assicurato con atr#No#No#BM#14#0#0#0#0#0#0#0#0#2,500,000
Conte - Moto#77#2010-04-15#Honda#3#100#SH 125 I#I#si#125#Persona fisica#M#40#ROMA#00100#ROMA#3#SI#Impiegato#M#40#ROMA#00100#ROMA#veicolo già assicurato con atr#No#No#BM#14#0#0#0#0#0#0#0#0#2,500,000
Conte - Moto#78#2010-04-15#Honda#3#100#SH 125 I#I#si#125#Persona fisica#M#40#RIMINI#47900#RIMINI#3#SI#Impiegato#M#40#RIMINI#47900#RIMINI#veicolo già assicurato con atr#No#No#BM#14#0#0#0#0#0#0#0#0#2,500,000
Conte - Moto#79#2010-04-15#Honda#3#100#SH 125 I#I#si#125#Persona fisica#M#40#ROVIGO#45100#ROVIGO#3#SI#Impiegato#M#40#ROVIGO#45100#ROVIGO#veicolo già assicurato con atr#No#No#BM#14#0#0#0#0#0#0#0#0#2,500,000
Conte - Moto#80#2010-04-15#Honda#3#100#SH 125 I#I#si#125#Persona fisica#M#40#SALERNO#84121#SALERNO#3#SI#Impiegato#M#40#SALERNO#84121#SALERNO#veicolo già assicurato con atr#No#No#BM#14#0#0#0#0#0#0#0#0#2,500,000
Conte - Moto#81#2010-04-15#Honda#3#100#SH 125 I#I#si#125#Persona fisica#M#40#SIENA#53100#SIENA#3#SI#Impiegato#M#40#SIENA#53100#SIENA#veicolo già assicurato con atr#No#No#BM#14#0#0#0#0#0#0#0#0#2,500,000
Conte - Moto#82#2010-04-15#Honda#3#100#SH 125 I#I#si#125#Persona fisica#M#40#SONDRIO#23100#SONDRIO#3#SI#Impiegato#M#40#SONDRIO#23100#SONDRIO#veicolo già assicurato con atr#No#No#BM#14#0#0#0#0#0#0#0#0#2,500,000
Conte - Moto#83#2010-04-15#Honda#3#100#SH 125 I#I#si#125#Persona fisica#M#40#LA SPEZIA#19121#LA SPEZIA#3#SI#Impiegato#M#40#LA SPEZIA#19121#LA SPEZIA#veicolo già assicurato con atr#No#No#BM#14#0#0#0#0#0#0#0#0#2,500,000
Conte - Moto#84#2010-04-15#Honda#3#100#SH 125 I#I#si#125#Persona fisica#M#40#SIRACUSA#96100#SIRACUSA#3#SI#Impiegato#M#40#SIRACUSA#96100#SIRACUSA#veicolo già assicurato con atr#No#No#BM#14#0#0#0#0#0#0#0#0#2,500,000
Conte - Moto#85#2010-04-15#Honda#3#100#SH 125 I#I#si#125#Persona fisica#M#40#SASSARI#07100#SASSARI#3#SI#Impiegato#M#40#SASSARI#07100#SASSARI#veicolo già assicurato con atr#No#No#BM#14#0#0#0#0#0#0#0#0#2,500,000
Conte - Moto#86#2010-04-15#Honda#3#100#SH 125 I#I#si#125#Persona fisica#M#40#SAVONA#17100#SAVONA#3#SI#Impiegato#M#40#SAVONA#17100#SAVONA#veicolo già assicurato con atr#No#No#BM#14#0#0#0#0#0#0#0#0#2,500,000
Conte - Moto#87#2010-04-15#Honda#3#100#SH 125 I#I#si#125#Persona fisica#M#40#TARANTO#74100#TARANTO#3#SI#Impiegato#M#40#TARANTO#74100#TARANTO#veicolo già assicurato con atr#No#No#BM#14#0#0#0#0#0#0#0#0#2,500,000
Conte - Moto#88#2010-04-15#Honda#3#100#SH 125 I#I#si#125#Persona fisica#M#40#TERAMO#64100#TERAMO#3#SI#Impiegato#M#40#TERAMO#64100#TERAMO#veicolo già assicurato con atr#No#No#BM#14#0#0#0#0#0#0#0#0#2,500,000
Conte - Moto#89#2010-04-15#Honda#3#100#SH 125 I#I#si#125#Persona fisica#M#40#TRENTO#38100#TRENTO#3#SI#Impiegato#M#40#TRENTO#38100#TRENTO#veicolo già assicurato con atr#No#No#BM#14#0#0#0#0#0#0#0#0#2,500,000
Conte - Moto#90#2010-04-15#Honda#3#100#SH 125 I#I#si#125#Persona fisica#M#40#TORINO#10121#TORINO#3#SI#Impiegato#M#40#TORINO#10121#TORINO#veicolo già assicurato con atr#No#No#BM#14#0#0#0#0#0#0#0#0#2,500,000
Conte - Moto#91#2010-04-15#Honda#3#100#SH 125 I#I#si#125#Persona fisica#M#40#TRAPANI#91100#TRAPANI#3#SI#Impiegato#M#40#TRAPANI#91100#TRAPANI#veicolo già assicurato con atr#No#No#BM#14#0#0#0#0#0#0#0#0#2,500,000
Conte - Moto#92#2010-04-15#Honda#3#100#SH 125 I#I#si#125#Persona fisica#M#40#TERNI#05100#TERNI#3#SI#Impiegato#M#40#TERNI#05100#TERNI#veicolo già assicurato con atr#No#No#BM#14#0#0#0#0#0#0#0#0#2,500,000
Conte - Moto#93#2010-04-15#Honda#3#100#SH 125 I#I#si#125#Persona fisica#M#40#TRIESTE#34121#TRIESTE#3#SI#Impiegato#M#40#TRIESTE#34121#TRIESTE#veicolo già assicurato con atr#No#No#BM#14#0#0#0#0#0#0#0#0#2,500,000
Conte - Moto#94#2010-04-15#Honda#3#100#SH 125 I#I#si#125#Persona fisica#M#40#TREVISO#31100#TREVISO#3#SI#Impiegato#M#40#TREVISO#31100#TREVISO#veicolo già assicurato con atr#No#No#BM#14#0#0#0#0#0#0#0#0#2,500,000
Conte - Moto#95#2010-04-15#Honda#3#100#SH 125 I#I#si#125#Persona fisica#M#40#UDINE#33100#UDINE#3#SI#Impiegato#M#40#UDINE#33100#UDINE#veicolo già assicurato con atr#No#No#BM#14#0#0#0#0#0#0#0#0#2,500,000
Conte - Moto#96#2010-04-15#Honda#3#100#SH 125 I#I#si#125#Persona fisica#M#40#VARESE#21100#VARESE#3#SI#Impiegato#M#40#VARESE#21100#VARESE#veicolo già assicurato con atr#No#No#BM#14#0#0#0#0#0#0#0#0#2,500,000
Conte - Moto#97#2010-04-15#Honda#3#100#SH 125 I#I#si#125#Persona fisica#M#40#VERBANIA#28921#VERBANIA#3#SI#Impiegato#M#40#VERBANIA#28921#VERBANIA#veicolo già assicurato con atr#No#No#BM#14#0#0#0#0#0#0#0#0#2,500,000
Conte - Moto#98#2010-04-15#Honda#3#100#SH 125 I#I#si#125#Persona fisica#M#40#VERCELLI#13100#VERCELLI#3#SI#Impiegato#M#40#VERCELLI#13100#VERCELLI#veicolo già assicurato con atr#No#No#BM#14#0#0#0#0#0#0#0#0#2,500,000
Conte - Moto#99#2010-04-15#Honda#3#100#SH 125 I#I#si#125#Persona fisica#M#40#VENEZIA#30121#VENEZIA#3#SI#Impiegato#M#40#VENEZIA#30121#VENEZIA#veicolo già assicurato con atr#No#No#BM#14#0#0#0#0#0#0#0#0#2,500,000
Conte - Moto#100#2010-04-15#Honda#3#100#SH 125 I#I#si#125#Persona fisica#M#40#VICENZA#36100#VICENZA#3#SI#Impiegato#M#40#VICENZA#36100#VICENZA#veicolo già assicurato con atr#No#No#BM#14#0#0#0#0#0#0#0#0#2,500,000
Conte - Moto#101#2010-04-15#Honda#3#100#SH 125 I#I#si#125#Persona fisica#M#40#VERONA#37121#VERONA#3#SI#Impiegato#M#40#VERONA#37121#VERONA#veicolo già assicurato con atr#No#No#BM#14#0#0#0#0#0#0#0#0#2,500,000
Conte - Moto#102#2010-04-15#Honda#3#100#SH 125 I#I#si#125#Persona fisica#M#40#VITERBO#01100#VITERBO#3#SI#Impiegato#M#40#VITERBO#01100#VITERBO#veicolo già assicurato con atr#No#No#BM#14#0#0#0#0#0#0#0#0#2,500,000
Conte - Moto#103#2010-04-15#Honda#3#100#SH 125 I#I#si#125#Persona fisica#M#40#VIBO VALENTIA#89900#VIBO VALENTIA#3#SI#Impiegato#M#40#VIBO VALENTIA#89900#VIBO VALENTIA#veicolo già assicurato con atr#No#No#BM#14#0#0#0#0#0#0#0#0#2,500,000
Conte - Moto#104#2010-04-15#Honda#3#100#SH 125 I#I#si#125#Persona fisica#M#40#AGRIGENTO#92010#ALESSANDRIA DELLA ROCCA#3#SI#Impiegato#M#40#AGRIGENTO#92010#ALESSANDRIA DELLA ROCCA#veicolo già assicurato con atr#No#No#BM#14#0#0#0#0#0#0#0#0#2,500,000
Conte - Moto#105#2010-04-15#Honda#3#100#SH 125 I#I#si#125#Persona fisica#M#40#ALESSANDRIA#15010#ALICE BEL COLLE#3#SI#Impiegato#M#40#ALESSANDRIA#15010#ALICE BEL COLLE#veicolo già assicurato con atr#No#No#BM#14#0#0#0#0#0#0#0#0#2,500,000
Conte - Moto#106#2010-04-15#Honda#3#100#SH 125 I#I#si#125#Persona fisica#M#40#ANCONA#60010#BARBARA#3#SI#Impiegato#M#40#ANCONA#60010#BARBARA#veicolo già assicurato con atr#No#No#BM#14#0#0#0#0#0#0#0#0#2,500,000
Conte - Moto#107#2010-04-15#Honda#3#100#SH 125 I#I#si#125#Persona fisica#M#40#AOSTA#11010#ALLEIN#3#SI#Impiegato#M#40#AOSTA#11010#ALLEIN#veicolo già assicurato con atr#No#No#BM#14#0#0#0#0#0#0#0#0#2,500,000
Conte - Moto#108#2010-04-15#Honda#3#100#SH 125 I#I#si#125#Persona fisica#M#40#ASCOLI PICENO#63043#ARQUATA DEL TRONTO#3#SI#Impiegato#M#40#ASCOLI PICENO#63043#ARQUATA DEL TRONTO#veicolo già assicurato con atr#No#No#BM#14#0#0#0#0#0#0#0#0#2,500,000
Conte - Moto#109#2010-04-15#Honda#3#100#SH 125 I#I#si#125#Persona fisica#M#40#L'AQUILA#67013#CAMPOTOSTO#3#SI#Impiegato#M#40#L'AQUILA#67013#CAMPOTOSTO#veicolo già assicurato con atr#No#No#BM#14#0#0#0#0#0#0#0#0#2,500,000
Conte - Moto#110#2010-04-15#Honda#3#100#SH 125 I#I#si#125#Persona fisica#M#40#AREZZO#52044#CORTONA#3#SI#Impiegato#M#40#AREZZO#52044#CORTONA#veicolo già assicurato con atr#No#No#BM#14#0#0#0#0#0#0#0#0#2,500,000
Conte - Moto#111#2010-04-15#Honda#3#100#SH 125 I#I#si#125#Persona fisica#M#40#ASTI#14041#AGLIANO#3#SI#Impiegato#M#40#ASTI#14041#AGLIANO#veicolo già assicurato con atr#No#No#BM#14#0#0#0#0#0#0#0#0#2,500,000
Conte - Moto#112#2010-04-15#Honda#3#100#SH 125 I#I#si#125#Persona fisica#M#40#AVELLINO#83010#CAPRIGLIA IRPINA#3#SI#Impiegato#M#40#AVELLINO#83010#CAPRIGLIA IRPINA#veicolo già assicurato con atr#No#No#BM#14#0#0#0#0#0#0#0#0#2,500,000
Conte - Moto#113#2010-04-15#Honda#3#100#SH 125 I#I#si#125#Persona fisica#M#40#BARI#70010#VALENZANO#3#SI#Impiegato#M#40#BARI#70010#VALENZANO#veicolo già assicurato con atr#No#No#BM#14#0#0#0#0#0#0#0#0#2,500,000
Conte - Moto#114#2010-04-15#Honda#3#100#SH 125 I#I#si#125#Persona fisica#M#40#BERGAMO#24010#ALGUA#3#SI#Impiegato#M#40#BERGAMO#24010#ALGUA#veicolo già assicurato con atr#No#No#BM#14#0#0#0#0#0#0#0#0#2,500,000
Conte - Moto#115#2010-04-15#Honda#3#100#SH 125 I#I#si#125#Persona fisica#M#40#BIELLA#13882#CERRIONE#3#SI#Impiegato#M#40#BIELLA#13882#CERRIONE#veicolo già assicurato con atr#No#No#BM#14#0#0#0#0#0#0#0#0#2,500,000
Conte - Moto#116#2010-04-15#Honda#3#100#SH 125 I#I#si#125#Persona fisica#M#40#BELLUNO#32031#ALANO DI PIAVE#3#SI#Impiegato#M#40#BELLUNO#32031#ALANO DI PIAVE#veicolo già assicurato con atr#No#No#BM#14#0#0#0#0#0#0#0#0#2,500,000
Conte - Moto#117#2010-04-15#Honda#3#100#SH 125 I#I#si#125#Persona fisica#M#40#BENEVENTO#82010#ARPAISE#3#SI#Impiegato#M#40#BENEVENTO#82010#ARPAISE#veicolo già assicurato con atr#No#No#BM#14#0#0#0#0#0#0#0#0#2,500,000
Conte - Moto#118#2010-04-15#Honda#3#100#SH 125 I#I#si#125#Persona fisica#M#40#BOLOGNA#40010#BENTIVOGLIO#3#SI#Impiegato#M#40#BOLOGNA#40010#BENTIVOGLIO#veicolo già assicurato con atr#No#No#BM#14#0#0#0#0#0#0#0#0#2,500,000
Conte - Moto#119#2010-04-15#Honda#3#100#SH 125 I#I#si#125#Persona fisica#M#40#BRINDISI#72012#CAROVIGNO#3#SI#Impiegato#M#40#BRINDISI#72012#CAROVIGNO#veicolo già assicurato con atr#No#No#BM#14#0#0#0#0#0#0#0#0#2,500,000
Conte - Moto#120#2010-04-15#Honda#3#100#SH 125 I#I#si#125#Persona fisica#M#40#BRESCIA#25010#ACQUAFREDDA#3#SI#Impiegato#M#40#BRESCIA#25010#ACQUAFREDDA#veicolo già assicurato con atr#No#No#BM#14#0#0#0#0#0#0#0#0#2,500,000
Conte - Moto#121#2010-04-15#Honda#3#100#SH 125 I#I#si#125#Persona fisica#M#40#BOLZANO#39043#CHIUSA#3#SI#Impiegato#M#40#BOLZANO#39043#CHIUSA#veicolo già assicurato con atr#No#No#BM#14#0#0#0#0#0#0#0#0#2,500,000
Conte - Moto#122#2010-04-15#Honda#3#100#SH 125 I#I#si#125#Persona fisica#M#40#CAGLIARI#09019#TEULADA#3#SI#Impiegato#M#40#CAGLIARI#09019#TEULADA#veicolo già assicurato con atr#No#No#BM#14#0#0#0#0#0#0#0#0#2,500,000
Conte - Moto#123#2010-04-15#Honda#3#100#SH 125 I#I#si#125#Persona fisica#M#40#CAMPOBASSO#86010#BUSSO#3#SI#Impiegato#M#40#CAMPOBASSO#86010#BUSSO#veicolo già assicurato con atr#No#No#BM#14#0#0#0#0#0#0#0#0#2,500,000
Conte - Moto#124#2010-04-15#Honda#3#100#SH 125 I#I#si#125#Persona fisica#M#40#CASERTA#81010#AILANO#3#SI#Impiegato#M#40#CASERTA#81010#AILANO#veicolo già assicurato con atr#No#No#BM#14#0#0#0#0#0#0#0#0#2,500,000
Conte - Moto#125#2010-04-15#Honda#3#100#SH 125 I#I#si#125#Persona fisica#M#40#CHIETI#66010#ARI#3#SI#Impiegato#M#40#CHIETI#66010#ARI#veicolo già assicurato con atr#No#No#BM#14#0#0#0#0#0#0#0#0#2,500,000
Conte - Moto#126#2010-04-15#Honda#3#100#SH 125 I#I#si#125#Persona fisica#M#40#CALTANISSETTA#93010#ACQUAVIVA PLATANI#3#SI#Impiegato#M#40#CALTANISSETTA#93010#ACQUAVIVA PLATANI#veicolo già assicurato con atr#No#No#BM#14#0#0#0#0#0#0#0#0#2,500,000
Conte - Moto#127#2010-04-15#Honda#3#100#SH 125 I#I#si#125#Persona fisica#M#40#CUNEO#12010#AISONE#3#SI#Impiegato#M#40#CUNEO#12010#AISONE#veicolo già assicurato con atr#No#No#BM#14#0#0#0#0#0#0#0#0#2,500,000
Conte - Moto#128#2010-04-15#Honda#3#100#SH 125 I#I#si#125#Persona fisica#M#40#COMO#22016#LENNO#3#SI#Impiegato#M#40#COMO#22016#LENNO#veicolo già assicurato con atr#No#No#BM#14#0#0#0#0#0#0#0#0#2,500,000
Conte - Moto#129#2010-04-15#Honda#3#100#SH 125 I#I#si#125#Persona fisica#M#40#CREMONA#26010#AZZANELLO#3#SI#Impiegato#M#40#CREMONA#26010#AZZANELLO#veicolo già assicurato con atr#No#No#BM#14#0#0#0#0#0#0#0#0#2,500,000
Conte - Moto#130#2010-04-15#Honda#3#100#SH 125 I#I#si#125#Persona fisica#M#40#COSENZA#87010#ACQUAFORMOSA#3#SI#Impiegato#M#40#COSENZA#87010#ACQUAFORMOSA#veicolo già assicurato con atr#No#No#BM#14#0#0#0#0#0#0#0#0#2,500,000
Conte - Moto#131#2010-04-15#Honda#3#100#SH 125 I#I#si#125#Persona fisica#M#40#CATANIA#95024#ACIREALE#3#SI#Impiegato#M#40#CATANIA#95024#ACIREALE#veicolo già assicurato con atr#No#No#BM#14#0#0#0#0#0#0#0#0#2,500,000
Conte - Moto#132#2010-04-15#Honda#3#100#SH 125 I#I#si#125#Persona fisica#M#40#CATANZARO#88040#CICALA#3#SI#Impiegato#M#40#CATANZARO#88040#CICALA#veicolo già assicurato con atr#No#No#BM#14#0#0#0#0#0#0#0#0#2,500,000
Conte - Moto#133#2010-04-15#Honda#3#100#SH 125 I#I#si#125#Persona fisica#M#40#ENNA#94010#AIDONE#3#SI#Impiegato#M#40#ENNA#94010#AIDONE#veicolo già assicurato con atr#No#No#BM#14#0#0#0#0#0#0#0#0#2,500,000
Conte - Moto#134#2010-04-15#Honda#3#100#SH 125 I#I#si#125#Persona fisica#M#40#FERRARA#44011#ARGENTA#3#SI#Impiegato#M#40#FERRARA#44011#ARGENTA#veicolo già assicurato con atr#No#No#BM#14#0#0#0#0#0#0#0#0#2,500,000
Conte - Moto#135#2010-04-15#Honda#3#100#SH 125 I#I#si#125#Persona fisica#M#40#FOGGIA#71021#ACCADIA#3#SI#Impiegato#M#40#FOGGIA#71021#ACCADIA#veicolo già assicurato con atr#No#No#BM#14#0#0#0#0#0#0#0#0#2,500,000
Conte - Moto#136#2010-04-15#Honda#3#100#SH 125 I#I#si#125#Persona fisica#M#40#FIRENZE#50058#SIGNA#3#SI#Impiegato#M#40#FIRENZE#50058#SIGNA#veicolo già assicurato con atr#No#No#BM#14#0#0#0#0#0#0#0#0#2,500,000
Conte - Moto#137#2010-04-15#Honda#3#100#SH 125 I#I#si#125#Persona fisica#M#40#FORLI' E CESENA#47042#CESENATICO#3#SI#Impiegato#M#40#FORLI' E CESENA#47042#CESENATICO#veicolo già assicurato con atr#No#No#BM#14#0#0#0#0#0#0#0#0#2,500,000
Conte - Moto#138#2010-04-15#Honda#3#100#SH 125 I#I#si#125#Persona fisica#M#40#FROSINONE#03010#ACUTO#3#SI#Impiegato#M#40#FROSINONE#03010#ACUTO#veicolo già assicurato con atr#No#No#BM#14#0#0#0#0#0#0#0#0#2,500,000
Conte - Moto#139#2010-04-15#Honda#3#100#SH 125 I#I#si#125#Persona fisica#M#40#GENOVA#16010#CROCEFIESCHI#3#SI#Impiegato#M#40#GENOVA#16010#CROCEFIESCHI#veicolo già assicurato con atr#No#No#BM#14#0#0#0#0#0#0#0#0#2,500,000
Conte - Moto#140#2010-04-15#Honda#3#100#SH 125 I#I#si#125#Persona fisica#M#40#GORIZIA#34070#CAPRIVA DEL FRIULI#3#SI#Impiegato#M#40#GORIZIA#34070#CAPRIVA DEL FRIULI#veicolo già assicurato con atr#No#No#BM#14#0#0#0#0#0#0#0#0#2,500,000
Conte - Moto#141#2010-04-15#Honda#3#100#SH 125 I#I#si#125#Persona fisica#M#40#GROSSETO#58031#ARCIDOSSO#3#SI#Impiegato#M#40#GROSSETO#58031#ARCIDOSSO#veicolo già assicurato con atr#No#No#BM#14#0#0#0#0#0#0#0#0#2,500,000
Conte - Moto#142#2010-04-15#Honda#3#100#SH 125 I#I#si#125#Persona fisica#M#40#IMPERIA#18030#AIROLE#3#SI#Impiegato#M#40#IMPERIA#18030#AIROLE#veicolo già assicurato con atr#No#No#BM#14#0#0#0#0#0#0#0#0#2,500,000
Conte - Moto#143#2010-04-15#Honda#3#100#SH 125 I#I#si#125#Persona fisica#M#40#ISERNIA#86081#AGNONE#3#SI#Impiegato#M#40#ISERNIA#86081#AGNONE#veicolo già assicurato con atr#No#No#BM#14#0#0#0#0#0#0#0#0#2,500,000
Conte - Moto#144#2010-04-15#Honda#3#100#SH 125 I#I#si#125#Persona fisica#M#40#CROTONE#88842#CUTRO#3#SI#Impiegato#M#40#CROTONE#88842#CUTRO#veicolo già assicurato con atr#No#No#BM#14#0#0#0#0#0#0#0#0#2,500,000
Conte - Moto#145#2010-04-15#Honda#3#100#SH 125 I#I#si#125#Persona fisica#M#40#LECCO#23841#ANNONE DI BRIANZA#3#SI#Impiegato#M#40#LECCO#23841#ANNONE DI BRIANZA#veicolo già assicurato con atr#No#No#BM#14#0#0#0#0#0#0#0#0#2,500,000
Conte - Moto#146#2010-04-15#Honda#3#100#SH 125 I#I#si#125#Persona fisica#M#40#LECCE#73010#ARNESANO#3#SI#Impiegato#M#40#LECCE#73010#ARNESANO#veicolo già assicurato con atr#No#No#BM#14#0#0#0#0#0#0#0#0#2,500,000
Conte - Moto#147#2010-04-15#Honda#3#100#SH 125 I#I#si#125#Persona fisica#M#40#LIVORNO#57020#BIBBONA#3#SI#Impiegato#M#40#LIVORNO#57020#BIBBONA#veicolo già assicurato con atr#No#No#BM#14#0#0#0#0#0#0#0#0#2,500,000
Conte - Moto#148#2010-04-15#Honda#3#100#SH 125 I#I#si#125#Persona fisica#M#40#LODI#26821#BERTONICO#3#SI#Impiegato#M#40#LODI#26821#BERTONICO#veicolo già assicurato con atr#No#No#BM#14#0#0#0#0#0#0#0#0#2,500,000
Conte - Moto#149#2010-04-15#Honda#3#100#SH 125 I#I#si#125#Persona fisica#M#40#LATINA#04011#APRILIA#3#SI#Impiegato#M#40#LATINA#04011#APRILIA#veicolo già assicurato con atr#No#No#BM#14#0#0#0#0#0#0#0#0#2,500,000
Conte - Moto#150#2010-04-15#Honda#3#100#SH 125 I#I#si#125#Persona fisica#M#40#LUCCA#55011#ALTOPASCIO#3#SI#Impiegato#M#40#LUCCA#55011#ALTOPASCIO#veicolo già assicurato con atr#No#No#BM#14#0#0#0#0#0#0#0#0#2,500,000
Conte - Moto#151#2010-04-15#Honda#3#100#SH 125 I#I#si#125#Persona fisica#M#40#MACERATA#62024#MATELICA#3#SI#Impiegato#M#40#MACERATA#62024#MATELICA#veicolo già assicurato con atr#No#No#BM#14#0#0#0#0#0#0#0#0#2,500,000
Conte - Moto#152#2010-04-15#Honda#3#100#SH 125 I#I#si#125#Persona fisica#M#40#MESSINA#98072#CARONIA#3#SI#Impiegato#M#40#MESSINA#98072#CARONIA#veicolo già assicurato con atr#No#No#BM#14#0#0#0#0#0#0#0#0#2,500,000
Conte - Moto#153#2010-04-15#Honda#3#100#SH 125 I#I#si#125#Persona fisica#M#40#MILANO#20010#ARLUNO#3#SI#Impiegato#M#40#MILANO#20010#ARLUNO#veicolo già assicurato con atr#No#No#BM#14#0#0#0#0#0#0#0#0#2,500,000
Conte - Moto#154#2010-04-15#Honda#3#100#SH 125 I#I#si#125#Persona fisica#M#40#MANTOVA#46011#ACQUANEGRA SUL CHIESE#3#SI#Impiegato#M#40#MANTOVA#46011#ACQUANEGRA SUL CHIESE#veicolo già assicurato con atr#No#No#BM#14#0#0#0#0#0#0#0#0#2,500,000
Conte - Moto#155#2010-04-15#Honda#3#100#SH 125 I#I#si#125#Persona fisica#M#40#MODENA#41030#BASTIGLIA#3#SI#Impiegato#M#40#MODENA#41030#BASTIGLIA#veicolo già assicurato con atr#No#No#BM#14#0#0#0#0#0#0#0#0#2,500,000
Conte - Moto#156#2010-04-15#Honda#3#100#SH 125 I#I#si#125#Persona fisica#M#40#MASSA CARRARA#54021#BAGNONE#3#SI#Impiegato#M#40#MASSA CARRARA#54021#BAGNONE#veicolo già assicurato con atr#No#No#BM#14#0#0#0#0#0#0#0#0#2,500,000
Conte - Moto#157#2010-04-15#Honda#3#100#SH 125 I#I#si#125#Persona fisica#M#40#MATERA#75011#ACCETTURA#3#SI#Impiegato#M#40#MATERA#75011#ACCETTURA#veicolo già assicurato con atr#No#No#BM#14#0#0#0#0#0#0#0#0#2,500,000
Conte - Moto#158#2010-04-15#Honda#3#100#SH 125 I#I#si#125#Persona fisica#M#40#NAPOLI#80075#FORIO#3#SI#Impiegato#M#40#NAPOLI#80075#FORIO#veicolo già assicurato con atr#No#No#BM#14#0#0#0#0#0#0#0#0#2,500,000
Conte - Moto#159#2010-04-15#Honda#3#100#SH 125 I#I#si#125#Persona fisica#M#40#NOVARA#28010#AGRATE CONTURBIA#3#SI#Impiegato#M#40#NOVARA#28010#AGRATE CONTURBIA#veicolo già assicurato con atr#No#No#BM#14#0#0#0#0#0#0#0#0#2,500,000
Conte - Moto#160#2010-04-15#Honda#3#100#SH 125 I#I#si#125#Persona fisica#M#40#NUORO#08010#BIRORI#3#SI#Impiegato#M#40#NUORO#08010#BIRORI#veicolo già assicurato con atr#No#No#BM#14#0#0#0#0#0#0#0#0#2,500,000
Conte - Moto#161#2010-04-15#Honda#3#100#SH 125 I#I#si#125#Persona fisica#M#40#ORISTANO#09070#AIDOMAGGIORE#3#SI#Impiegato#M#40#ORISTANO#09070#AIDOMAGGIORE#veicolo già assicurato con atr#No#No#BM#14#0#0#0#0#0#0#0#0#2,500,000
Conte - Moto#162#2010-04-15#Honda#3#100#SH 125 I#I#si#125#Persona fisica#M#40#PALERMO#90010#ALTAVILLA MILICIA#3#SI#Impiegato#M#40#PALERMO#90010#ALTAVILLA MILICIA#veicolo già assicurato con atr#No#No#BM#14#0#0#0#0#0#0#0#0#2,500,000
Conte - Moto#163#2010-04-15#Honda#3#100#SH 125 I#I#si#125#Persona fisica#M#40#PIACENZA#29010#AGAZZANO#3#SI#Impiegato#M#40#PIACENZA#29010#AGAZZANO#veicolo già assicurato con atr#No#No#BM#14#0#0#0#0#0#0#0#0#2,500,000
Conte - Moto#164#2010-04-15#Honda#3#100#SH 125 I#I#si#125#Persona fisica#M#40#PADOVA#35040#BARBONA#3#SI#Impiegato#M#40#PADOVA#35040#BARBONA#veicolo già assicurato con atr#No#No#BM#14#0#0#0#0#0#0#0#0#2,500,000
Conte - Moto#165#2010-04-15#Honda#3#100#SH 125 I#I#si#125#Persona fisica#M#40#PESCARA#65010#BRITTOLI#3#SI#Impiegato#M#40#PESCARA#65010#BRITTOLI#veicolo già assicurato con atr#No#No#BM#14#0#0#0#0#0#0#0#0#2,500,000
Conte - Moto#166#2010-04-15#Honda#3#100#SH 125 I#I#si#125#Persona fisica#M#40#PERUGIA#06010#CITERNA#3#SI#Impiegato#M#40#PERUGIA#06010#CITERNA#veicolo già assicurato con atr#No#No#BM#14#0#0#0#0#0#0#0#0#2,500,000
Conte - Moto#167#2010-04-15#Honda#3#100#SH 125 I#I#si#125#Persona fisica#M#40#PISA#56032#BUTI#3#SI#Impiegato#M#40#PISA#56032#BUTI#veicolo già assicurato con atr#No#No#BM#14#0#0#0#0#0#0#0#0#2,500,000
Conte - Moto#168#2010-04-15#Honda#3#100#SH 125 I#I#si#125#Persona fisica#M#40#PORDENONE#33070#BRUGNERA#3#SI#Impiegato#M#40#PORDENONE#33070#BRUGNERA#veicolo già assicurato con atr#No#No#BM#14#0#0#0#0#0#0#0#0#2,500,000
Conte - Moto#169#2010-04-15#Honda#3#100#SH 125 I#I#si#125#Persona fisica#M#40#PRATO#59013#MONTEMURLO#3#SI#Impiegato#M#40#PRATO#59013#MONTEMURLO#veicolo già assicurato con atr#No#No#BM#14#0#0#0#0#0#0#0#0#2,500,000
Conte - Moto#170#2010-04-15#Honda#3#100#SH 125 I#I#si#125#Persona fisica#M#40#PARMA#43051#ALBARETO#3#SI#Impiegato#M#40#PARMA#43051#ALBARETO#veicolo già assicurato con atr#No#No#BM#14#0#0#0#0#0#0#0#0#2,500,000
Conte - Moto#171#2010-04-15#Honda#3#100#SH 125 I#I#si#125#Persona fisica#M#40#PESARO E URBINO#61032#FANO#3#SI#Impiegato#M#40#PESARO E URBINO#61032#FANO#veicolo già assicurato con atr#No#No#BM#14#0#0#0#0#0#0#0#0#2,500,000
Conte - Moto#172#2010-04-15#Honda#3#100#SH 125 I#I#si#125#Persona fisica#M#40#PISTOIA#51021#ABETONE#3#SI#Impiegato#M#40#PISTOIA#51021#ABETONE#veicolo già assicurato con atr#No#No#BM#14#0#0#0#0#0#0#0#0#2,500,000
Conte - Moto#173#2010-04-15#Honda#3#100#SH 125 I#I#si#125#Persona fisica#M#40#PAVIA#27010#ALBUZZANO#3#SI#Impiegato#M#40#PAVIA#27010#ALBUZZANO#veicolo già assicurato con atr#No#No#BM#14#0#0#0#0#0#0#0#0#2,500,000
Conte - Moto#174#2010-04-15#Honda#3#100#SH 125 I#I#si#125#Persona fisica#M#40#POTENZA#85010#ABRIOLA#3#SI#Impiegato#M#40#POTENZA#85010#ABRIOLA#veicolo già assicurato con atr#No#No#BM#14#0#0#0#0#0#0#0#0#2,500,000
Conte - Moto#175#2010-04-15#Honda#3#100#SH 125 I#I#si#125#Persona fisica#M#40#RAVENNA#48010#BAGNARA DI ROMAGNA#3#SI#Impiegato#M#40#RAVENNA#48010#BAGNARA DI ROMAGNA#veicolo già assicurato con atr#No#No#BM#14#0#0#0#0#0#0#0#0#2,500,000
Conte - Moto#176#2010-04-15#Honda#3#100#SH 125 I#I#si#125#Persona fisica#M#40#REGGIO CALABRIA#89030#AFRICO#3#SI#Impiegato#M#40#REGGIO CALABRIA#89030#AFRICO#veicolo già assicurato con atr#No#No#BM#14#0#0#0#0#0#0#0#0#2,500,000
Conte - Moto#177#2010-04-15#Honda#3#100#SH 125 I#I#si#125#Persona fisica#M#40#REGGIO EMILIA#42020#ALBINEA#3#SI#Impiegato#M#40#REGGIO EMILIA#42020#ALBINEA#veicolo già assicurato con atr#No#No#BM#14#0#0#0#0#0#0#0#0#2,500,000
Conte - Moto#178#2010-04-15#Honda#3#100#SH 125 I#I#si#125#Persona fisica#M#40#RAGUSA#97011#ACATE#3#SI#Impiegato#M#40#RAGUSA#97011#ACATE#veicolo già assicurato con atr#No#No#BM#14#0#0#0#0#0#0#0#0#2,500,000
Conte - Moto#179#2010-04-15#Honda#3#100#SH 125 I#I#si#125#Persona fisica#M#40#RIETI#02010#BORBONA#3#SI#Impiegato#M#40#RIETI#02010#BORBONA#veicolo già assicurato con atr#No#No#BM#14#0#0#0#0#0#0#0#0#2,500,000
Conte - Moto#180#2010-04-15#Honda#3#100#SH 125 I#I#si#125#Persona fisica#M#40#ROMA#00010#CASAPE#3#SI#Impiegato#M#40#ROMA#00010#CASAPE#veicolo già assicurato con atr#No#No#BM#14#0#0#0#0#0#0#0#0#2,500,000
Conte - Moto#181#2010-04-15#Honda#3#100#SH 125 I#I#si#125#Persona fisica#M#40#RIMINI#47841#CATTOLICA#3#SI#Impiegato#M#40#RIMINI#47841#CATTOLICA#veicolo già assicurato con atr#No#No#BM#14#0#0#0#0#0#0#0#0#2,500,000
Conte - Moto#182#2010-04-15#Honda#3#100#SH 125 I#I#si#125#Persona fisica#M#40#ROVIGO#45011#ADRIA#3#SI#Impiegato#M#40#ROVIGO#45011#ADRIA#veicolo già assicurato con atr#No#No#BM#14#0#0#0#0#0#0#0#0#2,500,000
Conte - Moto#183#2010-04-15#Honda#3#100#SH 125 I#I#si#125#Persona fisica#M#40#SALERNO#84010#ATRANI#3#SI#Impiegato#M#40#SALERNO#84010#ATRANI#veicolo già assicurato con atr#No#No#BM#14#0#0#0#0#0#0#0#0#2,500,000
Conte - Moto#184#2010-04-15#Honda#3#100#SH 125 I#I#si#125#Persona fisica#M#40#SIENA#53021#ABBADIA SAN SALVATORE#3#SI#Impiegato#M#40#SIENA#53021#ABBADIA SAN SALVATORE#veicolo già assicurato con atr#No#No#BM#14#0#0#0#0#0#0#0#0#2,500,000
Conte - Moto#185#2010-04-15#Honda#3#100#SH 125 I#I#si#125#Persona fisica#M#40#SONDRIO#23010#ALBAREDO PER SAN MARCO#3#SI#Impiegato#M#40#SONDRIO#23010#ALBAREDO PER SAN MARCO#veicolo già assicurato con atr#No#No#BM#14#0#0#0#0#0#0#0#0#2,500,000
Conte - Moto#186#2010-04-15#Honda#3#100#SH 125 I#I#si#125#Persona fisica#M#40#LA SPEZIA#19031#AMEGLIA#3#SI#Impiegato#M#40#LA SPEZIA#19031#AMEGLIA#veicolo già assicurato con atr#No#No#BM#14#0#0#0#0#0#0#0#0#2,500,000
Conte - Moto#187#2010-04-15#Honda#3#100#SH 125 I#I#si#125#Persona fisica#M#40#SIRACUSA#96011#AUGUSTA#3#SI#Impiegato#M#40#SIRACUSA#96011#AUGUSTA#veicolo già assicurato con atr#No#No#BM#14#0#0#0#0#0#0#0#0#2,500,000
Conte - Moto#188#2010-04-15#Honda#3#100#SH 125 I#I#si#125#Persona fisica#M#40#SASSARI#07010#ANELA#3#SI#Impiegato#M#40#SASSARI#07010#ANELA#veicolo già assicurato con atr#No#No#BM#14#0#0#0#0#0#0#0#0#2,500,000
Conte - Moto#189#2010-04-15#Honda#3#100#SH 125 I#I#si#125#Persona fisica#M#40#SAVONA#17021#ALASSIO#3#SI#Impiegato#M#40#SAVONA#17021#ALASSIO#veicolo già assicurato con atr#No#No#BM#14#0#0#0#0#0#0#0#0#2,500,000
Conte - Moto#190#2010-04-15#Honda#3#100#SH 125 I#I#si#125#Persona fisica#M#40#TARANTO#74020#AVETRANA#3#SI#Impiegato#M#40#TARANTO#74020#AVETRANA#veicolo già assicurato con atr#No#No#BM#14#0#0#0#0#0#0#0#0#2,500,000
Conte - Moto#191#2010-04-15#Honda#3#100#SH 125 I#I#si#125#Persona fisica#M#40#TERAMO#64010#ANCARANO#3#SI#Impiegato#M#40#TERAMO#64010#ANCARANO#veicolo già assicurato con atr#No#No#BM#14#0#0#0#0#0#0#0#0#2,500,000
Conte - Moto#192#2010-04-15#Honda#3#100#SH 125 I#I#si#125#Persona fisica#M#40#TRENTO#38010#ANDALO#3#SI#Impiegato#M#40#TRENTO#38010#ANDALO#veicolo già assicurato con atr#No#No#BM#14#0#0#0#0#0#0#0#0#2,500,000
Conte - Moto#193#2010-04-15#Honda#3#100#SH 125 I#I#si#125#Persona fisica#M#40#TORINO#10090#TRANA#3#SI#Impiegato#M#40#TORINO#10090#TRANA#veicolo già assicurato con atr#No#No#BM#14#0#0#0#0#0#0#0#0#2,500,000
Conte - Moto#194#2010-04-15#Honda#3#100#SH 125 I#I#si#125#Persona fisica#M#40#TRAPANI#91011#ALCAMO#3#SI#Impiegato#M#40#TRAPANI#91011#ALCAMO#veicolo già assicurato con atr#No#No#BM#14#0#0#0#0#0#0#0#0#2,500,000
Conte - Moto#195#2010-04-15#Honda#3#100#SH 125 I#I#si#125#Persona fisica#M#40#TERNI#05021#ACQUASPARTA#3#SI#Impiegato#M#40#TERNI#05021#ACQUASPARTA#veicolo già assicurato con atr#No#No#BM#14#0#0#0#0#0#0#0#0#2,500,000
Conte - Moto#196#2010-04-15#Honda#3#100#SH 125 I#I#si#125#Persona fisica#M#40#TRIESTE#34011#DUINO AURISINA#3#SI#Impiegato#M#40#TRIESTE#34011#DUINO AURISINA#veicolo già assicurato con atr#No#No#BM#14#0#0#0#0#0#0#0#0#2,500,000
Conte - Moto#197#2010-04-15#Honda#3#100#SH 125 I#I#si#125#Persona fisica#M#40#TREVISO#31036#ISTRANA#3#SI#Impiegato#M#40#TREVISO#31036#ISTRANA#veicolo già assicurato con atr#No#No#BM#14#0#0#0#0#0#0#0#0#2,500,000
Conte - Moto#198#2010-04-15#Honda#3#100#SH 125 I#I#si#125#Persona fisica#M#40#UDINE#33053#LATISANA#3#SI#Impiegato#M#40#UDINE#33053#LATISANA#veicolo già assicurato con atr#No#No#BM#14#0#0#0#0#0#0#0#0#2,500,000
Conte - Moto#199#2010-04-15#Honda#3#100#SH 125 I#I#si#125#Persona fisica#M#40#VARESE#21038#LEGGIUNO#3#SI#Impiegato#M#40#VARESE#21038#LEGGIUNO#veicolo già assicurato con atr#No#No#BM#14#0#0#0#0#0#0#0#0#2,500,000
Conte - Moto#200#2010-04-15#Honda#3#100#SH 125 I#I#si#125#Persona fisica#M#40#VERBANIA#28895#MASSIOLA#3#SI#Impiegato#M#40#VERBANIA#28895#MASSIOLA#veicolo già assicurato con atr#No#No#BM#14#0#0#0#0#0#0#0#0#2,500,000
Conte - Moto#201#2010-04-15#Honda#3#100#SH 125 I#I#si#125#Persona fisica#M#40#VERCELLI#13010#CARESANA#3#SI#Impiegato#M#40#VERCELLI#13010#CARESANA#veicolo già assicurato con atr#No#No#BM#14#0#0#0#0#0#0#0#0#2,500,000
Conte - Moto#202#2010-04-15#Honda#3#100#SH 125 I#I#si#125#Persona fisica#M#40#VENEZIA#30034#MIRA#3#SI#Impiegato#M#40#VENEZIA#30034#MIRA#veicolo già assicurato con atr#No#No#BM#14#0#0#0#0#0#0#0#0#2,500,000
Conte - Moto#203#2010-04-15#Honda#3#100#SH 125 I#I#si#125#Persona fisica#M#40#VICENZA#36020#AGUGLIARO#3#SI#Impiegato#M#40#VICENZA#36020#AGUGLIARO#veicolo già assicurato con atr#No#No#BM#14#0#0#0#0#0#0#0#0#2,500,000
Conte - Moto#204#2010-04-15#Honda#3#100#SH 125 I#I#si#125#Persona fisica#M#40#VERONA#37010#AFFI#3#SI#Impiegato#M#40#VERONA#37010#AFFI#veicolo già assicurato con atr#No#No#BM#14#0#0#0#0#0#0#0#0#2,500,000
Conte - Moto#205#2010-04-15#Honda#3#100#SH 125 I#I#si#125#Persona fisica#M#40#VITERBO#01010#ARLENA DI CASTRO#3#SI#Impiegato#M#40#VITERBO#01010#ARLENA DI CASTRO#veicolo già assicurato con atr#No#No#BM#14#0#0#0#0#0#0#0#0#2,500,000
Conte - Moto#206#2010-04-15#Honda#3#100#SH 125 I#I#si#125#Persona fisica#M#40#VIBO VALENTIA#89832#ACQUARO#3#SI#Impiegato#M#40#VIBO VALENTIA#89832#ACQUARO#veicolo già assicurato con atr#No#No#BM#14#0#0#0#0#0#0#0#0#2,500,000
Conte - Moto#207#2010-04-15#Honda#3#100#SH 125 I#I#si#125#Persona fisica#M#40#Napoli#80121#Napoli#3#SI#Impiegato#M#40#Napoli#80121#Napoli#1a immatricolazione dopo l’acquisto del veicolo#No#No#BM##0#0#0#0#0#0#0#0#2,500,000
Conte - Moto#208#2010-04-15#KYMCO#31/12/2008#100#AGILITY 125 R16#R16#si#125#Persona fisica#M#40#Napoli#80121#Napoli#3#SI#Impiegato#M#40#Napoli#80121#Napoli#veicolo già assicurato con atr#No#No#BM#14#0#0#0#0#0#0#0#0#2,500,000
Conte - Moto#209#2010-04-15#HONDA#31/12/2009#100#SH 125 I#I#si#125#Persona fisica#M#40#Napoli#80121#Napoli#3#SI#Impiegato#M#40#Napoli#80121#Napoli#veicolo già assicurato con atr#No#No#BM#14#0#0#0#0#0#0#0#0#2,500,000
Conte - Moto#210#2010-04-15#KYMCO#31/12/2009#100#AGILITY 150 R16#R16#si#150#Persona fisica#M#40#Napoli#80121#Napoli#3#SI#Impiegato#M#40#Napoli#80121#Napoli#veicolo già assicurato con atr#No#No#BM#14#0#0#0#0#0#0#0#0#2,500,000
Conte - Moto#211#2010-04-15#HONDA#31/12/2008#100#SH 150 I SPECIAL#I SPECIAL#si#150#Persona fisica#M#40#Napoli#80121#Napoli#3#SI#Impiegato#M#40#Napoli#80121#Napoli#veicolo già assicurato con atr#No#No#BM#14#0#0#0#0#0#0#0#0#2,500,000
Conte - Moto#212#2010-04-15#PIAGGIO#31/12/2008#100#BEVERLY 250 TOURER#TOURER#si#250#Persona fisica#M#40#Napoli#80121#Napoli#3#SI#Impiegato#M#40#Napoli#80121#Napoli#veicolo già assicurato con atr#No#No#BM#14#0#0#0#0#0#0#0#0#2,500,000
Conte - Moto#213#2010-04-15#HONDA#31/12/2006#100#SH 300 ABS ##si#300#Persona fisica#M#40#Napoli#80121#Napoli#3#SI#Impiegato#M#40#Napoli#80121#Napoli#veicolo già assicurato con atr#No#No#BM#14#0#0#0#0#0#0#0#0#2,500,000
Conte - Moto#214#2010-04-15#SUZUKI#31/12/2006#100#BURGMAN 400 IE#IE#si#400#Persona fisica#M#40#Napoli#80121#Napoli#3#SI#Impiegato#M#40#Napoli#80121#Napoli#veicolo già assicurato con atr#No#No#BM#14#0#0#0#0#0#0#0#0#2,500,000
Conte - Moto#215#2010-04-15#HONDA#31/12/2005#100#SILVERWING 400 ##si#400#Persona fisica#M#40#Napoli#80121#Napoli#3#SI#Impiegato#M#40#Napoli#80121#Napoli#veicolo già assicurato con atr#No#No#BM#14#0#0#0#0#0#0#0#0#2,500,000
Conte - Moto#216#2010-04-15#YAMAHA#31/12/2008#100#T MAX ABS ##si#500#Persona fisica#M#40#Napoli#80121#Napoli#3#SI#Impiegato#M#40#Napoli#80121#Napoli#veicolo già assicurato con atr#No#No#BM#14#0#0#0#0#0#0#0#0#2,500,000
Conte - Moto#217#2010-04-15#SUZUKI#31/12/2003#100#RV VAN VAN 125 ##si#125#Persona fisica#M#40#Napoli#80121#Napoli#3#SI#Impiegato#M#40#Napoli#80121#Napoli#veicolo già assicurato con atr#No#No#BM#14#0#0#0#0#0#0#0#0#2,500,000
Conte - Moto#218#2010-04-15#DERBI#31/12/2004#100#GPR 125 NUDE#NUDE#si#125#Persona fisica#M#40#Napoli#80121#Napoli#3#SI#Impiegato#M#40#Napoli#80121#Napoli#veicolo già assicurato con atr#No#No#BM#14#0#0#0#0#0#0#0#0#2,500,000
Conte - Moto#219#2010-04-15#YAMAHA#31/12/2008#100#YZF r15 150 cc ##si#150#Persona fisica#M#40#Napoli#80121#Napoli#3#SI#Impiegato#M#40#Napoli#80121#Napoli#veicolo già assicurato con atr#No#No#BM#14#0#0#0#0#0#0#0#0#2,500,000
Conte - Moto#220#2010-04-15#KAWASAKI#31/12/2008#100#NINJA 250R ##si#250#Persona fisica#M#40#Napoli#80121#Napoli#3#SI#Impiegato#M#40#Napoli#80121#Napoli#veicolo già assicurato con atr#No#No#BM#14#0#0#0#0#0#0#0#0#2,500,000
Conte - Moto#221#2010-04-15#Royal Enfield#31/12/2006#100#BULLET 350 STD K/S#STD K/S#si#350#Persona fisica#M#40#Napoli#80121#Napoli#3#SI#Impiegato#M#40#Napoli#80121#Napoli#veicolo già assicurato con atr#No#No#BM#14#0#0#0#0#0#0#0#0#2,500,000
Conte - Moto#222#2010-04-15#DUCATI#31/12/2004#100#MONSTER 400 DARK SD 25KW#DARK SD 25KW#si#400#Persona fisica#M#40#Napoli#80121#Napoli#3#SI#Impiegato#M#40#Napoli#80121#Napoli#veicolo già assicurato con atr#No#No#BM#14#0#0#0#0#0#0#0#0#2,500,000
Conte - Moto#223#2010-04-15#KAWASAKI#31/12/2005#100#ER 5 25 KW ##si#500#Persona fisica#M#40#Napoli#80121#Napoli#3#SI#Impiegato#M#40#Napoli#80121#Napoli#veicolo già assicurato con atr#No#No#BM#14#0#0#0#0#0#0#0#0#2,500,000
Conte - Moto#224#2010-04-15#SUZUKI#31/12/2001#100#GS 500 ##si#500#Persona fisica#M#40#Napoli#80121#Napoli#3#SI#Impiegato#M#40#Napoli#80121#Napoli#veicolo già assicurato con atr#No#No#BM#14#0#0#0#0#0#0#0#0#2,500,000
Conte - Moto#225#2010-04-15#HONDA#31/12/2005#100#HORNET 25KW ##si#600#Persona fisica#M#40#Napoli#80121#Napoli#3#SI#Impiegato#M#40#Napoli#80121#Napoli#veicolo già assicurato con atr#No#No#BM#14#0#0#0#0#0#0#0#0#2,500,000
Conte - Moto#226#2010-04-15#SUZUKI#31/12/2006#100#GSR 600 ##si#600#Persona fisica#M#40#Napoli#80121#Napoli#3#SI#Impiegato#M#40#Napoli#80121#Napoli#veicolo già assicurato con atr#No#No#BM#14#0#0#0#0#0#0#0#0#2,500,000
Conte - Moto#227#2010-04-15#KAWASAKI#31/12/2009#100#ER 6N ##si#650#Persona fisica#M#40#Napoli#80121#Napoli#3#SI#Impiegato#M#40#Napoli#80121#Napoli#veicolo già assicurato con atr#No#No#BM#14#0#0#0#0#0#0#0#0#2,500,000
Conte - Moto#228#2010-04-15#KAWASAKI#31/12/2009#100#Z 750 ##si#750#Persona fisica#M#40#Napoli#80121#Napoli#3#SI#Impiegato#M#40#Napoli#80121#Napoli#veicolo già assicurato con atr#No#No#BM#14#0#0#0#0#0#0#0#0#2,500,000
Conte - Moto#229#2010-04-15#MV AGUSTA#31/12/2004#100#BRUTALE S#S#si#800#Persona fisica#M#40#Napoli#80121#Napoli#3#SI#Impiegato#M#40#Napoli#80121#Napoli#veicolo già assicurato con atr#No#No#BM#14#0#0#0#0#0#0#0#0#2,500,000
Conte - Moto#230#2010-04-15#BMW#31/12/2009#100#F 800 R#R#si#800#Persona fisica#M#40#Napoli#80121#Napoli#3#SI#Impiegato#M#40#Napoli#80121#Napoli#veicolo già assicurato con atr#No#No#BM#14#0#0#0#0#0#0#0#0#2,500,000
Conte - Moto#231#2010-04-15#DUCATI#31/12/2000#100#MONSTER 900 ##si#900#Persona fisica#M#40#Napoli#80121#Napoli#3#SI#Impiegato#M#40#Napoli#80121#Napoli#veicolo già assicurato con atr#No#No#BM#14#0#0#0#0#0#0#0#0#2,500,000
Conte - Moto#232#2010-04-15#DUCATI#31/12/2009#100#GT 1000 TOURING#TOURING#si#1000#Persona fisica#M#40#Napoli#80121#Napoli#3#SI#Impiegato#M#40#Napoli#80121#Napoli#veicolo già assicurato con atr#No#No#BM#14#0#0#0#0#0#0#0#0#2,500,000
Conte - Moto#233#2010-04-15#DUCATI#31/12/2009#100#MONSTER 1100 S#S#si#1100#Persona fisica#M#40#Napoli#80121#Napoli#3#SI#Impiegato#M#40#Napoli#80121#Napoli#veicolo già assicurato con atr#No#No#BM#14#0#0#0#0#0#0#0#0#2,500,000
Conte - Moto#234#2010-04-15#MAGNI#31/12/2000#100#SPORT 1200 S#S#si#1200#Persona fisica#M#40#Napoli#80121#Napoli#3#SI#Impiegato#M#40#Napoli#80121#Napoli#veicolo già assicurato con atr#No#No#BM#14#0#0#0#0#0#0#0#0#2,500,000
Conte - Moto#235#2010-04-15#HONDA#31/12/1997#100#VFR 750 F#F#si#750#Persona fisica#M#40#Napoli#80121#Napoli#3#SI#Impiegato#M#40#Napoli#80121#Napoli#veicolo già assicurato con atr#No#No#BM#14#0#0#0#0#0#0#0#0#2,500,000
Conte - Moto#236#2010-04-15#HONDA#31/12/2004#100#HORNET 900 ##si#900#Persona fisica#M#40#Napoli#80121#Napoli#3#SI#Impiegato#M#40#Napoli#80121#Napoli#veicolo già assicurato con atr#No#No#BM#14#0#0#0#0#0#0#0#0#2,500,000
Conte - Moto#237#2010-04-15#HONDA#31/12/2008#100#CB 1000 R#R#si#1000#Persona fisica#M#40#Napoli#80121#Napoli#3#SI#Impiegato#M#40#Napoli#80121#Napoli#veicolo già assicurato con atr#No#No#BM#14#0#0#0#0#0#0#0#0#2,500,000
Conte - Moto#238#2010-04-15#SUZUKI#31/12/1991#100#GSX-R 1100 ##si#1100#Persona fisica#M#40#Napoli#80121#Napoli#3#SI#Impiegato#M#40#Napoli#80121#Napoli#veicolo già assicurato con atr#No#No#BM#14#0#0#0#0#0#0#0#0#2,500,000
Conte - Moto#239#2010-04-15#BMW#31/12/2006#100#R 1200 R R#R#si#1200#Persona fisica#M#40#Napoli#80121#Napoli#3#SI#Impiegato#M#40#Napoli#80121#Napoli#veicolo già assicurato con atr#No#No#BM#14#0#0#0#0#0#0#0#0#2,500,000
Conte - Moto#240#2010-04-15#HONDA#31/12/2008#100#CB 1300##si#1300#Persona fisica#M#40#Napoli#80121#Napoli#3#SI#Impiegato#M#40#Napoli#80121#Napoli#veicolo già assicurato con atr#No#No#BM#14#0#0#0#0#0#0#0#0#2,500,000
Conte - Moto#241#2010-04-15#Honda#3#100#SH 125 I#I#si#125#Persona fisica#M#40#Napoli#80121#Napoli#3#SI#Impiegato#M#40#Napoli#80121#Napoli#veicolo già assicurato con atr#No#No#BM#1#0#0#0#0#0#0#0#0#2,500,000
Conte - Moto#242#2010-04-15#Honda#3#100#SH 125 I#I#si#125#Persona fisica#M#40#Napoli#80121#Napoli#3#SI#Impiegato#M#40#Napoli#80121#Napoli#veicolo già assicurato con atr#No#No#BM#2#0#0#0#0#0#0#0#0#2,500,000
Conte - Moto#243#2010-04-15#Honda#3#100#SH 125 I#I#si#125#Persona fisica#M#40#Napoli#80121#Napoli#3#SI#Impiegato#M#40#Napoli#80121#Napoli#veicolo già assicurato con atr#No#No#BM#3#0#0#0#0#0#0#0#0#2,500,000
Conte - Moto#244#2010-04-15#Honda#3#100#SH 125 I#I#si#125#Persona fisica#M#40#Napoli#80121#Napoli#3#SI#Impiegato#M#40#Napoli#80121#Napoli#veicolo già assicurato con atr#No#No#BM#4#0#0#0#0#0#0#0#0#2,500,000
Conte - Moto#245#2010-04-15#Honda#3#100#SH 125 I#I#si#125#Persona fisica#M#40#Napoli#80121#Napoli#3#SI#Impiegato#M#40#Napoli#80121#Napoli#veicolo già assicurato con atr#No#No#BM#5#0#0#0#0#0#0#0#0#2,500,000
Conte - Moto#246#2010-04-15#Honda#3#100#SH 125 I#I#si#125#Persona fisica#M#40#Napoli#80121#Napoli#3#SI#Impiegato#M#40#Napoli#80121#Napoli#veicolo già assicurato con atr#No#No#BM#6#0#0#0#0#0#0#0#0#2,500,000
Conte - Moto#247#2010-04-15#Honda#3#100#SH 125 I#I#si#125#Persona fisica#M#40#Napoli#80121#Napoli#3#SI#Impiegato#M#40#Napoli#80121#Napoli#veicolo già assicurato con atr#No#No#BM#7#0#0#0#0#0#0#0#0#2,500,000
Conte - Moto#248#2010-04-15#Honda#3#100#SH 125 I#I#si#125#Persona fisica#M#40#Napoli#80121#Napoli#3#SI#Impiegato#M#40#Napoli#80121#Napoli#veicolo già assicurato con atr#No#No#BM#8#0#0#0#0#0#0#0#0#2,500,000
Conte - Moto#249#2010-04-15#Honda#3#100#SH 125 I#I#si#125#Persona fisica#M#40#Napoli#80121#Napoli#3#SI#Impiegato#M#40#Napoli#80121#Napoli#veicolo già assicurato con atr#No#No#BM#9#0#0#0#0#0#0#0#0#2,500,000
Conte - Moto#250#2010-04-15#Honda#3#100#SH 125 I#I#si#125#Persona fisica#M#40#Napoli#80121#Napoli#3#SI#Impiegato#M#40#Napoli#80121#Napoli#veicolo già assicurato con atr#No#No#BM#10#0#0#0#0#0#0#0#0#2,500,000
Conte - Moto#251#2010-04-15#Honda#3#100#SH 125 I#I#si#125#Persona fisica#M#40#Napoli#80121#Napoli#3#SI#Impiegato#M#40#Napoli#80121#Napoli#veicolo già assicurato con atr#No#No#BM#11#0#0#0#0#0#0#0#0#2,500,000
Conte - Moto#252#2010-04-15#Honda#3#100#SH 125 I#I#si#125#Persona fisica#M#40#Napoli#80121#Napoli#3#SI#Impiegato#M#40#Napoli#80121#Napoli#veicolo già assicurato con atr#No#No#BM#12#0#0#0#0#0#0#0#0#2,500,000
Conte - Moto#253#2010-04-15#Honda#3#100#SH 125 I#I#si#125#Persona fisica#M#40#Napoli#80121#Napoli#3#SI#Impiegato#M#40#Napoli#80121#Napoli#veicolo già assicurato con atr#No#No#BM#14#0#0#0#0#0#0#0#0#2,500,000
Conte - Moto#254#2010-04-15#Honda#3#100#SH 125 I#I#si#125#Persona fisica#M#40#Napoli#80121#Napoli#3#SI#Impiegato#M#40#Napoli#80121#Napoli#veicolo già assicurato con atr#No#No#BM#15#0#0#0#0#0#0#0#0#2,500,000
Conte - Moto#255#2010-04-15#Honda#3#100#SH 125 I#I#si#125#Persona fisica#M#40#Napoli#80121#Napoli#3#SI#Impiegato#M#40#Napoli#80121#Napoli#veicolo già assicurato con atr#No#No#BM#16#0#0#0#0#0#0#0#0#2,500,000
Conte - Moto#256#2010-04-15#Honda#3#100#SH 125 I#I#si#125#Persona fisica#M#40#Napoli#80121#Napoli#3#SI#Impiegato#M#40#Napoli#80121#Napoli#veicolo già assicurato con atr#No#No#BM#17#0#0#0#0#0#0#0#0#2,500,000
Conte - Moto#257#2010-04-15#Honda#3#100#SH 125 I#I#si#125#Persona fisica#M#40#Napoli#80121#Napoli#3#SI#Impiegato#M#40#Napoli#80121#Napoli#veicolo già assicurato con atr#No#No#BM#18#0#0#0#0#0#0#0#0#2,500,000
Conte - Moto#258#2010-04-15#Honda#3#100#SH 125 I#I#si#125#Persona fisica#M#40#Napoli#80121#Napoli#3#SI#Impiegato#M#40#Napoli#80121#Napoli#veicolo già assicurato con atr#No#No#BM#1#0#0#0#0#0#1#1#0#2,500,000
Conte - Moto#259#2010-04-15#Honda#3#100#SH 125 I#I#si#125#Persona fisica#M#40#Napoli#80121#Napoli#3#SI#Impiegato#M#40#Napoli#80121#Napoli#veicolo già assicurato con atr#No#No#BM#2#0#0#0#0#0#1#1#0#2,500,000
Conte - Moto#260#2010-04-15#Honda#3#100#SH 125 I#I#si#125#Persona fisica#M#40#Napoli#80121#Napoli#3#SI#Impiegato#M#40#Napoli#80121#Napoli#veicolo già assicurato con atr#No#No#BM#3#0#0#0#0#0#1#1#0#2,500,000
Conte - Moto#261#2010-04-15#Honda#3#100#SH 125 I#I#si#125#Persona fisica#M#40#Napoli#80121#Napoli#3#SI#Impiegato#M#40#Napoli#80121#Napoli#veicolo già assicurato con atr#No#No#BM#4#0#0#0#0#0#1#1#0#2,500,000
Conte - Moto#262#2010-04-15#Honda#3#100#SH 125 I#I#si#125#Persona fisica#M#40#Napoli#80121#Napoli#3#SI#Impiegato#M#40#Napoli#80121#Napoli#veicolo già assicurato con atr#No#No#BM#5#0#0#0#0#0#1#1#0#2,500,000
Conte - Moto#263#2010-04-15#Honda#3#100#SH 125 I#I#si#125#Persona fisica#M#40#Napoli#80121#Napoli#3#SI#Impiegato#M#40#Napoli#80121#Napoli#veicolo già assicurato con atr#No#No#BM#6#0#0#0#0#0#1#1#0#2,500,000
Conte - Moto#264#2010-04-15#Honda#3#100#SH 125 I#I#si#125#Persona fisica#M#40#Napoli#80121#Napoli#3#SI#Impiegato#M#40#Napoli#80121#Napoli#veicolo già assicurato con atr#No#No#BM#7#0#0#0#0#0#1#1#0#2,500,000
Conte - Moto#265#2010-04-15#Honda#3#100#SH 125 I#I#si#125#Persona fisica#M#40#Napoli#80121#Napoli#3#SI#Impiegato#M#40#Napoli#80121#Napoli#veicolo già assicurato con atr#No#No#BM#8#0#0#0#0#0#1#1#0#2,500,000
Conte - Moto#266#2010-04-15#Honda#3#100#SH 125 I#I#si#125#Persona fisica#M#40#Napoli#80121#Napoli#3#SI#Impiegato#M#40#Napoli#80121#Napoli#veicolo già assicurato con atr#No#No#BM#9#0#0#0#0#0#1#1#0#2,500,000
Conte - Moto#267#2010-04-15#Honda#3#100#SH 125 I#I#si#125#Persona fisica#M#40#Napoli#80121#Napoli#3#SI#Impiegato#M#40#Napoli#80121#Napoli#veicolo già assicurato con atr#No#No#BM#10#0#0#0#0#0#1#1#0#2,500,000
Conte - Moto#268#2010-04-15#Honda#3#100#SH 125 I#I#si#125#Persona fisica#M#40#Napoli#80121#Napoli#3#SI#Impiegato#M#40#Napoli#80121#Napoli#veicolo già assicurato con atr#No#No#BM#11#0#0#0#0#0#1#1#0#2,500,000
Conte - Moto#269#2010-04-15#Honda#3#100#SH 125 I#I#si#125#Persona fisica#M#40#Napoli#80121#Napoli#3#SI#Impiegato#M#40#Napoli#80121#Napoli#veicolo già assicurato con atr#No#No#BM#12#0#0#0#0#0#1#1#0#2,500,000
Conte - Moto#270#2010-04-15#Honda#3#100#SH 125 I#I#si#125#Persona fisica#M#40#Napoli#80121#Napoli#3#SI#Impiegato#M#40#Napoli#80121#Napoli#veicolo già assicurato con atr#No#No#BM#14#0#0#0#0#0#1#1#0#2,500,000
Conte - Moto#271#2010-04-15#Honda#3#100#SH 125 I#I#si#125#Persona fisica#M#40#Napoli#80121#Napoli#3#SI#Impiegato#M#40#Napoli#80121#Napoli#veicolo già assicurato con atr#No#No#BM#15#0#0#0#0#0#1#1#0#2,500,000
Conte - Moto#272#2010-04-15#Honda#3#100#SH 125 I#I#si#125#Persona fisica#M#40#Napoli#80121#Napoli#3#SI#Impiegato#M#40#Napoli#80121#Napoli#veicolo già assicurato con atr#No#No#BM#16#0#0#0#0#0#1#1#0#2,500,000
Conte - Moto#273#2010-04-15#Honda#3#100#SH 125 I#I#si#125#Persona fisica#M#40#Napoli#80121#Napoli#3#SI#Impiegato#M#40#Napoli#80121#Napoli#veicolo già assicurato con atr#No#No#BM#17#0#0#0#0#0#1#1#0#2,500,000
Conte - Moto#274#2010-04-15#Honda#3#100#SH 125 I#I#si#125#Persona fisica#M#40#Napoli#80121#Napoli#3#SI#Impiegato#M#40#Napoli#80121#Napoli#veicolo già assicurato con atr#No#No#BM#18#0#0#0#0#0#1#1#0#2,500,000
Conte - Moto#275#2010-04-15#Honda#3#100#SH 125 I#I#si#125#Persona fisica#M#40#Napoli#80121#Napoli#3#SI#Impiegato#M#40#Napoli#80121#Napoli#1a immatricolazione dopo l’acquisto del veicolo#No#No#BM##0#0#0#0#0#0#1#0#2,500,000
Conte - Moto#276#2010-04-15#Honda#3#100#SH 125 I#I#si#125#Persona fisica#M#40#Napoli#80121#Napoli#3#SI#Impiegato#M#40#Napoli#80121#Napoli#veicolo già assicurato con atr#No#No#BM#14#0#0#0#0#0#0#0#0#2,500,000
Conte - Moto#277#2010-04-15#Honda#3#100#SH 125 I#I#si#125#Persona fisica#M#40#Napoli#80121#Napoli#3#SI#Impiegato#M#40#Napoli#80121#Napoli#veicolo già assicurato con atr#No#No#BM#14#0#0#0#0#0#0#0#0#5,000,000
Conte - Moto#278#2010-04-15#Honda#3#100#SH 125 I#I#si#125#Persona fisica#M#40#Napoli#80121#Napoli#3#SI#Impiegato#M#40#Napoli#80121#Napoli#veicolo già assicurato con atr#No#No#BM#14#0#0#0#0#0#0#0#0#10,000,000
Conte - Moto#279#2010-04-15#Honda#3#100#SH 125 I#I#si#125#Persona fisica#M#40#Napoli#80121#Napoli#3#SI#Impiegato#M#40#Napoli#80121#Napoli#veicolo già assicurato con atr#No#No#BM#14#0#0#0#0#0#0#0#0#15,000,000
Conte - Moto#280#2010-04-15#Honda#3#100#SH 125 I#I#si#125#Persona fisica#M#40#Napoli#80121#Napoli#3#SI#Impiegato#M#40#Napoli#80121#Napoli#veicolo già assicurato con atr#No#No#BM#14#0#0#0#0#0#0#0#0#25,000,000
Conte - Moto#281#2010-04-15#Honda#3#100#SH 125 I#I#si#125#Persona fisica#M#40#Napoli#80121#Napoli#3#SI#Impiegato#M#40#Napoli#80121#Napoli#veicolo già assicurato con atr#No#No#BM#14#0#0#0#0#0#0#0#0#50,000,000
Conte - Moto#282#2010-04-15#Honda#3#100#SH 125 I#I#si#125#Persona fisica#M#18#Napoli#80121#Napoli#3#SI#Impiegato#M#18#Napoli#80121#Napoli#veicolo già assicurato con atr#No#No#BM#14#0#0#0#0#0#0#0#0#2,500,000
Conte - Moto#283#2010-04-15#Honda#3#100#SH 125 I#I#si#125#Persona fisica#M#19#Napoli#80121#Napoli#3#SI#Impiegato#M#19#Napoli#80121#Napoli#veicolo già assicurato con atr#No#No#BM#14#0#0#0#0#0#0#0#0#2,500,000
Conte - Moto#284#2010-04-15#Honda#3#100#SH 125 I#I#si#125#Persona fisica#M#20#Napoli#80121#Napoli#3#SI#Impiegato#M#20#Napoli#80121#Napoli#veicolo già assicurato con atr#No#No#BM#14#0#0#0#0#0#0#0#0#2,500,000
Conte - Moto#285#2010-04-15#Honda#3#100#SH 125 I#I#si#125#Persona fisica#M#21#Napoli#80121#Napoli#3#SI#Impiegato#M#21#Napoli#80121#Napoli#veicolo già assicurato con atr#No#No#BM#14#0#0#0#0#0#0#0#0#2,500,000
Conte - Moto#286#2010-04-15#Honda#3#100#SH 125 I#I#si#125#Persona fisica#M#22#Napoli#80121#Napoli#3#SI#Impiegato#M#22#Napoli#80121#Napoli#veicolo già assicurato con atr#No#No#BM#14#0#0#0#0#0#0#0#0#2,500,000
Conte - Moto#287#2010-04-15#Honda#3#100#SH 125 I#I#si#125#Persona fisica#M#23#Napoli#80121#Napoli#3#SI#Impiegato#M#23#Napoli#80121#Napoli#veicolo già assicurato con atr#No#No#BM#14#0#0#0#0#0#0#0#0#2,500,000
Conte - Moto#288#2010-04-15#Honda#3#100#SH 125 I#I#si#125#Persona fisica#M#24#Napoli#80121#Napoli#3#SI#Impiegato#M#24#Napoli#80121#Napoli#veicolo già assicurato con atr#No#No#BM#14#0#0#0#0#0#0#0#0#2,500,000
Conte - Moto#289#2010-04-15#Honda#3#100#SH 125 I#I#si#125#Persona fisica#M#25#Napoli#80121#Napoli#3#SI#Impiegato#M#25#Napoli#80121#Napoli#veicolo già assicurato con atr#No#No#BM#14#0#0#0#0#0#0#0#0#2,500,000
Conte - Moto#290#2010-04-15#Honda#3#100#SH 125 I#I#si#125#Persona fisica#M#26#Napoli#80121#Napoli#3#SI#Impiegato#M#26#Napoli#80121#Napoli#veicolo già assicurato con atr#No#No#BM#14#0#0#0#0#0#0#0#0#2,500,000
Conte - Moto#291#2010-04-15#Honda#3#100#SH 125 I#I#si#125#Persona fisica#M#27#Napoli#80121#Napoli#3#SI#Impiegato#M#27#Napoli#80121#Napoli#veicolo già assicurato con atr#No#No#BM#14#0#0#0#0#0#0#0#0#2,500,000
Conte - Moto#292#2010-04-15#Honda#3#100#SH 125 I#I#si#125#Persona fisica#M#28#Napoli#80121#Napoli#3#SI#Impiegato#M#28#Napoli#80121#Napoli#veicolo già assicurato con atr#No#No#BM#14#0#0#0#0#0#0#0#0#2,500,000
Conte - Moto#293#2010-04-15#Honda#3#100#SH 125 I#I#si#125#Persona fisica#M#29#Napoli#80121#Napoli#3#SI#Impiegato#M#29#Napoli#80121#Napoli#veicolo già assicurato con atr#No#No#BM#14#0#0#0#0#0#0#0#0#2,500,000
Conte - Moto#294#2010-04-15#Honda#3#100#SH 125 I#I#si#125#Persona fisica#M#30#Napoli#80121#Napoli#3#SI#Impiegato#M#30#Napoli#80121#Napoli#veicolo già assicurato con atr#No#No#BM#14#0#0#0#0#0#0#0#0#2,500,000
Conte - Moto#295#2010-04-15#Honda#3#100#SH 125 I#I#si#125#Persona fisica#M#31#Napoli#80121#Napoli#3#SI#Impiegato#M#31#Napoli#80121#Napoli#veicolo già assicurato con atr#No#No#BM#14#0#0#0#0#0#0#0#0#2,500,000
Conte - Moto#296#2010-04-15#Honda#3#100#SH 125 I#I#si#125#Persona fisica#M#32#Napoli#80121#Napoli#3#SI#Impiegato#M#32#Napoli#80121#Napoli#veicolo già assicurato con atr#No#No#BM#14#0#0#0#0#0#0#0#0#2,500,000
Conte - Moto#297#2010-04-15#Honda#3#100#SH 125 I#I#si#125#Persona fisica#M#33#Napoli#80121#Napoli#3#SI#Impiegato#M#33#Napoli#80121#Napoli#veicolo già assicurato con atr#No#No#BM#14#0#0#0#0#0#0#0#0#2,500,000
Conte - Moto#298#2010-04-15#Honda#3#100#SH 125 I#I#si#125#Persona fisica#M#34#Napoli#80121#Napoli#3#SI#Impiegato#M#34#Napoli#80121#Napoli#veicolo già assicurato con atr#No#No#BM#14#0#0#0#0#0#0#0#0#2,500,000
Conte - Moto#299#2010-04-15#Honda#3#100#SH 125 I#I#si#125#Persona fisica#M#35#Napoli#80121#Napoli#3#SI#Impiegato#M#35#Napoli#80121#Napoli#veicolo già assicurato con atr#No#No#BM#14#0#0#0#0#0#0#0#0#2,500,000
Conte - Moto#300#2010-04-15#Honda#3#100#SH 125 I#I#si#125#Persona fisica#M#36#Napoli#80121#Napoli#3#SI#Impiegato#M#36#Napoli#80121#Napoli#veicolo già assicurato con atr#No#No#BM#14#0#0#0#0#0#0#0#0#2,500,000
Conte - Moto#301#2010-04-15#Honda#3#100#SH 125 I#I#si#125#Persona fisica#M#37#Napoli#80121#Napoli#3#SI#Impiegato#M#37#Napoli#80121#Napoli#veicolo già assicurato con atr#No#No#BM#14#0#0#0#0#0#0#0#0#2,500,000
Conte - Moto#302#2010-04-15#Honda#3#100#SH 125 I#I#si#125#Persona fisica#M#38#Napoli#80121#Napoli#3#SI#Impiegato#M#38#Napoli#80121#Napoli#veicolo già assicurato con atr#No#No#BM#14#0#0#0#0#0#0#0#0#2,500,000
Conte - Moto#303#2010-04-15#Honda#3#100#SH 125 I#I#si#125#Persona fisica#M#39#Napoli#80121#Napoli#3#SI#Impiegato#M#39#Napoli#80121#Napoli#veicolo già assicurato con atr#No#No#BM#14#0#0#0#0#0#0#0#0#2,500,000
Conte - Moto#304#2010-04-15#Honda#3#100#SH 125 I#I#si#125#Persona fisica#M#40#Napoli#80121#Napoli#3#SI#Impiegato#M#40#Napoli#80121#Napoli#veicolo già assicurato con atr#No#No#BM#14#0#0#0#0#0#0#0#0#2,500,000
Conte - Moto#305#2010-04-15#Honda#3#100#SH 125 I#I#si#125#Persona fisica#M#41#Napoli#80121#Napoli#3#SI#Impiegato#M#41#Napoli#80121#Napoli#veicolo già assicurato con atr#No#No#BM#14#0#0#0#0#0#0#0#0#2,500,000
Conte - Moto#306#2010-04-15#Honda#3#100#SH 125 I#I#si#125#Persona fisica#M#42#Napoli#80121#Napoli#3#SI#Impiegato#M#42#Napoli#80121#Napoli#veicolo già assicurato con atr#No#No#BM#14#0#0#0#0#0#0#0#0#2,500,000
Conte - Moto#307#2010-04-15#Honda#3#100#SH 125 I#I#si#125#Persona fisica#M#43#Napoli#80121#Napoli#3#SI#Impiegato#M#43#Napoli#80121#Napoli#veicolo già assicurato con atr#No#No#BM#14#0#0#0#0#0#0#0#0#2,500,000
Conte - Moto#308#2010-04-15#Honda#3#100#SH 125 I#I#si#125#Persona fisica#M#44#Napoli#80121#Napoli#3#SI#Impiegato#M#44#Napoli#80121#Napoli#veicolo già assicurato con atr#No#No#BM#14#0#0#0#0#0#0#0#0#2,500,000
Conte - Moto#309#2010-04-15#Honda#3#100#SH 125 I#I#si#125#Persona fisica#M#45#Napoli#80121#Napoli#3#SI#Impiegato#M#45#Napoli#80121#Napoli#veicolo già assicurato con atr#No#No#BM#14#0#0#0#0#0#0#0#0#2,500,000
Conte - Moto#310#2010-04-15#Honda#3#100#SH 125 I#I#si#125#Persona fisica#M#46#Napoli#80121#Napoli#3#SI#Impiegato#M#46#Napoli#80121#Napoli#veicolo già assicurato con atr#No#No#BM#14#0#0#0#0#0#0#0#0#2,500,000
Conte - Moto#311#2010-04-15#Honda#3#100#SH 125 I#I#si#125#Persona fisica#M#47#Napoli#80121#Napoli#3#SI#Impiegato#M#47#Napoli#80121#Napoli#veicolo già assicurato con atr#No#No#BM#14#0#0#0#0#0#0#0#0#2,500,000
Conte - Moto#312#2010-04-15#Honda#3#100#SH 125 I#I#si#125#Persona fisica#M#48#Napoli#80121#Napoli#3#SI#Impiegato#M#48#Napoli#80121#Napoli#veicolo già assicurato con atr#No#No#BM#14#0#0#0#0#0#0#0#0#2,500,000
Conte - Moto#313#2010-04-15#Honda#3#100#SH 125 I#I#si#125#Persona fisica#M#49#Napoli#80121#Napoli#3#SI#Impiegato#M#49#Napoli#80121#Napoli#veicolo già assicurato con atr#No#No#BM#14#0#0#0#0#0#0#0#0#2,500,000
Conte - Moto#314#2010-04-15#Honda#3#100#SH 125 I#I#si#125#Persona fisica#M#50#Napoli#80121#Napoli#3#SI#Impiegato#M#50#Napoli#80121#Napoli#veicolo già assicurato con atr#No#No#BM#14#0#0#0#0#0#0#0#0#2,500,000
Conte - Moto#315#2010-04-15#Honda#3#100#SH 125 I#I#si#125#Persona fisica#M#51#Napoli#80121#Napoli#3#SI#Impiegato#M#51#Napoli#80121#Napoli#veicolo già assicurato con atr#No#No#BM#14#0#0#0#0#0#0#0#0#2,500,000
Conte - Moto#316#2010-04-15#Honda#3#100#SH 125 I#I#si#125#Persona fisica#M#52#Napoli#80121#Napoli#3#SI#Impiegato#M#52#Napoli#80121#Napoli#veicolo già assicurato con atr#No#No#BM#14#0#0#0#0#0#0#0#0#2,500,000
Conte - Moto#317#2010-04-15#Honda#3#100#SH 125 I#I#si#125#Persona fisica#M#53#Napoli#80121#Napoli#3#SI#Impiegato#M#53#Napoli#80121#Napoli#veicolo già assicurato con atr#No#No#BM#14#0#0#0#0#0#0#0#0#2,500,000
Conte - Moto#318#2010-04-15#Honda#3#100#SH 125 I#I#si#125#Persona fisica#M#54#Napoli#80121#Napoli#3#SI#Impiegato#M#54#Napoli#80121#Napoli#veicolo già assicurato con atr#No#No#BM#14#0#0#0#0#0#0#0#0#2,500,000
Conte - Moto#319#2010-04-15#Honda#3#100#SH 125 I#I#si#125#Persona fisica#M#55#Napoli#80121#Napoli#3#SI#Impiegato#M#55#Napoli#80121#Napoli#veicolo già assicurato con atr#No#No#BM#14#0#0#0#0#0#0#0#0#2,500,000
Conte - Moto#320#2010-04-15#Honda#3#100#SH 125 I#I#si#125#Persona fisica#M#56#Napoli#80121#Napoli#3#SI#Impiegato#M#56#Napoli#80121#Napoli#veicolo già assicurato con atr#No#No#BM#14#0#0#0#0#0#0#0#0#2,500,000
Conte - Moto#321#2010-04-15#Honda#3#100#SH 125 I#I#si#125#Persona fisica#M#57#Napoli#80121#Napoli#3#SI#Impiegato#M#57#Napoli#80121#Napoli#veicolo già assicurato con atr#No#No#BM#14#0#0#0#0#0#0#0#0#2,500,000
Conte - Moto#322#2010-04-15#Honda#3#100#SH 125 I#I#si#125#Persona fisica#M#58#Napoli#80121#Napoli#3#SI#Impiegato#M#58#Napoli#80121#Napoli#veicolo già assicurato con atr#No#No#BM#14#0#0#0#0#0#0#0#0#2,500,000
Conte - Moto#323#2010-04-15#Honda#3#100#SH 125 I#I#si#125#Persona fisica#M#59#Napoli#80121#Napoli#3#SI#Impiegato#M#59#Napoli#80121#Napoli#veicolo già assicurato con atr#No#No#BM#14#0#0#0#0#0#0#0#0#2,500,000
Conte - Moto#324#2010-04-15#Honda#3#100#SH 125 I#I#si#125#Persona fisica#M#60#Napoli#80121#Napoli#3#SI#Impiegato#M#60#Napoli#80121#Napoli#veicolo già assicurato con atr#No#No#BM#14#0#0#0#0#0#0#0#0#2,500,000
Conte - Moto#325#2010-04-15#Honda#3#100#SH 125 I#I#si#125#Persona fisica#M#61#Napoli#80121#Napoli#3#SI#Impiegato#M#61#Napoli#80121#Napoli#veicolo già assicurato con atr#No#No#BM#14#0#0#0#0#0#0#0#0#2,500,000
Conte - Moto#326#2010-04-15#Honda#3#100#SH 125 I#I#si#125#Persona fisica#M#62#Napoli#80121#Napoli#3#SI#Impiegato#M#62#Napoli#80121#Napoli#veicolo già assicurato con atr#No#No#BM#14#0#0#0#0#0#0#0#0#2,500,000
Conte - Moto#327#2010-04-15#Honda#3#100#SH 125 I#I#si#125#Persona fisica#M#63#Napoli#80121#Napoli#3#SI#Impiegato#M#63#Napoli#80121#Napoli#veicolo già assicurato con atr#No#No#BM#14#0#0#0#0#0#0#0#0#2,500,000
Conte - Moto#328#2010-04-15#Honda#3#100#SH 125 I#I#si#125#Persona fisica#M#64#Napoli#80121#Napoli#3#SI#Impiegato#M#64#Napoli#80121#Napoli#veicolo già assicurato con atr#No#No#BM#14#0#0#0#0#0#0#0#0#2,500,000
Conte - Moto#329#2010-04-15#Honda#3#100#SH 125 I#I#si#125#Persona fisica#M#65#Napoli#80121#Napoli#3#SI#Impiegato#M#65#Napoli#80121#Napoli#veicolo già assicurato con atr#No#No#BM#14#0#0#0#0#0#0#0#0#2,500,000
Conte - Moto#330#2010-04-15#Honda#3#100#SH 125 I#I#si#125#Persona fisica#M#66#Napoli#80121#Napoli#3#SI#Impiegato#M#66#Napoli#80121#Napoli#veicolo già assicurato con atr#No#No#BM#14#0#0#0#0#0#0#0#0#2,500,000
Conte - Moto#331#2010-04-15#Honda#3#100#SH 125 I#I#si#125#Persona fisica#M#67#Napoli#80121#Napoli#3#SI#Impiegato#M#67#Napoli#80121#Napoli#veicolo già assicurato con atr#No#No#BM#14#0#0#0#0#0#0#0#0#2,500,000
Conte - Moto#332#2010-04-15#Honda#3#100#SH 125 I#I#si#125#Persona fisica#M#68#Napoli#80121#Napoli#3#SI#Impiegato#M#68#Napoli#80121#Napoli#veicolo già assicurato con atr#No#No#BM#14#0#0#0#0#0#0#0#0#2,500,000
Conte - Moto#333#2010-04-15#Honda#3#100#SH 125 I#I#si#125#Persona fisica#M#69#Napoli#80121#Napoli#3#SI#Impiegato#M#69#Napoli#80121#Napoli#veicolo già assicurato con atr#No#No#BM#14#0#0#0#0#0#0#0#0#2,500,000
Conte - Moto#334#2010-04-15#Honda#3#100#SH 125 I#I#si#125#Persona fisica#M#70#Napoli#80121#Napoli#3#SI#Impiegato#M#70#Napoli#80121#Napoli#veicolo già assicurato con atr#No#No#BM#14#0#0#0#0#0#0#0#0#2,500,000
Conte - Moto#335#2010-04-15#Honda#3#100#SH 125 I#I#si#125#Persona fisica#M#71#Napoli#80121#Napoli#3#SI#Impiegato#M#71#Napoli#80121#Napoli#veicolo già assicurato con atr#No#No#BM#14#0#0#0#0#0#0#0#0#2,500,000
Conte - Moto#336#2010-04-15#Honda#3#100#SH 125 I#I#si#125#Persona fisica#M#72#Napoli#80121#Napoli#3#SI#Impiegato#M#72#Napoli#80121#Napoli#veicolo già assicurato con atr#No#No#BM#14#0#0#0#0#0#0#0#0#2,500,000
Conte - Moto#337#2010-04-15#Honda#3#100#SH 125 I#I#si#125#Persona fisica#M#73#Napoli#80121#Napoli#3#SI#Impiegato#M#73#Napoli#80121#Napoli#veicolo già assicurato con atr#No#No#BM#14#0#0#0#0#0#0#0#0#2,500,000
Conte - Moto#338#2010-04-15#Honda#3#100#SH 125 I#I#si#125#Persona fisica#M#74#Napoli#80121#Napoli#3#SI#Impiegato#M#74#Napoli#80121#Napoli#veicolo già assicurato con atr#No#No#BM#14#0#0#0#0#0#0#0#0#2,500,000
Conte - Moto#339#2010-04-15#Honda#3#100#SH 125 I#I#si#125#Persona fisica#M#75#Napoli#80121#Napoli#3#SI#Impiegato#M#75#Napoli#80121#Napoli#veicolo già assicurato con atr#No#No#BM#14#0#0#0#0#0#0#0#0#2,500,000
Conte - Moto#340#2010-04-15#Honda#3#100#SH 125 I#I#si#125#Persona fisica#M#76#Napoli#80121#Napoli#3#SI#Impiegato#M#76#Napoli#80121#Napoli#veicolo già assicurato con atr#No#No#BM#14#0#0#0#0#0#0#0#0#2,500,000
Conte - Moto#341#2010-04-15#Honda#3#100#SH 125 I#I#si#125#Persona fisica#M#77#Napoli#80121#Napoli#3#SI#Impiegato#M#77#Napoli#80121#Napoli#veicolo già assicurato con atr#No#No#BM#14#0#0#0#0#0#0#0#0#2,500,000
Conte - Moto#342#2010-04-15#Honda#3#100#SH 125 I#I#si#125#Persona fisica#M#78#Napoli#80121#Napoli#3#SI#Impiegato#M#78#Napoli#80121#Napoli#veicolo già assicurato con atr#No#No#BM#14#0#0#0#0#0#0#0#0#2,500,000
Conte - Moto#343#2010-04-15#Honda#3#100#SH 125 I#I#si#125#Persona fisica#M#79#Napoli#80121#Napoli#3#SI#Impiegato#M#79#Napoli#80121#Napoli#veicolo già assicurato con atr#No#No#BM#14#0#0#0#0#0#0#0#0#2,500,000
Conte - Moto#344#2010-04-15#Honda#3#100#SH 125 I#I#si#125#Persona fisica#M#80#Napoli#80121#Napoli#3#SI#Impiegato#M#80#Napoli#80121#Napoli#veicolo già assicurato con atr#No#No#BM#14#0#0#0#0#0#0#0#0#2,500,000
Conte - Moto#345#2010-04-15#Honda#3#100#SH 125 I#I#si#125#Persona fisica#F#18#Napoli#80121#Napoli#3#SI#Impiegato#F#18#Napoli#80121#Napoli#veicolo già assicurato con atr#No#No#BM#14#0#0#0#0#0#0#0#0#2,500,000
Conte - Moto#346#2010-04-15#Honda#3#100#SH 125 I#I#si#125#Persona fisica#F#19#Napoli#80121#Napoli#3#SI#Impiegato#F#19#Napoli#80121#Napoli#veicolo già assicurato con atr#No#No#BM#14#0#0#0#0#0#0#0#0#2,500,000
Conte - Moto#347#2010-04-15#Honda#3#100#SH 125 I#I#si#125#Persona fisica#F#20#Napoli#80121#Napoli#3#SI#Impiegato#F#20#Napoli#80121#Napoli#veicolo già assicurato con atr#No#No#BM#14#0#0#0#0#0#0#0#0#2,500,000
Conte - Moto#348#2010-04-15#Honda#3#100#SH 125 I#I#si#125#Persona fisica#F#21#Napoli#80121#Napoli#3#SI#Impiegato#F#21#Napoli#80121#Napoli#veicolo già assicurato con atr#No#No#BM#14#0#0#0#0#0#0#0#0#2,500,000
Conte - Moto#349#2010-04-15#Honda#3#100#SH 125 I#I#si#125#Persona fisica#F#22#Napoli#80121#Napoli#3#SI#Impiegato#F#22#Napoli#80121#Napoli#veicolo già assicurato con atr#No#No#BM#14#0#0#0#0#0#0#0#0#2,500,000
Conte - Moto#350#2010-04-15#Honda#3#100#SH 125 I#I#si#125#Persona fisica#F#23#Napoli#80121#Napoli#3#SI#Impiegato#F#23#Napoli#80121#Napoli#veicolo già assicurato con atr#No#No#BM#14#0#0#0#0#0#0#0#0#2,500,000
Conte - Moto#351#2010-04-15#Honda#3#100#SH 125 I#I#si#125#Persona fisica#F#24#Napoli#80121#Napoli#3#SI#Impiegato#F#24#Napoli#80121#Napoli#veicolo già assicurato con atr#No#No#BM#14#0#0#0#0#0#0#0#0#2,500,000
Conte - Moto#352#2010-04-15#Honda#3#100#SH 125 I#I#si#125#Persona fisica#F#25#Napoli#80121#Napoli#3#SI#Impiegato#F#25#Napoli#80121#Napoli#veicolo già assicurato con atr#No#No#BM#14#0#0#0#0#0#0#0#0#2,500,000
Conte - Moto#353#2010-04-15#Honda#3#100#SH 125 I#I#si#125#Persona fisica#F#26#Napoli#80121#Napoli#3#SI#Impiegato#F#26#Napoli#80121#Napoli#veicolo già assicurato con atr#No#No#BM#14#0#0#0#0#0#0#0#0#2,500,000
Conte - Moto#354#2010-04-15#Honda#3#100#SH 125 I#I#si#125#Persona fisica#F#27#Napoli#80121#Napoli#3#SI#Impiegato#F#27#Napoli#80121#Napoli#veicolo già assicurato con atr#No#No#BM#14#0#0#0#0#0#0#0#0#2,500,000
Conte - Moto#355#2010-04-15#Honda#3#100#SH 125 I#I#si#125#Persona fisica#F#28#Napoli#80121#Napoli#3#SI#Impiegato#F#28#Napoli#80121#Napoli#veicolo già assicurato con atr#No#No#BM#14#0#0#0#0#0#0#0#0#2,500,000
Conte - Moto#356#2010-04-15#Honda#3#100#SH 125 I#I#si#125#Persona fisica#F#29#Napoli#80121#Napoli#3#SI#Impiegato#F#29#Napoli#80121#Napoli#veicolo già assicurato con atr#No#No#BM#14#0#0#0#0#0#0#0#0#2,500,000
Conte - Moto#357#2010-04-15#Honda#3#100#SH 125 I#I#si#125#Persona fisica#F#30#Napoli#80121#Napoli#3#SI#Impiegato#F#30#Napoli#80121#Napoli#veicolo già assicurato con atr#No#No#BM#14#0#0#0#0#0#0#0#0#2,500,000
Conte - Moto#358#2010-04-15#Honda#3#100#SH 125 I#I#si#125#Persona fisica#F#31#Napoli#80121#Napoli#3#SI#Impiegato#F#31#Napoli#80121#Napoli#veicolo già assicurato con atr#No#No#BM#14#0#0#0#0#0#0#0#0#2,500,000
Conte - Moto#359#2010-04-15#Honda#3#100#SH 125 I#I#si#125#Persona fisica#F#32#Napoli#80121#Napoli#3#SI#Impiegato#F#32#Napoli#80121#Napoli#veicolo già assicurato con atr#No#No#BM#14#0#0#0#0#0#0#0#0#2,500,000
Conte - Moto#360#2010-04-15#Honda#3#100#SH 125 I#I#si#125#Persona fisica#F#33#Napoli#80121#Napoli#3#SI#Impiegato#F#33#Napoli#80121#Napoli#veicolo già assicurato con atr#No#No#BM#14#0#0#0#0#0#0#0#0#2,500,000
Conte - Moto#361#2010-04-15#Honda#3#100#SH 125 I#I#si#125#Persona fisica#F#34#Napoli#80121#Napoli#3#SI#Impiegato#F#34#Napoli#80121#Napoli#veicolo già assicurato con atr#No#No#BM#14#0#0#0#0#0#0#0#0#2,500,000
Conte - Moto#362#2010-04-15#Honda#3#100#SH 125 I#I#si#125#Persona fisica#F#35#Napoli#80121#Napoli#3#SI#Impiegato#F#35#Napoli#80121#Napoli#veicolo già assicurato con atr#No#No#BM#14#0#0#0#0#0#0#0#0#2,500,000
Conte - Moto#363#2010-04-15#Honda#3#100#SH 125 I#I#si#125#Persona fisica#F#36#Napoli#80121#Napoli#3#SI#Impiegato#F#36#Napoli#80121#Napoli#veicolo già assicurato con atr#No#No#BM#14#0#0#0#0#0#0#0#0#2,500,000
Conte - Moto#364#2010-04-15#Honda#3#100#SH 125 I#I#si#125#Persona fisica#F#37#Napoli#80121#Napoli#3#SI#Impiegato#F#37#Napoli#80121#Napoli#veicolo già assicurato con atr#No#No#BM#14#0#0#0#0#0#0#0#0#2,500,000
Conte - Moto#365#2010-04-15#Honda#3#100#SH 125 I#I#si#125#Persona fisica#F#38#Napoli#80121#Napoli#3#SI#Impiegato#F#38#Napoli#80121#Napoli#veicolo già assicurato con atr#No#No#BM#14#0#0#0#0#0#0#0#0#2,500,000
Conte - Moto#366#2010-04-15#Honda#3#100#SH 125 I#I#si#125#Persona fisica#F#39#Napoli#80121#Napoli#3#SI#Impiegato#F#39#Napoli#80121#Napoli#veicolo già assicurato con atr#No#No#BM#14#0#0#0#0#0#0#0#0#2,500,000
Conte - Moto#367#2010-04-15#Honda#3#100#SH 125 I#I#si#125#Persona fisica#F#40#Napoli#80121#Napoli#3#SI#Impiegato#F#40#Napoli#80121#Napoli#veicolo già assicurato con atr#No#No#BM#14#0#0#0#0#0#0#0#0#2,500,000
Conte - Moto#368#2010-04-15#Honda#3#100#SH 125 I#I#si#125#Persona fisica#F#41#Napoli#80121#Napoli#3#SI#Impiegato#F#41#Napoli#80121#Napoli#veicolo già assicurato con atr#No#No#BM#14#0#0#0#0#0#0#0#0#2,500,000
Conte - Moto#369#2010-04-15#Honda#3#100#SH 125 I#I#si#125#Persona fisica#F#42#Napoli#80121#Napoli#3#SI#Impiegato#F#42#Napoli#80121#Napoli#veicolo già assicurato con atr#No#No#BM#14#0#0#0#0#0#0#0#0#2,500,000
Conte - Moto#370#2010-04-15#Honda#3#100#SH 125 I#I#si#125#Persona fisica#F#43#Napoli#80121#Napoli#3#SI#Impiegato#F#43#Napoli#80121#Napoli#veicolo già assicurato con atr#No#No#BM#14#0#0#0#0#0#0#0#0#2,500,000
Conte - Moto#371#2010-04-15#Honda#3#100#SH 125 I#I#si#125#Persona fisica#F#44#Napoli#80121#Napoli#3#SI#Impiegato#F#44#Napoli#80121#Napoli#veicolo già assicurato con atr#No#No#BM#14#0#0#0#0#0#0#0#0#2,500,000
Conte - Moto#372#2010-04-15#Honda#3#100#SH 125 I#I#si#125#Persona fisica#F#45#Napoli#80121#Napoli#3#SI#Impiegato#F#45#Napoli#80121#Napoli#veicolo già assicurato con atr#No#No#BM#14#0#0#0#0#0#0#0#0#2,500,000
Conte - Moto#373#2010-04-15#Honda#3#100#SH 125 I#I#si#125#Persona fisica#F#46#Napoli#80121#Napoli#3#SI#Impiegato#F#46#Napoli#80121#Napoli#veicolo già assicurato con atr#No#No#BM#14#0#0#0#0#0#0#0#0#2,500,000
Conte - Moto#374#2010-04-15#Honda#3#100#SH 125 I#I#si#125#Persona fisica#F#47#Napoli#80121#Napoli#3#SI#Impiegato#F#47#Napoli#80121#Napoli#veicolo già assicurato con atr#No#No#BM#14#0#0#0#0#0#0#0#0#2,500,000
Conte - Moto#375#2010-04-15#Honda#3#100#SH 125 I#I#si#125#Persona fisica#F#48#Napoli#80121#Napoli#3#SI#Impiegato#F#48#Napoli#80121#Napoli#veicolo già assicurato con atr#No#No#BM#14#0#0#0#0#0#0#0#0#2,500,000
Conte - Moto#376#2010-04-15#Honda#3#100#SH 125 I#I#si#125#Persona fisica#F#49#Napoli#80121#Napoli#3#SI#Impiegato#F#49#Napoli#80121#Napoli#veicolo già assicurato con atr#No#No#BM#14#0#0#0#0#0#0#0#0#2,500,000
Conte - Moto#377#2010-04-15#Honda#3#100#SH 125 I#I#si#125#Persona fisica#F#50#Napoli#80121#Napoli#3#SI#Impiegato#F#50#Napoli#80121#Napoli#veicolo già assicurato con atr#No#No#BM#14#0#0#0#0#0#0#0#0#2,500,000
Conte - Moto#378#2010-04-15#Honda#3#100#SH 125 I#I#si#125#Persona fisica#F#51#Napoli#80121#Napoli#3#SI#Impiegato#F#51#Napoli#80121#Napoli#veicolo già assicurato con atr#No#No#BM#14#0#0#0#0#0#0#0#0#2,500,000
Conte - Moto#379#2010-04-15#Honda#3#100#SH 125 I#I#si#125#Persona fisica#F#52#Napoli#80121#Napoli#3#SI#Impiegato#F#52#Napoli#80121#Napoli#veicolo già assicurato con atr#No#No#BM#14#0#0#0#0#0#0#0#0#2,500,000
Conte - Moto#380#2010-04-15#Honda#3#100#SH 125 I#I#si#125#Persona fisica#F#53#Napoli#80121#Napoli#3#SI#Impiegato#F#53#Napoli#80121#Napoli#veicolo già assicurato con atr#No#No#BM#14#0#0#0#0#0#0#0#0#2,500,000
Conte - Moto#381#2010-04-15#Honda#3#100#SH 125 I#I#si#125#Persona fisica#F#54#Napoli#80121#Napoli#3#SI#Impiegato#F#54#Napoli#80121#Napoli#veicolo già assicurato con atr#No#No#BM#14#0#0#0#0#0#0#0#0#2,500,000
Conte - Moto#382#2010-04-15#Honda#3#100#SH 125 I#I#si#125#Persona fisica#F#55#Napoli#80121#Napoli#3#SI#Impiegato#F#55#Napoli#80121#Napoli#veicolo già assicurato con atr#No#No#BM#14#0#0#0#0#0#0#0#0#2,500,000
Conte - Moto#383#2010-04-15#Honda#3#100#SH 125 I#I#si#125#Persona fisica#F#56#Napoli#80121#Napoli#3#SI#Impiegato#F#56#Napoli#80121#Napoli#veicolo già assicurato con atr#No#No#BM#14#0#0#0#0#0#0#0#0#2,500,000
Conte - Moto#384#2010-04-15#Honda#3#100#SH 125 I#I#si#125#Persona fisica#F#57#Napoli#80121#Napoli#3#SI#Impiegato#F#57#Napoli#80121#Napoli#veicolo già assicurato con atr#No#No#BM#14#0#0#0#0#0#0#0#0#2,500,000
Conte - Moto#385#2010-04-15#Honda#3#100#SH 125 I#I#si#125#Persona fisica#F#58#Napoli#80121#Napoli#3#SI#Impiegato#F#58#Napoli#80121#Napoli#veicolo già assicurato con atr#No#No#BM#14#0#0#0#0#0#0#0#0#2,500,000
Conte - Moto#386#2010-04-15#Honda#3#100#SH 125 I#I#si#125#Persona fisica#F#59#Napoli#80121#Napoli#3#SI#Impiegato#F#59#Napoli#80121#Napoli#veicolo già assicurato con atr#No#No#BM#14#0#0#0#0#0#0#0#0#2,500,000
Conte - Moto#387#2010-04-15#Honda#3#100#SH 125 I#I#si#125#Persona fisica#F#60#Napoli#80121#Napoli#3#SI#Impiegato#F#60#Napoli#80121#Napoli#veicolo già assicurato con atr#No#No#BM#14#0#0#0#0#0#0#0#0#2,500,000
Conte - Moto#388#2010-04-15#Honda#3#100#SH 125 I#I#si#125#Persona fisica#F#61#Napoli#80121#Napoli#3#SI#Impiegato#F#61#Napoli#80121#Napoli#veicolo già assicurato con atr#No#No#BM#14#0#0#0#0#0#0#0#0#2,500,000
Conte - Moto#389#2010-04-15#Honda#3#100#SH 125 I#I#si#125#Persona fisica#F#62#Napoli#80121#Napoli#3#SI#Impiegato#F#62#Napoli#80121#Napoli#veicolo già assicurato con atr#No#No#BM#14#0#0#0#0#0#0#0#0#2,500,000
Conte - Moto#390#2010-04-15#Honda#3#100#SH 125 I#I#si#125#Persona fisica#F#63#Napoli#80121#Napoli#3#SI#Impiegato#F#63#Napoli#80121#Napoli#veicolo già assicurato con atr#No#No#BM#14#0#0#0#0#0#0#0#0#2,500,000
Conte - Moto#391#2010-04-15#Honda#3#100#SH 125 I#I#si#125#Persona fisica#F#64#Napoli#80121#Napoli#3#SI#Impiegato#F#64#Napoli#80121#Napoli#veicolo già assicurato con atr#No#No#BM#14#0#0#0#0#0#0#0#0#2,500,000
Conte - Moto#392#2010-04-15#Honda#3#100#SH 125 I#I#si#125#Persona fisica#F#65#Napoli#80121#Napoli#3#SI#Impiegato#F#65#Napoli#80121#Napoli#veicolo già assicurato con atr#No#No#BM#14#0#0#0#0#0#0#0#0#2,500,000
Conte - Moto#393#2010-04-15#Honda#3#100#SH 125 I#I#si#125#Persona fisica#F#66#Napoli#80121#Napoli#3#SI#Impiegato#F#66#Napoli#80121#Napoli#veicolo già assicurato con atr#No#No#BM#14#0#0#0#0#0#0#0#0#2,500,000
Conte - Moto#394#2010-04-15#Honda#3#100#SH 125 I#I#si#125#Persona fisica#F#67#Napoli#80121#Napoli#3#SI#Impiegato#F#67#Napoli#80121#Napoli#veicolo già assicurato con atr#No#No#BM#14#0#0#0#0#0#0#0#0#2,500,000
Conte - Moto#395#2010-04-15#Honda#3#100#SH 125 I#I#si#125#Persona fisica#F#68#Napoli#80121#Napoli#3#SI#Impiegato#F#68#Napoli#80121#Napoli#veicolo già assicurato con atr#No#No#BM#14#0#0#0#0#0#0#0#0#2,500,000
Conte - Moto#396#2010-04-15#Honda#3#100#SH 125 I#I#si#125#Persona fisica#F#69#Napoli#80121#Napoli#3#SI#Impiegato#F#69#Napoli#80121#Napoli#veicolo già assicurato con atr#No#No#BM#14#0#0#0#0#0#0#0#0#2,500,000
Conte - Moto#397#2010-04-15#Honda#3#100#SH 125 I#I#si#125#Persona fisica#F#70#Napoli#80121#Napoli#3#SI#Impiegato#F#70#Napoli#80121#Napoli#veicolo già assicurato con atr#No#No#BM#14#0#0#0#0#0#0#0#0#2,500,000
Conte - Moto#398#2010-04-15#Honda#3#100#SH 125 I#I#si#125#Persona fisica#F#71#Napoli#80121#Napoli#3#SI#Impiegato#F#71#Napoli#80121#Napoli#veicolo già assicurato con atr#No#No#BM#14#0#0#0#0#0#0#0#0#2,500,000
Conte - Moto#399#2010-04-15#Honda#3#100#SH 125 I#I#si#125#Persona fisica#F#72#Napoli#80121#Napoli#3#SI#Impiegato#F#72#Napoli#80121#Napoli#veicolo già assicurato con atr#No#No#BM#14#0#0#0#0#0#0#0#0#2,500,000
Conte - Moto#400#2010-04-15#Honda#3#100#SH 125 I#I#si#125#Persona fisica#F#73#Napoli#80121#Napoli#3#SI#Impiegato#F#73#Napoli#80121#Napoli#veicolo già assicurato con atr#No#No#BM#14#0#0#0#0#0#0#0#0#2,500,000
Conte - Moto#401#2010-04-15#Honda#3#100#SH 125 I#I#si#125#Persona fisica#F#74#Napoli#80121#Napoli#3#SI#Impiegato#F#74#Napoli#80121#Napoli#veicolo già assicurato con atr#No#No#BM#14#0#0#0#0#0#0#0#0#2,500,000
Conte - Moto#402#2010-04-15#Honda#3#100#SH 125 I#I#si#125#Persona fisica#F#75#Napoli#80121#Napoli#3#SI#Impiegato#F#75#Napoli#80121#Napoli#veicolo già assicurato con atr#No#No#BM#14#0#0#0#0#0#0#0#0#2,500,000
Conte - Moto#403#2010-04-15#Honda#3#100#SH 125 I#I#si#125#Persona fisica#F#76#Napoli#80121#Napoli#3#SI#Impiegato#F#76#Napoli#80121#Napoli#veicolo già assicurato con atr#No#No#BM#14#0#0#0#0#0#0#0#0#2,500,000
Conte - Moto#404#2010-04-15#Honda#3#100#SH 125 I#I#si#125#Persona fisica#F#77#Napoli#80121#Napoli#3#SI#Impiegato#F#77#Napoli#80121#Napoli#veicolo già assicurato con atr#No#No#BM#14#0#0#0#0#0#0#0#0#2,500,000
Conte - Moto#405#2010-04-15#Honda#3#100#SH 125 I#I#si#125#Persona fisica#F#78#Napoli#80121#Napoli#3#SI#Impiegato#F#78#Napoli#80121#Napoli#veicolo già assicurato con atr#No#No#BM#14#0#0#0#0#0#0#0#0#2,500,000
Conte - Moto#406#2010-04-15#Honda#3#100#SH 125 I#I#si#125#Persona fisica#F#79#Napoli#80121#Napoli#3#SI#Impiegato#F#79#Napoli#80121#Napoli#veicolo già assicurato con atr#No#No#BM#14#0#0#0#0#0#0#0#0#2,500,000
Conte - Moto#407#2010-04-15#Honda#3#100#SH 125 I#I#si#125#Persona fisica#F#80#Napoli#80121#Napoli#3#SI#Impiegato#F#80#Napoli#80121#Napoli#veicolo già assicurato con atr#No#No#BM#14#0#0#0#0#0#0#0#0#2,500,000
Conte - Moto#408#2010-04-15#Honda#3#100#SH 125 I#I#si#125#Persona Giuridica###Napoli#80121#Napoli#3#SI#Impiegato#M#40#Napoli#80121#Napoli#veicolo già assicurato con atr#No#No#BM#14#0#0#0#0#0#0#0#0#2,500,000
Conte - Moto#411#2010-04-15#Honda#0#100#SH 125 I#I#si#125#Persona fisica#M#40#Napoli#80121#Napoli#3#SI#Impiegato#M#40#Napoli#80121#Napoli#1a immatricolazione dopo l’acquisto del veicolo#Si#No#BM#3#0#0#0#0#0#0#0#0#2,500,000
Conte - Moto#412#2010-04-15#Honda#0#100#SH 125 I#I#si#125#Persona fisica#M#40#Napoli#80121#Napoli#3#SI#Impiegato#M#40#Napoli#80121#Napoli#1a immatricolazione dopo l’acquisto del veicolo#Si#No#BM#4#0#0#0#0#0#0#0#0#2,500,000
Conte - Moto#413#2010-04-15#Honda#0#100#SH 125 I#I#si#125#Persona fisica#M#40#Napoli#80121#Napoli#3#SI#Impiegato#M#40#Napoli#80121#Napoli#1a immatricolazione dopo l’acquisto del veicolo#Si#No#BM#5#0#0#0#0#0#0#0#0#2,500,000
Conte - Moto#414#2010-04-15#Honda#0#100#SH 125 I#I#si#125#Persona fisica#M#40#Napoli#80121#Napoli#3#SI#Impiegato#M#40#Napoli#80121#Napoli#1a immatricolazione dopo l’acquisto del veicolo#Si#No#BM#6#0#0#0#0#0#0#0#0#2,500,000
Conte - Moto#415#2010-04-15#Honda#0#100#SH 125 I#I#si#125#Persona fisica#M#40#Napoli#80121#Napoli#3#SI#Impiegato#M#40#Napoli#80121#Napoli#1a immatricolazione dopo l’acquisto del veicolo#Si#No#BM#7#0#0#0#0#0#0#0#0#2,500,000
Conte - Moto#416#2010-04-15#Honda#0#100#SH 125 I#I#si#125#Persona fisica#M#40#Napoli#80121#Napoli#3#SI#Impiegato#M#40#Napoli#80121#Napoli#1a immatricolazione dopo l’acquisto del veicolo#Si#No#BM#8#0#0#0#0#0#0#0#0#2,500,000
Conte - Moto#417#2010-04-15#Honda#0#100#SH 125 I#I#si#125#Persona fisica#M#40#Napoli#80121#Napoli#3#SI#Impiegato#M#40#Napoli#80121#Napoli#1a immatricolazione dopo l’acquisto del veicolo#Si#No#BM#9#0#0#0#0#0#0#0#0#2,500,000
Conte - Moto#418#2010-04-15#Honda#0#100#SH 125 I#I#si#125#Persona fisica#M#40#Napoli#80121#Napoli#3#SI#Impiegato#M#40#Napoli#80121#Napoli#1a immatricolazione dopo l’acquisto del veicolo#Si#No#BM#10#0#0#0#0#0#0#0#0#2,500,000
Conte - Moto#419#2010-04-15#Honda#0#100#SH 125 I#I#si#125#Persona fisica#M#40#Napoli#80121#Napoli#3#SI#Impiegato#M#40#Napoli#80121#Napoli#1a immatricolazione dopo l’acquisto del veicolo#Si#No#BM#11#0#0#0#0#0#0#0#0#2,500,000
Conte - Moto#420#2010-04-15#Honda#0#100#SH 125 I#I#si#125#Persona fisica#M#40#Napoli#80121#Napoli#3#SI#Impiegato#M#40#Napoli#80121#Napoli#1a immatricolazione dopo l’acquisto del veicolo#Si#No#BM#12#0#0#0#0#0#0#0#0#2,500,000
Conte - Moto#421#2010-04-15#Honda#0#100#SH 125 I#I#si#125#Persona fisica#M#40#Napoli#80121#Napoli#3#SI#Impiegato#M#40#Napoli#80121#Napoli#1a immatricolazione dopo l’acquisto del veicolo#Si#No#BM#14#0#0#0#0#0#0#0#0#2,500,000
Conte - Moto#422#2010-04-15#Honda#0#100#SH 125 I#I#si#125#Persona fisica#M#40#Napoli#80121#Napoli#3#SI#Impiegato#M#40#Napoli#80121#Napoli#1a immatricolazione dopo l’acquisto del veicolo#Si#No#BM#15#0#0#0#0#0#0#0#0#2,500,000
Conte - Moto#423#2010-04-15#Honda#0#100#SH 125 I#I#si#125#Persona fisica#M#40#Napoli#80121#Napoli#3#SI#Impiegato#M#40#Napoli#80121#Napoli#1a immatricolazione dopo l’acquisto del veicolo#Si#No#BM#16#0#0#0#0#0#0#0#0#2,500,000
Conte - Moto#424#2010-04-15#Honda#0#100#SH 125 I#I#si#125#Persona fisica#M#40#Napoli#80121#Napoli#3#SI#Impiegato#M#40#Napoli#80121#Napoli#1a immatricolazione dopo l’acquisto del veicolo#Si#No#BM#17#0#0#0#0#0#0#0#0#2,500,000
Conte - Moto#425#2010-04-15#Honda#0#100#SH 125 I#I#si#125#Persona fisica#M#40#Napoli#80121#Napoli#3#SI#Impiegato#M#40#Napoli#80121#Napoli#1a immatricolazione dopo l’acquisto del veicolo#Si#No#BM#18#0#0#0#0#0#0#0#0#2,500,000
