Genertel - Moto#1000#2010-04-01#moto#5#9#moto#moto#si#100#persona fisica#m#34#BOLOGNA#40100#BOLOGNA#16#NO#IMPIEGATO #m#34#BOLOGNA#40100#BOLOGNA#veicolo già assicurato con atr#No#No#BM#14#0#0#0#0#0#0#0#0#3,000,000
Genertel - Moto#1#2010-04-01#moto#5#9#moto#moto#si#100#persona fisica#m#34#AGRIGENTO#92100#AGRIGENTO#16#NO#IMPIEGATO #m#34#AGRIGENTO#92100#AGRIGENTO#veicolo già assicurato con atr#No#No#BM#14#0#0#0#0#0#0#0#0#3,000,000
Genertel - Moto#2#2010-04-01#moto#5#9#moto#moto#si#100#persona fisica#m#34#ALESSANDRIA#15100#ALESSANDRIA#16#NO#IMPIEGATO #m#34#ALESSANDRIA#15100#ALESSANDRIA#veicolo già assicurato con atr#No#No#BM#14#0#0#0#0#0#0#0#0#3,000,000
Genertel - Moto#3#2010-04-01#moto#5#9#moto#moto#si#100#persona fisica#m#34#ANCONA#60100#ANCONA#16#NO#IMPIEGATO #m#34#ANCONA#60100#ANCONA#veicolo già assicurato con atr#No#No#BM#14#0#0#0#0#0#0#0#0#3,000,000
Genertel - Moto#4#2010-04-01#moto#5#9#moto#moto#si#100#persona fisica#m#34#AOSTA#11100#AOSTA#16#NO#IMPIEGATO #m#34#AOSTA#11100#AOSTA#veicolo già assicurato con atr#No#No#BM#14#0#0#0#0#0#0#0#0#3,000,000
Genertel - Moto#5#2010-04-01#moto#5#9#moto#moto#si#100#persona fisica#m#34#ASCOLI PICENO#63100#ASCOLI PICENO#16#NO#IMPIEGATO #m#34#ASCOLI PICENO#63100#ASCOLI PICENO#veicolo già assicurato con atr#No#No#BM#14#0#0#0#0#0#0#0#0#3,000,000
Genertel - Moto#6#2010-04-01#moto#5#9#moto#moto#si#100#persona fisica#m#34#L'AQUILA#67100#L'AQUILA#16#NO#IMPIEGATO #m#34#L'AQUILA#67100#L'AQUILA#veicolo già assicurato con atr#No#No#BM#14#0#0#0#0#0#0#0#0#3,000,000
Genertel - Moto#7#2010-04-01#moto#5#9#moto#moto#si#100#persona fisica#m#34#AREZZO#52100#AREZZO#16#NO#IMPIEGATO #m#34#AREZZO#52100#AREZZO#veicolo già assicurato con atr#No#No#BM#14#0#0#0#0#0#0#0#0#3,000,000
Genertel - Moto#8#2010-04-01#moto#5#9#moto#moto#si#100#persona fisica#m#34#ASTI#14100#ASTI#16#NO#IMPIEGATO #m#34#ASTI#14100#ASTI#veicolo già assicurato con atr#No#No#BM#14#0#0#0#0#0#0#0#0#3,000,000
Genertel - Moto#9#2010-04-01#moto#5#9#moto#moto#si#100#persona fisica#m#34#AVELLINO#83100#AVELLINO#16#NO#IMPIEGATO #m#34#AVELLINO#83100#AVELLINO#veicolo già assicurato con atr#No#No#BM#14#0#0#0#0#0#0#0#0#3,000,000
Genertel - Moto#10#2010-04-01#moto#5#9#moto#moto#si#100#persona fisica#m#34#BARI#70100#BARI#16#NO#IMPIEGATO #m#34#BARI#70100#BARI#veicolo già assicurato con atr#No#No#BM#14#0#0#0#0#0#0#0#0#3,000,000
Genertel - Moto#11#2010-04-01#moto#5#9#moto#moto#si#100#persona fisica#m#34#BERGAMO#24100#BERGAMO#16#NO#IMPIEGATO #m#34#BERGAMO#24100#BERGAMO#veicolo già assicurato con atr#No#No#BM#14#0#0#0#0#0#0#0#0#3,000,000
Genertel - Moto#12#2010-04-01#moto#5#9#moto#moto#si#100#persona fisica#m#34#BIELLA#13900#BIELLA#16#NO#IMPIEGATO #m#34#BIELLA#13900#BIELLA#veicolo già assicurato con atr#No#No#BM#14#0#0#0#0#0#0#0#0#3,000,000
Genertel - Moto#13#2010-04-01#moto#5#9#moto#moto#si#100#persona fisica#m#34#BELLUNO#32100#BELLUNO#16#NO#IMPIEGATO #m#34#BELLUNO#32100#BELLUNO#veicolo già assicurato con atr#No#No#BM#14#0#0#0#0#0#0#0#0#3,000,000
Genertel - Moto#14#2010-04-01#moto#5#9#moto#moto#si#100#persona fisica#m#34#BENEVENTO#82100#BENEVENTO#16#NO#IMPIEGATO #m#34#BENEVENTO#82100#BENEVENTO#veicolo già assicurato con atr#No#No#BM#14#0#0#0#0#0#0#0#0#3,000,000
Genertel - Moto#15#2010-04-01#moto#5#9#moto#moto#si#100#persona fisica#m#34#BOLOGNA#40100#BOLOGNA#16#NO#IMPIEGATO #m#34#BOLOGNA#40100#BOLOGNA#veicolo già assicurato con atr#No#No#BM#14#0#0#0#0#0#0#0#0#3,000,000
Genertel - Moto#16#2010-04-01#moto#5#9#moto#moto#si#100#persona fisica#m#34#BRINDISI#72100#BRINDISI#16#NO#IMPIEGATO #m#34#BRINDISI#72100#BRINDISI#veicolo già assicurato con atr#No#No#BM#14#0#0#0#0#0#0#0#0#3,000,000
Genertel - Moto#17#2010-04-01#moto#5#9#moto#moto#si#100#persona fisica#m#34#BRESCIA#25100#BRESCIA#16#NO#IMPIEGATO #m#34#BRESCIA#25100#BRESCIA#veicolo già assicurato con atr#No#No#BM#14#0#0#0#0#0#0#0#0#3,000,000
Genertel - Moto#18#2010-04-01#moto#5#9#moto#moto#si#100#persona fisica#m#34#BOLZANO#39100#BOLZANO#16#NO#IMPIEGATO #m#34#BOLZANO#39100#BOLZANO#veicolo già assicurato con atr#No#No#BM#14#0#0#0#0#0#0#0#0#3,000,000
Genertel - Moto#19#2010-04-01#moto#5#9#moto#moto#si#100#persona fisica#m#34#CAGLIARI#09100#CAGLIARI#16#NO#IMPIEGATO #m#34#CAGLIARI#09100#CAGLIARI#veicolo già assicurato con atr#No#No#BM#14#0#0#0#0#0#0#0#0#3,000,000
Genertel - Moto#20#2010-04-01#moto#5#9#moto#moto#si#100#persona fisica#m#34#CAMPOBASSO#86100#CAMPOBASSO#16#NO#IMPIEGATO #m#34#CAMPOBASSO#86100#CAMPOBASSO#veicolo già assicurato con atr#No#No#BM#14#0#0#0#0#0#0#0#0#3,000,000
Genertel - Moto#21#2010-04-01#moto#5#9#moto#moto#si#100#persona fisica#m#34#CASERTA#81100#CASERTA#16#NO#IMPIEGATO #m#34#CASERTA#81100#CASERTA#veicolo già assicurato con atr#No#No#BM#14#0#0#0#0#0#0#0#0#3,000,000
Genertel - Moto#22#2010-04-01#moto#5#9#moto#moto#si#100#persona fisica#m#34#CHIETI#66100#CHIETI#16#NO#IMPIEGATO #m#34#CHIETI#66100#CHIETI#veicolo già assicurato con atr#No#No#BM#14#0#0#0#0#0#0#0#0#3,000,000
Genertel - Moto#23#2010-04-01#moto#5#9#moto#moto#si#100#persona fisica#m#34#CALTANISSETTA#93100#CALTANISSETTA#16#NO#IMPIEGATO #m#34#CALTANISSETTA#93100#CALTANISSETTA#veicolo già assicurato con atr#No#No#BM#14#0#0#0#0#0#0#0#0#3,000,000
Genertel - Moto#24#2010-04-01#moto#5#9#moto#moto#si#100#persona fisica#m#34#CUNEO#12100#CUNEO#16#NO#IMPIEGATO #m#34#CUNEO#12100#CUNEO#veicolo già assicurato con atr#No#No#BM#14#0#0#0#0#0#0#0#0#3,000,000
Genertel - Moto#25#2010-04-01#moto#5#9#moto#moto#si#100#persona fisica#m#34#COMO#22100#COMO#16#NO#IMPIEGATO #m#34#COMO#22100#COMO#veicolo già assicurato con atr#No#No#BM#14#0#0#0#0#0#0#0#0#3,000,000
Genertel - Moto#26#2010-04-01#moto#5#9#moto#moto#si#100#persona fisica#m#34#CREMONA#26100#CREMONA#16#NO#IMPIEGATO #m#34#CREMONA#26100#CREMONA#veicolo già assicurato con atr#No#No#BM#14#0#0#0#0#0#0#0#0#3,000,000
Genertel - Moto#27#2010-04-01#moto#5#9#moto#moto#si#100#persona fisica#m#34#COSENZA#87100#COSENZA#16#NO#IMPIEGATO #m#34#COSENZA#87100#COSENZA#veicolo già assicurato con atr#No#No#BM#14#0#0#0#0#0#0#0#0#3,000,000
Genertel - Moto#28#2010-04-01#moto#5#9#moto#moto#si#100#persona fisica#m#34#CATANIA#95100#CATANIA#16#NO#IMPIEGATO #m#34#CATANIA#95100#CATANIA#veicolo già assicurato con atr#No#No#BM#14#0#0#0#0#0#0#0#0#3,000,000
Genertel - Moto#29#2010-04-01#moto#5#9#moto#moto#si#100#persona fisica#m#34#CATANZARO#88100#CATANZARO#16#NO#IMPIEGATO #m#34#CATANZARO#88100#CATANZARO#veicolo già assicurato con atr#No#No#BM#14#0#0#0#0#0#0#0#0#3,000,000
Genertel - Moto#30#2010-04-01#moto#5#9#moto#moto#si#100#persona fisica#m#34#ENNA#94100#ENNA#16#NO#IMPIEGATO #m#34#ENNA#94100#ENNA#veicolo già assicurato con atr#No#No#BM#14#0#0#0#0#0#0#0#0#3,000,000
Genertel - Moto#31#2010-04-01#moto#5#9#moto#moto#si#100#persona fisica#m#34#FERRARA#44100#FERRARA#16#NO#IMPIEGATO #m#34#FERRARA#44100#FERRARA#veicolo già assicurato con atr#No#No#BM#14#0#0#0#0#0#0#0#0#3,000,000
Genertel - Moto#32#2010-04-01#moto#5#9#moto#moto#si#100#persona fisica#m#34#FOGGIA#71100#FOGGIA#16#NO#IMPIEGATO #m#34#FOGGIA#71100#FOGGIA#veicolo già assicurato con atr#No#No#BM#14#0#0#0#0#0#0#0#0#3,000,000
Genertel - Moto#33#2010-04-01#moto#5#9#moto#moto#si#100#persona fisica#m#34#FIRENZE#50100#FIRENZE#16#NO#IMPIEGATO #m#34#FIRENZE#50100#FIRENZE#veicolo già assicurato con atr#No#No#BM#14#0#0#0#0#0#0#0#0#3,000,000
Genertel - Moto#34#2010-04-01#moto#5#9#moto#moto#si#100#persona fisica#m#34#FORLI'#47100#FORLI'#16#NO#IMPIEGATO #m#34#FORLI'#47100#FORLI'#veicolo già assicurato con atr#No#No#BM#14#0#0#0#0#0#0#0#0#3,000,000
Genertel - Moto#35#2010-04-01#moto#5#9#moto#moto#si#100#persona fisica#m#34#FROSINONE#03100#FROSINONE#16#NO#IMPIEGATO #m#34#FROSINONE#03100#FROSINONE#veicolo già assicurato con atr#No#No#BM#14#0#0#0#0#0#0#0#0#3,000,000
Genertel - Moto#36#2010-04-01#moto#5#9#moto#moto#si#100#persona fisica#m#34#GENOVA#16100#GENOVA#16#NO#IMPIEGATO #m#34#GENOVA#16100#GENOVA#veicolo già assicurato con atr#No#No#BM#14#0#0#0#0#0#0#0#0#3,000,000
Genertel - Moto#37#2010-04-01#moto#5#9#moto#moto#si#100#persona fisica#m#34#GORIZIA#34170#GORIZIA#16#NO#IMPIEGATO #m#34#GORIZIA#34170#GORIZIA#veicolo già assicurato con atr#No#No#BM#14#0#0#0#0#0#0#0#0#3,000,000
Genertel - Moto#38#2010-04-01#moto#5#9#moto#moto#si#100#persona fisica#m#34#GROSSETO#58100#GROSSETO#16#NO#IMPIEGATO #m#34#GROSSETO#58100#GROSSETO#veicolo già assicurato con atr#No#No#BM#14#0#0#0#0#0#0#0#0#3,000,000
Genertel - Moto#39#2010-04-01#moto#5#9#moto#moto#si#100#persona fisica#m#34#IMPERIA#18100#IMPERIA#16#NO#IMPIEGATO #m#34#IMPERIA#18100#IMPERIA#veicolo già assicurato con atr#No#No#BM#14#0#0#0#0#0#0#0#0#3,000,000
Genertel - Moto#40#2010-04-01#moto#5#9#moto#moto#si#100#persona fisica#m#34#ISERNIA#86170#ISERNIA#16#NO#IMPIEGATO #m#34#ISERNIA#86170#ISERNIA#veicolo già assicurato con atr#No#No#BM#14#0#0#0#0#0#0#0#0#3,000,000
Genertel - Moto#41#2010-04-01#moto#5#9#moto#moto#si#100#persona fisica#m#34#CROTONE#88900#CROTONE#16#NO#IMPIEGATO #m#34#CROTONE#88900#CROTONE#veicolo già assicurato con atr#No#No#BM#14#0#0#0#0#0#0#0#0#3,000,000
Genertel - Moto#42#2010-04-01#moto#5#9#moto#moto#si#100#persona fisica#m#34#LECCO#23900#LECCO#16#NO#IMPIEGATO #m#34#LECCO#23900#LECCO#veicolo già assicurato con atr#No#No#BM#14#0#0#0#0#0#0#0#0#3,000,000
Genertel - Moto#43#2010-04-01#moto#5#9#moto#moto#si#100#persona fisica#m#34#LECCE#73100#LECCE#16#NO#IMPIEGATO #m#34#LECCE#73100#LECCE#veicolo già assicurato con atr#No#No#BM#14#0#0#0#0#0#0#0#0#3,000,000
Genertel - Moto#44#2010-04-01#moto#5#9#moto#moto#si#100#persona fisica#m#34#LIVORNO#57100#LIVORNO#16#NO#IMPIEGATO #m#34#LIVORNO#57100#LIVORNO#veicolo già assicurato con atr#No#No#BM#14#0#0#0#0#0#0#0#0#3,000,000
Genertel - Moto#45#2010-04-01#moto#5#9#moto#moto#si#100#persona fisica#m#34#LODI#26900#LODI#16#NO#IMPIEGATO #m#34#LODI#26900#LODI#veicolo già assicurato con atr#No#No#BM#14#0#0#0#0#0#0#0#0#3,000,000
Genertel - Moto#46#2010-04-01#moto#5#9#moto#moto#si#100#persona fisica#m#34#LATINA#04100#LATINA#16#NO#IMPIEGATO #m#34#LATINA#04100#LATINA#veicolo già assicurato con atr#No#No#BM#14#0#0#0#0#0#0#0#0#3,000,000
Genertel - Moto#47#2010-04-01#moto#5#9#moto#moto#si#100#persona fisica#m#34#LUCCA#55100#LUCCA#16#NO#IMPIEGATO #m#34#LUCCA#55100#LUCCA#veicolo già assicurato con atr#No#No#BM#14#0#0#0#0#0#0#0#0#3,000,000
Genertel - Moto#48#2010-04-01#moto#5#9#moto#moto#si#100#persona fisica#m#34#MACERATA#62100#MACERATA#16#NO#IMPIEGATO #m#34#MACERATA#62100#MACERATA#veicolo già assicurato con atr#No#No#BM#14#0#0#0#0#0#0#0#0#3,000,000
Genertel - Moto#49#2010-04-01#moto#5#9#moto#moto#si#100#persona fisica#m#34#MESSINA#98100#MESSINA#16#NO#IMPIEGATO #m#34#MESSINA#98100#MESSINA#veicolo già assicurato con atr#No#No#BM#14#0#0#0#0#0#0#0#0#3,000,000
Genertel - Moto#50#2010-04-01#moto#5#9#moto#moto#si#100#persona fisica#m#34#MILANO#20100#MILANO#16#NO#IMPIEGATO #m#34#MILANO#20100#MILANO#veicolo già assicurato con atr#No#No#BM#14#0#0#0#0#0#0#0#0#3,000,000
Genertel - Moto#51#2010-04-01#moto#5#9#moto#moto#si#100#persona fisica#m#34#MANTOVA#46100#MANTOVA#16#NO#IMPIEGATO #m#34#MANTOVA#46100#MANTOVA#veicolo già assicurato con atr#No#No#BM#14#0#0#0#0#0#0#0#0#3,000,000
Genertel - Moto#52#2010-04-01#moto#5#9#moto#moto#si#100#persona fisica#m#34#MODENA#41100#MODENA#16#NO#IMPIEGATO #m#34#MODENA#41100#MODENA#veicolo già assicurato con atr#No#No#BM#14#0#0#0#0#0#0#0#0#3,000,000
Genertel - Moto#53#2010-04-01#moto#5#9#moto#moto#si#100#persona fisica#m#34#MASSA#54100#MASSA#16#NO#IMPIEGATO #m#34#MASSA#54100#MASSA#veicolo già assicurato con atr#No#No#BM#14#0#0#0#0#0#0#0#0#3,000,000
Genertel - Moto#54#2010-04-01#moto#5#9#moto#moto#si#100#persona fisica#m#34#MATERA#75100#MATERA#16#NO#IMPIEGATO #m#34#MATERA#75100#MATERA#veicolo già assicurato con atr#No#No#BM#14#0#0#0#0#0#0#0#0#3,000,000
Genertel - Moto#55#2010-04-01#moto#5#9#moto#moto#si#100#persona fisica#m#34#NAPOLI#80100#NAPOLI#16#NO#IMPIEGATO #m#34#NAPOLI#80100#NAPOLI#veicolo già assicurato con atr#No#No#BM#14#0#0#0#0#0#0#0#0#3,000,000
Genertel - Moto#56#2010-04-01#moto#5#9#moto#moto#si#100#persona fisica#m#34#NOVARA#28100#NOVARA#16#NO#IMPIEGATO #m#34#NOVARA#28100#NOVARA#veicolo già assicurato con atr#No#No#BM#14#0#0#0#0#0#0#0#0#3,000,000
Genertel - Moto#57#2010-04-01#moto#5#9#moto#moto#si#100#persona fisica#m#34#NUORO#08100#NUORO#16#NO#IMPIEGATO #m#34#NUORO#08100#NUORO#veicolo già assicurato con atr#No#No#BM#14#0#0#0#0#0#0#0#0#3,000,000
Genertel - Moto#58#2010-04-01#moto#5#9#moto#moto#si#100#persona fisica#m#34#ORISTANO#09170#ORISTANO#16#NO#IMPIEGATO #m#34#ORISTANO#09170#ORISTANO#veicolo già assicurato con atr#No#No#BM#14#0#0#0#0#0#0#0#0#3,000,000
Genertel - Moto#59#2010-04-01#moto#5#9#moto#moto#si#100#persona fisica#m#34#PALERMO#90100#PALERMO#16#NO#IMPIEGATO #m#34#PALERMO#90100#PALERMO#veicolo già assicurato con atr#No#No#BM#14#0#0#0#0#0#0#0#0#3,000,000
Genertel - Moto#60#2010-04-01#moto#5#9#moto#moto#si#100#persona fisica#m#34#PIACENZA#29100#PIACENZA#16#NO#IMPIEGATO #m#34#PIACENZA#29100#PIACENZA#veicolo già assicurato con atr#No#No#BM#14#0#0#0#0#0#0#0#0#3,000,000
Genertel - Moto#61#2010-04-01#moto#5#9#moto#moto#si#100#persona fisica#m#34#PADOVA#35100#PADOVA#16#NO#IMPIEGATO #m#34#PADOVA#35100#PADOVA#veicolo già assicurato con atr#No#No#BM#14#0#0#0#0#0#0#0#0#3,000,000
Genertel - Moto#62#2010-04-01#moto#5#9#moto#moto#si#100#persona fisica#m#34#PESCARA#65100#PESCARA#16#NO#IMPIEGATO #m#34#PESCARA#65100#PESCARA#veicolo già assicurato con atr#No#No#BM#14#0#0#0#0#0#0#0#0#3,000,000
Genertel - Moto#63#2010-04-01#moto#5#9#moto#moto#si#100#persona fisica#m#34#PERUGIA#06100#PERUGIA#16#NO#IMPIEGATO #m#34#PERUGIA#06100#PERUGIA#veicolo già assicurato con atr#No#No#BM#14#0#0#0#0#0#0#0#0#3,000,000
Genertel - Moto#64#2010-04-01#moto#5#9#moto#moto#si#100#persona fisica#m#34#PISA#56100#PISA#16#NO#IMPIEGATO #m#34#PISA#56100#PISA#veicolo già assicurato con atr#No#No#BM#14#0#0#0#0#0#0#0#0#3,000,000
Genertel - Moto#65#2010-04-01#moto#5#9#moto#moto#si#100#persona fisica#m#34#PORDENONE#33170#PORDENONE#16#NO#IMPIEGATO #m#34#PORDENONE#33170#PORDENONE#veicolo già assicurato con atr#No#No#BM#14#0#0#0#0#0#0#0#0#3,000,000
Genertel - Moto#66#2010-04-01#moto#5#9#moto#moto#si#100#persona fisica#m#34#PRATO#59100#PRATO#16#NO#IMPIEGATO #m#34#PRATO#59100#PRATO#veicolo già assicurato con atr#No#No#BM#14#0#0#0#0#0#0#0#0#3,000,000
Genertel - Moto#67#2010-04-01#moto#5#9#moto#moto#si#100#persona fisica#m#34#PARMA#43100#PARMA#16#NO#IMPIEGATO #m#34#PARMA#43100#PARMA#veicolo già assicurato con atr#No#No#BM#14#0#0#0#0#0#0#0#0#3,000,000
Genertel - Moto#68#2010-04-01#moto#5#9#moto#moto#si#100#persona fisica#m#34#PESARO#61100#PESARO#16#NO#IMPIEGATO #m#34#PESARO#61100#PESARO#veicolo già assicurato con atr#No#No#BM#14#0#0#0#0#0#0#0#0#3,000,000
Genertel - Moto#69#2010-04-01#moto#5#9#moto#moto#si#100#persona fisica#m#34#PISTOIA#51100#PISTOIA#16#NO#IMPIEGATO #m#34#PISTOIA#51100#PISTOIA#veicolo già assicurato con atr#No#No#BM#14#0#0#0#0#0#0#0#0#3,000,000
Genertel - Moto#70#2010-04-01#moto#5#9#moto#moto#si#100#persona fisica#m#34#PAVIA#27100#PAVIA#16#NO#IMPIEGATO #m#34#PAVIA#27100#PAVIA#veicolo già assicurato con atr#No#No#BM#14#0#0#0#0#0#0#0#0#3,000,000
Genertel - Moto#71#2010-04-01#moto#5#9#moto#moto#si#100#persona fisica#m#34#POTENZA#85100#POTENZA#16#NO#IMPIEGATO #m#34#POTENZA#85100#POTENZA#veicolo già assicurato con atr#No#No#BM#14#0#0#0#0#0#0#0#0#3,000,000
Genertel - Moto#72#2010-04-01#moto#5#9#moto#moto#si#100#persona fisica#m#34#RAVENNA#48100#RAVENNA#16#NO#IMPIEGATO #m#34#RAVENNA#48100#RAVENNA#veicolo già assicurato con atr#No#No#BM#14#0#0#0#0#0#0#0#0#3,000,000
Genertel - Moto#73#2010-04-01#moto#5#9#moto#moto#si#100#persona fisica#m#34#REGGIO DI CALABRIA#89100#REGGIO DI CALABRIA#16#NO#IMPIEGATO #m#34#REGGIO DI CALABRIA#89100#REGGIO DI CALABRIA#veicolo già assicurato con atr#No#No#BM#14#0#0#0#0#0#0#0#0#3,000,000
Genertel - Moto#74#2010-04-01#moto#5#9#moto#moto#si#100#persona fisica#m#34#REGGIO NELL'EMILIA#42100#REGGIO EMILIA#16#NO#IMPIEGATO #m#34#REGGIO NELL'EMILIA#42100#REGGIO EMILIA#veicolo già assicurato con atr#No#No#BM#14#0#0#0#0#0#0#0#0#3,000,000
Genertel - Moto#75#2010-04-01#moto#5#9#moto#moto#si#100#persona fisica#m#34#RAGUSA#97100#RAGUSA#16#NO#IMPIEGATO #m#34#RAGUSA#97100#RAGUSA#veicolo già assicurato con atr#No#No#BM#14#0#0#0#0#0#0#0#0#3,000,000
Genertel - Moto#76#2010-04-01#moto#5#9#moto#moto#si#100#persona fisica#m#34#RIETI#02100#RIETI#16#NO#IMPIEGATO #m#34#RIETI#02100#RIETI#veicolo già assicurato con atr#No#No#BM#14#0#0#0#0#0#0#0#0#3,000,000
Genertel - Moto#77#2010-04-01#moto#5#9#moto#moto#si#100#persona fisica#m#34#ROMA#00100#ROMA#16#NO#IMPIEGATO #m#34#ROMA#00100#ROMA#veicolo già assicurato con atr#No#No#BM#14#0#0#0#0#0#0#0#0#3,000,000
Genertel - Moto#78#2010-04-01#moto#5#9#moto#moto#si#100#persona fisica#m#34#RIMINI#47900#RIMINI#16#NO#IMPIEGATO #m#34#RIMINI#47900#RIMINI#veicolo già assicurato con atr#No#No#BM#14#0#0#0#0#0#0#0#0#3,000,000
Genertel - Moto#79#2010-04-01#moto#5#9#moto#moto#si#100#persona fisica#m#34#ROVIGO#45100#ROVIGO#16#NO#IMPIEGATO #m#34#ROVIGO#45100#ROVIGO#veicolo già assicurato con atr#No#No#BM#14#0#0#0#0#0#0#0#0#3,000,000
Genertel - Moto#80#2010-04-01#moto#5#9#moto#moto#si#100#persona fisica#m#34#SALERNO#84100#SALERNO#16#NO#IMPIEGATO #m#34#SALERNO#84100#SALERNO#veicolo già assicurato con atr#No#No#BM#14#0#0#0#0#0#0#0#0#3,000,000
Genertel - Moto#81#2010-04-01#moto#5#9#moto#moto#si#100#persona fisica#m#34#SIENA#53100#SIENA#16#NO#IMPIEGATO #m#34#SIENA#53100#SIENA#veicolo già assicurato con atr#No#No#BM#14#0#0#0#0#0#0#0#0#3,000,000
Genertel - Moto#82#2010-04-01#moto#5#9#moto#moto#si#100#persona fisica#m#34#SONDRIO#23100#SONDRIO#16#NO#IMPIEGATO #m#34#SONDRIO#23100#SONDRIO#veicolo già assicurato con atr#No#No#BM#14#0#0#0#0#0#0#0#0#3,000,000
Genertel - Moto#83#2010-04-01#moto#5#9#moto#moto#si#100#persona fisica#m#34#LA SPEZIA#19100#LA SPEZIA#16#NO#IMPIEGATO #m#34#LA SPEZIA#19100#LA SPEZIA#veicolo già assicurato con atr#No#No#BM#14#0#0#0#0#0#0#0#0#3,000,000
Genertel - Moto#84#2010-04-01#moto#5#9#moto#moto#si#100#persona fisica#m#34#SIRACUSA#96100#SIRACUSA#16#NO#IMPIEGATO #m#34#SIRACUSA#96100#SIRACUSA#veicolo già assicurato con atr#No#No#BM#14#0#0#0#0#0#0#0#0#3,000,000
Genertel - Moto#85#2010-04-01#moto#5#9#moto#moto#si#100#persona fisica#m#34#SASSARI#07100#SASSARI#16#NO#IMPIEGATO #m#34#SASSARI#07100#SASSARI#veicolo già assicurato con atr#No#No#BM#14#0#0#0#0#0#0#0#0#3,000,000
Genertel - Moto#86#2010-04-01#moto#5#9#moto#moto#si#100#persona fisica#m#34#SAVONA#17100#SAVONA#16#NO#IMPIEGATO #m#34#SAVONA#17100#SAVONA#veicolo già assicurato con atr#No#No#BM#14#0#0#0#0#0#0#0#0#3,000,000
Genertel - Moto#87#2010-04-01#moto#5#9#moto#moto#si#100#persona fisica#m#34#TARANTO#74100#TARANTO#16#NO#IMPIEGATO #m#34#TARANTO#74100#TARANTO#veicolo già assicurato con atr#No#No#BM#14#0#0#0#0#0#0#0#0#3,000,000
Genertel - Moto#88#2010-04-01#moto#5#9#moto#moto#si#100#persona fisica#m#34#TERAMO#64100#TERAMO#16#NO#IMPIEGATO #m#34#TERAMO#64100#TERAMO#veicolo già assicurato con atr#No#No#BM#14#0#0#0#0#0#0#0#0#3,000,000
Genertel - Moto#89#2010-04-01#moto#5#9#moto#moto#si#100#persona fisica#m#34#TRENTO#38100#TRENTO#16#NO#IMPIEGATO #m#34#TRENTO#38100#TRENTO#veicolo già assicurato con atr#No#No#BM#14#0#0#0#0#0#0#0#0#3,000,000
Genertel - Moto#90#2010-04-01#moto#5#9#moto#moto#si#100#persona fisica#m#34#TORINO#10100#TORINO#16#NO#IMPIEGATO #m#34#TORINO#10100#TORINO#veicolo già assicurato con atr#No#No#BM#14#0#0#0#0#0#0#0#0#3,000,000
Genertel - Moto#91#2010-04-01#moto#5#9#moto#moto#si#100#persona fisica#m#34#TRAPANI#91100#TRAPANI#16#NO#IMPIEGATO #m#34#TRAPANI#91100#TRAPANI#veicolo già assicurato con atr#No#No#BM#14#0#0#0#0#0#0#0#0#3,000,000
Genertel - Moto#92#2010-04-01#moto#5#9#moto#moto#si#100#persona fisica#m#34#TERNI#05100#TERNI#16#NO#IMPIEGATO #m#34#TERNI#05100#TERNI#veicolo già assicurato con atr#No#No#BM#14#0#0#0#0#0#0#0#0#3,000,000
Genertel - Moto#93#2010-04-01#moto#5#9#moto#moto#si#100#persona fisica#m#34#TRIESTE#34100#TRIESTE#16#NO#IMPIEGATO #m#34#TRIESTE#34100#TRIESTE#veicolo già assicurato con atr#No#No#BM#14#0#0#0#0#0#0#0#0#3,000,000
Genertel - Moto#94#2010-04-01#moto#5#9#moto#moto#si#100#persona fisica#m#34#TREVISO#31100#TREVISO#16#NO#IMPIEGATO #m#34#TREVISO#31100#TREVISO#veicolo già assicurato con atr#No#No#BM#14#0#0#0#0#0#0#0#0#3,000,000
Genertel - Moto#95#2010-04-01#moto#5#9#moto#moto#si#100#persona fisica#m#34#UDINE#33100#UDINE#16#NO#IMPIEGATO #m#34#UDINE#33100#UDINE#veicolo già assicurato con atr#No#No#BM#14#0#0#0#0#0#0#0#0#3,000,000
Genertel - Moto#96#2010-04-01#moto#5#9#moto#moto#si#100#persona fisica#m#34#VARESE#21100#VARESE#16#NO#IMPIEGATO #m#34#VARESE#21100#VARESE#veicolo già assicurato con atr#No#No#BM#14#0#0#0#0#0#0#0#0#3,000,000
Genertel - Moto#97#2010-04-01#moto#5#9#moto#moto#si#100#persona fisica#m#34#VERBANIA#28900#VERBANIA#16#NO#IMPIEGATO #m#34#VERBANIA#28900#VERBANIA#veicolo già assicurato con atr#No#No#BM#14#0#0#0#0#0#0#0#0#3,000,000
Genertel - Moto#98#2010-04-01#moto#5#9#moto#moto#si#100#persona fisica#m#34#VERCELLI#13100#VERCELLI#16#NO#IMPIEGATO #m#34#VERCELLI#13100#VERCELLI#veicolo già assicurato con atr#No#No#BM#14#0#0#0#0#0#0#0#0#3,000,000
Genertel - Moto#99#2010-04-01#moto#5#9#moto#moto#si#100#persona fisica#m#34#VENEZIA#30100#VENEZIA#16#NO#IMPIEGATO #m#34#VENEZIA#30100#VENEZIA#veicolo già assicurato con atr#No#No#BM#14#0#0#0#0#0#0#0#0#3,000,000
Genertel - Moto#100#2010-04-01#moto#5#9#moto#moto#si#100#persona fisica#m#34#VICENZA#36100#VICENZA#16#NO#IMPIEGATO #m#34#VICENZA#36100#VICENZA#veicolo già assicurato con atr#No#No#BM#14#0#0#0#0#0#0#0#0#3,000,000
Genertel - Moto#101#2010-04-01#moto#5#9#moto#moto#si#100#persona fisica#m#34#VERONA#37100#VERONA#16#NO#IMPIEGATO #m#34#VERONA#37100#VERONA#veicolo già assicurato con atr#No#No#BM#14#0#0#0#0#0#0#0#0#3,000,000
Genertel - Moto#102#2010-04-01#moto#5#9#moto#moto#si#100#persona fisica#m#34#VITERBO#01100#VITERBO#16#NO#IMPIEGATO #m#34#VITERBO#01100#VITERBO#veicolo già assicurato con atr#No#No#BM#14#0#0#0#0#0#0#0#0#3,000,000
Genertel - Moto#103#2010-04-01#moto#5#9#moto#moto#si#100#persona fisica#m#34#VIBO VALENTIA#89900#VIBO VALENTIA#16#NO#IMPIEGATO #m#34#VIBO VALENTIA#89900#VIBO VALENTIA#veicolo già assicurato con atr#No#No#BM#14#0#0#0#0#0#0#0#0#3,000,000
Genertel - Moto#104#2010-04-01#moto#5#9#moto#moto#si#100#persona fisica#m#34#AGRIGENTO#92010#ALESSANDRIA DELLA ROCCA#16#NO#IMPIEGATO #m#34#AGRIGENTO#92010#ALESSANDRIA DELLA ROCCA#veicolo già assicurato con atr#No#No#BM#14#0#0#0#0#0#0#0#0#3,000,000
Genertel - Moto#105#2010-04-01#moto#5#9#moto#moto#si#100#persona fisica#m#34#ALESSANDRIA#15010#ALICE BEL COLLE#16#NO#IMPIEGATO #m#34#ALESSANDRIA#15010#ALICE BEL COLLE#veicolo già assicurato con atr#No#No#BM#14#0#0#0#0#0#0#0#0#3,000,000
Genertel - Moto#106#2010-04-01#moto#5#9#moto#moto#si#100#persona fisica#m#34#ANCONA#60010#BARBARA#16#NO#IMPIEGATO #m#34#ANCONA#60010#BARBARA#veicolo già assicurato con atr#No#No#BM#14#0#0#0#0#0#0#0#0#3,000,000
Genertel - Moto#107#2010-04-01#moto#5#9#moto#moto#si#100#persona fisica#m#34#AOSTA#11010#ALLEIN#16#NO#IMPIEGATO #m#34#AOSTA#11010#ALLEIN#veicolo già assicurato con atr#No#No#BM#14#0#0#0#0#0#0#0#0#3,000,000
Genertel - Moto#108#2010-04-01#moto#5#9#moto#moto#si#100#persona fisica#m#34#ASCOLI PICENO#63043#ARQUATA DEL TRONTO#16#NO#IMPIEGATO #m#34#ASCOLI PICENO#63043#ARQUATA DEL TRONTO#veicolo già assicurato con atr#No#No#BM#14#0#0#0#0#0#0#0#0#3,000,000
Genertel - Moto#109#2010-04-01#moto#5#9#moto#moto#si#100#persona fisica#m#34#L'AQUILA#67013#CAMPOTOSTO#16#NO#IMPIEGATO #m#34#L'AQUILA#67013#CAMPOTOSTO#veicolo già assicurato con atr#No#No#BM#14#0#0#0#0#0#0#0#0#3,000,000
Genertel - Moto#110#2010-04-01#moto#5#9#moto#moto#si#100#persona fisica#m#34#AREZZO#52044#CORTONA#16#NO#IMPIEGATO #m#34#AREZZO#52044#CORTONA#veicolo già assicurato con atr#No#No#BM#14#0#0#0#0#0#0#0#0#3,000,000
Genertel - Moto#111#2010-04-01#moto#5#9#moto#moto#si#100#persona fisica#m#34#ASTI#14041#AGLIANO#16#NO#IMPIEGATO #m#34#ASTI#14041#AGLIANO#veicolo già assicurato con atr#No#No#BM#14#0#0#0#0#0#0#0#0#3,000,000
Genertel - Moto#112#2010-04-01#moto#5#9#moto#moto#si#100#persona fisica#m#34#AVELLINO#83010#CAPRIGLIA IRPINA#16#NO#IMPIEGATO #m#34#AVELLINO#83010#CAPRIGLIA IRPINA#veicolo già assicurato con atr#No#No#BM#14#0#0#0#0#0#0#0#0#3,000,000
Genertel - Moto#113#2010-04-01#moto#5#9#moto#moto#si#100#persona fisica#m#34#BARI#70010#VALENZANO#16#NO#IMPIEGATO #m#34#BARI#70010#VALENZANO#veicolo già assicurato con atr#No#No#BM#14#0#0#0#0#0#0#0#0#3,000,000
Genertel - Moto#114#2010-04-01#moto#5#9#moto#moto#si#100#persona fisica#m#34#BERGAMO#24010#ALGUA#16#NO#IMPIEGATO #m#34#BERGAMO#24010#ALGUA#veicolo già assicurato con atr#No#No#BM#14#0#0#0#0#0#0#0#0#3,000,000
Genertel - Moto#115#2010-04-01#moto#5#9#moto#moto#si#100#persona fisica#m#34#BIELLA#13882#CERRIONE#16#NO#IMPIEGATO #m#34#BIELLA#13882#CERRIONE#veicolo già assicurato con atr#No#No#BM#14#0#0#0#0#0#0#0#0#3,000,000
Genertel - Moto#116#2010-04-01#moto#5#9#moto#moto#si#100#persona fisica#m#34#BELLUNO#32031#ALANO DI PIAVE#16#NO#IMPIEGATO #m#34#BELLUNO#32031#ALANO DI PIAVE#veicolo già assicurato con atr#No#No#BM#14#0#0#0#0#0#0#0#0#3,000,000
Genertel - Moto#117#2010-04-01#moto#5#9#moto#moto#si#100#persona fisica#m#34#BENEVENTO#82010#ARPAISE#16#NO#IMPIEGATO #m#34#BENEVENTO#82010#ARPAISE#veicolo già assicurato con atr#No#No#BM#14#0#0#0#0#0#0#0#0#3,000,000
Genertel - Moto#118#2010-04-01#moto#5#9#moto#moto#si#100#persona fisica#m#34#BOLOGNA#40010#BENTIVOGLIO#16#NO#IMPIEGATO #m#34#BOLOGNA#40010#BENTIVOGLIO#veicolo già assicurato con atr#No#No#BM#14#0#0#0#0#0#0#0#0#3,000,000
Genertel - Moto#119#2010-04-01#moto#5#9#moto#moto#si#100#persona fisica#m#34#BRINDISI#72012#CAROVIGNO#16#NO#IMPIEGATO #m#34#BRINDISI#72012#CAROVIGNO#veicolo già assicurato con atr#No#No#BM#14#0#0#0#0#0#0#0#0#3,000,000
Genertel - Moto#120#2010-04-01#moto#5#9#moto#moto#si#100#persona fisica#m#34#BRESCIA#25010#ACQUAFREDDA#16#NO#IMPIEGATO #m#34#BRESCIA#25010#ACQUAFREDDA#veicolo già assicurato con atr#No#No#BM#14#0#0#0#0#0#0#0#0#3,000,000
Genertel - Moto#121#2010-04-01#moto#5#9#moto#moto#si#100#persona fisica#m#34#BOLZANO#39043#CHIUSA#16#NO#IMPIEGATO #m#34#BOLZANO#39043#CHIUSA#veicolo già assicurato con atr#No#No#BM#14#0#0#0#0#0#0#0#0#3,000,000
Genertel - Moto#122#2010-04-01#moto#5#9#moto#moto#si#100#persona fisica#m#34#CAGLIARI#09019#TEULADA#16#NO#IMPIEGATO #m#34#CAGLIARI#09019#TEULADA#veicolo già assicurato con atr#No#No#BM#14#0#0#0#0#0#0#0#0#3,000,000
Genertel - Moto#123#2010-04-01#moto#5#9#moto#moto#si#100#persona fisica#m#34#CAMPOBASSO#86010#BUSSO#16#NO#IMPIEGATO #m#34#CAMPOBASSO#86010#BUSSO#veicolo già assicurato con atr#No#No#BM#14#0#0#0#0#0#0#0#0#3,000,000
Genertel - Moto#124#2010-04-01#moto#5#9#moto#moto#si#100#persona fisica#m#34#CASERTA#81010#AILANO#16#NO#IMPIEGATO #m#34#CASERTA#81010#AILANO#veicolo già assicurato con atr#No#No#BM#14#0#0#0#0#0#0#0#0#3,000,000
Genertel - Moto#125#2010-04-01#moto#5#9#moto#moto#si#100#persona fisica#m#34#CHIETI#66010#ARI#16#NO#IMPIEGATO #m#34#CHIETI#66010#ARI#veicolo già assicurato con atr#No#No#BM#14#0#0#0#0#0#0#0#0#3,000,000
Genertel - Moto#126#2010-04-01#moto#5#9#moto#moto#si#100#persona fisica#m#34#CALTANISSETTA#93010#ACQUAVIVA PLATANI#16#NO#IMPIEGATO #m#34#CALTANISSETTA#93010#ACQUAVIVA PLATANI#veicolo già assicurato con atr#No#No#BM#14#0#0#0#0#0#0#0#0#3,000,000
Genertel - Moto#127#2010-04-01#moto#5#9#moto#moto#si#100#persona fisica#m#34#CUNEO#12010#AISONE#16#NO#IMPIEGATO #m#34#CUNEO#12010#AISONE#veicolo già assicurato con atr#No#No#BM#14#0#0#0#0#0#0#0#0#3,000,000
Genertel - Moto#128#2010-04-01#moto#5#9#moto#moto#si#100#persona fisica#m#34#COMO#22016#LENNO#16#NO#IMPIEGATO #m#34#COMO#22016#LENNO#veicolo già assicurato con atr#No#No#BM#14#0#0#0#0#0#0#0#0#3,000,000
Genertel - Moto#129#2010-04-01#moto#5#9#moto#moto#si#100#persona fisica#m#34#CREMONA#26010#AZZANELLO#16#NO#IMPIEGATO #m#34#CREMONA#26010#AZZANELLO#veicolo già assicurato con atr#No#No#BM#14#0#0#0#0#0#0#0#0#3,000,000
Genertel - Moto#130#2010-04-01#moto#5#9#moto#moto#si#100#persona fisica#m#34#COSENZA#87010#ACQUAFORMOSA#16#NO#IMPIEGATO #m#34#COSENZA#87010#ACQUAFORMOSA#veicolo già assicurato con atr#No#No#BM#14#0#0#0#0#0#0#0#0#3,000,000
Genertel - Moto#131#2010-04-01#moto#5#9#moto#moto#si#100#persona fisica#m#34#CATANIA#95024#ACIREALE#16#NO#IMPIEGATO #m#34#CATANIA#95024#ACIREALE#veicolo già assicurato con atr#No#No#BM#14#0#0#0#0#0#0#0#0#3,000,000
Genertel - Moto#132#2010-04-01#moto#5#9#moto#moto#si#100#persona fisica#m#34#CATANZARO#88040#CICALA#16#NO#IMPIEGATO #m#34#CATANZARO#88040#CICALA#veicolo già assicurato con atr#No#No#BM#14#0#0#0#0#0#0#0#0#3,000,000
Genertel - Moto#133#2010-04-01#moto#5#9#moto#moto#si#100#persona fisica#m#34#ENNA#94010#AIDONE#16#NO#IMPIEGATO #m#34#ENNA#94010#AIDONE#veicolo già assicurato con atr#No#No#BM#14#0#0#0#0#0#0#0#0#3,000,000
Genertel - Moto#134#2010-04-01#moto#5#9#moto#moto#si#100#persona fisica#m#34#FERRARA#44011#ARGENTA#16#NO#IMPIEGATO #m#34#FERRARA#44011#ARGENTA#veicolo già assicurato con atr#No#No#BM#14#0#0#0#0#0#0#0#0#3,000,000
Genertel - Moto#135#2010-04-01#moto#5#9#moto#moto#si#100#persona fisica#m#34#FOGGIA#71021#ACCADIA#16#NO#IMPIEGATO #m#34#FOGGIA#71021#ACCADIA#veicolo già assicurato con atr#No#No#BM#14#0#0#0#0#0#0#0#0#3,000,000
Genertel - Moto#136#2010-04-01#moto#5#9#moto#moto#si#100#persona fisica#m#34#FIRENZE#50058#SIGNA#16#NO#IMPIEGATO #m#34#FIRENZE#50058#SIGNA#veicolo già assicurato con atr#No#No#BM#14#0#0#0#0#0#0#0#0#3,000,000
Genertel - Moto#137#2010-04-01#moto#5#9#moto#moto#si#100#persona fisica#m#34#FORLI'#47042#CESENATICO#16#NO#IMPIEGATO #m#34#FORLI'#47042#CESENATICO#veicolo già assicurato con atr#No#No#BM#14#0#0#0#0#0#0#0#0#3,000,000
Genertel - Moto#138#2010-04-01#moto#5#9#moto#moto#si#100#persona fisica#m#34#FROSINONE#03010#ACUTO#16#NO#IMPIEGATO #m#34#FROSINONE#03010#ACUTO#veicolo già assicurato con atr#No#No#BM#14#0#0#0#0#0#0#0#0#3,000,000
Genertel - Moto#139#2010-04-01#moto#5#9#moto#moto#si#100#persona fisica#m#34#GENOVA#16010#CROCEFIESCHI#16#NO#IMPIEGATO #m#34#GENOVA#16010#CROCEFIESCHI#veicolo già assicurato con atr#No#No#BM#14#0#0#0#0#0#0#0#0#3,000,000
Genertel - Moto#140#2010-04-01#moto#5#9#moto#moto#si#100#persona fisica#m#34#GORIZIA#34070#CAPRIVA DEL FRIULI#16#NO#IMPIEGATO #m#34#GORIZIA#34070#CAPRIVA DEL FRIULI#veicolo già assicurato con atr#No#No#BM#14#0#0#0#0#0#0#0#0#3,000,000
Genertel - Moto#141#2010-04-01#moto#5#9#moto#moto#si#100#persona fisica#m#34#GROSSETO#58031#ARCIDOSSO#16#NO#IMPIEGATO #m#34#GROSSETO#58031#ARCIDOSSO#veicolo già assicurato con atr#No#No#BM#14#0#0#0#0#0#0#0#0#3,000,000
Genertel - Moto#142#2010-04-01#moto#5#9#moto#moto#si#100#persona fisica#m#34#IMPERIA#18030#AIROLE#16#NO#IMPIEGATO #m#34#IMPERIA#18030#AIROLE#veicolo già assicurato con atr#No#No#BM#14#0#0#0#0#0#0#0#0#3,000,000
Genertel - Moto#143#2010-04-01#moto#5#9#moto#moto#si#100#persona fisica#m#34#ISERNIA#86081#AGNONE#16#NO#IMPIEGATO #m#34#ISERNIA#86081#AGNONE#veicolo già assicurato con atr#No#No#BM#14#0#0#0#0#0#0#0#0#3,000,000
Genertel - Moto#144#2010-04-01#moto#5#9#moto#moto#si#100#persona fisica#m#34#CROTONE#88842#CUTRO#16#NO#IMPIEGATO #m#34#CROTONE#88842#CUTRO#veicolo già assicurato con atr#No#No#BM#14#0#0#0#0#0#0#0#0#3,000,000
Genertel - Moto#145#2010-04-01#moto#5#9#moto#moto#si#100#persona fisica#m#34#LECCO#23841#ANNONE DI BRIANZA#16#NO#IMPIEGATO #m#34#LECCO#23841#ANNONE DI BRIANZA#veicolo già assicurato con atr#No#No#BM#14#0#0#0#0#0#0#0#0#3,000,000
Genertel - Moto#146#2010-04-01#moto#5#9#moto#moto#si#100#persona fisica#m#34#LECCE#73010#ARNESANO#16#NO#IMPIEGATO #m#34#LECCE#73010#ARNESANO#veicolo già assicurato con atr#No#No#BM#14#0#0#0#0#0#0#0#0#3,000,000
Genertel - Moto#147#2010-04-01#moto#5#9#moto#moto#si#100#persona fisica#m#34#LIVORNO#57020#BIBBONA#16#NO#IMPIEGATO #m#34#LIVORNO#57020#BIBBONA#veicolo già assicurato con atr#No#No#BM#14#0#0#0#0#0#0#0#0#3,000,000
Genertel - Moto#148#2010-04-01#moto#5#9#moto#moto#si#100#persona fisica#m#34#LODI#26821#BERTONICO#16#NO#IMPIEGATO #m#34#LODI#26821#BERTONICO#veicolo già assicurato con atr#No#No#BM#14#0#0#0#0#0#0#0#0#3,000,000
Genertel - Moto#149#2010-04-01#moto#5#9#moto#moto#si#100#persona fisica#m#34#LATINA#04011#APRILIA#16#NO#IMPIEGATO #m#34#LATINA#04011#APRILIA#veicolo già assicurato con atr#No#No#BM#14#0#0#0#0#0#0#0#0#3,000,000
Genertel - Moto#150#2010-04-01#moto#5#9#moto#moto#si#100#persona fisica#m#34#LUCCA#55011#ALTOPASCIO#16#NO#IMPIEGATO #m#34#LUCCA#55011#ALTOPASCIO#veicolo già assicurato con atr#No#No#BM#14#0#0#0#0#0#0#0#0#3,000,000
Genertel - Moto#151#2010-04-01#moto#5#9#moto#moto#si#100#persona fisica#m#34#MACERATA#62024#MATELICA#16#NO#IMPIEGATO #m#34#MACERATA#62024#MATELICA#veicolo già assicurato con atr#No#No#BM#14#0#0#0#0#0#0#0#0#3,000,000
Genertel - Moto#152#2010-04-01#moto#5#9#moto#moto#si#100#persona fisica#m#34#MESSINA#98072#CARONIA#16#NO#IMPIEGATO #m#34#MESSINA#98072#CARONIA#veicolo già assicurato con atr#No#No#BM#14#0#0#0#0#0#0#0#0#3,000,000
Genertel - Moto#153#2010-04-01#moto#5#9#moto#moto#si#100#persona fisica#m#34#MILANO#20010#ARLUNO#16#NO#IMPIEGATO #m#34#MILANO#20010#ARLUNO#veicolo già assicurato con atr#No#No#BM#14#0#0#0#0#0#0#0#0#3,000,000
Genertel - Moto#154#2010-04-01#moto#5#9#moto#moto#si#100#persona fisica#m#34#MANTOVA#46011#ACQUANEGRA SUL CHIESE#16#NO#IMPIEGATO #m#34#MANTOVA#46011#ACQUANEGRA SUL CHIESE#veicolo già assicurato con atr#No#No#BM#14#0#0#0#0#0#0#0#0#3,000,000
Genertel - Moto#155#2010-04-01#moto#5#9#moto#moto#si#100#persona fisica#m#34#MODENA#41030#BASTIGLIA#16#NO#IMPIEGATO #m#34#MODENA#41030#BASTIGLIA#veicolo già assicurato con atr#No#No#BM#14#0#0#0#0#0#0#0#0#3,000,000
Genertel - Moto#156#2010-04-01#moto#5#9#moto#moto#si#100#persona fisica#m#34#MASSA#54021#BAGNONE#16#NO#IMPIEGATO #m#34#MASSA#54021#BAGNONE#veicolo già assicurato con atr#No#No#BM#14#0#0#0#0#0#0#0#0#3,000,000
Genertel - Moto#157#2010-04-01#moto#5#9#moto#moto#si#100#persona fisica#m#34#MATERA#75011#ACCETTURA#16#NO#IMPIEGATO #m#34#MATERA#75011#ACCETTURA#veicolo già assicurato con atr#No#No#BM#14#0#0#0#0#0#0#0#0#3,000,000
Genertel - Moto#158#2010-04-01#moto#5#9#moto#moto#si#100#persona fisica#m#34#NAPOLI#80075#FORIO#16#NO#IMPIEGATO #m#34#NAPOLI#80075#FORIO#veicolo già assicurato con atr#No#No#BM#14#0#0#0#0#0#0#0#0#3,000,000
Genertel - Moto#159#2010-04-01#moto#5#9#moto#moto#si#100#persona fisica#m#34#NOVARA#28010#AGRATE CONTURBIA#16#NO#IMPIEGATO #m#34#NOVARA#28010#AGRATE CONTURBIA#veicolo già assicurato con atr#No#No#BM#14#0#0#0#0#0#0#0#0#3,000,000
Genertel - Moto#160#2010-04-01#moto#5#9#moto#moto#si#100#persona fisica#m#34#NUORO#08010#BIRORI#16#NO#IMPIEGATO #m#34#NUORO#08010#BIRORI#veicolo già assicurato con atr#No#No#BM#14#0#0#0#0#0#0#0#0#3,000,000
Genertel - Moto#161#2010-04-01#moto#5#9#moto#moto#si#100#persona fisica#m#34#ORISTANO#09070#AIDOMAGGIORE#16#NO#IMPIEGATO #m#34#ORISTANO#09070#AIDOMAGGIORE#veicolo già assicurato con atr#No#No#BM#14#0#0#0#0#0#0#0#0#3,000,000
Genertel - Moto#162#2010-04-01#moto#5#9#moto#moto#si#100#persona fisica#m#34#PALERMO#90010#ALTAVILLA MILICIA#16#NO#IMPIEGATO #m#34#PALERMO#90010#ALTAVILLA MILICIA#veicolo già assicurato con atr#No#No#BM#14#0#0#0#0#0#0#0#0#3,000,000
Genertel - Moto#163#2010-04-01#moto#5#9#moto#moto#si#100#persona fisica#m#34#PIACENZA#29010#AGAZZANO#16#NO#IMPIEGATO #m#34#PIACENZA#29010#AGAZZANO#veicolo già assicurato con atr#No#No#BM#14#0#0#0#0#0#0#0#0#3,000,000
Genertel - Moto#164#2010-04-01#moto#5#9#moto#moto#si#100#persona fisica#m#34#PADOVA#35040#BARBONA#16#NO#IMPIEGATO #m#34#PADOVA#35040#BARBONA#veicolo già assicurato con atr#No#No#BM#14#0#0#0#0#0#0#0#0#3,000,000
Genertel - Moto#165#2010-04-01#moto#5#9#moto#moto#si#100#persona fisica#m#34#PESCARA#65010#BRITTOLI#16#NO#IMPIEGATO #m#34#PESCARA#65010#BRITTOLI#veicolo già assicurato con atr#No#No#BM#14#0#0#0#0#0#0#0#0#3,000,000
Genertel - Moto#166#2010-04-01#moto#5#9#moto#moto#si#100#persona fisica#m#34#PERUGIA#06010#CITERNA#16#NO#IMPIEGATO #m#34#PERUGIA#06010#CITERNA#veicolo già assicurato con atr#No#No#BM#14#0#0#0#0#0#0#0#0#3,000,000
Genertel - Moto#167#2010-04-01#moto#5#9#moto#moto#si#100#persona fisica#m#34#PISA#56032#BUTI#16#NO#IMPIEGATO #m#34#PISA#56032#BUTI#veicolo già assicurato con atr#No#No#BM#14#0#0#0#0#0#0#0#0#3,000,000
Genertel - Moto#168#2010-04-01#moto#5#9#moto#moto#si#100#persona fisica#m#34#PORDENONE#33070#BRUGNERA#16#NO#IMPIEGATO #m#34#PORDENONE#33070#BRUGNERA#veicolo già assicurato con atr#No#No#BM#14#0#0#0#0#0#0#0#0#3,000,000
Genertel - Moto#169#2010-04-01#moto#5#9#moto#moto#si#100#persona fisica#m#34#PRATO#59013#MONTEMURLO#16#NO#IMPIEGATO #m#34#PRATO#59013#MONTEMURLO#veicolo già assicurato con atr#No#No#BM#14#0#0#0#0#0#0#0#0#3,000,000
Genertel - Moto#170#2010-04-01#moto#5#9#moto#moto#si#100#persona fisica#m#34#PARMA#43051#ALBARETO#16#NO#IMPIEGATO #m#34#PARMA#43051#ALBARETO#veicolo già assicurato con atr#No#No#BM#14#0#0#0#0#0#0#0#0#3,000,000
Genertel - Moto#171#2010-04-01#moto#5#9#moto#moto#si#100#persona fisica#m#34#PESARO#61032#FANO#16#NO#IMPIEGATO #m#34#PESARO#61032#FANO#veicolo già assicurato con atr#No#No#BM#14#0#0#0#0#0#0#0#0#3,000,000
Genertel - Moto#172#2010-04-01#moto#5#9#moto#moto#si#100#persona fisica#m#34#PISTOIA#51021#ABETONE#16#NO#IMPIEGATO #m#34#PISTOIA#51021#ABETONE#veicolo già assicurato con atr#No#No#BM#14#0#0#0#0#0#0#0#0#3,000,000
Genertel - Moto#173#2010-04-01#moto#5#9#moto#moto#si#100#persona fisica#m#34#PAVIA#27010#ALBUZZANO#16#NO#IMPIEGATO #m#34#PAVIA#27010#ALBUZZANO#veicolo già assicurato con atr#No#No#BM#14#0#0#0#0#0#0#0#0#3,000,000
Genertel - Moto#174#2010-04-01#moto#5#9#moto#moto#si#100#persona fisica#m#34#POTENZA#85010#ABRIOLA#16#NO#IMPIEGATO #m#34#POTENZA#85010#ABRIOLA#veicolo già assicurato con atr#No#No#BM#14#0#0#0#0#0#0#0#0#3,000,000
Genertel - Moto#175#2010-04-01#moto#5#9#moto#moto#si#100#persona fisica#m#34#RAVENNA#48010#BAGNARA DI ROMAGNA#16#NO#IMPIEGATO #m#34#RAVENNA#48010#BAGNARA DI ROMAGNA#veicolo già assicurato con atr#No#No#BM#14#0#0#0#0#0#0#0#0#3,000,000
Genertel - Moto#176#2010-04-01#moto#5#9#moto#moto#si#100#persona fisica#m#34#REGGIO DI CALABRIA#89030#AFRICO#16#NO#IMPIEGATO #m#34#REGGIO DI CALABRIA#89030#AFRICO#veicolo già assicurato con atr#No#No#BM#14#0#0#0#0#0#0#0#0#3,000,000
Genertel - Moto#177#2010-04-01#moto#5#9#moto#moto#si#100#persona fisica#m#34#REGGIO NELL'EMILIA#42020#ALBINEA#16#NO#IMPIEGATO #m#34#REGGIO NELL'EMILIA#42020#ALBINEA#veicolo già assicurato con atr#No#No#BM#14#0#0#0#0#0#0#0#0#3,000,000
Genertel - Moto#178#2010-04-01#moto#5#9#moto#moto#si#100#persona fisica#m#34#RAGUSA#97011#ACATE#16#NO#IMPIEGATO #m#34#RAGUSA#97011#ACATE#veicolo già assicurato con atr#No#No#BM#14#0#0#0#0#0#0#0#0#3,000,000
Genertel - Moto#179#2010-04-01#moto#5#9#moto#moto#si#100#persona fisica#m#34#RIETI#02010#BORBONA#16#NO#IMPIEGATO #m#34#RIETI#02010#BORBONA#veicolo già assicurato con atr#No#No#BM#14#0#0#0#0#0#0#0#0#3,000,000
Genertel - Moto#180#2010-04-01#moto#5#9#moto#moto#si#100#persona fisica#m#34#ROMA#00010#CASAPE#16#NO#IMPIEGATO #m#34#ROMA#00010#CASAPE#veicolo già assicurato con atr#No#No#BM#14#0#0#0#0#0#0#0#0#3,000,000
Genertel - Moto#181#2010-04-01#moto#5#9#moto#moto#si#100#persona fisica#m#34#RIMINI#47841#CATTOLICA#16#NO#IMPIEGATO #m#34#RIMINI#47841#CATTOLICA#veicolo già assicurato con atr#No#No#BM#14#0#0#0#0#0#0#0#0#3,000,000
Genertel - Moto#182#2010-04-01#moto#5#9#moto#moto#si#100#persona fisica#m#34#ROVIGO#45011#ADRIA#16#NO#IMPIEGATO #m#34#ROVIGO#45011#ADRIA#veicolo già assicurato con atr#No#No#BM#14#0#0#0#0#0#0#0#0#3,000,000
Genertel - Moto#183#2010-04-01#moto#5#9#moto#moto#si#100#persona fisica#m#34#SALERNO#84010#ATRANI#16#NO#IMPIEGATO #m#34#SALERNO#84010#ATRANI#veicolo già assicurato con atr#No#No#BM#14#0#0#0#0#0#0#0#0#3,000,000
Genertel - Moto#184#2010-04-01#moto#5#9#moto#moto#si#100#persona fisica#m#34#SIENA#53021#ABBADIA SAN SALVATORE#16#NO#IMPIEGATO #m#34#SIENA#53021#ABBADIA SAN SALVATORE#veicolo già assicurato con atr#No#No#BM#14#0#0#0#0#0#0#0#0#3,000,000
Genertel - Moto#185#2010-04-01#moto#5#9#moto#moto#si#100#persona fisica#m#34#SONDRIO#23010#ALBAREDO PER SAN MARCO#16#NO#IMPIEGATO #m#34#SONDRIO#23010#ALBAREDO PER SAN MARCO#veicolo già assicurato con atr#No#No#BM#14#0#0#0#0#0#0#0#0#3,000,000
Genertel - Moto#186#2010-04-01#moto#5#9#moto#moto#si#100#persona fisica#m#34#LA SPEZIA#19031#AMEGLIA#16#NO#IMPIEGATO #m#34#LA SPEZIA#19031#AMEGLIA#veicolo già assicurato con atr#No#No#BM#14#0#0#0#0#0#0#0#0#3,000,000
Genertel - Moto#187#2010-04-01#moto#5#9#moto#moto#si#100#persona fisica#m#34#SIRACUSA#96011#AUGUSTA#16#NO#IMPIEGATO #m#34#SIRACUSA#96011#AUGUSTA#veicolo già assicurato con atr#No#No#BM#14#0#0#0#0#0#0#0#0#3,000,000
Genertel - Moto#188#2010-04-01#moto#5#9#moto#moto#si#100#persona fisica#m#34#SASSARI#07010#ANELA#16#NO#IMPIEGATO #m#34#SASSARI#07010#ANELA#veicolo già assicurato con atr#No#No#BM#14#0#0#0#0#0#0#0#0#3,000,000
Genertel - Moto#189#2010-04-01#moto#5#9#moto#moto#si#100#persona fisica#m#34#SAVONA#17021#ALASSIO#16#NO#IMPIEGATO #m#34#SAVONA#17021#ALASSIO#veicolo già assicurato con atr#No#No#BM#14#0#0#0#0#0#0#0#0#3,000,000
Genertel - Moto#190#2010-04-01#moto#5#9#moto#moto#si#100#persona fisica#m#34#TARANTO#74020#AVETRANA#16#NO#IMPIEGATO #m#34#TARANTO#74020#AVETRANA#veicolo già assicurato con atr#No#No#BM#14#0#0#0#0#0#0#0#0#3,000,000
Genertel - Moto#191#2010-04-01#moto#5#9#moto#moto#si#100#persona fisica#m#34#TERAMO#64010#ANCARANO#16#NO#IMPIEGATO #m#34#TERAMO#64010#ANCARANO#veicolo già assicurato con atr#No#No#BM#14#0#0#0#0#0#0#0#0#3,000,000
Genertel - Moto#192#2010-04-01#moto#5#9#moto#moto#si#100#persona fisica#m#34#TRENTO#38010#ANDALO#16#NO#IMPIEGATO #m#34#TRENTO#38010#ANDALO#veicolo già assicurato con atr#No#No#BM#14#0#0#0#0#0#0#0#0#3,000,000
Genertel - Moto#193#2010-04-01#moto#5#9#moto#moto#si#100#persona fisica#m#34#TORINO#10090#TRANA#16#NO#IMPIEGATO #m#34#TORINO#10090#TRANA#veicolo già assicurato con atr#No#No#BM#14#0#0#0#0#0#0#0#0#3,000,000
Genertel - Moto#194#2010-04-01#moto#5#9#moto#moto#si#100#persona fisica#m#34#TRAPANI#91011#ALCAMO#16#NO#IMPIEGATO #m#34#TRAPANI#91011#ALCAMO#veicolo già assicurato con atr#No#No#BM#14#0#0#0#0#0#0#0#0#3,000,000
Genertel - Moto#195#2010-04-01#moto#5#9#moto#moto#si#100#persona fisica#m#34#TERNI#05021#ACQUASPARTA#16#NO#IMPIEGATO #m#34#TERNI#05021#ACQUASPARTA#veicolo già assicurato con atr#No#No#BM#14#0#0#0#0#0#0#0#0#3,000,000
Genertel - Moto#196#2010-04-01#moto#5#9#moto#moto#si#100#persona fisica#m#34#TRIESTE#34011#DUINO AURISINA#16#NO#IMPIEGATO #m#34#TRIESTE#34011#DUINO AURISINA#veicolo già assicurato con atr#No#No#BM#14#0#0#0#0#0#0#0#0#3,000,000
Genertel - Moto#197#2010-04-01#moto#5#9#moto#moto#si#100#persona fisica#m#34#TREVISO#31036#ISTRANA#16#NO#IMPIEGATO #m#34#TREVISO#31036#ISTRANA#veicolo già assicurato con atr#No#No#BM#14#0#0#0#0#0#0#0#0#3,000,000
Genertel - Moto#198#2010-04-01#moto#5#9#moto#moto#si#100#persona fisica#m#34#UDINE#33053#LATISANA#16#NO#IMPIEGATO #m#34#UDINE#33053#LATISANA#veicolo già assicurato con atr#No#No#BM#14#0#0#0#0#0#0#0#0#3,000,000
Genertel - Moto#199#2010-04-01#moto#5#9#moto#moto#si#100#persona fisica#m#34#VARESE#21038#LEGGIUNO#16#NO#IMPIEGATO #m#34#VARESE#21038#LEGGIUNO#veicolo già assicurato con atr#No#No#BM#14#0#0#0#0#0#0#0#0#3,000,000
Genertel - Moto#200#2010-04-01#moto#5#9#moto#moto#si#100#persona fisica#m#34#VERBANIA#28895#MASSIOLA#16#NO#IMPIEGATO #m#34#VERBANIA#28895#MASSIOLA#veicolo già assicurato con atr#No#No#BM#14#0#0#0#0#0#0#0#0#3,000,000
Genertel - Moto#201#2010-04-01#moto#5#9#moto#moto#si#100#persona fisica#m#34#VERCELLI#13010#CARESANA#16#NO#IMPIEGATO #m#34#VERCELLI#13010#CARESANA#veicolo già assicurato con atr#No#No#BM#14#0#0#0#0#0#0#0#0#3,000,000
Genertel - Moto#202#2010-04-01#moto#5#9#moto#moto#si#100#persona fisica#m#34#VENEZIA#30034#MIRA#16#NO#IMPIEGATO #m#34#VENEZIA#30034#MIRA#veicolo già assicurato con atr#No#No#BM#14#0#0#0#0#0#0#0#0#3,000,000
Genertel - Moto#203#2010-04-01#moto#5#9#moto#moto#si#100#persona fisica#m#34#VICENZA#36020#AGUGLIARO#16#NO#IMPIEGATO #m#34#VICENZA#36020#AGUGLIARO#veicolo già assicurato con atr#No#No#BM#14#0#0#0#0#0#0#0#0#3,000,000
Genertel - Moto#204#2010-04-01#moto#5#9#moto#moto#si#100#persona fisica#m#34#VERONA#37010#AFFI#16#NO#IMPIEGATO #m#34#VERONA#37010#AFFI#veicolo già assicurato con atr#No#No#BM#14#0#0#0#0#0#0#0#0#3,000,000
Genertel - Moto#205#2010-04-01#moto#5#9#moto#moto#si#100#persona fisica#m#34#VITERBO#01010#ARLENA DI CASTRO#16#NO#IMPIEGATO #m#34#VITERBO#01010#ARLENA DI CASTRO#veicolo già assicurato con atr#No#No#BM#14#0#0#0#0#0#0#0#0#3,000,000
Genertel - Moto#206#2010-04-01#moto#5#9#moto#moto#si#100#persona fisica#m#34#VIBO VALENTIA#89832#ACQUARO#16#NO#IMPIEGATO #m#34#VIBO VALENTIA#89832#ACQUARO#veicolo già assicurato con atr#No#No#BM#14#0#0#0#0#0#0#0#0#3,000,000
Genertel - Moto#207#2010-04-01#moto#5#9#moto#moto#si#100#persona fisica#M#74#BOLOGNA#40100#BOLOGNA#56#NO#IMPIEGATO #M#74#BOLOGNA#40100#BOLOGNA#veicolo già assicurato con atr#No#No#BM#14#0#0#0#0#0#0#0#0#3,000,000
Genertel - Moto#208#2010-04-01#moto#5#9#moto#moto#si#100#persona fisica#M#72#BOLOGNA#40100#BOLOGNA#54#NO#IMPIEGATO #M#72#BOLOGNA#40100#BOLOGNA#veicolo già assicurato con atr#No#No#BM#14#0#0#0#0#0#0#0#0#3,000,000
Genertel - Moto#209#2010-04-01#moto#5#9#moto#moto#si#100#persona fisica#M#70#BOLOGNA#40100#BOLOGNA#52#NO#IMPIEGATO #M#70#BOLOGNA#40100#BOLOGNA#veicolo già assicurato con atr#No#No#BM#14#0#0#0#0#0#0#0#0#3,000,000
Genertel - Moto#210#2010-04-01#moto#5#9#moto#moto#si#100#persona fisica#M#68#BOLOGNA#40100#BOLOGNA#50#NO#IMPIEGATO #M#68#BOLOGNA#40100#BOLOGNA#veicolo già assicurato con atr#No#No#BM#14#0#0#0#0#0#0#0#0#3,000,000
Genertel - Moto#211#2010-04-01#moto#5#9#moto#moto#si#100#persona fisica#M#66#BOLOGNA#40100#BOLOGNA#48#NO#IMPIEGATO #M#66#BOLOGNA#40100#BOLOGNA#veicolo già assicurato con atr#No#No#BM#14#0#0#0#0#0#0#0#0#3,000,000
Genertel - Moto#212#2010-04-01#moto#5#9#moto#moto#si#100#persona fisica#M#64#BOLOGNA#40100#BOLOGNA#46#NO#IMPIEGATO #M#64#BOLOGNA#40100#BOLOGNA#veicolo già assicurato con atr#No#No#BM#14#0#0#0#0#0#0#0#0#3,000,000
Genertel - Moto#213#2010-04-01#moto#5#9#moto#moto#si#100#persona fisica#M#62#BOLOGNA#40100#BOLOGNA#44#NO#IMPIEGATO #M#62#BOLOGNA#40100#BOLOGNA#veicolo già assicurato con atr#No#No#BM#14#0#0#0#0#0#0#0#0#3,000,000
Genertel - Moto#214#2010-04-01#moto#5#9#moto#moto#si#100#persona fisica#M#60#BOLOGNA#40100#BOLOGNA#42#NO#IMPIEGATO #M#60#BOLOGNA#40100#BOLOGNA#veicolo già assicurato con atr#No#No#BM#14#0#0#0#0#0#0#0#0#3,000,000
Genertel - Moto#215#2010-04-01#moto#5#9#moto#moto#si#100#persona fisica#M#58#BOLOGNA#40100#BOLOGNA#40#NO#IMPIEGATO #M#58#BOLOGNA#40100#BOLOGNA#veicolo già assicurato con atr#No#No#BM#14#0#0#0#0#0#0#0#0#3,000,000
Genertel - Moto#216#2010-04-01#moto#5#9#moto#moto#si#100#persona fisica#M#56#BOLOGNA#40100#BOLOGNA#38#NO#IMPIEGATO #M#56#BOLOGNA#40100#BOLOGNA#veicolo già assicurato con atr#No#No#BM#14#0#0#0#0#0#0#0#0#3,000,000
Genertel - Moto#217#2010-04-01#moto#5#9#moto#moto#si#100#persona fisica#M#54#BOLOGNA#40100#BOLOGNA#36#NO#IMPIEGATO #M#54#BOLOGNA#40100#BOLOGNA#veicolo già assicurato con atr#No#No#BM#14#0#0#0#0#0#0#0#0#3,000,000
Genertel - Moto#218#2010-04-01#moto#5#9#moto#moto#si#100#persona fisica#M#52#BOLOGNA#40100#BOLOGNA#34#NO#IMPIEGATO #M#52#BOLOGNA#40100#BOLOGNA#veicolo già assicurato con atr#No#No#BM#14#0#0#0#0#0#0#0#0#3,000,000
Genertel - Moto#219#2010-04-01#moto#5#9#moto#moto#si#100#persona fisica#M#50#BOLOGNA#40100#BOLOGNA#32#NO#IMPIEGATO #M#50#BOLOGNA#40100#BOLOGNA#veicolo già assicurato con atr#No#No#BM#14#0#0#0#0#0#0#0#0#3,000,000
Genertel - Moto#220#2010-04-01#moto#5#9#moto#moto#si#100#persona fisica#M#48#BOLOGNA#40100#BOLOGNA#30#NO#IMPIEGATO #M#48#BOLOGNA#40100#BOLOGNA#veicolo già assicurato con atr#No#No#BM#14#0#0#0#0#0#0#0#0#3,000,000
Genertel - Moto#221#2010-04-01#moto#5#9#moto#moto#si#100#persona fisica#M#46#BOLOGNA#40100#BOLOGNA#28#NO#IMPIEGATO #M#46#BOLOGNA#40100#BOLOGNA#veicolo già assicurato con atr#No#No#BM#14#0#0#0#0#0#0#0#0#3,000,000
Genertel - Moto#222#2010-04-01#moto#5#9#moto#moto#si#100#persona fisica#M#44#BOLOGNA#40100#BOLOGNA#26#NO#IMPIEGATO #M#44#BOLOGNA#40100#BOLOGNA#veicolo già assicurato con atr#No#No#BM#14#0#0#0#0#0#0#0#0#3,000,000
Genertel - Moto#223#2010-04-01#moto#5#9#moto#moto#si#100#persona fisica#M#42#BOLOGNA#40100#BOLOGNA#24#NO#IMPIEGATO #M#42#BOLOGNA#40100#BOLOGNA#veicolo già assicurato con atr#No#No#BM#14#0#0#0#0#0#0#0#0#3,000,000
Genertel - Moto#224#2010-04-01#moto#5#9#moto#moto#si#100#persona fisica#M#40#BOLOGNA#40100#BOLOGNA#22#NO#IMPIEGATO #M#40#BOLOGNA#40100#BOLOGNA#veicolo già assicurato con atr#No#No#BM#14#0#0#0#0#0#0#0#0#3,000,000
Genertel - Moto#225#2010-04-01#moto#5#9#moto#moto#si#100#persona fisica#M#38#BOLOGNA#40100#BOLOGNA#20#NO#IMPIEGATO #M#38#BOLOGNA#40100#BOLOGNA#veicolo già assicurato con atr#No#No#BM#14#0#0#0#0#0#0#0#0#3,000,000
Genertel - Moto#226#2010-04-01#moto#5#9#moto#moto#si#100#persona fisica#M#36#BOLOGNA#40100#BOLOGNA#18#NO#IMPIEGATO #M#36#BOLOGNA#40100#BOLOGNA#veicolo già assicurato con atr#No#No#BM#14#0#0#0#0#0#0#0#0#3,000,000
Genertel - Moto#227#2010-04-01#moto#5#9#moto#moto#si#100#persona fisica#M#34#BOLOGNA#40100#BOLOGNA#16#NO#IMPIEGATO #M#34#BOLOGNA#40100#BOLOGNA#veicolo già assicurato con atr#No#No#BM#14#0#0#0#0#0#0#0#0#3,000,000
Genertel - Moto#228#2010-04-01#moto#5#9#moto#moto#si#100#persona fisica#M#32#BOLOGNA#40100#BOLOGNA#14#NO#IMPIEGATO #M#32#BOLOGNA#40100#BOLOGNA#veicolo già assicurato con atr#No#No#BM#14#0#0#0#0#0#0#0#0#3,000,000
Genertel - Moto#229#2010-04-01#moto#5#9#moto#moto#si#100#persona fisica#M#30#BOLOGNA#40100#BOLOGNA#12#NO#IMPIEGATO #M#30#BOLOGNA#40100#BOLOGNA#veicolo già assicurato con atr#No#No#BM#14#0#0#0#0#0#0#0#0#3,000,000
Genertel - Moto#230#2010-04-01#moto#5#9#moto#moto#si#100#persona fisica#M#28#BOLOGNA#40100#BOLOGNA#10#NO#IMPIEGATO #M#28#BOLOGNA#40100#BOLOGNA#veicolo già assicurato con atr#No#No#BM#14#0#0#0#0#0#0#0#0#3,000,000
Genertel - Moto#231#2010-04-01#moto#5#9#moto#moto#si#100#persona fisica#M#26#BOLOGNA#40100#BOLOGNA#8#NO#IMPIEGATO #M#26#BOLOGNA#40100#BOLOGNA#veicolo già assicurato con atr#No#No#BM#14#0#0#0#0#0#0#0#0#3,000,000
Genertel - Moto#232#2010-04-01#moto#5#9#moto#moto#si#100#persona fisica#M#24#BOLOGNA#40100#BOLOGNA#6#NO#IMPIEGATO #M#24#BOLOGNA#40100#BOLOGNA#veicolo già assicurato con atr#No#No#BM#14#0#0#0#0#0#0#0#0#3,000,000
Genertel - Moto#233#2010-04-01#moto#5#9#moto#moto#si#100#persona fisica#M#22#BOLOGNA#40100#BOLOGNA#4#NO#IMPIEGATO #M#22#BOLOGNA#40100#BOLOGNA#veicolo già assicurato con atr#No#No#BM#14#0#0#0#0#0#0#0#0#3,000,000
Genertel - Moto#234#2010-04-01#moto#5#9#moto#moto#si#100#persona fisica#M#20#BOLOGNA#40100#BOLOGNA#2#NO#IMPIEGATO #M#20#BOLOGNA#40100#BOLOGNA#veicolo già assicurato con atr#No#No#BM#14#0#0#0#0#0#0#0#0#3,000,000
Genertel - Moto#235#2010-04-01#moto#5#9#moto#moto#si#100#persona fisica#M#18#BOLOGNA#40100#BOLOGNA#0#NO#IMPIEGATO #M#18#BOLOGNA#40100#BOLOGNA#veicolo già assicurato con atr#No#No#BM#14#0#0#0#0#0#0#0#0#3,000,000
Genertel - Moto#236#2010-04-01#moto#5#9#moto#moto#si#100#persona fisica#F#74#BOLOGNA#40100#BOLOGNA#56#NO#IMPIEGATO #F#74#BOLOGNA#40100#BOLOGNA#veicolo già assicurato con atr#No#No#BM#14#0#0#0#0#0#0#0#0#3,000,000
Genertel - Moto#237#2010-04-01#moto#5#9#moto#moto#si#100#persona fisica#F#72#BOLOGNA#40100#BOLOGNA#54#NO#IMPIEGATO #F#72#BOLOGNA#40100#BOLOGNA#veicolo già assicurato con atr#No#No#BM#14#0#0#0#0#0#0#0#0#3,000,000
Genertel - Moto#238#2010-04-01#moto#5#9#moto#moto#si#100#persona fisica#F#70#BOLOGNA#40100#BOLOGNA#52#NO#IMPIEGATO #F#70#BOLOGNA#40100#BOLOGNA#veicolo già assicurato con atr#No#No#BM#14#0#0#0#0#0#0#0#0#3,000,000
Genertel - Moto#239#2010-04-01#moto#5#9#moto#moto#si#100#persona fisica#F#68#BOLOGNA#40100#BOLOGNA#50#NO#IMPIEGATO #F#68#BOLOGNA#40100#BOLOGNA#veicolo già assicurato con atr#No#No#BM#14#0#0#0#0#0#0#0#0#3,000,000
Genertel - Moto#240#2010-04-01#moto#5#9#moto#moto#si#100#persona fisica#F#66#BOLOGNA#40100#BOLOGNA#48#NO#IMPIEGATO #F#66#BOLOGNA#40100#BOLOGNA#veicolo già assicurato con atr#No#No#BM#14#0#0#0#0#0#0#0#0#3,000,000
Genertel - Moto#241#2010-04-01#moto#5#9#moto#moto#si#100#persona fisica#F#64#BOLOGNA#40100#BOLOGNA#46#NO#IMPIEGATO #F#64#BOLOGNA#40100#BOLOGNA#veicolo già assicurato con atr#No#No#BM#14#0#0#0#0#0#0#0#0#3,000,000
Genertel - Moto#242#2010-04-01#moto#5#9#moto#moto#si#100#persona fisica#F#62#BOLOGNA#40100#BOLOGNA#44#NO#IMPIEGATO #F#62#BOLOGNA#40100#BOLOGNA#veicolo già assicurato con atr#No#No#BM#14#0#0#0#0#0#0#0#0#3,000,000
Genertel - Moto#243#2010-04-01#moto#5#9#moto#moto#si#100#persona fisica#F#60#BOLOGNA#40100#BOLOGNA#42#NO#IMPIEGATO #F#60#BOLOGNA#40100#BOLOGNA#veicolo già assicurato con atr#No#No#BM#14#0#0#0#0#0#0#0#0#3,000,000
Genertel - Moto#244#2010-04-01#moto#5#9#moto#moto#si#100#persona fisica#F#58#BOLOGNA#40100#BOLOGNA#40#NO#IMPIEGATO #F#58#BOLOGNA#40100#BOLOGNA#veicolo già assicurato con atr#No#No#BM#14#0#0#0#0#0#0#0#0#3,000,000
Genertel - Moto#245#2010-04-01#moto#5#9#moto#moto#si#100#persona fisica#F#56#BOLOGNA#40100#BOLOGNA#38#NO#IMPIEGATO #F#56#BOLOGNA#40100#BOLOGNA#veicolo già assicurato con atr#No#No#BM#14#0#0#0#0#0#0#0#0#3,000,000
Genertel - Moto#246#2010-04-01#moto#5#9#moto#moto#si#100#persona fisica#F#54#BOLOGNA#40100#BOLOGNA#36#NO#IMPIEGATO #F#54#BOLOGNA#40100#BOLOGNA#veicolo già assicurato con atr#No#No#BM#14#0#0#0#0#0#0#0#0#3,000,000
Genertel - Moto#247#2010-04-01#moto#5#9#moto#moto#si#100#persona fisica#F#52#BOLOGNA#40100#BOLOGNA#34#NO#IMPIEGATO #F#52#BOLOGNA#40100#BOLOGNA#veicolo già assicurato con atr#No#No#BM#14#0#0#0#0#0#0#0#0#3,000,000
Genertel - Moto#248#2010-04-01#moto#5#9#moto#moto#si#100#persona fisica#F#50#BOLOGNA#40100#BOLOGNA#32#NO#IMPIEGATO #F#50#BOLOGNA#40100#BOLOGNA#veicolo già assicurato con atr#No#No#BM#14#0#0#0#0#0#0#0#0#3,000,000
Genertel - Moto#249#2010-04-01#moto#5#9#moto#moto#si#100#persona fisica#F#48#BOLOGNA#40100#BOLOGNA#30#NO#IMPIEGATO #F#48#BOLOGNA#40100#BOLOGNA#veicolo già assicurato con atr#No#No#BM#14#0#0#0#0#0#0#0#0#3,000,000
Genertel - Moto#250#2010-04-01#moto#5#9#moto#moto#si#100#persona fisica#F#46#BOLOGNA#40100#BOLOGNA#28#NO#IMPIEGATO #F#46#BOLOGNA#40100#BOLOGNA#veicolo già assicurato con atr#No#No#BM#14#0#0#0#0#0#0#0#0#3,000,000
Genertel - Moto#251#2010-04-01#moto#5#9#moto#moto#si#100#persona fisica#F#44#BOLOGNA#40100#BOLOGNA#26#NO#IMPIEGATO #F#44#BOLOGNA#40100#BOLOGNA#veicolo già assicurato con atr#No#No#BM#14#0#0#0#0#0#0#0#0#3,000,000
Genertel - Moto#252#2010-04-01#moto#5#9#moto#moto#si#100#persona fisica#F#42#BOLOGNA#40100#BOLOGNA#24#NO#IMPIEGATO #F#42#BOLOGNA#40100#BOLOGNA#veicolo già assicurato con atr#No#No#BM#14#0#0#0#0#0#0#0#0#3,000,000
Genertel - Moto#253#2010-04-01#moto#5#9#moto#moto#si#100#persona fisica#F#40#BOLOGNA#40100#BOLOGNA#22#NO#IMPIEGATO #F#40#BOLOGNA#40100#BOLOGNA#veicolo già assicurato con atr#No#No#BM#14#0#0#0#0#0#0#0#0#3,000,000
Genertel - Moto#254#2010-04-01#moto#5#9#moto#moto#si#100#persona fisica#F#38#BOLOGNA#40100#BOLOGNA#20#NO#IMPIEGATO #F#38#BOLOGNA#40100#BOLOGNA#veicolo già assicurato con atr#No#No#BM#14#0#0#0#0#0#0#0#0#3,000,000
Genertel - Moto#255#2010-04-01#moto#5#9#moto#moto#si#100#persona fisica#F#36#BOLOGNA#40100#BOLOGNA#18#NO#IMPIEGATO #F#36#BOLOGNA#40100#BOLOGNA#veicolo già assicurato con atr#No#No#BM#14#0#0#0#0#0#0#0#0#3,000,000
Genertel - Moto#256#2010-04-01#moto#5#9#moto#moto#si#100#persona fisica#F#34#BOLOGNA#40100#BOLOGNA#16#NO#IMPIEGATO #F#34#BOLOGNA#40100#BOLOGNA#veicolo già assicurato con atr#No#No#BM#14#0#0#0#0#0#0#0#0#3,000,000
Genertel - Moto#257#2010-04-01#moto#5#9#moto#moto#si#100#persona fisica#F#32#BOLOGNA#40100#BOLOGNA#14#NO#IMPIEGATO #F#32#BOLOGNA#40100#BOLOGNA#veicolo già assicurato con atr#No#No#BM#14#0#0#0#0#0#0#0#0#3,000,000
Genertel - Moto#258#2010-04-01#moto#5#9#moto#moto#si#100#persona fisica#F#30#BOLOGNA#40100#BOLOGNA#12#NO#IMPIEGATO #F#30#BOLOGNA#40100#BOLOGNA#veicolo già assicurato con atr#No#No#BM#14#0#0#0#0#0#0#0#0#3,000,000
Genertel - Moto#259#2010-04-01#moto#5#9#moto#moto#si#100#persona fisica#F#28#BOLOGNA#40100#BOLOGNA#10#NO#IMPIEGATO #F#28#BOLOGNA#40100#BOLOGNA#veicolo già assicurato con atr#No#No#BM#14#0#0#0#0#0#0#0#0#3,000,000
Genertel - Moto#260#2010-04-01#moto#5#9#moto#moto#si#100#persona fisica#F#26#BOLOGNA#40100#BOLOGNA#8#NO#IMPIEGATO #F#26#BOLOGNA#40100#BOLOGNA#veicolo già assicurato con atr#No#No#BM#14#0#0#0#0#0#0#0#0#3,000,000
Genertel - Moto#261#2010-04-01#moto#5#9#moto#moto#si#100#persona fisica#F#24#BOLOGNA#40100#BOLOGNA#6#NO#IMPIEGATO #F#24#BOLOGNA#40100#BOLOGNA#veicolo già assicurato con atr#No#No#BM#14#0#0#0#0#0#0#0#0#3,000,000
Genertel - Moto#262#2010-04-01#moto#5#9#moto#moto#si#100#persona fisica#F#22#BOLOGNA#40100#BOLOGNA#4#NO#IMPIEGATO #F#22#BOLOGNA#40100#BOLOGNA#veicolo già assicurato con atr#No#No#BM#14#0#0#0#0#0#0#0#0#3,000,000
Genertel - Moto#263#2010-04-01#moto#5#9#moto#moto#si#100#persona fisica#F#20#BOLOGNA#40100#BOLOGNA#2#NO#IMPIEGATO #F#20#BOLOGNA#40100#BOLOGNA#veicolo già assicurato con atr#No#No#BM#14#0#0#0#0#0#0#0#0#3,000,000
Genertel - Moto#264#2010-04-01#moto#5#9#moto#moto#si#100#persona fisica#F#18#BOLOGNA#40100#BOLOGNA#0#NO#IMPIEGATO #F#18#BOLOGNA#40100#BOLOGNA#veicolo già assicurato con atr#No#No#BM#14#0#0#0#0#0#0#0#0#3,000,000
Genertel - Moto#265#2010-04-01#moto#5#9#moto#moto#si#100#Persona Giuridica###BOLOGNA#40100#BOLOGNA#16#NO#IMPIEGATO #0#0#BOLOGNA#40100#BOLOGNA#veicolo già assicurato con atr#No#No#BM#14#0#0#0#0#0#0#0#0#3,000,000
Genertel - Moto#266#2010-04-01#moto#5#9#moto#moto#si#100#persona fisica#m#34#BOLOGNA#40100#BOLOGNA#16#NO#IMPIEGATO #m#34#BOLOGNA#40100#BOLOGNA#veicolo già assicurato con atr#No#No#BM#1#0#0#0#0#0#0#0#0#3,000,000
Genertel - Moto#267#2010-04-01#moto#5#9#moto#moto#si#100#persona fisica#m#34#BOLOGNA#40100#BOLOGNA#16#NO#IMPIEGATO #m#34#BOLOGNA#40100#BOLOGNA#veicolo già assicurato con atr#No#No#BM#2#0#0#0#0#0#0#0#0#3,000,000
Genertel - Moto#268#2010-04-01#moto#5#9#moto#moto#si#100#persona fisica#m#34#BOLOGNA#40100#BOLOGNA#16#NO#IMPIEGATO #m#34#BOLOGNA#40100#BOLOGNA#veicolo già assicurato con atr#No#No#BM#3#0#0#0#0#0#0#0#0#3,000,000
Genertel - Moto#269#2010-04-01#moto#5#9#moto#moto#si#100#persona fisica#m#34#BOLOGNA#40100#BOLOGNA#16#NO#IMPIEGATO #m#34#BOLOGNA#40100#BOLOGNA#veicolo già assicurato con atr#No#No#BM#4#0#0#0#0#0#0#0#0#3,000,000
Genertel - Moto#270#2010-04-01#moto#5#9#moto#moto#si#100#persona fisica#m#34#BOLOGNA#40100#BOLOGNA#16#NO#IMPIEGATO #m#34#BOLOGNA#40100#BOLOGNA#veicolo già assicurato con atr#No#No#BM#5#0#0#0#0#0#0#0#0#3,000,000
Genertel - Moto#271#2010-04-01#moto#5#9#moto#moto#si#100#persona fisica#m#34#BOLOGNA#40100#BOLOGNA#16#NO#IMPIEGATO #m#34#BOLOGNA#40100#BOLOGNA#veicolo già assicurato con atr#No#No#BM#6#0#0#0#0#0#0#0#0#3,000,000
Genertel - Moto#272#2010-04-01#moto#5#9#moto#moto#si#100#persona fisica#m#34#BOLOGNA#40100#BOLOGNA#16#NO#IMPIEGATO #m#34#BOLOGNA#40100#BOLOGNA#veicolo già assicurato con atr#No#No#BM#7#0#0#0#0#0#0#0#0#3,000,000
Genertel - Moto#273#2010-04-01#moto#5#9#moto#moto#si#100#persona fisica#m#34#BOLOGNA#40100#BOLOGNA#16#NO#IMPIEGATO #m#34#BOLOGNA#40100#BOLOGNA#veicolo già assicurato con atr#No#No#BM#8#0#0#0#0#0#0#0#0#3,000,000
Genertel - Moto#274#2010-04-01#moto#5#9#moto#moto#si#100#persona fisica#m#34#BOLOGNA#40100#BOLOGNA#16#NO#IMPIEGATO #m#34#BOLOGNA#40100#BOLOGNA#veicolo già assicurato con atr#No#No#BM#9#0#0#0#0#0#0#0#0#3,000,000
Genertel - Moto#275#2010-04-01#moto#5#9#moto#moto#si#100#persona fisica#m#34#BOLOGNA#40100#BOLOGNA#16#NO#IMPIEGATO #m#34#BOLOGNA#40100#BOLOGNA#veicolo già assicurato con atr#No#No#BM#10#0#0#0#0#0#0#0#0#3,000,000
Genertel - Moto#276#2010-04-01#moto#5#9#moto#moto#si#100#persona fisica#m#34#BOLOGNA#40100#BOLOGNA#16#NO#IMPIEGATO #m#34#BOLOGNA#40100#BOLOGNA#veicolo già assicurato con atr#No#No#BM#11#0#0#0#0#0#0#0#0#3,000,000
Genertel - Moto#277#2010-04-01#moto#5#9#moto#moto#si#100#persona fisica#m#34#BOLOGNA#40100#BOLOGNA#16#NO#IMPIEGATO #m#34#BOLOGNA#40100#BOLOGNA#veicolo già assicurato con atr#No#No#BM#12#0#0#0#0#0#0#0#0#3,000,000
Genertel - Moto#278#2010-04-01#moto#5#9#moto#moto#si#100#persona fisica#m#34#BOLOGNA#40100#BOLOGNA#16#NO#IMPIEGATO #m#34#BOLOGNA#40100#BOLOGNA#veicolo già assicurato con atr#No#No#BM#13#0#0#0#0#0#0#0#0#3,000,000
Genertel - Moto#279#2010-04-01#moto#5#9#moto#moto#si#100#persona fisica#m#34#BOLOGNA#40100#BOLOGNA#16#NO#IMPIEGATO #m#34#BOLOGNA#40100#BOLOGNA#veicolo già assicurato con atr#No#No#BM#14#0#0#0#0#0#0#0#0#3,000,000
Genertel - Moto#280#2010-04-01#moto#5#9#moto#moto#si#100#persona fisica#m#34#BOLOGNA#40100#BOLOGNA#16#NO#IMPIEGATO #m#34#BOLOGNA#40100#BOLOGNA#veicolo già assicurato con atr#No#No#BM#15#0#0#0#0#0#0#0#0#3,000,000
Genertel - Moto#281#2010-04-01#moto#5#9#moto#moto#si#100#persona fisica#m#34#BOLOGNA#40100#BOLOGNA#16#NO#IMPIEGATO #m#34#BOLOGNA#40100#BOLOGNA#veicolo già assicurato con atr#No#No#BM#16#0#0#0#0#0#0#0#0#3,000,000
Genertel - Moto#282#2010-04-01#moto#5#9#moto#moto#si#100#persona fisica#m#34#BOLOGNA#40100#BOLOGNA#16#NO#IMPIEGATO #m#34#BOLOGNA#40100#BOLOGNA#veicolo già assicurato con atr#No#No#BM#17#0#0#0#0#0#0#0#0#3,000,000
Genertel - Moto#283#2010-04-01#moto#5#9#moto#moto#si#100#persona fisica#m#34#BOLOGNA#40100#BOLOGNA#16#NO#IMPIEGATO #m#34#BOLOGNA#40100#BOLOGNA#veicolo già assicurato con atr#No#No#BM#18#0#0#0#0#0#0#0#0#3,000,000
Genertel - Moto#284#2010-04-01#moto#5#9#moto#moto#si#100#persona fisica#m#34#BOLOGNA#40100#BOLOGNA#16#NO#IMPIEGATO #m#34#BOLOGNA#40100#BOLOGNA#veicolo già assicurato con atr#No#No#BM#1#1#0#0#0#0#0#1#0#3,000,000
Genertel - Moto#285#2010-04-01#moto#5#9#moto#moto#si#100#persona fisica#m#34#BOLOGNA#40100#BOLOGNA#16#NO#IMPIEGATO #m#34#BOLOGNA#40100#BOLOGNA#veicolo già assicurato con atr#No#No#BM#2#1#0#0#0#0#0#1#0#3,000,000
Genertel - Moto#286#2010-04-01#moto#5#9#moto#moto#si#100#persona fisica#m#34#BOLOGNA#40100#BOLOGNA#16#NO#IMPIEGATO #m#34#BOLOGNA#40100#BOLOGNA#veicolo già assicurato con atr#No#No#BM#3#1#0#0#0#0#0#1#0#3,000,000
Genertel - Moto#287#2010-04-01#moto#5#9#moto#moto#si#100#persona fisica#m#34#BOLOGNA#40100#BOLOGNA#16#NO#IMPIEGATO #m#34#BOLOGNA#40100#BOLOGNA#veicolo già assicurato con atr#No#No#BM#4#1#0#0#0#0#0#1#0#3,000,000
Genertel - Moto#288#2010-04-01#moto#5#9#moto#moto#si#100#persona fisica#m#34#BOLOGNA#40100#BOLOGNA#16#NO#IMPIEGATO #m#34#BOLOGNA#40100#BOLOGNA#veicolo già assicurato con atr#No#No#BM#5#1#0#0#0#0#0#1#0#3,000,000
Genertel - Moto#289#2010-04-01#moto#5#9#moto#moto#si#100#persona fisica#m#34#BOLOGNA#40100#BOLOGNA#16#NO#IMPIEGATO #m#34#BOLOGNA#40100#BOLOGNA#veicolo già assicurato con atr#No#No#BM#6#1#0#0#0#0#0#1#0#3,000,000
Genertel - Moto#290#2010-04-01#moto#5#9#moto#moto#si#100#persona fisica#m#34#BOLOGNA#40100#BOLOGNA#16#NO#IMPIEGATO #m#34#BOLOGNA#40100#BOLOGNA#veicolo già assicurato con atr#No#No#BM#7#1#0#0#0#0#0#1#0#3,000,000
Genertel - Moto#291#2010-04-01#moto#5#9#moto#moto#si#100#persona fisica#m#34#BOLOGNA#40100#BOLOGNA#16#NO#IMPIEGATO #m#34#BOLOGNA#40100#BOLOGNA#veicolo già assicurato con atr#No#No#BM#8#1#0#0#0#0#0#1#0#3,000,000
Genertel - Moto#292#2010-04-01#moto#5#9#moto#moto#si#100#persona fisica#m#34#BOLOGNA#40100#BOLOGNA#16#NO#IMPIEGATO #m#34#BOLOGNA#40100#BOLOGNA#veicolo già assicurato con atr#No#No#BM#9#1#0#0#0#0#0#1#0#3,000,000
Genertel - Moto#293#2010-04-01#moto#5#9#moto#moto#si#100#persona fisica#m#34#BOLOGNA#40100#BOLOGNA#16#NO#IMPIEGATO #m#34#BOLOGNA#40100#BOLOGNA#veicolo già assicurato con atr#No#No#BM#10#1#0#0#0#0#0#1#0#3,000,000
Genertel - Moto#294#2010-04-01#moto#5#9#moto#moto#si#100#persona fisica#m#34#BOLOGNA#40100#BOLOGNA#16#NO#IMPIEGATO #m#34#BOLOGNA#40100#BOLOGNA#veicolo già assicurato con atr#No#No#BM#11#1#0#0#0#0#0#1#0#3,000,000
Genertel - Moto#295#2010-04-01#moto#5#9#moto#moto#si#100#persona fisica#m#34#BOLOGNA#40100#BOLOGNA#16#NO#IMPIEGATO #m#34#BOLOGNA#40100#BOLOGNA#veicolo già assicurato con atr#No#No#BM#12#1#0#0#0#0#0#1#0#3,000,000
Genertel - Moto#296#2010-04-01#moto#5#9#moto#moto#si#100#persona fisica#m#34#BOLOGNA#40100#BOLOGNA#16#NO#IMPIEGATO #m#34#BOLOGNA#40100#BOLOGNA#veicolo già assicurato con atr#No#No#BM#13#1#0#0#0#0#0#1#0#3,000,000
Genertel - Moto#297#2010-04-01#moto#5#9#moto#moto#si#100#persona fisica#m#34#BOLOGNA#40100#BOLOGNA#16#NO#IMPIEGATO #m#34#BOLOGNA#40100#BOLOGNA#veicolo già assicurato con atr#No#No#BM#14#1#0#0#0#0#0#1#0#3,000,000
Genertel - Moto#298#2010-04-01#moto#5#9#moto#moto#si#100#persona fisica#m#34#BOLOGNA#40100#BOLOGNA#16#NO#IMPIEGATO #m#34#BOLOGNA#40100#BOLOGNA#veicolo già assicurato con atr#No#No#BM#15#1#0#0#0#0#0#1#0#3,000,000
Genertel - Moto#299#2010-04-01#moto#5#9#moto#moto#si#100#persona fisica#m#34#BOLOGNA#40100#BOLOGNA#16#NO#IMPIEGATO #m#34#BOLOGNA#40100#BOLOGNA#veicolo già assicurato con atr#No#No#BM#16#1#0#0#0#0#0#1#0#3,000,000
Genertel - Moto#300#2010-04-01#moto#5#9#moto#moto#si#100#persona fisica#m#34#BOLOGNA#40100#BOLOGNA#16#NO#IMPIEGATO #m#34#BOLOGNA#40100#BOLOGNA#veicolo già assicurato con atr#No#No#BM#17#1#0#0#0#0#0#1#0#3,000,000
Genertel - Moto#301#2010-04-01#moto#5#9#moto#moto#si#100#persona fisica#m#34#BOLOGNA#40100#BOLOGNA#16#NO#IMPIEGATO #m#34#BOLOGNA#40100#BOLOGNA#veicolo già assicurato con atr#No#No#BM#18#1#0#0#0#0#0#1#0#3,000,000
Genertel - Moto#302#2010-04-01#moto#5#9#moto#moto#si#100#persona fisica#m#34#BOLOGNA#40100#BOLOGNA#16#NO#IMPIEGATO #m#34#BOLOGNA#40100#BOLOGNA#1a immatricolazione dopo l’acquisto del veicolo#No#No#BM##0#0#0#0#0#0#0#0#3,000,000
Genertel - Moto#303#2010-04-01#moto#5#9#moto#moto#si#100#persona fisica#m#34#BOLOGNA#40100#BOLOGNA#16#NO#IMPIEGATO #m#34#BOLOGNA#40100#BOLOGNA#1a immatricolazione dopo l’acquisto del veicolo#Si#No#BM#1#0#0#0#0#0#0#0#0#3,000,000
Genertel - Moto#304#2010-04-01#moto#5#9#moto#moto#si#100#persona fisica#m#34#BOLOGNA#40100#BOLOGNA#16#NO#IMPIEGATO #m#34#BOLOGNA#40100#BOLOGNA#1a immatricolazione dopo l’acquisto del veicolo#Si#No#BM#2#0#0#0#0#0#0#0#0#3,000,000
Genertel - Moto#305#2010-04-01#moto#5#9#moto#moto#si#100#persona fisica#m#34#BOLOGNA#40100#BOLOGNA#16#NO#IMPIEGATO #m#34#BOLOGNA#40100#BOLOGNA#1a immatricolazione dopo l’acquisto del veicolo#Si#No#BM#3#0#0#0#0#0#0#0#0#3,000,000
Genertel - Moto#306#2010-04-01#moto#5#9#moto#moto#si#100#persona fisica#m#34#BOLOGNA#40100#BOLOGNA#16#NO#IMPIEGATO #m#34#BOLOGNA#40100#BOLOGNA#1a immatricolazione dopo l’acquisto del veicolo#Si#No#BM#4#0#0#0#0#0#0#0#0#3,000,000
Genertel - Moto#307#2010-04-01#moto#5#9#moto#moto#si#100#persona fisica#m#34#BOLOGNA#40100#BOLOGNA#16#NO#IMPIEGATO #m#34#BOLOGNA#40100#BOLOGNA#1a immatricolazione dopo l’acquisto del veicolo#Si#No#BM#5#0#0#0#0#0#0#0#0#3,000,000
Genertel - Moto#308#2010-04-01#moto#5#9#moto#moto#si#100#persona fisica#m#34#BOLOGNA#40100#BOLOGNA#16#NO#IMPIEGATO #m#34#BOLOGNA#40100#BOLOGNA#1a immatricolazione dopo l’acquisto del veicolo#Si#No#BM#6#0#0#0#0#0#0#0#0#3,000,000
Genertel - Moto#309#2010-04-01#moto#5#9#moto#moto#si#100#persona fisica#m#34#BOLOGNA#40100#BOLOGNA#16#NO#IMPIEGATO #m#34#BOLOGNA#40100#BOLOGNA#1a immatricolazione dopo l’acquisto del veicolo#Si#No#BM#7#0#0#0#0#0#0#0#0#3,000,000
Genertel - Moto#310#2010-04-01#moto#5#9#moto#moto#si#100#persona fisica#m#34#BOLOGNA#40100#BOLOGNA#16#NO#IMPIEGATO #m#34#BOLOGNA#40100#BOLOGNA#1a immatricolazione dopo l’acquisto del veicolo#Si#No#BM#8#0#0#0#0#0#0#0#0#3,000,000
Genertel - Moto#311#2010-04-01#moto#5#9#moto#moto#si#100#persona fisica#m#34#BOLOGNA#40100#BOLOGNA#16#NO#IMPIEGATO #m#34#BOLOGNA#40100#BOLOGNA#1a immatricolazione dopo l’acquisto del veicolo#Si#No#BM#9#0#0#0#0#0#0#0#0#3,000,000
Genertel - Moto#312#2010-04-01#moto#5#9#moto#moto#si#100#persona fisica#m#34#BOLOGNA#40100#BOLOGNA#16#NO#IMPIEGATO #m#34#BOLOGNA#40100#BOLOGNA#1a immatricolazione dopo l’acquisto del veicolo#Si#No#BM#10#0#0#0#0#0#0#0#0#3,000,000
Genertel - Moto#313#2010-04-01#moto#5#9#moto#moto#si#100#persona fisica#m#34#BOLOGNA#40100#BOLOGNA#16#NO#IMPIEGATO #m#34#BOLOGNA#40100#BOLOGNA#1a immatricolazione dopo l’acquisto del veicolo#Si#No#BM#11#0#0#0#0#0#0#0#0#3,000,000
Genertel - Moto#314#2010-04-01#moto#5#9#moto#moto#si#100#persona fisica#m#34#BOLOGNA#40100#BOLOGNA#16#NO#IMPIEGATO #m#34#BOLOGNA#40100#BOLOGNA#1a immatricolazione dopo l’acquisto del veicolo#Si#No#BM#12#0#0#0#0#0#0#0#0#3,000,000
Genertel - Moto#315#2010-04-01#moto#5#9#moto#moto#si#100#persona fisica#m#34#BOLOGNA#40100#BOLOGNA#16#NO#IMPIEGATO #m#34#BOLOGNA#40100#BOLOGNA#1a immatricolazione dopo l’acquisto del veicolo#Si#No#BM#13#0#0#0#0#0#0#0#0#3,000,000
Genertel - Moto#316#2010-04-01#moto#5#9#moto#moto#si#100#persona fisica#m#34#BOLOGNA#40100#BOLOGNA#16#NO#IMPIEGATO #m#34#BOLOGNA#40100#BOLOGNA#1a immatricolazione dopo l’acquisto del veicolo#Si#No#BM#14#0#0#0#0#0#0#0#0#3,000,000
Genertel - Moto#317#2010-04-01#moto#5#9#moto#moto#si#100#persona fisica#m#34#BOLOGNA#40100#BOLOGNA#16#NO#IMPIEGATO #m#34#BOLOGNA#40100#BOLOGNA#1a immatricolazione dopo l’acquisto del veicolo#Si#No#BM#15#0#0#0#0#0#0#0#0#3,000,000
Genertel - Moto#318#2010-04-01#moto#5#9#moto#moto#si#100#persona fisica#m#34#BOLOGNA#40100#BOLOGNA#16#NO#IMPIEGATO #m#34#BOLOGNA#40100#BOLOGNA#1a immatricolazione dopo l’acquisto del veicolo#Si#No#BM#16#0#0#0#0#0#0#0#0#3,000,000
Genertel - Moto#319#2010-04-01#moto#5#9#moto#moto#si#100#persona fisica#m#34#BOLOGNA#40100#BOLOGNA#16#NO#IMPIEGATO #m#34#BOLOGNA#40100#BOLOGNA#1a immatricolazione dopo l’acquisto del veicolo#Si#No#BM#17#0#0#0#0#0#0#0#0#3,000,000
Genertel - Moto#320#2010-04-01#moto#5#9#moto#moto#si#100#persona fisica#m#34#BOLOGNA#40100#BOLOGNA#16#NO#IMPIEGATO #m#34#BOLOGNA#40100#BOLOGNA#1a immatricolazione dopo l’acquisto del veicolo#Si#No#BM#18#0#0#0#0#0#0#0#0#3,000,000
Genertel - Moto#321#2010-04-01#moto#5#3#moto#moto#si#100#persona fisica#m#34#BOLOGNA#40100#BOLOGNA#16#NO#IMPIEGATO #m#34#BOLOGNA#40100#BOLOGNA#veicolo già assicurato con atr#No#No#BM#14#0#0#0#0#0#0#0#0#3,000,000
Genertel - Moto#322#2010-04-01#moto#5#6#moto#moto#si#100#persona fisica#m#34#BOLOGNA#40100#BOLOGNA#16#NO#IMPIEGATO #m#34#BOLOGNA#40100#BOLOGNA#veicolo già assicurato con atr#No#No#BM#14#0#0#0#0#0#0#0#0#3,000,000
Genertel - Moto#323#2010-04-01#moto#5#9#moto#moto#si#100#persona fisica#m#34#BOLOGNA#40100#BOLOGNA#16#NO#IMPIEGATO #m#34#BOLOGNA#40100#BOLOGNA#veicolo già assicurato con atr#No#No#BM#14#0#0#0#0#0#0#0#0#3,000,000
Genertel - Moto#324#2010-04-01#moto#5#10#moto#moto#si#100#persona fisica#m#34#BOLOGNA#40100#BOLOGNA#16#NO#IMPIEGATO #m#34#BOLOGNA#40100#BOLOGNA#veicolo già assicurato con atr#No#No#BM#14#0#0#0#0#0#0#0#0#3,000,000
Genertel - Moto#325#2010-04-01#moto#5#12#moto#moto#si#100#persona fisica#m#34#BOLOGNA#40100#BOLOGNA#16#NO#IMPIEGATO #m#34#BOLOGNA#40100#BOLOGNA#veicolo già assicurato con atr#No#No#BM#14#0#0#0#0#0#0#0#0#3,000,000
Genertel - Moto#326#2010-04-01#moto#5#15#moto#moto#si#100#persona fisica#m#34#BOLOGNA#40100#BOLOGNA#16#NO#IMPIEGATO #m#34#BOLOGNA#40100#BOLOGNA#veicolo già assicurato con atr#No#No#BM#14#0#0#0#0#0#0#0#0#3,000,000
Genertel - Moto#327#2010-04-01#moto#5#20#moto#moto#si#100#persona fisica#m#34#BOLOGNA#40100#BOLOGNA#16#NO#IMPIEGATO #m#34#BOLOGNA#40100#BOLOGNA#veicolo già assicurato con atr#No#No#BM#14#0#0#0#0#0#0#0#0#3,000,000
Genertel - Moto#328#2010-04-01#moto#5#25#moto#moto#si#100#persona fisica#m#34#BOLOGNA#40100#BOLOGNA#16#NO#IMPIEGATO #m#34#BOLOGNA#40100#BOLOGNA#veicolo già assicurato con atr#No#No#BM#14#0#0#0#0#0#0#0#0#3,000,000
Genertel - Moto#329#2010-04-01#moto#5#29#moto#moto#si#100#persona fisica#m#34#BOLOGNA#40100#BOLOGNA#16#NO#IMPIEGATO #m#34#BOLOGNA#40100#BOLOGNA#veicolo già assicurato con atr#No#No#BM#14#0#0#0#0#0#0#0#0#3,000,000
Genertel - Moto#330#2010-04-01#moto#5#30#moto#moto#si#100#persona fisica#m#34#BOLOGNA#40100#BOLOGNA#16#NO#IMPIEGATO #m#34#BOLOGNA#40100#BOLOGNA#veicolo già assicurato con atr#No#No#BM#14#0#0#0#0#0#0#0#0#3,000,000
Genertel - Moto#331#2010-04-01#moto#5#35#moto#moto#si#100#persona fisica#m#34#BOLOGNA#40100#BOLOGNA#16#NO#IMPIEGATO #m#34#BOLOGNA#40100#BOLOGNA#veicolo già assicurato con atr#No#No#BM#14#0#0#0#0#0#0#0#0#3,000,000
Genertel - Moto#332#2010-04-01#moto#5#40#moto#moto#si#100#persona fisica#m#34#BOLOGNA#40100#BOLOGNA#16#NO#IMPIEGATO #m#34#BOLOGNA#40100#BOLOGNA#veicolo già assicurato con atr#No#No#BM#14#0#0#0#0#0#0#0#0#3,000,000
Genertel - Moto#333#2010-04-01#moto#5#45#moto#moto#si#100#persona fisica#m#34#BOLOGNA#40100#BOLOGNA#16#NO#IMPIEGATO #m#34#BOLOGNA#40100#BOLOGNA#veicolo già assicurato con atr#No#No#BM#14#0#0#0#0#0#0#0#0#3,000,000
Genertel - Moto#334#2010-04-01#moto#5#50#moto#moto#si#100#persona fisica#m#34#BOLOGNA#40100#BOLOGNA#16#NO#IMPIEGATO #m#34#BOLOGNA#40100#BOLOGNA#veicolo già assicurato con atr#No#No#BM#14#0#0#0#0#0#0#0#0#3,000,000
Genertel - Moto#335#2010-04-01#moto#5#60#moto#moto#si#100#persona fisica#m#34#BOLOGNA#40100#BOLOGNA#16#NO#IMPIEGATO #m#34#BOLOGNA#40100#BOLOGNA#veicolo già assicurato con atr#No#No#BM#14#0#0#0#0#0#0#0#0#3,000,000
Genertel - Moto#336#2010-04-01#moto#5#75#moto#moto#si#100#persona fisica#m#34#BOLOGNA#40100#BOLOGNA#16#NO#IMPIEGATO #m#34#BOLOGNA#40100#BOLOGNA#veicolo già assicurato con atr#No#No#BM#14#0#0#0#0#0#0#0#0#3,000,000
Genertel - Moto#337#2010-04-01#moto#5#80#moto#moto#si#100#persona fisica#m#34#BOLOGNA#40100#BOLOGNA#16#NO#IMPIEGATO #m#34#BOLOGNA#40100#BOLOGNA#veicolo già assicurato con atr#No#No#BM#14#0#0#0#0#0#0#0#0#3,000,000
Genertel - Moto#338#2010-04-01#moto#5#90#moto#moto#si#100#persona fisica#m#34#BOLOGNA#40100#BOLOGNA#16#NO#IMPIEGATO #m#34#BOLOGNA#40100#BOLOGNA#veicolo già assicurato con atr#No#No#BM#14#0#0#0#0#0#0#0#0#3,000,000
Genertel - Moto#339#2010-04-01#moto#5#100#moto#moto#si#100#persona fisica#m#34#BOLOGNA#40100#BOLOGNA#16#NO#IMPIEGATO #m#34#BOLOGNA#40100#BOLOGNA#veicolo già assicurato con atr#No#No#BM#14#0#0#0#0#0#0#0#0#3,000,000
Genertel - Moto#340#2010-04-01#moto#5#120#moto#moto#si#100#persona fisica#m#34#BOLOGNA#40100#BOLOGNA#16#NO#IMPIEGATO #m#34#BOLOGNA#40100#BOLOGNA#veicolo già assicurato con atr#No#No#BM#14#0#0#0#0#0#0#0#0#3,000,000
Genertel - Moto#341#2010-04-01#moto#0#9#moto#moto#si#100#persona fisica#m#34#BOLOGNA#40100#BOLOGNA#16#NO#IMPIEGATO #m#34#BOLOGNA#40100#BOLOGNA#veicolo già assicurato con atr#No#No#BM#14#0#0#0#0#0#0#0#0#3,000,000
Genertel - Moto#342#2010-04-01#moto#1#9#moto#moto#si#100#persona fisica#m#34#BOLOGNA#40100#BOLOGNA#16#NO#IMPIEGATO #m#34#BOLOGNA#40100#BOLOGNA#veicolo già assicurato con atr#No#No#BM#14#0#0#0#0#0#0#0#0#3,000,000
Genertel - Moto#343#2010-04-01#moto#2#9#moto#moto#si#100#persona fisica#m#34#BOLOGNA#40100#BOLOGNA#16#NO#IMPIEGATO #m#34#BOLOGNA#40100#BOLOGNA#veicolo già assicurato con atr#No#No#BM#14#0#0#0#0#0#0#0#0#3,000,000
Genertel - Moto#344#2010-04-01#moto#3#9#moto#moto#si#100#persona fisica#m#34#BOLOGNA#40100#BOLOGNA#16#NO#IMPIEGATO #m#34#BOLOGNA#40100#BOLOGNA#veicolo già assicurato con atr#No#No#BM#14#0#0#0#0#0#0#0#0#3,000,000
Genertel - Moto#345#2010-04-01#moto#4#9#moto#moto#si#100#persona fisica#m#34#BOLOGNA#40100#BOLOGNA#16#NO#IMPIEGATO #m#34#BOLOGNA#40100#BOLOGNA#veicolo già assicurato con atr#No#No#BM#14#0#0#0#0#0#0#0#0#3,000,000
Genertel - Moto#346#2010-04-01#moto#5#9#moto#moto#si#100#persona fisica#m#34#BOLOGNA#40100#BOLOGNA#16#NO#IMPIEGATO #m#34#BOLOGNA#40100#BOLOGNA#veicolo già assicurato con atr#No#No#BM#14#0#0#0#0#0#0#0#0#3,000,000
Genertel - Moto#347#2010-04-01#moto#6#9#moto#moto#si#100#persona fisica#m#34#BOLOGNA#40100#BOLOGNA#16#NO#IMPIEGATO #m#34#BOLOGNA#40100#BOLOGNA#veicolo già assicurato con atr#No#No#BM#14#0#0#0#0#0#0#0#0#3,000,000
Genertel - Moto#348#2010-04-01#moto#7#9#moto#moto#si#100#persona fisica#m#34#BOLOGNA#40100#BOLOGNA#16#NO#IMPIEGATO #m#34#BOLOGNA#40100#BOLOGNA#veicolo già assicurato con atr#No#No#BM#14#0#0#0#0#0#0#0#0#3,000,000
Genertel - Moto#349#2010-04-01#moto#8#9#moto#moto#si#100#persona fisica#m#34#BOLOGNA#40100#BOLOGNA#16#NO#IMPIEGATO #m#34#BOLOGNA#40100#BOLOGNA#veicolo già assicurato con atr#No#No#BM#14#0#0#0#0#0#0#0#0#3,000,000
Genertel - Moto#350#2010-04-01#moto#9#9#moto#moto#si#100#persona fisica#m#34#BOLOGNA#40100#BOLOGNA#16#NO#IMPIEGATO #m#34#BOLOGNA#40100#BOLOGNA#veicolo già assicurato con atr#No#No#BM#14#0#0#0#0#0#0#0#0#3,000,000
Genertel - Moto#353#2010-04-01#moto#12#9#moto#moto#si#100#persona fisica#m#34#BOLOGNA#40100#BOLOGNA#16#NO#IMPIEGATO #m#34#BOLOGNA#40100#BOLOGNA#veicolo già assicurato con atr#No#No#BM#14#0#0#0#0#0#0#0#0#3,000,000
Genertel - Moto#356#2010-04-01#moto#15#9#moto#moto#si#100#persona fisica#m#34#BOLOGNA#40100#BOLOGNA#16#NO#IMPIEGATO #m#34#BOLOGNA#40100#BOLOGNA#veicolo già assicurato con atr#No#No#BM#14#0#0#0#0#0#0#0#0#3,000,000
Genertel - Moto#357#2010-04-01#moto#16#9#moto#moto#si#100#persona fisica#m#34#BOLOGNA#40100#BOLOGNA#16#NO#IMPIEGATO #m#34#BOLOGNA#40100#BOLOGNA#veicolo già assicurato con atr#No#No#BM#14#0#0#0#0#0#0#0#0#3,000,000
Genertel - Moto#360#2010-04-01#moto#19#9#moto#moto#si#100#persona fisica#m#34#BOLOGNA#40100#BOLOGNA#16#NO#IMPIEGATO #m#34#BOLOGNA#40100#BOLOGNA#veicolo già assicurato con atr#No#No#BM#14#0#0#0#0#0#0#0#0#3,000,000
Genertel - Moto#361#2010-04-01#moto#5#9#moto#moto#si#100#persona fisica#m#34#BOLOGNA#40100#BOLOGNA#16#NO#IMPIEGATO #m#34#BOLOGNA#40100#BOLOGNA#veicolo già assicurato con atr#No#No#BM#14#0#0#0#0#0#0#0#0#3,000,000
Genertel - Moto#362#2010-04-01#moto#5#9#moto#moto#si#100#persona fisica#m#34#BOLOGNA#40100#BOLOGNA#16#NO#IMPIEGATO #m#34#BOLOGNA#40100#BOLOGNA#veicolo già assicurato con atr#No#No#BM#14#0#0#0#0#0#0#0#0#6,000,000
Genertel - Moto#363#2010-04-01#moto#5#9#moto#moto#si#100#persona fisica#m#34#BOLOGNA#40100#BOLOGNA#16#NO#IMPIEGATO #m#34#BOLOGNA#40100#BOLOGNA#veicolo già assicurato con atr#No#No#BM#14#0#0#0#0#0#0#0#0#10,000,000
Genertel - Moto#390#2010-04-01#moto#5#9#moto#moto#si#100#persona fisica#m#34#BOLOGNA#40100#BOLOGNA#0#NO#IMPIEGATO #m#34#BOLOGNA#40100#BOLOGNA#veicolo già assicurato con atr#No#No#BM#14#0#0#0#0#0#0#0#0#3,000,000
Genertel - Moto#391#2010-04-01#moto#5#9#moto#moto#si#100#persona fisica#m#34#BOLOGNA#40100#BOLOGNA#5#NO#IMPIEGATO #m#34#BOLOGNA#40100#BOLOGNA#veicolo già assicurato con atr#No#No#BM#14#0#0#0#0#0#0#0#0#3,000,000
Genertel - Moto#392#2010-04-01#moto#5#9#moto#moto#si#100#persona fisica#m#34#BOLOGNA#40100#BOLOGNA#16#NO#impiegato#m#34#BOLOGNA#40100#BOLOGNA#veicolo già assicurato con atr#No#No#BM#14#0#0#0#0#0#0#0#0#3,000,000
Genertel - Moto#393#2010-04-01#moto#5#9#moto#moto#si#100#persona fisica#m#34#BOLOGNA#40100#BOLOGNA#16#NO#Agricoltore/allevatore#m#34#BOLOGNA#40100#BOLOGNA#veicolo già assicurato con atr#No#No#BM#14#0#0#0#0#0#0#0#0#3,000,000
Genertel - Moto#394#2010-04-01#moto#5#9#moto#moto#si#100#persona fisica#m#34#BOLOGNA#40100#BOLOGNA#16#NO#Altro#m#34#BOLOGNA#40100#BOLOGNA#veicolo già assicurato con atr#No#No#BM#14#0#0#0#0#0#0#0#0#3,000,000
Genertel - Moto#395#2010-04-01#moto#5#9#moto#moto#si#100#persona fisica#m#34#BOLOGNA#40100#BOLOGNA#16#NO#Libero professionista#m#34#BOLOGNA#40100#BOLOGNA#veicolo già assicurato con atr#No#No#BM#14#0#0#0#0#0#0#0#0#3,000,000
Genertel - Moto#396#2010-04-01#moto#5#9#moto#moto#si#100#persona fisica#m#34#BOLOGNA#40100#BOLOGNA#16#NO#Casalinga/o#m#34#BOLOGNA#40100#BOLOGNA#veicolo già assicurato con atr#No#No#BM#14#0#0#0#0#0#0#0#0#3,000,000
Genertel - Moto#397#2010-04-01#moto#5#9#moto#moto#si#100#persona fisica#m#34#BOLOGNA#40100#BOLOGNA#16#NO#Libero professionista#m#34#BOLOGNA#40100#BOLOGNA#veicolo già assicurato con atr#No#No#BM#14#0#0#0#0#0#0#0#0#3,000,000
Genertel - Moto#398#2010-04-01#moto#5#9#moto#moto#si#100#persona fisica#m#34#BOLOGNA#40100#BOLOGNA#16#NO#Dirigente#m#34#BOLOGNA#40100#BOLOGNA#veicolo già assicurato con atr#No#No#BM#14#0#0#0#0#0#0#0#0#3,000,000
Genertel - Moto#399#2010-04-01#moto#5#9#moto#moto#si#100#persona fisica#m#34#BOLOGNA#40100#BOLOGNA#16#NO#Religioso/a#m#34#BOLOGNA#40100#BOLOGNA#veicolo già assicurato con atr#No#No#BM#14#0#0#0#0#0#0#0#0#3,000,000
Genertel - Moto#400#2010-04-01#moto#5#9#moto#moto#si#100#persona fisica#m#34#BOLOGNA#40100#BOLOGNA#16#NO#Libero professionista#m#34#BOLOGNA#40100#BOLOGNA#veicolo già assicurato con atr#No#No#BM#14#0#0#0#0#0#0#0#0#3,000,000
Genertel - Moto#401#2010-04-01#moto#5#9#moto#moto#si#100#persona fisica#m#34#BOLOGNA#40100#BOLOGNA#16#NO#Funzionario/quadro#m#34#BOLOGNA#40100#BOLOGNA#veicolo già assicurato con atr#No#No#BM#14#0#0#0#0#0#0#0#0#3,000,000
Genertel - Moto#402#2010-04-01#moto#5#9#moto#moto#si#100#persona fisica#m#34#BOLOGNA#40100#BOLOGNA#16#NO#Libero professionista#m#34#BOLOGNA#40100#BOLOGNA#veicolo già assicurato con atr#No#No#BM#14#0#0#0#0#0#0#0#0#3,000,000
Genertel - Moto#403#2010-04-01#moto#5#9#moto#moto#si#100#persona fisica#m#34#BOLOGNA#40100#BOLOGNA#16#NO#Imprenditore#m#34#BOLOGNA#40100#BOLOGNA#veicolo già assicurato con atr#No#No#BM#14#0#0#0#0#0#0#0#0#3,000,000
Genertel - Moto#404#2010-04-01#moto#5#9#moto#moto#si#100#persona fisica#m#34#BOLOGNA#40100#BOLOGNA#16#NO#Libero professionista#m#34#BOLOGNA#40100#BOLOGNA#veicolo già assicurato con atr#No#No#BM#14#0#0#0#0#0#0#0#0#3,000,000
Genertel - Moto#405#2010-04-01#moto#5#9#moto#moto#si#100#persona fisica#m#34#BOLOGNA#40100#BOLOGNA#16#NO#Insegnante#m#34#BOLOGNA#40100#BOLOGNA#veicolo già assicurato con atr#No#No#BM#14#0#0#0#0#0#0#0#0#3,000,000
Genertel - Moto#406#2010-04-01#moto#5#9#moto#moto#si#100#persona fisica#m#34#BOLOGNA#40100#BOLOGNA#16#NO#Magistrato#m#34#BOLOGNA#40100#BOLOGNA#veicolo già assicurato con atr#No#No#BM#14#0#0#0#0#0#0#0#0#3,000,000
Genertel - Moto#407#2010-04-01#moto#5#9#moto#moto#si#100#persona fisica#m#34#BOLOGNA#40100#BOLOGNA#16#NO#Libero professionista#m#34#BOLOGNA#40100#BOLOGNA#veicolo già assicurato con atr#No#No#BM#14#0#0#0#0#0#0#0#0#3,000,000
Genertel - Moto#408#2010-04-01#moto#5#9#moto#moto#si#100#persona fisica#m#34#BOLOGNA#40100#BOLOGNA#16#NO#Forze armate#m#34#BOLOGNA#40100#BOLOGNA#veicolo già assicurato con atr#No#No#BM#14#0#0#0#0#0#0#0#0#3,000,000
Genertel - Moto#409#2010-04-01#moto#5#9#moto#moto#si#100#persona fisica#m#34#BOLOGNA#40100#BOLOGNA#16#NO#Operaio/a#m#34#BOLOGNA#40100#BOLOGNA#veicolo già assicurato con atr#No#No#BM#14#0#0#0#0#0#0#0#0#3,000,000
Genertel - Moto#410#2010-04-01#moto#5#9#moto#moto#si#100#persona fisica#m#34#BOLOGNA#40100#BOLOGNA#16#NO#Pensionato/a#m#34#BOLOGNA#40100#BOLOGNA#veicolo già assicurato con atr#No#No#BM#14#0#0#0#0#0#0#0#0#3,000,000
Genertel - Moto#411#2010-04-01#moto#5#9#moto#moto#si#100#persona fisica#m#34#BOLOGNA#40100#BOLOGNA#16#NO#Libero professionista#m#34#BOLOGNA#40100#BOLOGNA#veicolo già assicurato con atr#No#No#BM#14#0#0#0#0#0#0#0#0#3,000,000
Genertel - Moto#412#2010-04-01#moto#5#9#moto#moto#si#100#persona fisica#m#34#BOLOGNA#40100#BOLOGNA#16#NO#Agente/rappresentante#m#34#BOLOGNA#40100#BOLOGNA#veicolo già assicurato con atr#No#No#BM#14#0#0#0#0#0#0#0#0#3,000,000
Genertel - Moto#413#2010-04-01#moto#5#9#moto#moto#si#100#persona fisica#m#34#BOLOGNA#40100#BOLOGNA#16#NO#Agente/rappresentante#m#34#BOLOGNA#40100#BOLOGNA#veicolo già assicurato con atr#No#No#BM#14#0#0#0#0#0#0#0#0#3,000,000
Genertel - Moto#414#2010-04-01#moto#5#9#moto#moto#si#100#persona fisica#m#34#BOLOGNA#40100#BOLOGNA#16#NO#Studente#m#34#BOLOGNA#40100#BOLOGNA#veicolo già assicurato con atr#No#No#BM#14#0#0#0#0#0#0#0#0#3,000,000
Genertel - Moto#415#2010-04-01#moto#5#9#moto#moto#si#100#persona fisica#m#34#BOLOGNA#40100#BOLOGNA#16#NO#IMPIEGATO #m#34#BOLOGNA#40100#BOLOGNA#veicolo già assicurato con atr#No#No#Franchigia#14#0#0#0#0#0#0#0#0#3,000,000
Genertel - Moto#416#2010-04-01#moto#5#9#moto#moto#si#100#persona fisica#m#34#BOLOGNA#40100#BOLOGNA#16#NO#IMPIEGATO #m#34#BOLOGNA#40100#BOLOGNA#veicolo già assicurato con atr#No#No#Franchigia#14#0#0#0#0#0#0#0#150#3,000,000
Genertel - Moto#417#2010-04-01#moto#5#9#moto#moto#si#100#persona fisica#m#34#BOLOGNA#40100#BOLOGNA#16#NO#IMPIEGATO #m#34#BOLOGNA#40100#BOLOGNA#veicolo già assicurato con atr#No#No#Franchigia#14#0#0#0#0#0#0#0#250#3,000,000
Genertel - Moto#418#2010-04-01#moto#5#9#moto#moto#si#100#persona fisica#m#34#BOLOGNA#40100#BOLOGNA#16#NO#IMPIEGATO #m#34#BOLOGNA#40100#BOLOGNA#veicolo già assicurato con atr#No#No#Franchigia#14#0#0#0#0#0#0#0#300#3,000,000
Genertel - Moto#419#2010-04-01#moto#5#9#moto#moto#si#100#persona fisica#m#34#BOLOGNA#40100#BOLOGNA#16#NO#IMPIEGATO #m#34#BOLOGNA#40100#BOLOGNA#veicolo già assicurato con atr#No#No#Franchigia#14#0#0#0#0#0#0#0#350#3,000,000
Genertel - Moto#420#2010-04-01#moto#5#9#moto#moto#si#100#persona fisica#m#34#BOLOGNA#40100#BOLOGNA#16#NO#IMPIEGATO #m#34#BOLOGNA#40100#BOLOGNA#veicolo già assicurato con atr#No#No#Franchigia#14#0#0#0#0#0#0#0#400#3,000,000
Genertel - Moto#421#2010-04-01#moto#5#9#moto#moto#si#100#persona fisica#m#34#BOLOGNA#40100#BOLOGNA#16#NO#IMPIEGATO #m#34#BOLOGNA#40100#BOLOGNA#veicolo già assicurato con atr#No#No#Franchigia#14#0#0#0#0#0#0#0#450#3,000,000
Genertel - Moto#422#2010-04-01#moto#5#9#moto#moto#si#100#persona fisica#m#34#BOLOGNA#40100#BOLOGNA#16#NO#IMPIEGATO #m#34#BOLOGNA#40100#BOLOGNA#veicolo già assicurato con atr#No#No#Franchigia#14#0#0#0#0#0#0#0#500#3,000,000
Genertel - Moto#423#2010-04-01#moto#5#9#moto#moto#si#100#persona fisica#m#34#BOLOGNA#40100#BOLOGNA#16#NO#IMPIEGATO #m#34#BOLOGNA#40100#BOLOGNA#veicolo già assicurato con atr#No#No#Franchigia#14#0#0#0#0#0#0#0#200#3,000,000
Genertel - Moto#424#2010-04-01#moto#5#9#moto#moto#si#100#persona fisica#F#73#BOLOGNA#40100#BOLOGNA#55#NO#IMPIEGATO #F#73#BOLOGNA#40100#BOLOGNA#veicolo già assicurato con atr#No#No#BM#14#0#0#0#0#0#0#0#0#3,000,000
Genertel - Moto#425#2010-04-01#moto#5#9#moto#moto#si#100#persona fisica#F#71#BOLOGNA#40100#BOLOGNA#53#NO#IMPIEGATO #F#71#BOLOGNA#40100#BOLOGNA#veicolo già assicurato con atr#No#No#BM#14#0#0#0#0#0#0#0#0#3,000,000
Genertel - Moto#426#2010-04-01#moto#5#9#moto#moto#si#100#persona fisica#F#69#BOLOGNA#40100#BOLOGNA#51#NO#IMPIEGATO #F#69#BOLOGNA#40100#BOLOGNA#veicolo già assicurato con atr#No#No#BM#14#0#0#0#0#0#0#0#0#3,000,000
Genertel - Moto#427#2010-04-01#moto#5#9#moto#moto#si#100#persona fisica#F#67#BOLOGNA#40100#BOLOGNA#49#NO#IMPIEGATO #F#67#BOLOGNA#40100#BOLOGNA#veicolo già assicurato con atr#No#No#BM#14#0#0#0#0#0#0#0#0#3,000,000
Genertel - Moto#428#2010-04-01#moto#5#9#moto#moto#si#100#persona fisica#F#65#BOLOGNA#40100#BOLOGNA#47#NO#IMPIEGATO #F#65#BOLOGNA#40100#BOLOGNA#veicolo già assicurato con atr#No#No#BM#14#0#0#0#0#0#0#0#0#3,000,000
Genertel - Moto#429#2010-04-01#moto#5#9#moto#moto#si#100#persona fisica#F#63#BOLOGNA#40100#BOLOGNA#45#NO#IMPIEGATO #F#63#BOLOGNA#40100#BOLOGNA#veicolo già assicurato con atr#No#No#BM#14#0#0#0#0#0#0#0#0#3,000,000
Genertel - Moto#430#2010-04-01#moto#5#9#moto#moto#si#100#persona fisica#F#61#BOLOGNA#40100#BOLOGNA#43#NO#IMPIEGATO #F#61#BOLOGNA#40100#BOLOGNA#veicolo già assicurato con atr#No#No#BM#14#0#0#0#0#0#0#0#0#3,000,000
Genertel - Moto#431#2010-04-01#moto#5#9#moto#moto#si#100#persona fisica#F#59#BOLOGNA#40100#BOLOGNA#41#NO#IMPIEGATO #F#59#BOLOGNA#40100#BOLOGNA#veicolo già assicurato con atr#No#No#BM#14#0#0#0#0#0#0#0#0#3,000,000
Genertel - Moto#432#2010-04-01#moto#5#9#moto#moto#si#100#persona fisica#F#57#BOLOGNA#40100#BOLOGNA#39#NO#IMPIEGATO #F#57#BOLOGNA#40100#BOLOGNA#veicolo già assicurato con atr#No#No#BM#14#0#0#0#0#0#0#0#0#3,000,000
Genertel - Moto#433#2010-04-01#moto#5#9#moto#moto#si#100#persona fisica#F#55#BOLOGNA#40100#BOLOGNA#37#NO#IMPIEGATO #F#55#BOLOGNA#40100#BOLOGNA#veicolo già assicurato con atr#No#No#BM#14#0#0#0#0#0#0#0#0#3,000,000
Genertel - Moto#434#2010-04-01#moto#5#9#moto#moto#si#100#persona fisica#F#53#BOLOGNA#40100#BOLOGNA#35#NO#IMPIEGATO #F#53#BOLOGNA#40100#BOLOGNA#veicolo già assicurato con atr#No#No#BM#14#0#0#0#0#0#0#0#0#3,000,000
Genertel - Moto#435#2010-04-01#moto#5#9#moto#moto#si#100#persona fisica#F#51#BOLOGNA#40100#BOLOGNA#33#NO#IMPIEGATO #F#51#BOLOGNA#40100#BOLOGNA#veicolo già assicurato con atr#No#No#BM#14#0#0#0#0#0#0#0#0#3,000,000
Genertel - Moto#436#2010-04-01#moto#5#9#moto#moto#si#100#persona fisica#F#49#BOLOGNA#40100#BOLOGNA#31#NO#IMPIEGATO #F#49#BOLOGNA#40100#BOLOGNA#veicolo già assicurato con atr#No#No#BM#14#0#0#0#0#0#0#0#0#3,000,000
Genertel - Moto#437#2010-04-01#moto#5#9#moto#moto#si#100#persona fisica#F#47#BOLOGNA#40100#BOLOGNA#29#NO#IMPIEGATO #F#47#BOLOGNA#40100#BOLOGNA#veicolo già assicurato con atr#No#No#BM#14#0#0#0#0#0#0#0#0#3,000,000
Genertel - Moto#438#2010-04-01#moto#5#9#moto#moto#si#100#persona fisica#F#45#BOLOGNA#40100#BOLOGNA#27#NO#IMPIEGATO #F#45#BOLOGNA#40100#BOLOGNA#veicolo già assicurato con atr#No#No#BM#14#0#0#0#0#0#0#0#0#3,000,000
Genertel - Moto#439#2010-04-01#moto#5#9#moto#moto#si#100#persona fisica#F#43#BOLOGNA#40100#BOLOGNA#25#NO#IMPIEGATO #F#43#BOLOGNA#40100#BOLOGNA#veicolo già assicurato con atr#No#No#BM#14#0#0#0#0#0#0#0#0#3,000,000
Genertel - Moto#440#2010-04-01#moto#5#9#moto#moto#si#100#persona fisica#F#41#BOLOGNA#40100#BOLOGNA#23#NO#IMPIEGATO #F#41#BOLOGNA#40100#BOLOGNA#veicolo già assicurato con atr#No#No#BM#14#0#0#0#0#0#0#0#0#3,000,000
Genertel - Moto#441#2010-04-01#moto#5#9#moto#moto#si#100#persona fisica#F#39#BOLOGNA#40100#BOLOGNA#21#NO#IMPIEGATO #F#39#BOLOGNA#40100#BOLOGNA#veicolo già assicurato con atr#No#No#BM#14#0#0#0#0#0#0#0#0#3,000,000
Genertel - Moto#442#2010-04-01#moto#5#9#moto#moto#si#100#persona fisica#F#37#BOLOGNA#40100#BOLOGNA#19#NO#IMPIEGATO #F#37#BOLOGNA#40100#BOLOGNA#veicolo già assicurato con atr#No#No#BM#14#0#0#0#0#0#0#0#0#3,000,000
Genertel - Moto#443#2010-04-01#moto#5#9#moto#moto#si#100#persona fisica#F#35#BOLOGNA#40100#BOLOGNA#17#NO#IMPIEGATO #F#35#BOLOGNA#40100#BOLOGNA#veicolo già assicurato con atr#No#No#BM#14#0#0#0#0#0#0#0#0#3,000,000
Genertel - Moto#444#2010-04-01#moto#5#9#moto#moto#si#100#persona fisica#F#33#BOLOGNA#40100#BOLOGNA#15#NO#IMPIEGATO #F#33#BOLOGNA#40100#BOLOGNA#veicolo già assicurato con atr#No#No#BM#14#0#0#0#0#0#0#0#0#3,000,000
Genertel - Moto#445#2010-04-01#moto#5#9#moto#moto#si#100#persona fisica#F#31#BOLOGNA#40100#BOLOGNA#13#NO#IMPIEGATO #F#31#BOLOGNA#40100#BOLOGNA#veicolo già assicurato con atr#No#No#BM#14#0#0#0#0#0#0#0#0#3,000,000
Genertel - Moto#446#2010-04-01#moto#5#9#moto#moto#si#100#persona fisica#F#29#BOLOGNA#40100#BOLOGNA#11#NO#IMPIEGATO #F#29#BOLOGNA#40100#BOLOGNA#veicolo già assicurato con atr#No#No#BM#14#0#0#0#0#0#0#0#0#3,000,000
Genertel - Moto#447#2010-04-01#moto#5#9#moto#moto#si#100#persona fisica#F#27#BOLOGNA#40100#BOLOGNA#9#NO#IMPIEGATO #F#27#BOLOGNA#40100#BOLOGNA#veicolo già assicurato con atr#No#No#BM#14#0#0#0#0#0#0#0#0#3,000,000
Genertel - Moto#448#2010-04-01#moto#5#9#moto#moto#si#100#persona fisica#F#25#BOLOGNA#40100#BOLOGNA#7#NO#IMPIEGATO #F#25#BOLOGNA#40100#BOLOGNA#veicolo già assicurato con atr#No#No#BM#14#0#0#0#0#0#0#0#0#3,000,000
Genertel - Moto#449#2010-04-01#moto#5#9#moto#moto#si#100#persona fisica#F#23#BOLOGNA#40100#BOLOGNA#5#NO#IMPIEGATO #F#23#BOLOGNA#40100#BOLOGNA#veicolo già assicurato con atr#No#No#BM#14#0#0#0#0#0#0#0#0#3,000,000
Genertel - Moto#450#2010-04-01#moto#5#9#moto#moto#si#100#persona fisica#F#21#BOLOGNA#40100#BOLOGNA#3#NO#IMPIEGATO #F#21#BOLOGNA#40100#BOLOGNA#veicolo già assicurato con atr#No#No#BM#14#0#0#0#0#0#0#0#0#3,000,000
Genertel - Moto#451#2010-04-01#moto#5#9#moto#moto#si#100#persona fisica#F#19#BOLOGNA#40100#BOLOGNA#1#NO#IMPIEGATO #F#19#BOLOGNA#40100#BOLOGNA#veicolo già assicurato con atr#No#No#BM#14#0#0#0#0#0#0#0#0#3,000,000
Genertel - Moto#452#2010-04-01#moto#5#9#moto#moto#si#100#persona fisica#M#73#BOLOGNA#40100#BOLOGNA#55#NO#IMPIEGATO #F#73#BOLOGNA#40100#BOLOGNA#veicolo già assicurato con atr#No#No#BM#14#0#0#0#0#0#0#0#0#3,000,000
Genertel - Moto#453#2010-04-01#moto#5#9#moto#moto#si#100#persona fisica#M#71#BOLOGNA#40100#BOLOGNA#53#NO#IMPIEGATO #F#71#BOLOGNA#40100#BOLOGNA#veicolo già assicurato con atr#No#No#BM#14#0#0#0#0#0#0#0#0#3,000,000
Genertel - Moto#454#2010-04-01#moto#5#9#moto#moto#si#100#persona fisica#M#69#BOLOGNA#40100#BOLOGNA#51#NO#IMPIEGATO #F#69#BOLOGNA#40100#BOLOGNA#veicolo già assicurato con atr#No#No#BM#14#0#0#0#0#0#0#0#0#3,000,000
Genertel - Moto#455#2010-04-01#moto#5#9#moto#moto#si#100#persona fisica#M#67#BOLOGNA#40100#BOLOGNA#49#NO#IMPIEGATO #F#67#BOLOGNA#40100#BOLOGNA#veicolo già assicurato con atr#No#No#BM#14#0#0#0#0#0#0#0#0#3,000,000
Genertel - Moto#456#2010-04-01#moto#5#9#moto#moto#si#100#persona fisica#M#65#BOLOGNA#40100#BOLOGNA#47#NO#IMPIEGATO #F#65#BOLOGNA#40100#BOLOGNA#veicolo già assicurato con atr#No#No#BM#14#0#0#0#0#0#0#0#0#3,000,000
Genertel - Moto#457#2010-04-01#moto#5#9#moto#moto#si#100#persona fisica#M#63#BOLOGNA#40100#BOLOGNA#45#NO#IMPIEGATO #F#63#BOLOGNA#40100#BOLOGNA#veicolo già assicurato con atr#No#No#BM#14#0#0#0#0#0#0#0#0#3,000,000
Genertel - Moto#458#2010-04-01#moto#5#9#moto#moto#si#100#persona fisica#M#61#BOLOGNA#40100#BOLOGNA#43#NO#IMPIEGATO #F#61#BOLOGNA#40100#BOLOGNA#veicolo già assicurato con atr#No#No#BM#14#0#0#0#0#0#0#0#0#3,000,000
Genertel - Moto#459#2010-04-01#moto#5#9#moto#moto#si#100#persona fisica#M#59#BOLOGNA#40100#BOLOGNA#41#NO#IMPIEGATO #F#59#BOLOGNA#40100#BOLOGNA#veicolo già assicurato con atr#No#No#BM#14#0#0#0#0#0#0#0#0#3,000,000
Genertel - Moto#460#2010-04-01#moto#5#9#moto#moto#si#100#persona fisica#M#57#BOLOGNA#40100#BOLOGNA#39#NO#IMPIEGATO #F#57#BOLOGNA#40100#BOLOGNA#veicolo già assicurato con atr#No#No#BM#14#0#0#0#0#0#0#0#0#3,000,000
Genertel - Moto#461#2010-04-01#moto#5#9#moto#moto#si#100#persona fisica#M#55#BOLOGNA#40100#BOLOGNA#37#NO#IMPIEGATO #F#55#BOLOGNA#40100#BOLOGNA#veicolo già assicurato con atr#No#No#BM#14#0#0#0#0#0#0#0#0#3,000,000
Genertel - Moto#462#2010-04-01#moto#5#9#moto#moto#si#100#persona fisica#M#53#BOLOGNA#40100#BOLOGNA#35#NO#IMPIEGATO #F#53#BOLOGNA#40100#BOLOGNA#veicolo già assicurato con atr#No#No#BM#14#0#0#0#0#0#0#0#0#3,000,000
Genertel - Moto#463#2010-04-01#moto#5#9#moto#moto#si#100#persona fisica#M#51#BOLOGNA#40100#BOLOGNA#33#NO#IMPIEGATO #F#51#BOLOGNA#40100#BOLOGNA#veicolo già assicurato con atr#No#No#BM#14#0#0#0#0#0#0#0#0#3,000,000
Genertel - Moto#464#2010-04-01#moto#5#9#moto#moto#si#100#persona fisica#M#49#BOLOGNA#40100#BOLOGNA#31#NO#IMPIEGATO #F#49#BOLOGNA#40100#BOLOGNA#veicolo già assicurato con atr#No#No#BM#14#0#0#0#0#0#0#0#0#3,000,000
Genertel - Moto#465#2010-04-01#moto#5#9#moto#moto#si#100#persona fisica#M#47#BOLOGNA#40100#BOLOGNA#29#NO#IMPIEGATO #F#47#BOLOGNA#40100#BOLOGNA#veicolo già assicurato con atr#No#No#BM#14#0#0#0#0#0#0#0#0#3,000,000
Genertel - Moto#466#2010-04-01#moto#5#9#moto#moto#si#100#persona fisica#M#45#BOLOGNA#40100#BOLOGNA#27#NO#IMPIEGATO #F#45#BOLOGNA#40100#BOLOGNA#veicolo già assicurato con atr#No#No#BM#14#0#0#0#0#0#0#0#0#3,000,000
Genertel - Moto#467#2010-04-01#moto#5#9#moto#moto#si#100#persona fisica#M#43#BOLOGNA#40100#BOLOGNA#25#NO#IMPIEGATO #F#43#BOLOGNA#40100#BOLOGNA#veicolo già assicurato con atr#No#No#BM#14#0#0#0#0#0#0#0#0#3,000,000
Genertel - Moto#468#2010-04-01#moto#5#9#moto#moto#si#100#persona fisica#M#41#BOLOGNA#40100#BOLOGNA#23#NO#IMPIEGATO #F#41#BOLOGNA#40100#BOLOGNA#veicolo già assicurato con atr#No#No#BM#14#0#0#0#0#0#0#0#0#3,000,000
Genertel - Moto#469#2010-04-01#moto#5#9#moto#moto#si#100#persona fisica#M#39#BOLOGNA#40100#BOLOGNA#21#NO#IMPIEGATO #F#39#BOLOGNA#40100#BOLOGNA#veicolo già assicurato con atr#No#No#BM#14#0#0#0#0#0#0#0#0#3,000,000
Genertel - Moto#470#2010-04-01#moto#5#9#moto#moto#si#100#persona fisica#M#37#BOLOGNA#40100#BOLOGNA#19#NO#IMPIEGATO #F#37#BOLOGNA#40100#BOLOGNA#veicolo già assicurato con atr#No#No#BM#14#0#0#0#0#0#0#0#0#3,000,000
Genertel - Moto#471#2010-04-01#moto#5#9#moto#moto#si#100#persona fisica#M#35#BOLOGNA#40100#BOLOGNA#17#NO#IMPIEGATO #F#35#BOLOGNA#40100#BOLOGNA#veicolo già assicurato con atr#No#No#BM#14#0#0#0#0#0#0#0#0#3,000,000
Genertel - Moto#472#2010-04-01#moto#5#9#moto#moto#si#100#persona fisica#M#33#BOLOGNA#40100#BOLOGNA#15#NO#IMPIEGATO #F#33#BOLOGNA#40100#BOLOGNA#veicolo già assicurato con atr#No#No#BM#14#0#0#0#0#0#0#0#0#3,000,000
Genertel - Moto#473#2010-04-01#moto#5#9#moto#moto#si#100#persona fisica#M#31#BOLOGNA#40100#BOLOGNA#13#NO#IMPIEGATO #F#31#BOLOGNA#40100#BOLOGNA#veicolo già assicurato con atr#No#No#BM#14#0#0#0#0#0#0#0#0#3,000,000
Genertel - Moto#474#2010-04-01#moto#5#9#moto#moto#si#100#persona fisica#M#29#BOLOGNA#40100#BOLOGNA#11#NO#IMPIEGATO #F#29#BOLOGNA#40100#BOLOGNA#veicolo già assicurato con atr#No#No#BM#14#0#0#0#0#0#0#0#0#3,000,000
Genertel - Moto#475#2010-04-01#moto#5#9#moto#moto#si#100#persona fisica#M#27#BOLOGNA#40100#BOLOGNA#9#NO#IMPIEGATO #F#27#BOLOGNA#40100#BOLOGNA#veicolo già assicurato con atr#No#No#BM#14#0#0#0#0#0#0#0#0#3,000,000
Genertel - Moto#476#2010-04-01#moto#5#9#moto#moto#si#100#persona fisica#M#25#BOLOGNA#40100#BOLOGNA#7#NO#IMPIEGATO #F#25#BOLOGNA#40100#BOLOGNA#veicolo già assicurato con atr#No#No#BM#14#0#0#0#0#0#0#0#0#3,000,000
Genertel - Moto#477#2010-04-01#moto#5#9#moto#moto#si#100#persona fisica#M#23#BOLOGNA#40100#BOLOGNA#5#NO#IMPIEGATO #F#23#BOLOGNA#40100#BOLOGNA#veicolo già assicurato con atr#No#No#BM#14#0#0#0#0#0#0#0#0#3,000,000
Genertel - Moto#478#2010-04-01#moto#5#9#moto#moto#si#100#persona fisica#M#21#BOLOGNA#40100#BOLOGNA#3#NO#IMPIEGATO #F#21#BOLOGNA#40100#BOLOGNA#veicolo già assicurato con atr#No#No#BM#14#0#0#0#0#0#0#0#0#3,000,000
Genertel - Moto#479#2010-04-01#moto#5#9#moto#moto#si#100#persona fisica#M#19#BOLOGNA#40100#BOLOGNA#1#NO#IMPIEGATO #F#19#BOLOGNA#40100#BOLOGNA#veicolo già assicurato con atr#No#No#BM#14#0#0#0#0#0#0#0#0#3,000,000
