Zurich Connect - MOTO#1#2010-04-01#moto#5#100#moto#moto#si#100#persona fisica#m#34#BO#40100#BOLOGNA#5#NO#IMPIEGATO #m#34#BO#40100#BOLOGNA#veicolo già assicurato con atr#No#No#BM#13#0#0#0#0#0#0#0#0#3,000,000
Zurich Connect - MOTO#2#2010-04-01#moto#5#100#moto#moto#si#100#persona fisica#m#34#BO#40100#BOLOGNA#5#NO#IMPIEGATO #m#34#BO#40100#BOLOGNA#veicolo già assicurato con atr#No#No#BM#13#0#0#0#0#0#0#0#0#3,000,000
Zurich Connect - MOTO#3#2010-04-01#moto#5#100#moto#moto#si#100#persona fisica#m#34#BO#40100#BOLOGNA#5#NO#IMPIEGATO #m#34#BO#40100#BOLOGNA#veicolo già assicurato con atr#No#No#BM#13#0#0#0#0#0#0#0#0#4,000,000
Zurich Connect - MOTO#4#2010-04-01#moto#5#100#moto#moto#si#100#persona fisica#m#34#BO#40100#BOLOGNA#5#NO#IMPIEGATO #m#34#BO#40100#BOLOGNA#veicolo già assicurato con atr#No#No#BM#13#0#0#0#0#0#0#0#0#6,000,000
Zurich Connect - MOTO#5#2010-04-01#moto#5#100#moto#moto#si#100#persona fisica#m#34#BO#40100#BOLOGNA#5#NO#IMPIEGATO #m#34#BO#40100#BOLOGNA#veicolo già assicurato con atr#No#No#BM#13#0#0#0#0#0#0#0#0#20,000,000
Zurich Connect - MOTO#6#2010-04-01#moto#5#100#moto#moto#si#100#persona fisica#m#34#BR#72100#BRINDISI#5#NO#IMPIEGATO #m#34#BR#72100#BRINDISI#veicolo già assicurato con atr#No#No#BM#13#0#0#0#0#0#0#0#0#3,000,000
Zurich Connect - MOTO#7#2010-04-01#moto#5#100#moto#moto#si#100#persona fisica#m#34#BS#25100#BRESCIA#5#NO#IMPIEGATO #m#34#BS#25100#BRESCIA#veicolo già assicurato con atr#No#No#BM#13#0#0#0#0#0#0#0#0#3,000,000
Zurich Connect - MOTO#8#2010-04-01#moto#5#100#moto#moto#si#100#persona fisica#m#34#BZ#39100#BOLZANO#5#NO#IMPIEGATO #m#34#BZ#39100#BOLZANO#veicolo già assicurato con atr#No#No#BM#13#0#0#0#0#0#0#0#0#3,000,000
Zurich Connect - MOTO#9#2010-04-01#moto#5#100#moto#moto#si#100#persona fisica#m#34#CA#09100#CAGLIARI#5#NO#IMPIEGATO #m#34#CA#09100#CAGLIARI#veicolo già assicurato con atr#No#No#BM#13#0#0#0#0#0#0#0#0#3,000,000
Zurich Connect - MOTO#10#2010-04-01#moto#5#100#moto#moto#si#100#persona fisica#m#34#CB#86100#CAMPOBASSO#5#NO#IMPIEGATO #m#34#CB#86100#CAMPOBASSO#veicolo già assicurato con atr#No#No#BM#13#0#0#0#0#0#0#0#0#3,000,000
Zurich Connect - MOTO#11#2010-04-01#moto#5#100#moto#moto#si#100#persona fisica#m#34#CE#81100#CASERTA#5#NO#IMPIEGATO #m#34#CE#81100#CASERTA#veicolo già assicurato con atr#No#No#BM#13#0#0#0#0#0#0#0#0#3,000,000
Zurich Connect - MOTO#12#2010-04-01#moto#5#100#moto#moto#si#100#persona fisica#m#34#CH#66100#CHIETI#5#NO#IMPIEGATO #m#34#CH#66100#CHIETI#veicolo già assicurato con atr#No#No#BM#13#0#0#0#0#0#0#0#0#3,000,000
Zurich Connect - MOTO#13#2010-04-01#moto#5#100#moto#moto#si#100#persona fisica#m#34#CL#93100#CALTANISSETTA#5#NO#IMPIEGATO #m#34#CL#93100#CALTANISSETTA#veicolo già assicurato con atr#No#No#BM#13#0#0#0#0#0#0#0#0#3,000,000
Zurich Connect - MOTO#14#2010-04-01#moto#5#100#moto#moto#si#100#persona fisica#m#34#CN#12100#CUNEO#5#NO#IMPIEGATO #m#34#CN#12100#CUNEO#veicolo già assicurato con atr#No#No#BM#13#0#0#0#0#0#0#0#0#3,000,000
Zurich Connect - MOTO#15#2010-04-01#moto#5#100#moto#moto#si#100#persona fisica#m#34#CO#22100#COMO#5#NO#IMPIEGATO #m#34#CO#22100#COMO#veicolo già assicurato con atr#No#No#BM#13#0#0#0#0#0#0#0#0#3,000,000
Zurich Connect - MOTO#16#2010-04-01#moto#5#100#moto#moto#si#100#persona fisica#m#34#CR#26100#CREMONA#5#NO#IMPIEGATO #m#34#CR#26100#CREMONA#veicolo già assicurato con atr#No#No#BM#13#0#0#0#0#0#0#0#0#3,000,000
Zurich Connect - MOTO#17#2010-04-01#moto#5#100#moto#moto#si#100#persona fisica#m#34#CS#87100#COSENZA#5#NO#IMPIEGATO #m#34#CS#87100#COSENZA#veicolo già assicurato con atr#No#No#BM#13#0#0#0#0#0#0#0#0#3,000,000
Zurich Connect - MOTO#18#2010-04-01#moto#5#100#moto#moto#si#100#persona fisica#m#34#CT#95100#CATANIA#5#NO#IMPIEGATO #m#34#CT#95100#CATANIA#veicolo già assicurato con atr#No#No#BM#13#0#0#0#0#0#0#0#0#3,000,000
Zurich Connect - MOTO#19#2010-04-01#moto#5#100#moto#moto#si#100#persona fisica#m#34#CZ#88100#CATANZARO#5#NO#IMPIEGATO #m#34#CZ#88100#CATANZARO#veicolo già assicurato con atr#No#No#BM#13#0#0#0#0#0#0#0#0#3,000,000
Zurich Connect - MOTO#20#2010-04-01#moto#5#100#moto#moto#si#100#persona fisica#m#34#EN#94100#ENNA#5#NO#IMPIEGATO #m#34#EN#94100#ENNA#veicolo già assicurato con atr#No#No#BM#13#0#0#0#0#0#0#0#0#3,000,000
Zurich Connect - MOTO#21#2010-04-01#moto#5#100#moto#moto#si#100#persona fisica#m#34#FE#44100#FERRARA#5#NO#IMPIEGATO #m#34#FE#44100#FERRARA#veicolo già assicurato con atr#No#No#BM#13#0#0#0#0#0#0#0#0#3,000,000
Zurich Connect - MOTO#22#2010-04-01#moto#5#100#moto#moto#si#100#persona fisica#m#34#FG#71100#FOGGIA#5#NO#IMPIEGATO #m#34#FG#71100#FOGGIA#veicolo già assicurato con atr#No#No#BM#13#0#0#0#0#0#0#0#0#3,000,000
Zurich Connect - MOTO#23#2010-04-01#moto#5#100#moto#moto#si#100#persona fisica#m#34#FI#50100#FIRENZE#5#NO#IMPIEGATO #m#34#FI#50100#FIRENZE#veicolo già assicurato con atr#No#No#BM#13#0#0#0#0#0#0#0#0#3,000,000
Zurich Connect - MOTO#24#2010-04-01#moto#5#100#moto#moto#si#100#persona fisica#m#34#FC#47100#Forl#5#NO#IMPIEGATO #m#34#FC#47100#Forl#veicolo già assicurato con atr#No#No#BM#13#0#0#0#0#0#0#0#0#3,000,000
Zurich Connect - MOTO#25#2010-04-01#moto#5#100#moto#moto#si#100#persona fisica#m#34#FR#03100#FROSINONE#5#NO#IMPIEGATO #m#34#FR#03100#FROSINONE#veicolo già assicurato con atr#No#No#BM#13#0#0#0#0#0#0#0#0#3,000,000
Zurich Connect - MOTO#26#2010-04-01#moto#5#100#moto#moto#si#100#persona fisica#m#34#GE#16100#GENOVA#5#NO#IMPIEGATO #m#34#GE#16100#GENOVA#veicolo già assicurato con atr#No#No#BM#13#0#0#0#0#0#0#0#0#3,000,000
Zurich Connect - MOTO#27#2010-04-01#moto#5#100#moto#moto#si#100#persona fisica#m#34#GO#34170#GORIZIA#5#NO#IMPIEGATO #m#34#GO#34170#GORIZIA#veicolo già assicurato con atr#No#No#BM#13#0#0#0#0#0#0#0#0#3,000,000
Zurich Connect - MOTO#28#2010-04-01#moto#5#100#moto#moto#si#100#persona fisica#m#34#GR#58100#GROSSETO#5#NO#IMPIEGATO #m#34#GR#58100#GROSSETO#veicolo già assicurato con atr#No#No#BM#13#0#0#0#0#0#0#0#0#3,000,000
Zurich Connect - MOTO#29#2010-04-01#moto#5#100#moto#moto#si#100#persona fisica#m#34#IM#18100#IMPERIA#5#NO#IMPIEGATO #m#34#IM#18100#IMPERIA#veicolo già assicurato con atr#No#No#BM#13#0#0#0#0#0#0#0#0#3,000,000
Zurich Connect - MOTO#30#2010-04-01#moto#5#100#moto#moto#si#100#persona fisica#m#34#IS#86170#ISERNIA#5#NO#IMPIEGATO #m#34#IS#86170#ISERNIA#veicolo già assicurato con atr#No#No#BM#13#0#0#0#0#0#0#0#0#3,000,000
Zurich Connect - MOTO#31#2010-04-01#moto#5#100#moto#moto#si#100#persona fisica#m#34#KR#88900#CROTONE#5#NO#IMPIEGATO #m#34#KR#88900#CROTONE#veicolo già assicurato con atr#No#No#BM#13#0#0#0#0#0#0#0#0#3,000,000
Zurich Connect - MOTO#32#2010-04-01#moto#5#100#moto#moto#si#100#persona fisica#m#34#LC#23900#LECCO#5#NO#IMPIEGATO #m#34#LC#23900#LECCO#veicolo già assicurato con atr#No#No#BM#13#0#0#0#0#0#0#0#0#3,000,000
Zurich Connect - MOTO#33#2010-04-01#moto#5#100#moto#moto#si#100#persona fisica#m#34#LE#73100#LECCE#5#NO#IMPIEGATO #m#34#LE#73100#LECCE#veicolo già assicurato con atr#No#No#BM#13#0#0#0#0#0#0#0#0#3,000,000
Zurich Connect - MOTO#34#2010-04-01#moto#5#100#moto#moto#si#100#persona fisica#m#34#LI#57100#LIVORNO#5#NO#IMPIEGATO #m#34#LI#57100#LIVORNO#veicolo già assicurato con atr#No#No#BM#13#0#0#0#0#0#0#0#0#3,000,000
Zurich Connect - MOTO#35#2010-04-01#moto#5#100#moto#moto#si#100#persona fisica#m#34#LO#26900#LODI#5#NO#IMPIEGATO #m#34#LO#26900#LODI#veicolo già assicurato con atr#No#No#BM#13#0#0#0#0#0#0#0#0#3,000,000
Zurich Connect - MOTO#36#2010-04-01#moto#5#100#moto#moto#si#100#persona fisica#m#34#LT#04100#LATINA#5#NO#IMPIEGATO #m#34#LT#04100#LATINA#veicolo già assicurato con atr#No#No#BM#13#0#0#0#0#0#0#0#0#3,000,000
Zurich Connect - MOTO#37#2010-04-01#moto#5#100#moto#moto#si#100#persona fisica#m#34#LU#55100#LUCCA#5#NO#IMPIEGATO #m#34#LU#55100#LUCCA#veicolo già assicurato con atr#No#No#BM#13#0#0#0#0#0#0#0#0#3,000,000
Zurich Connect - MOTO#38#2010-04-01#moto#5#100#moto#moto#si#100#persona fisica#m#34#MC#62100#MACERATA#5#NO#IMPIEGATO #m#34#MC#62100#MACERATA#veicolo già assicurato con atr#No#No#BM#13#0#0#0#0#0#0#0#0#3,000,000
Zurich Connect - MOTO#39#2010-04-01#moto#5#100#moto#moto#si#100#persona fisica#m#34#ME#98100#MESSINA#5#NO#IMPIEGATO #m#34#ME#98100#MESSINA#veicolo già assicurato con atr#No#No#BM#13#0#0#0#0#0#0#0#0#3,000,000
Zurich Connect - MOTO#40#2010-04-01#moto#5#100#moto#moto#si#100#persona fisica#m#34#MI#20100#MILANO#5#NO#IMPIEGATO #m#34#MI#20100#MILANO#veicolo già assicurato con atr#No#No#BM#13#0#0#0#0#0#0#0#0#3,000,000
Zurich Connect - MOTO#41#2010-04-01#moto#5#100#moto#moto#si#100#persona fisica#m#34#AG#92100#AGRIGENTO#5#NO#IMPIEGATO #m#34#AG#92100#AGRIGENTO#veicolo già assicurato con atr#No#No#BM#13#0#0#0#0#0#0#0#0#3,000,000
Zurich Connect - MOTO#42#2010-04-01#moto#5#100#moto#moto#si#100#persona fisica#m#34#AL#15100#ALESSANDRIA#5#NO#IMPIEGATO #m#34#AL#15100#ALESSANDRIA#veicolo già assicurato con atr#No#No#BM#13#0#0#0#0#0#0#0#0#3,000,000
Zurich Connect - MOTO#43#2010-04-01#moto#5#100#moto#moto#si#100#persona fisica#m#34#AN#60100#ANCONA#5#NO#IMPIEGATO #m#34#AN#60100#ANCONA#veicolo già assicurato con atr#No#No#BM#13#0#0#0#0#0#0#0#0#3,000,000
Zurich Connect - MOTO#44#2010-04-01#moto#5#100#moto#moto#si#100#persona fisica#m#34#AO#11100#AOSTA#5#NO#IMPIEGATO #m#34#AO#11100#AOSTA#veicolo già assicurato con atr#No#No#BM#13#0#0#0#0#0#0#0#0#3,000,000
Zurich Connect - MOTO#45#2010-04-01#moto#5#100#moto#moto#si#100#persona fisica#m#34#AP#63100#ASCOLIPICENO#5#NO#IMPIEGATO #m#34#AP#63100#ASCOLIPICENO#veicolo già assicurato con atr#No#No#BM#13#0#0#0#0#0#0#0#0#3,000,000
Zurich Connect - MOTO#46#2010-04-01#moto#5#100#moto#moto#si#100#persona fisica#m#34#AQ#67100#L'AQUILA#5#NO#IMPIEGATO #m#34#AQ#67100#L'AQUILA#veicolo già assicurato con atr#No#No#BM#13#0#0#0#0#0#0#0#0#3,000,000
Zurich Connect - MOTO#47#2010-04-01#moto#5#100#moto#moto#si#100#persona fisica#m#34#AR#52100#AREZZO#5#NO#IMPIEGATO #m#34#AR#52100#AREZZO#veicolo già assicurato con atr#No#No#BM#13#0#0#0#0#0#0#0#0#3,000,000
Zurich Connect - MOTO#48#2010-04-01#moto#5#100#moto#moto#si#100#persona fisica#m#34#AT#14100#ASTI#5#NO#IMPIEGATO #m#34#AT#14100#ASTI#veicolo già assicurato con atr#No#No#BM#13#0#0#0#0#0#0#0#0#3,000,000
Zurich Connect - MOTO#49#2010-04-01#moto#5#100#moto#moto#si#100#persona fisica#m#34#AV#83100#AVELLINO#5#NO#IMPIEGATO #m#34#AV#83100#AVELLINO#veicolo già assicurato con atr#No#No#BM#13#0#0#0#0#0#0#0#0#3,000,000
Zurich Connect - MOTO#50#2010-04-01#moto#5#100#moto#moto#si#100#persona fisica#m#34#BA#70100#BARI#5#NO#IMPIEGATO #m#34#BA#70100#BARI#veicolo già assicurato con atr#No#No#BM#13#0#0#0#0#0#0#0#0#3,000,000
Zurich Connect - MOTO#51#2010-04-01#moto#5#100#moto#moto#si#100#persona fisica#m#34#BG#24100#BERGAMO#5#NO#IMPIEGATO #m#34#BG#24100#BERGAMO#veicolo già assicurato con atr#No#No#BM#13#0#0#0#0#0#0#0#0#3,000,000
Zurich Connect - MOTO#52#2010-04-01#moto#5#100#moto#moto#si#100#persona fisica#m#34#BI#13900#BIELLA#5#NO#IMPIEGATO #m#34#BI#13900#BIELLA#veicolo già assicurato con atr#No#No#BM#13#0#0#0#0#0#0#0#0#3,000,000
Zurich Connect - MOTO#53#2010-04-01#moto#5#100#moto#moto#si#100#persona fisica#m#34#BL#32100#BELLUNO#5#NO#IMPIEGATO #m#34#BL#32100#BELLUNO#veicolo già assicurato con atr#No#No#BM#13#0#0#0#0#0#0#0#0#3,000,000
Zurich Connect - MOTO#54#2010-04-01#moto#5#100#moto#moto#si#100#persona fisica#m#34#BN#82100#BENEVENTO#5#NO#IMPIEGATO #m#34#BN#82100#BENEVENTO#veicolo già assicurato con atr#No#No#BM#13#0#0#0#0#0#0#0#0#3,000,000
Zurich Connect - MOTO#55#2010-04-01#moto#5#100#moto#moto#si#100#persona fisica#m#34#BO#40100#BOLOGNA#5#NO#IMPIEGATO #m#34#BO#40100#BOLOGNA#veicolo già assicurato con atr#No#No#BM#13#0#0#0#0#0#0#0#0#3,000,000
Zurich Connect - MOTO#56#2010-04-01#moto#5#100#moto#moto#si#100#persona fisica#m#34#MN#46100#MANTOVA#5#NO#IMPIEGATO #m#34#MN#46100#MANTOVA#veicolo già assicurato con atr#No#No#BM#13#0#0#0#0#0#0#0#0#3,000,000
Zurich Connect - MOTO#57#2010-04-01#moto#5#100#moto#moto#si#100#persona fisica#m#34#MO#41100#MODENA#5#NO#IMPIEGATO #m#34#MO#41100#MODENA#veicolo già assicurato con atr#No#No#BM#13#0#0#0#0#0#0#0#0#3,000,000
Zurich Connect - MOTO#58#2010-04-01#moto#5#100#moto#moto#si#100#persona fisica#m#34#MS#54100#MASSACARRARA#5#NO#IMPIEGATO #m#34#MS#54100#MASSACARRARA#veicolo già assicurato con atr#No#No#BM#13#0#0#0#0#0#0#0#0#3,000,000
Zurich Connect - MOTO#59#2010-04-01#moto#5#100#moto#moto#si#100#persona fisica#m#34#MT#75100#MATERA#5#NO#IMPIEGATO #m#34#MT#75100#MATERA#veicolo già assicurato con atr#No#No#BM#13#0#0#0#0#0#0#0#0#3,000,000
Zurich Connect - MOTO#60#2010-04-01#moto#5#100#moto#moto#si#100#persona fisica#m#34#NA#80100#NAPOLI#5#NO#IMPIEGATO #m#34#NA#80100#NAPOLI#veicolo già assicurato con atr#No#No#BM#13#0#0#0#0#0#0#0#0#3,000,000
Zurich Connect - MOTO#61#2010-04-01#moto#5#100#moto#moto#si#100#persona fisica#m#34#NO#28100#NOVARA#5#NO#IMPIEGATO #m#34#NO#28100#NOVARA#veicolo già assicurato con atr#No#No#BM#13#0#0#0#0#0#0#0#0#3,000,000
Zurich Connect - MOTO#62#2010-04-01#moto#5#100#moto#moto#si#100#persona fisica#m#34#NU#08100#NUORO#5#NO#IMPIEGATO #m#34#NU#08100#NUORO#veicolo già assicurato con atr#No#No#BM#13#0#0#0#0#0#0#0#0#3,000,000
Zurich Connect - MOTO#63#2010-04-01#moto#5#100#moto#moto#si#100#persona fisica#m#34#OR#09170#ORISTANO#5#NO#IMPIEGATO #m#34#OR#09170#ORISTANO#veicolo già assicurato con atr#No#No#BM#13#0#0#0#0#0#0#0#0#3,000,000
Zurich Connect - MOTO#64#2010-04-01#moto#5#100#moto#moto#si#100#persona fisica#m#34#PA#90100#PALERMO#5#NO#IMPIEGATO #m#34#PA#90100#PALERMO#veicolo già assicurato con atr#No#No#BM#13#0#0#0#0#0#0#0#0#3,000,000
Zurich Connect - MOTO#65#2010-04-01#moto#5#100#moto#moto#si#100#persona fisica#m#34#PC#29100#PIACENZA#5#NO#IMPIEGATO #m#34#PC#29100#PIACENZA#veicolo già assicurato con atr#No#No#BM#13#0#0#0#0#0#0#0#0#3,000,000
Zurich Connect - MOTO#66#2010-04-01#moto#5#100#moto#moto#si#100#persona fisica#m#34#PD#35100#PADOVA#5#NO#IMPIEGATO #m#34#PD#35100#PADOVA#veicolo già assicurato con atr#No#No#BM#13#0#0#0#0#0#0#0#0#3,000,000
Zurich Connect - MOTO#67#2010-04-01#moto#5#100#moto#moto#si#100#persona fisica#m#34#PE#65100#PESCARA#5#NO#IMPIEGATO #m#34#PE#65100#PESCARA#veicolo già assicurato con atr#No#No#BM#13#0#0#0#0#0#0#0#0#3,000,000
Zurich Connect - MOTO#68#2010-04-01#moto#5#100#moto#moto#si#100#persona fisica#m#34#PG#06100#PERUGIA#5#NO#IMPIEGATO #m#34#PG#06100#PERUGIA#veicolo già assicurato con atr#No#No#BM#13#0#0#0#0#0#0#0#0#3,000,000
Zurich Connect - MOTO#69#2010-04-01#moto#5#100#moto#moto#si#100#persona fisica#m#34#PI#56100#PISA#5#NO#IMPIEGATO #m#34#PI#56100#PISA#veicolo già assicurato con atr#No#No#BM#13#0#0#0#0#0#0#0#0#3,000,000
Zurich Connect - MOTO#70#2010-04-01#moto#5#100#moto#moto#si#100#persona fisica#m#34#PN#33170#PORDENONE#5#NO#IMPIEGATO #m#34#PN#33170#PORDENONE#veicolo già assicurato con atr#No#No#BM#13#0#0#0#0#0#0#0#0#3,000,000
Zurich Connect - MOTO#71#2010-04-01#moto#5#100#moto#moto#si#100#persona fisica#m#34#PO#59100#PRATO#5#NO#IMPIEGATO #m#34#PO#59100#PRATO#veicolo già assicurato con atr#No#No#BM#13#0#0#0#0#0#0#0#0#3,000,000
Zurich Connect - MOTO#72#2010-04-01#moto#5#100#moto#moto#si#100#persona fisica#m#34#PR#43100#PARMA#5#NO#IMPIEGATO #m#34#PR#43100#PARMA#veicolo già assicurato con atr#No#No#BM#13#0#0#0#0#0#0#0#0#3,000,000
Zurich Connect - MOTO#73#2010-04-01#moto#5#100#moto#moto#si#100#persona fisica#m#34#PU#61100#PESARO#5#NO#IMPIEGATO #m#34#PU#61100#PESARO#veicolo già assicurato con atr#No#No#BM#13#0#0#0#0#0#0#0#0#3,000,000
Zurich Connect - MOTO#74#2010-04-01#moto#5#100#moto#moto#si#100#persona fisica#m#34#PT#51100#PISTOIA#5#NO#IMPIEGATO #m#34#PT#51100#PISTOIA#veicolo già assicurato con atr#No#No#BM#13#0#0#0#0#0#0#0#0#3,000,000
Zurich Connect - MOTO#75#2010-04-01#moto#5#100#moto#moto#si#100#persona fisica#m#34#PV#27100#PAVIA#5#NO#IMPIEGATO #m#34#PV#27100#PAVIA#veicolo già assicurato con atr#No#No#BM#13#0#0#0#0#0#0#0#0#3,000,000
Zurich Connect - MOTO#76#2010-04-01#moto#5#100#moto#moto#si#100#persona fisica#m#34#PZ#85100#POTENZA#5#NO#IMPIEGATO #m#34#PZ#85100#POTENZA#veicolo già assicurato con atr#No#No#BM#13#0#0#0#0#0#0#0#0#3,000,000
Zurich Connect - MOTO#77#2010-04-01#moto#5#100#moto#moto#si#100#persona fisica#m#34#RA#48100#RAVENNA#5#NO#IMPIEGATO #m#34#RA#48100#RAVENNA#veicolo già assicurato con atr#No#No#BM#13#0#0#0#0#0#0#0#0#3,000,000
Zurich Connect - MOTO#78#2010-04-01#moto#5#100#moto#moto#si#100#persona fisica#m#34#RC#89100#REGGIOCALABRIA#5#NO#IMPIEGATO #m#34#RC#89100#REGGIOCALABRIA#veicolo già assicurato con atr#No#No#BM#13#0#0#0#0#0#0#0#0#3,000,000
Zurich Connect - MOTO#79#2010-04-01#moto#5#100#moto#moto#si#100#persona fisica#m#34#RE#42100#REGGIOEMILIA#5#NO#IMPIEGATO #m#34#RE#42100#REGGIOEMILIA#veicolo già assicurato con atr#No#No#BM#13#0#0#0#0#0#0#0#0#3,000,000
Zurich Connect - MOTO#80#2010-04-01#moto#5#100#moto#moto#si#100#persona fisica#m#34#RG#97100#RAGUSA#5#NO#IMPIEGATO #m#34#RG#97100#RAGUSA#veicolo già assicurato con atr#No#No#BM#13#0#0#0#0#0#0#0#0#3,000,000
Zurich Connect - MOTO#81#2010-04-01#moto#5#100#moto#moto#si#100#persona fisica#m#34#RI#02100#RIETI#5#NO#IMPIEGATO #m#34#RI#02100#RIETI#veicolo già assicurato con atr#No#No#BM#13#0#0#0#0#0#0#0#0#3,000,000
Zurich Connect - MOTO#82#2010-04-01#moto#5#100#moto#moto#si#100#persona fisica#m#34#RM#00136#ROMA#5#NO#IMPIEGATO #m#34#RM#00136#ROMA#veicolo già assicurato con atr#No#No#BM#13#0#0#0#0#0#0#0#0#3,000,000
Zurich Connect - MOTO#83#2010-04-01#moto#5#100#moto#moto#si#100#persona fisica#m#34#RN#47900#RIMINI#5#NO#IMPIEGATO #m#34#RN#47900#RIMINI#veicolo già assicurato con atr#No#No#BM#13#0#0#0#0#0#0#0#0#3,000,000
Zurich Connect - MOTO#84#2010-04-01#moto#5#100#moto#moto#si#100#persona fisica#m#34#RO#45100#ROVIGO#5#NO#IMPIEGATO #m#34#RO#45100#ROVIGO#veicolo già assicurato con atr#No#No#BM#13#0#0#0#0#0#0#0#0#3,000,000
Zurich Connect - MOTO#85#2010-04-01#moto#5#100#moto#moto#si#100#persona fisica#m#34#SA#84100#SALERNO#5#NO#IMPIEGATO #m#34#SA#84100#SALERNO#veicolo già assicurato con atr#No#No#BM#13#0#0#0#0#0#0#0#0#3,000,000
Zurich Connect - MOTO#86#2010-04-01#moto#5#100#moto#moto#si#100#persona fisica#m#34#SI#53100#SIENA#5#NO#IMPIEGATO #m#34#SI#53100#SIENA#veicolo già assicurato con atr#No#No#BM#13#0#0#0#0#0#0#0#0#3,000,000
Zurich Connect - MOTO#87#2010-04-01#moto#5#100#moto#moto#si#100#persona fisica#m#34#SO#23100#SONDRIO#5#NO#IMPIEGATO #m#34#SO#23100#SONDRIO#veicolo già assicurato con atr#No#No#BM#13#0#0#0#0#0#0#0#0#3,000,000
Zurich Connect - MOTO#88#2010-04-01#moto#5#100#moto#moto#si#100#persona fisica#m#34#SP#19100#LASPEZIA#5#NO#IMPIEGATO #m#34#SP#19100#LASPEZIA#veicolo già assicurato con atr#No#No#BM#13#0#0#0#0#0#0#0#0#3,000,000
Zurich Connect - MOTO#89#2010-04-01#moto#5#100#moto#moto#si#100#persona fisica#m#34#SR#96100#SIRACUSA#5#NO#IMPIEGATO #m#34#SR#96100#SIRACUSA#veicolo già assicurato con atr#No#No#BM#13#0#0#0#0#0#0#0#0#3,000,000
Zurich Connect - MOTO#90#2010-04-01#moto#5#100#moto#moto#si#100#persona fisica#m#34#SS#07100#SASSARI#5#NO#IMPIEGATO #m#34#SS#07100#SASSARI#veicolo già assicurato con atr#No#No#BM#13#0#0#0#0#0#0#0#0#3,000,000
Zurich Connect - MOTO#91#2010-04-01#moto#5#100#moto#moto#si#100#persona fisica#m#34#SV#17100#SAVONA#5#NO#IMPIEGATO #m#34#SV#17100#SAVONA#veicolo già assicurato con atr#No#No#BM#13#0#0#0#0#0#0#0#0#3,000,000
Zurich Connect - MOTO#92#2010-04-01#moto#5#100#moto#moto#si#100#persona fisica#m#34#TA#74100#TARANTO#5#NO#IMPIEGATO #m#34#TA#74100#TARANTO#veicolo già assicurato con atr#No#No#BM#13#0#0#0#0#0#0#0#0#3,000,000
Zurich Connect - MOTO#93#2010-04-01#moto#5#100#moto#moto#si#100#persona fisica#m#34#TE#64100#TERAMO#5#NO#IMPIEGATO #m#34#TE#64100#TERAMO#veicolo già assicurato con atr#No#No#BM#13#0#0#0#0#0#0#0#0#3,000,000
Zurich Connect - MOTO#94#2010-04-01#moto#5#100#moto#moto#si#100#persona fisica#m#34#TN#38100#TRENTO#5#NO#IMPIEGATO #m#34#TN#38100#TRENTO#veicolo già assicurato con atr#No#No#BM#13#0#0#0#0#0#0#0#0#3,000,000
Zurich Connect - MOTO#95#2010-04-01#moto#5#100#moto#moto#si#100#persona fisica#m#34#TO#10100#TORINO#5#NO#IMPIEGATO #m#34#TO#10100#TORINO#veicolo già assicurato con atr#No#No#BM#13#0#0#0#0#0#0#0#0#3,000,000
Zurich Connect - MOTO#96#2010-04-01#moto#5#100#moto#moto#si#100#persona fisica#m#34#TP#91100#TRAPANI#5#NO#IMPIEGATO #m#34#TP#91100#TRAPANI#veicolo già assicurato con atr#No#No#BM#13#0#0#0#0#0#0#0#0#3,000,000
Zurich Connect - MOTO#97#2010-04-01#moto#5#100#moto#moto#si#100#persona fisica#m#34#TR#05100#TERNI#5#NO#IMPIEGATO #m#34#TR#05100#TERNI#veicolo già assicurato con atr#No#No#BM#13#0#0#0#0#0#0#0#0#3,000,000
Zurich Connect - MOTO#98#2010-04-01#moto#5#100#moto#moto#si#100#persona fisica#m#34#TS#34100#TRIESTE#5#NO#IMPIEGATO #m#34#TS#34100#TRIESTE#veicolo già assicurato con atr#No#No#BM#13#0#0#0#0#0#0#0#0#3,000,000
Zurich Connect - MOTO#99#2010-04-01#moto#5#100#moto#moto#si#100#persona fisica#m#34#TV#31100#TREVISO#5#NO#IMPIEGATO #m#34#TV#31100#TREVISO#veicolo già assicurato con atr#No#No#BM#13#0#0#0#0#0#0#0#0#3,000,000
Zurich Connect - MOTO#100#2010-04-01#moto#5#100#moto#moto#si#100#persona fisica#m#34#UD#33100#UDINE#5#NO#IMPIEGATO #m#34#UD#33100#UDINE#veicolo già assicurato con atr#No#No#BM#13#0#0#0#0#0#0#0#0#3,000,000
Zurich Connect - MOTO#101#2010-04-01#moto#5#100#moto#moto#si#100#persona fisica#m#34#VA#21100#VARESE#5#NO#IMPIEGATO #m#34#VA#21100#VARESE#veicolo già assicurato con atr#No#No#BM#13#0#0#0#0#0#0#0#0#3,000,000
Zurich Connect - MOTO#102#2010-04-01#moto#5#100#moto#moto#si#100#persona fisica#m#34#VB#28900#VERBANIA#5#NO#IMPIEGATO #m#34#VB#28900#VERBANIA#veicolo già assicurato con atr#No#No#BM#13#0#0#0#0#0#0#0#0#3,000,000
Zurich Connect - MOTO#103#2010-04-01#moto#5#100#moto#moto#si#100#persona fisica#m#34#VC#13100#VERCELLI#5#NO#IMPIEGATO #m#34#VC#13100#VERCELLI#veicolo già assicurato con atr#No#No#BM#13#0#0#0#0#0#0#0#0#3,000,000
Zurich Connect - MOTO#104#2010-04-01#moto#5#100#moto#moto#si#100#persona fisica#m#34#VE#30100#VENEZIA#5#NO#IMPIEGATO #m#34#VE#30100#VENEZIA#veicolo già assicurato con atr#No#No#BM#13#0#0#0#0#0#0#0#0#3,000,000
Zurich Connect - MOTO#105#2010-04-01#moto#5#100#moto#moto#si#100#persona fisica#m#34#VI#36100#VICENZA#5#NO#IMPIEGATO #m#34#VI#36100#VICENZA#veicolo già assicurato con atr#No#No#BM#13#0#0#0#0#0#0#0#0#3,000,000
Zurich Connect - MOTO#106#2010-04-01#moto#5#100#moto#moto#si#100#persona fisica#m#34#VR#37100#VERONA#5#NO#IMPIEGATO #m#34#VR#37100#VERONA#veicolo già assicurato con atr#No#No#BM#13#0#0#0#0#0#0#0#0#3,000,000
Zurich Connect - MOTO#107#2010-04-01#moto#5#100#moto#moto#si#100#persona fisica#m#34#VT#01100#VITERBO#5#NO#IMPIEGATO #m#34#VT#01100#VITERBO#veicolo già assicurato con atr#No#No#BM#13#0#0#0#0#0#0#0#0#3,000,000
Zurich Connect - MOTO#108#2010-04-01#moto#5#100#moto#moto#si#100#persona fisica#m#34#VV#89900#VIBOVALENTIA#5#NO#IMPIEGATO #m#34#VV#89900#VIBOVALENTIA#veicolo già assicurato con atr#No#No#BM#13#0#0#0#0#0#0#0#0#3,000,000
Zurich Connect - MOTO#109#2010-04-01#moto#5#100#moto#moto#si#100#persona fisica#m#34#AG#92010#ALESSANDRIA DELLA ROCCA#5#NO#IMPIEGATO #m#34#AG#92010#ALESSANDRIA DELLA ROCCA#veicolo già assicurato con atr#No#No#BM#13#0#0#0#0#0#0#0#0#3,000,000
Zurich Connect - MOTO#110#2010-04-01#moto#5#100#moto#moto#si#100#persona fisica#m#34#AL#15010#ALICE BEL COLLE#5#NO#IMPIEGATO #m#34#AL#15010#ALICE BEL COLLE#veicolo già assicurato con atr#No#No#BM#13#0#0#0#0#0#0#0#0#3,000,000
Zurich Connect - MOTO#111#2010-04-01#moto#5#100#moto#moto#si#100#persona fisica#m#34#AN#60010#BARBARA#5#NO#IMPIEGATO #m#34#AN#60010#BARBARA#veicolo già assicurato con atr#No#No#BM#13#0#0#0#0#0#0#0#0#3,000,000
Zurich Connect - MOTO#112#2010-04-01#moto#5#100#moto#moto#si#100#persona fisica#m#34#AO#11010#ALLEIN#5#NO#IMPIEGATO #m#34#AO#11010#ALLEIN#veicolo già assicurato con atr#No#No#BM#13#0#0#0#0#0#0#0#0#3,000,000
Zurich Connect - MOTO#113#2010-04-01#moto#5#100#moto#moto#si#100#persona fisica#m#34#AP#63043#ARQUATA DEL TRONTO#5#NO#IMPIEGATO #m#34#AP#63043#ARQUATA DEL TRONTO#veicolo già assicurato con atr#No#No#BM#13#0#0#0#0#0#0#0#0#3,000,000
Zurich Connect - MOTO#114#2010-04-01#moto#5#100#moto#moto#si#100#persona fisica#m#34#AQ#67013#CAMPOTOSTO#5#NO#IMPIEGATO #m#34#AQ#67013#CAMPOTOSTO#veicolo già assicurato con atr#No#No#BM#13#0#0#0#0#0#0#0#0#3,000,000
Zurich Connect - MOTO#115#2010-04-01#moto#5#100#moto#moto#si#100#persona fisica#m#34#AR#52044#CORTONA#5#NO#IMPIEGATO #m#34#AR#52044#CORTONA#veicolo già assicurato con atr#No#No#BM#13#0#0#0#0#0#0#0#0#3,000,000
Zurich Connect - MOTO#116#2010-04-01#moto#5#100#moto#moto#si#100#persona fisica#m#34#AT#14041#AGLIANO#5#NO#IMPIEGATO #m#34#AT#14041#AGLIANO#veicolo già assicurato con atr#No#No#BM#13#0#0#0#0#0#0#0#0#3,000,000
Zurich Connect - MOTO#117#2010-04-01#moto#5#100#moto#moto#si#100#persona fisica#m#34#AV#83010#CAPRIGLIA IRPINA#5#NO#IMPIEGATO #m#34#AV#83010#CAPRIGLIA IRPINA#veicolo già assicurato con atr#No#No#BM#13#0#0#0#0#0#0#0#0#3,000,000
Zurich Connect - MOTO#118#2010-04-01#moto#5#100#moto#moto#si#100#persona fisica#m#34#BA#70010#VALENZANO#5#NO#IMPIEGATO #m#34#BA#70010#VALENZANO#veicolo già assicurato con atr#No#No#BM#13#0#0#0#0#0#0#0#0#3,000,000
Zurich Connect - MOTO#119#2010-04-01#moto#5#100#moto#moto#si#100#persona fisica#m#34#BG#24010#ALGUA#5#NO#IMPIEGATO #m#34#BG#24010#ALGUA#veicolo già assicurato con atr#No#No#BM#13#0#0#0#0#0#0#0#0#3,000,000
Zurich Connect - MOTO#120#2010-04-01#moto#5#100#moto#moto#si#100#persona fisica#m#34#BI#13882#CERRIONE#5#NO#IMPIEGATO #m#34#BI#13882#CERRIONE#veicolo già assicurato con atr#No#No#BM#13#0#0#0#0#0#0#0#0#3,000,000
Zurich Connect - MOTO#121#2010-04-01#moto#5#100#moto#moto#si#100#persona fisica#m#34#BL#32031#ALANO DI PIAVE#5#NO#IMPIEGATO #m#34#BL#32031#ALANO DI PIAVE#veicolo già assicurato con atr#No#No#BM#13#0#0#0#0#0#0#0#0#3,000,000
Zurich Connect - MOTO#122#2010-04-01#moto#5#100#moto#moto#si#100#persona fisica#m#34#BN#82010#ARPAISE#5#NO#IMPIEGATO #m#34#BN#82010#ARPAISE#veicolo già assicurato con atr#No#No#BM#13#0#0#0#0#0#0#0#0#3,000,000
Zurich Connect - MOTO#123#2010-04-01#moto#5#100#moto#moto#si#100#persona fisica#m#34#BO#40010#BENTIVOGLIO#5#NO#IMPIEGATO #m#34#BO#40010#BENTIVOGLIO#veicolo già assicurato con atr#No#No#BM#13#0#0#0#0#0#0#0#0#3,000,000
Zurich Connect - MOTO#124#2010-04-01#moto#5#100#moto#moto#si#100#persona fisica#m#34#BR#72012#CAROVIGNO#5#NO#IMPIEGATO #m#34#BR#72012#CAROVIGNO#veicolo già assicurato con atr#No#No#BM#13#0#0#0#0#0#0#0#0#3,000,000
Zurich Connect - MOTO#125#2010-04-01#moto#5#100#moto#moto#si#100#persona fisica#m#34#BS#25010#ACQUAFREDDA#5#NO#IMPIEGATO #m#34#BS#25010#ACQUAFREDDA#veicolo già assicurato con atr#No#No#BM#13#0#0#0#0#0#0#0#0#3,000,000
Zurich Connect - MOTO#126#2010-04-01#moto#5#100#moto#moto#si#100#persona fisica#m#34#BZ#39043#CHIUSA#5#NO#IMPIEGATO #m#34#BZ#39043#CHIUSA#veicolo già assicurato con atr#No#No#BM#13#0#0#0#0#0#0#0#0#3,000,000
Zurich Connect - MOTO#127#2010-04-01#moto#5#100#moto#moto#si#100#persona fisica#m#34#CA#09019#TEULADA#5#NO#IMPIEGATO #m#34#CA#09019#TEULADA#veicolo già assicurato con atr#No#No#BM#13#0#0#0#0#0#0#0#0#3,000,000
Zurich Connect - MOTO#128#2010-04-01#moto#5#100#moto#moto#si#100#persona fisica#m#34#CB#86010#BUSSO#5#NO#IMPIEGATO #m#34#CB#86010#BUSSO#veicolo già assicurato con atr#No#No#BM#13#0#0#0#0#0#0#0#0#3,000,000
Zurich Connect - MOTO#129#2010-04-01#moto#5#100#moto#moto#si#100#persona fisica#m#34#CE#81010#AILANO#5#NO#IMPIEGATO #m#34#CE#81010#AILANO#veicolo già assicurato con atr#No#No#BM#13#0#0#0#0#0#0#0#0#3,000,000
Zurich Connect - MOTO#130#2010-04-01#moto#5#100#moto#moto#si#100#persona fisica#m#34#CH#66010#ARI#5#NO#IMPIEGATO #m#34#CH#66010#ARI#veicolo già assicurato con atr#No#No#BM#13#0#0#0#0#0#0#0#0#3,000,000
Zurich Connect - MOTO#131#2010-04-01#moto#5#100#moto#moto#si#100#persona fisica#m#34#CL#93010#ACQUAVIVA PLATANI#5#NO#IMPIEGATO #m#34#CL#93010#ACQUAVIVA PLATANI#veicolo già assicurato con atr#No#No#BM#13#0#0#0#0#0#0#0#0#3,000,000
Zurich Connect - MOTO#132#2010-04-01#moto#5#100#moto#moto#si#100#persona fisica#m#34#CN#12010#AISONE#5#NO#IMPIEGATO #m#34#CN#12010#AISONE#veicolo già assicurato con atr#No#No#BM#13#0#0#0#0#0#0#0#0#3,000,000
Zurich Connect - MOTO#133#2010-04-01#moto#5#100#moto#moto#si#100#persona fisica#m#34#CO#22016#LENNO#5#NO#IMPIEGATO #m#34#CO#22016#LENNO#veicolo già assicurato con atr#No#No#BM#13#0#0#0#0#0#0#0#0#3,000,000
Zurich Connect - MOTO#134#2010-04-01#moto#5#100#moto#moto#si#100#persona fisica#m#34#CR#26010#AZZANELLO#5#NO#IMPIEGATO #m#34#CR#26010#AZZANELLO#veicolo già assicurato con atr#No#No#BM#13#0#0#0#0#0#0#0#0#3,000,000
Zurich Connect - MOTO#135#2010-04-01#moto#5#100#moto#moto#si#100#persona fisica#m#34#CS#87010#ACQUAFORMOSA#5#NO#IMPIEGATO #m#34#CS#87010#ACQUAFORMOSA#veicolo già assicurato con atr#No#No#BM#13#0#0#0#0#0#0#0#0#3,000,000
Zurich Connect - MOTO#136#2010-04-01#moto#5#100#moto#moto#si#100#persona fisica#m#34#CT#95024#ACIREALE#5#NO#IMPIEGATO #m#34#CT#95024#ACIREALE#veicolo già assicurato con atr#No#No#BM#13#0#0#0#0#0#0#0#0#3,000,000
Zurich Connect - MOTO#137#2010-04-01#moto#5#100#moto#moto#si#100#persona fisica#m#34#CZ#88040#CICALA#5#NO#IMPIEGATO #m#34#CZ#88040#CICALA#veicolo già assicurato con atr#No#No#BM#13#0#0#0#0#0#0#0#0#3,000,000
Zurich Connect - MOTO#138#2010-04-01#moto#5#100#moto#moto#si#100#persona fisica#m#34#EN#94010#AIDONE#5#NO#IMPIEGATO #m#34#EN#94010#AIDONE#veicolo già assicurato con atr#No#No#BM#13#0#0#0#0#0#0#0#0#3,000,000
Zurich Connect - MOTO#139#2010-04-01#moto#5#100#moto#moto#si#100#persona fisica#m#34#FE#44011#ARGENTA#5#NO#IMPIEGATO #m#34#FE#44011#ARGENTA#veicolo già assicurato con atr#No#No#BM#13#0#0#0#0#0#0#0#0#3,000,000
Zurich Connect - MOTO#140#2010-04-01#moto#5#100#moto#moto#si#100#persona fisica#m#34#FG#71021#ACCADIA#5#NO#IMPIEGATO #m#34#FG#71021#ACCADIA#veicolo già assicurato con atr#No#No#BM#13#0#0#0#0#0#0#0#0#3,000,000
Zurich Connect - MOTO#141#2010-04-01#moto#5#100#moto#moto#si#100#persona fisica#m#34#FI#50058#SIGNA#5#NO#IMPIEGATO #m#34#FI#50058#SIGNA#veicolo già assicurato con atr#No#No#BM#13#0#0#0#0#0#0#0#0#3,000,000
Zurich Connect - MOTO#142#2010-04-01#moto#5#100#moto#moto#si#100#persona fisica#m#34#FO#47042#CESENATICO#5#NO#IMPIEGATO #m#34#FO#47042#CESENATICO#veicolo già assicurato con atr#No#No#BM#13#0#0#0#0#0#0#0#0#3,000,000
Zurich Connect - MOTO#143#2010-04-01#moto#5#100#moto#moto#si#100#persona fisica#m#34#FR#03010#ACUTO#5#NO#IMPIEGATO #m#34#FR#03010#ACUTO#veicolo già assicurato con atr#No#No#BM#13#0#0#0#0#0#0#0#0#3,000,000
Zurich Connect - MOTO#144#2010-04-01#moto#5#100#moto#moto#si#100#persona fisica#m#34#GE#16010#CROCEFIESCHI#5#NO#IMPIEGATO #m#34#GE#16010#CROCEFIESCHI#veicolo già assicurato con atr#No#No#BM#13#0#0#0#0#0#0#0#0#3,000,000
Zurich Connect - MOTO#145#2010-04-01#moto#5#100#moto#moto#si#100#persona fisica#m#34#GO#34070#CAPRIVA DEL FRIULI#5#NO#IMPIEGATO #m#34#GO#34070#CAPRIVA DEL FRIULI#veicolo già assicurato con atr#No#No#BM#13#0#0#0#0#0#0#0#0#3,000,000
Zurich Connect - MOTO#146#2010-04-01#moto#5#100#moto#moto#si#100#persona fisica#m#34#GR#58031#ARCIDOSSO#5#NO#IMPIEGATO #m#34#GR#58031#ARCIDOSSO#veicolo già assicurato con atr#No#No#BM#13#0#0#0#0#0#0#0#0#3,000,000
Zurich Connect - MOTO#147#2010-04-01#moto#5#100#moto#moto#si#100#persona fisica#m#34#IM#18030#AIROLE#5#NO#IMPIEGATO #m#34#IM#18030#AIROLE#veicolo già assicurato con atr#No#No#BM#13#0#0#0#0#0#0#0#0#3,000,000
Zurich Connect - MOTO#148#2010-04-01#moto#5#100#moto#moto#si#100#persona fisica#m#34#IS#86081#AGNONE#5#NO#IMPIEGATO #m#34#IS#86081#AGNONE#veicolo già assicurato con atr#No#No#BM#13#0#0#0#0#0#0#0#0#3,000,000
Zurich Connect - MOTO#149#2010-04-01#moto#5#100#moto#moto#si#100#persona fisica#m#34#KR#88842#CUTRO#5#NO#IMPIEGATO #m#34#KR#88842#CUTRO#veicolo già assicurato con atr#No#No#BM#13#0#0#0#0#0#0#0#0#3,000,000
Zurich Connect - MOTO#150#2010-04-01#moto#5#100#moto#moto#si#100#persona fisica#m#34#LC#23841#ANNONE DI BRIANZA#5#NO#IMPIEGATO #m#34#LC#23841#ANNONE DI BRIANZA#veicolo già assicurato con atr#No#No#BM#13#0#0#0#0#0#0#0#0#3,000,000
Zurich Connect - MOTO#151#2010-04-01#moto#5#100#moto#moto#si#100#persona fisica#m#34#LE#73010#ARNESANO#5#NO#IMPIEGATO #m#34#LE#73010#ARNESANO#veicolo già assicurato con atr#No#No#BM#13#0#0#0#0#0#0#0#0#3,000,000
Zurich Connect - MOTO#152#2010-04-01#moto#5#100#moto#moto#si#100#persona fisica#m#34#LI#57020#BIBBONA#5#NO#IMPIEGATO #m#34#LI#57020#BIBBONA#veicolo già assicurato con atr#No#No#BM#13#0#0#0#0#0#0#0#0#3,000,000
Zurich Connect - MOTO#153#2010-04-01#moto#5#100#moto#moto#si#100#persona fisica#m#34#LO#26821#BERTONICO#5#NO#IMPIEGATO #m#34#LO#26821#BERTONICO#veicolo già assicurato con atr#No#No#BM#13#0#0#0#0#0#0#0#0#3,000,000
Zurich Connect - MOTO#154#2010-04-01#moto#5#100#moto#moto#si#100#persona fisica#m#34#LT#04011#APRILIA#5#NO#IMPIEGATO #m#34#LT#04011#APRILIA#veicolo già assicurato con atr#No#No#BM#13#0#0#0#0#0#0#0#0#3,000,000
Zurich Connect - MOTO#155#2010-04-01#moto#5#100#moto#moto#si#100#persona fisica#m#34#LU#55011#ALTOPASCIO#5#NO#IMPIEGATO #m#34#LU#55011#ALTOPASCIO#veicolo già assicurato con atr#No#No#BM#13#0#0#0#0#0#0#0#0#3,000,000
Zurich Connect - MOTO#156#2010-04-01#moto#5#100#moto#moto#si#100#persona fisica#m#34#MC#62024#MATELICA#5#NO#IMPIEGATO #m#34#MC#62024#MATELICA#veicolo già assicurato con atr#No#No#BM#13#0#0#0#0#0#0#0#0#3,000,000
Zurich Connect - MOTO#157#2010-04-01#moto#5#100#moto#moto#si#100#persona fisica#m#34#ME#98072#CARONIA#5#NO#IMPIEGATO #m#34#ME#98072#CARONIA#veicolo già assicurato con atr#No#No#BM#13#0#0#0#0#0#0#0#0#3,000,000
Zurich Connect - MOTO#158#2010-04-01#moto#5#100#moto#moto#si#100#persona fisica#m#34#MI#20010#ARLUNO#5#NO#IMPIEGATO #m#34#MI#20010#ARLUNO#veicolo già assicurato con atr#No#No#BM#13#0#0#0#0#0#0#0#0#3,000,000
Zurich Connect - MOTO#159#2010-04-01#moto#5#100#moto#moto#si#100#persona fisica#m#34#MN#46011#ACQUANEGRA SUL CHIESE#5#NO#IMPIEGATO #m#34#MN#46011#ACQUANEGRA SUL CHIESE#veicolo già assicurato con atr#No#No#BM#13#0#0#0#0#0#0#0#0#3,000,000
Zurich Connect - MOTO#160#2010-04-01#moto#5#100#moto#moto#si#100#persona fisica#m#34#MO#41030#BASTIGLIA#5#NO#IMPIEGATO #m#34#MO#41030#BASTIGLIA#veicolo già assicurato con atr#No#No#BM#13#0#0#0#0#0#0#0#0#3,000,000
Zurich Connect - MOTO#161#2010-04-01#moto#5#100#moto#moto#si#100#persona fisica#m#34#MS#54021#BAGNONE#5#NO#IMPIEGATO #m#34#MS#54021#BAGNONE#veicolo già assicurato con atr#No#No#BM#13#0#0#0#0#0#0#0#0#3,000,000
Zurich Connect - MOTO#162#2010-04-01#moto#5#100#moto#moto#si#100#persona fisica#m#34#MT#75011#ACCETTURA#5#NO#IMPIEGATO #m#34#MT#75011#ACCETTURA#veicolo già assicurato con atr#No#No#BM#13#0#0#0#0#0#0#0#0#3,000,000
Zurich Connect - MOTO#163#2010-04-01#moto#5#100#moto#moto#si#100#persona fisica#m#34#NA#80075#FORIO#5#NO#IMPIEGATO #m#34#NA#80075#FORIO#veicolo già assicurato con atr#No#No#BM#13#0#0#0#0#0#0#0#0#3,000,000
Zurich Connect - MOTO#164#2010-04-01#moto#5#100#moto#moto#si#100#persona fisica#m#34#NO#28010#AGRATE CONTURBIA#5#NO#IMPIEGATO #m#34#NO#28010#AGRATE CONTURBIA#veicolo già assicurato con atr#No#No#BM#13#0#0#0#0#0#0#0#0#3,000,000
Zurich Connect - MOTO#165#2010-04-01#moto#5#100#moto#moto#si#100#persona fisica#m#34#NU#08010#BIRORI#5#NO#IMPIEGATO #m#34#NU#08010#BIRORI#veicolo già assicurato con atr#No#No#BM#13#0#0#0#0#0#0#0#0#3,000,000
Zurich Connect - MOTO#166#2010-04-01#moto#5#100#moto#moto#si#100#persona fisica#m#34#OR#09070#AIDOMAGGIORE#5#NO#IMPIEGATO #m#34#OR#09070#AIDOMAGGIORE#veicolo già assicurato con atr#No#No#BM#13#0#0#0#0#0#0#0#0#3,000,000
Zurich Connect - MOTO#167#2010-04-01#moto#5#100#moto#moto#si#100#persona fisica#m#34#PA#90010#ALTAVILLA MILICIA#5#NO#IMPIEGATO #m#34#PA#90010#ALTAVILLA MILICIA#veicolo già assicurato con atr#No#No#BM#13#0#0#0#0#0#0#0#0#3,000,000
Zurich Connect - MOTO#168#2010-04-01#moto#5#100#moto#moto#si#100#persona fisica#m#34#PC#29010#AGAZZANO#5#NO#IMPIEGATO #m#34#PC#29010#AGAZZANO#veicolo già assicurato con atr#No#No#BM#13#0#0#0#0#0#0#0#0#3,000,000
Zurich Connect - MOTO#169#2010-04-01#moto#5#100#moto#moto#si#100#persona fisica#m#34#PD#35040#BARBONA#5#NO#IMPIEGATO #m#34#PD#35040#BARBONA#veicolo già assicurato con atr#No#No#BM#13#0#0#0#0#0#0#0#0#3,000,000
Zurich Connect - MOTO#170#2010-04-01#moto#5#100#moto#moto#si#100#persona fisica#m#34#PE#65010#BRITTOLI#5#NO#IMPIEGATO #m#34#PE#65010#BRITTOLI#veicolo già assicurato con atr#No#No#BM#13#0#0#0#0#0#0#0#0#3,000,000
Zurich Connect - MOTO#171#2010-04-01#moto#5#100#moto#moto#si#100#persona fisica#m#34#PG#06010#CITERNA#5#NO#IMPIEGATO #m#34#PG#06010#CITERNA#veicolo già assicurato con atr#No#No#BM#13#0#0#0#0#0#0#0#0#3,000,000
Zurich Connect - MOTO#172#2010-04-01#moto#5#100#moto#moto#si#100#persona fisica#m#34#PI#56032#BUTI#5#NO#IMPIEGATO #m#34#PI#56032#BUTI#veicolo già assicurato con atr#No#No#BM#13#0#0#0#0#0#0#0#0#3,000,000
Zurich Connect - MOTO#173#2010-04-01#moto#5#100#moto#moto#si#100#persona fisica#m#34#PN#33070#BRUGNERA#5#NO#IMPIEGATO #m#34#PN#33070#BRUGNERA#veicolo già assicurato con atr#No#No#BM#13#0#0#0#0#0#0#0#0#3,000,000
Zurich Connect - MOTO#174#2010-04-01#moto#5#100#moto#moto#si#100#persona fisica#m#34#PO#59013#MONTEMURLO#5#NO#IMPIEGATO #m#34#PO#59013#MONTEMURLO#veicolo già assicurato con atr#No#No#BM#13#0#0#0#0#0#0#0#0#3,000,000
Zurich Connect - MOTO#175#2010-04-01#moto#5#100#moto#moto#si#100#persona fisica#m#34#PR#43051#ALBARETO#5#NO#IMPIEGATO #m#34#PR#43051#ALBARETO#veicolo già assicurato con atr#No#No#BM#13#0#0#0#0#0#0#0#0#3,000,000
Zurich Connect - MOTO#176#2010-04-01#moto#5#100#moto#moto#si#100#persona fisica#m#34#PS#61032#FANO#5#NO#IMPIEGATO #m#34#PS#61032#FANO#veicolo già assicurato con atr#No#No#BM#13#0#0#0#0#0#0#0#0#3,000,000
Zurich Connect - MOTO#177#2010-04-01#moto#5#100#moto#moto#si#100#persona fisica#m#34#PT#51021#ABETONE#5#NO#IMPIEGATO #m#34#PT#51021#ABETONE#veicolo già assicurato con atr#No#No#BM#13#0#0#0#0#0#0#0#0#3,000,000
Zurich Connect - MOTO#178#2010-04-01#moto#5#100#moto#moto#si#100#persona fisica#m#34#PV#27010#ALBUZZANO#5#NO#IMPIEGATO #m#34#PV#27010#ALBUZZANO#veicolo già assicurato con atr#No#No#BM#13#0#0#0#0#0#0#0#0#3,000,000
Zurich Connect - MOTO#179#2010-04-01#moto#5#100#moto#moto#si#100#persona fisica#m#34#PZ#85010#ABRIOLA#5#NO#IMPIEGATO #m#34#PZ#85010#ABRIOLA#veicolo già assicurato con atr#No#No#BM#13#0#0#0#0#0#0#0#0#3,000,000
Zurich Connect - MOTO#180#2010-04-01#moto#5#100#moto#moto#si#100#persona fisica#m#34#RA#48010#BAGNARA DI ROMAGNA#5#NO#IMPIEGATO #m#34#RA#48010#BAGNARA DI ROMAGNA#veicolo già assicurato con atr#No#No#BM#13#0#0#0#0#0#0#0#0#3,000,000
Zurich Connect - MOTO#181#2010-04-01#moto#5#100#moto#moto#si#100#persona fisica#m#34#RC#89030#AFRICO#5#NO#IMPIEGATO #m#34#RC#89030#AFRICO#veicolo già assicurato con atr#No#No#BM#13#0#0#0#0#0#0#0#0#3,000,000
Zurich Connect - MOTO#182#2010-04-01#moto#5#100#moto#moto#si#100#persona fisica#m#34#RE#42020#ALBINEA#5#NO#IMPIEGATO #m#34#RE#42020#ALBINEA#veicolo già assicurato con atr#No#No#BM#13#0#0#0#0#0#0#0#0#3,000,000
Zurich Connect - MOTO#183#2010-04-01#moto#5#100#moto#moto#si#100#persona fisica#m#34#RG#97011#ACATE#5#NO#IMPIEGATO #m#34#RG#97011#ACATE#veicolo già assicurato con atr#No#No#BM#13#0#0#0#0#0#0#0#0#3,000,000
Zurich Connect - MOTO#184#2010-04-01#moto#5#100#moto#moto#si#100#persona fisica#m#34#RI#02010#BORBONA#5#NO#IMPIEGATO #m#34#RI#02010#BORBONA#veicolo già assicurato con atr#No#No#BM#13#0#0#0#0#0#0#0#0#3,000,000
Zurich Connect - MOTO#185#2010-04-01#moto#5#100#moto#moto#si#100#persona fisica#m#34#RM#00010#CASAPE#5#NO#IMPIEGATO #m#34#RM#00010#CASAPE#veicolo già assicurato con atr#No#No#BM#13#0#0#0#0#0#0#0#0#3,000,000
Zurich Connect - MOTO#186#2010-04-01#moto#5#100#moto#moto#si#100#persona fisica#m#34#RN#47841#CATTOLICA#5#NO#IMPIEGATO #m#34#RN#47841#CATTOLICA#veicolo già assicurato con atr#No#No#BM#13#0#0#0#0#0#0#0#0#3,000,000
Zurich Connect - MOTO#187#2010-04-01#moto#5#100#moto#moto#si#100#persona fisica#m#34#RO#45011#ADRIA#5#NO#IMPIEGATO #m#34#RO#45011#ADRIA#veicolo già assicurato con atr#No#No#BM#13#0#0#0#0#0#0#0#0#3,000,000
Zurich Connect - MOTO#188#2010-04-01#moto#5#100#moto#moto#si#100#persona fisica#m#34#SA#84010#ATRANI#5#NO#IMPIEGATO #m#34#SA#84010#ATRANI#veicolo già assicurato con atr#No#No#BM#13#0#0#0#0#0#0#0#0#3,000,000
Zurich Connect - MOTO#189#2010-04-01#moto#5#100#moto#moto#si#100#persona fisica#m#34#SI#53021#ABBADIA SAN SALVATORE#5#NO#IMPIEGATO #m#34#SI#53021#ABBADIA SAN SALVATORE#veicolo già assicurato con atr#No#No#BM#13#0#0#0#0#0#0#0#0#3,000,000
Zurich Connect - MOTO#190#2010-04-01#moto#5#100#moto#moto#si#100#persona fisica#m#34#SO#23010#ALBAREDO PER SAN MARCO#5#NO#IMPIEGATO #m#34#SO#23010#ALBAREDO PER SAN MARCO#veicolo già assicurato con atr#No#No#BM#13#0#0#0#0#0#0#0#0#3,000,000
Zurich Connect - MOTO#191#2010-04-01#moto#5#100#moto#moto#si#100#persona fisica#m#34#SP#19031#AMEGLIA#5#NO#IMPIEGATO #m#34#SP#19031#AMEGLIA#veicolo già assicurato con atr#No#No#BM#13#0#0#0#0#0#0#0#0#3,000,000
Zurich Connect - MOTO#192#2010-04-01#moto#5#100#moto#moto#si#100#persona fisica#m#34#SR#96011#AUGUSTA#5#NO#IMPIEGATO #m#34#SR#96011#AUGUSTA#veicolo già assicurato con atr#No#No#BM#13#0#0#0#0#0#0#0#0#3,000,000
Zurich Connect - MOTO#193#2010-04-01#moto#5#100#moto#moto#si#100#persona fisica#m#34#SS#07010#ANELA#5#NO#IMPIEGATO #m#34#SS#07010#ANELA#veicolo già assicurato con atr#No#No#BM#13#0#0#0#0#0#0#0#0#3,000,000
Zurich Connect - MOTO#194#2010-04-01#moto#5#100#moto#moto#si#100#persona fisica#m#34#SV#17021#ALASSIO#5#NO#IMPIEGATO #m#34#SV#17021#ALASSIO#veicolo già assicurato con atr#No#No#BM#13#0#0#0#0#0#0#0#0#3,000,000
Zurich Connect - MOTO#195#2010-04-01#moto#5#100#moto#moto#si#100#persona fisica#m#34#TA#74020#AVETRANA#5#NO#IMPIEGATO #m#34#TA#74020#AVETRANA#veicolo già assicurato con atr#No#No#BM#13#0#0#0#0#0#0#0#0#3,000,000
Zurich Connect - MOTO#196#2010-04-01#moto#5#100#moto#moto#si#100#persona fisica#m#34#TE#64010#ANCARANO#5#NO#IMPIEGATO #m#34#TE#64010#ANCARANO#veicolo già assicurato con atr#No#No#BM#13#0#0#0#0#0#0#0#0#3,000,000
Zurich Connect - MOTO#197#2010-04-01#moto#5#100#moto#moto#si#100#persona fisica#m#34#TN#38010#ANDALO#5#NO#IMPIEGATO #m#34#TN#38010#ANDALO#veicolo già assicurato con atr#No#No#BM#13#0#0#0#0#0#0#0#0#3,000,000
Zurich Connect - MOTO#198#2010-04-01#moto#5#100#moto#moto#si#100#persona fisica#m#34#TO#10090#TRANA#5#NO#IMPIEGATO #m#34#TO#10090#TRANA#veicolo già assicurato con atr#No#No#BM#13#0#0#0#0#0#0#0#0#3,000,000
Zurich Connect - MOTO#199#2010-04-01#moto#5#100#moto#moto#si#100#persona fisica#m#34#TP#91011#ALCAMO#5#NO#IMPIEGATO #m#34#TP#91011#ALCAMO#veicolo già assicurato con atr#No#No#BM#13#0#0#0#0#0#0#0#0#3,000,000
Zurich Connect - MOTO#200#2010-04-01#moto#5#100#moto#moto#si#100#persona fisica#m#34#TR#05021#ACQUASPARTA#5#NO#IMPIEGATO #m#34#TR#05021#ACQUASPARTA#veicolo già assicurato con atr#No#No#BM#13#0#0#0#0#0#0#0#0#3,000,000
Zurich Connect - MOTO#201#2010-04-01#moto#5#100#moto#moto#si#100#persona fisica#m#34#TS#34011#AURISINA#5#NO#IMPIEGATO #m#34#TS#34011#AURISINA#veicolo già assicurato con atr#No#No#BM#13#0#0#0#0#0#0#0#0#3,000,000
Zurich Connect - MOTO#202#2010-04-01#moto#5#100#moto#moto#si#100#persona fisica#m#34#TV#31036#ISTRANA#5#NO#IMPIEGATO #m#34#TV#31036#ISTRANA#veicolo già assicurato con atr#No#No#BM#13#0#0#0#0#0#0#0#0#3,000,000
Zurich Connect - MOTO#203#2010-04-01#moto#5#100#moto#moto#si#100#persona fisica#m#34#UD#33053#LATISANA#5#NO#IMPIEGATO #m#34#UD#33053#LATISANA#veicolo già assicurato con atr#No#No#BM#13#0#0#0#0#0#0#0#0#3,000,000
Zurich Connect - MOTO#204#2010-04-01#moto#5#100#moto#moto#si#100#persona fisica#m#34#VA#21038#LEGGIUNO#5#NO#IMPIEGATO #m#34#VA#21038#LEGGIUNO#veicolo già assicurato con atr#No#No#BM#13#0#0#0#0#0#0#0#0#3,000,000
Zurich Connect - MOTO#205#2010-04-01#moto#5#100#moto#moto#si#100#persona fisica#m#34#VB#28895#MASSIOLA#5#NO#IMPIEGATO #m#34#VB#28895#MASSIOLA#veicolo già assicurato con atr#No#No#BM#13#0#0#0#0#0#0#0#0#3,000,000
Zurich Connect - MOTO#206#2010-04-01#moto#5#100#moto#moto#si#100#persona fisica#m#34#VC#13010#CARESANA#5#NO#IMPIEGATO #m#34#VC#13010#CARESANA#veicolo già assicurato con atr#No#No#BM#13#0#0#0#0#0#0#0#0#3,000,000
Zurich Connect - MOTO#207#2010-04-01#moto#5#100#moto#moto#si#100#persona fisica#m#34#VE#30175#MESTRE#5#NO#IMPIEGATO #m#34#VE#30175#MESTRE#veicolo già assicurato con atr#No#No#BM#13#0#0#0#0#0#0#0#0#3,000,000
Zurich Connect - MOTO#208#2010-04-01#moto#5#100#moto#moto#si#100#persona fisica#m#34#VI#36020#AGUGLIARO#5#NO#IMPIEGATO #m#34#VI#36020#AGUGLIARO#veicolo già assicurato con atr#No#No#BM#13#0#0#0#0#0#0#0#0#3,000,000
Zurich Connect - MOTO#209#2010-04-01#moto#5#100#moto#moto#si#100#persona fisica#m#34#VR#37010#AFFI#5#NO#IMPIEGATO #m#34#VR#37010#AFFI#veicolo già assicurato con atr#No#No#BM#13#0#0#0#0#0#0#0#0#3,000,000
Zurich Connect - MOTO#210#2010-04-01#moto#5#100#moto#moto#si#100#persona fisica#m#34#VT#01010#ARLENA DI CASTRO#5#NO#IMPIEGATO #m#34#VT#01010#ARLENA DI CASTRO#veicolo già assicurato con atr#No#No#BM#13#0#0#0#0#0#0#0#0#3,000,000
Zurich Connect - MOTO#211#2010-04-01#moto#5#100#moto#moto#si#100#persona fisica#m#34#VV#89832#ACQUARO#5#NO#IMPIEGATO #m#34#VV#89832#ACQUARO#veicolo già assicurato con atr#No#No#BM#13#0#0#0#0#0#0#0#0#3,000,000
Zurich Connect - MOTO#212#2010-04-01#moto#5#100#moto#moto#si#100#persona fisica#m#18#BO#40100#BOLOGNA#5#NO#IMPIEGATO #m#18#BO#40100#BOLOGNA#veicolo già assicurato con atr#No#No#BM#13#0#0#0#0#0#0#0#0#3,000,000
Zurich Connect - MOTO#213#2010-04-01#moto#5#100#moto#moto#si#100#persona fisica#m#19#BO#40100#BOLOGNA#5#NO#IMPIEGATO #m#19#BO#40100#BOLOGNA#veicolo già assicurato con atr#No#No#BM#13#0#0#0#0#0#0#0#0#3,000,000
Zurich Connect - MOTO#214#2010-04-01#moto#5#100#moto#moto#si#100#persona fisica#m#20#BO#40100#BOLOGNA#5#NO#IMPIEGATO #m#20#BO#40100#BOLOGNA#veicolo già assicurato con atr#No#No#BM#13#0#0#0#0#0#0#0#0#3,000,000
Zurich Connect - MOTO#215#2010-04-01#moto#5#100#moto#moto#si#100#persona fisica#m#21#BO#40100#BOLOGNA#5#NO#IMPIEGATO #m#21#BO#40100#BOLOGNA#veicolo già assicurato con atr#No#No#BM#13#0#0#0#0#0#0#0#0#3,000,000
Zurich Connect - MOTO#216#2010-04-01#moto#5#100#moto#moto#si#100#persona fisica#m#22#BO#40100#BOLOGNA#5#NO#IMPIEGATO #m#22#BO#40100#BOLOGNA#veicolo già assicurato con atr#No#No#BM#13#0#0#0#0#0#0#0#0#3,000,000
Zurich Connect - MOTO#217#2010-04-01#moto#5#100#moto#moto#si#100#persona fisica#m#23#BO#40100#BOLOGNA#5#NO#IMPIEGATO #m#23#BO#40100#BOLOGNA#veicolo già assicurato con atr#No#No#BM#13#0#0#0#0#0#0#0#0#3,000,000
Zurich Connect - MOTO#218#2010-04-01#moto#5#100#moto#moto#si#100#persona fisica#m#24#BO#40100#BOLOGNA#5#NO#IMPIEGATO #m#24#BO#40100#BOLOGNA#veicolo già assicurato con atr#No#No#BM#13#0#0#0#0#0#0#0#0#3,000,000
Zurich Connect - MOTO#219#2010-04-01#moto#5#100#moto#moto#si#100#persona fisica#m#25#BO#40100#BOLOGNA#5#NO#IMPIEGATO #m#25#BO#40100#BOLOGNA#veicolo già assicurato con atr#No#No#BM#13#0#0#0#0#0#0#0#0#3,000,000
Zurich Connect - MOTO#220#2010-04-01#moto#5#100#moto#moto#si#100#persona fisica#m#26#BO#40100#BOLOGNA#5#NO#IMPIEGATO #m#26#BO#40100#BOLOGNA#veicolo già assicurato con atr#No#No#BM#13#0#0#0#0#0#0#0#0#3,000,000
Zurich Connect - MOTO#221#2010-04-01#moto#5#100#moto#moto#si#100#persona fisica#m#27#BO#40100#BOLOGNA#5#NO#IMPIEGATO #m#27#BO#40100#BOLOGNA#veicolo già assicurato con atr#No#No#BM#13#0#0#0#0#0#0#0#0#3,000,000
Zurich Connect - MOTO#222#2010-04-01#moto#5#100#moto#moto#si#100#persona fisica#m#28#BO#40100#BOLOGNA#5#NO#IMPIEGATO #m#28#BO#40100#BOLOGNA#veicolo già assicurato con atr#No#No#BM#13#0#0#0#0#0#0#0#0#3,000,000
Zurich Connect - MOTO#223#2010-04-01#moto#5#100#moto#moto#si#100#persona fisica#m#29#BO#40100#BOLOGNA#5#NO#IMPIEGATO #m#29#BO#40100#BOLOGNA#veicolo già assicurato con atr#No#No#BM#13#0#0#0#0#0#0#0#0#3,000,000
Zurich Connect - MOTO#224#2010-04-01#moto#5#100#moto#moto#si#100#persona fisica#m#30#BO#40100#BOLOGNA#5#NO#IMPIEGATO #m#30#BO#40100#BOLOGNA#veicolo già assicurato con atr#No#No#BM#13#0#0#0#0#0#0#0#0#3,000,000
Zurich Connect - MOTO#225#2010-04-01#moto#5#100#moto#moto#si#100#persona fisica#m#31#BO#40100#BOLOGNA#5#NO#IMPIEGATO #m#31#BO#40100#BOLOGNA#veicolo già assicurato con atr#No#No#BM#13#0#0#0#0#0#0#0#0#3,000,000
Zurich Connect - MOTO#226#2010-04-01#moto#5#100#moto#moto#si#100#persona fisica#m#32#BO#40100#BOLOGNA#5#NO#IMPIEGATO #m#32#BO#40100#BOLOGNA#veicolo già assicurato con atr#No#No#BM#13#0#0#0#0#0#0#0#0#3,000,000
Zurich Connect - MOTO#227#2010-04-01#moto#5#100#moto#moto#si#100#persona fisica#m#33#BO#40100#BOLOGNA#5#NO#IMPIEGATO #m#33#BO#40100#BOLOGNA#veicolo già assicurato con atr#No#No#BM#13#0#0#0#0#0#0#0#0#3,000,000
Zurich Connect - MOTO#228#2010-04-01#moto#5#100#moto#moto#si#100#persona fisica#m#34#BO#40100#BOLOGNA#5#NO#IMPIEGATO #m#34#BO#40100#BOLOGNA#veicolo già assicurato con atr#No#No#BM#13#0#0#0#0#0#0#0#0#3,000,000
Zurich Connect - MOTO#229#2010-04-01#moto#5#100#moto#moto#si#100#persona fisica#m#35#BO#40100#BOLOGNA#5#NO#IMPIEGATO #m#35#BO#40100#BOLOGNA#veicolo già assicurato con atr#No#No#BM#13#0#0#0#0#0#0#0#0#3,000,000
Zurich Connect - MOTO#230#2010-04-01#moto#5#100#moto#moto#si#100#persona fisica#m#36#BO#40100#BOLOGNA#5#NO#IMPIEGATO #m#36#BO#40100#BOLOGNA#veicolo già assicurato con atr#No#No#BM#13#0#0#0#0#0#0#0#0#3,000,000
Zurich Connect - MOTO#231#2010-04-01#moto#5#100#moto#moto#si#100#persona fisica#m#37#BO#40100#BOLOGNA#5#NO#IMPIEGATO #m#37#BO#40100#BOLOGNA#veicolo già assicurato con atr#No#No#BM#13#0#0#0#0#0#0#0#0#3,000,000
Zurich Connect - MOTO#232#2010-04-01#moto#5#100#moto#moto#si#100#persona fisica#m#38#BO#40100#BOLOGNA#5#NO#IMPIEGATO #m#38#BO#40100#BOLOGNA#veicolo già assicurato con atr#No#No#BM#13#0#0#0#0#0#0#0#0#3,000,000
Zurich Connect - MOTO#233#2010-04-01#moto#5#100#moto#moto#si#100#persona fisica#m#39#BO#40100#BOLOGNA#5#NO#IMPIEGATO #m#39#BO#40100#BOLOGNA#veicolo già assicurato con atr#No#No#BM#13#0#0#0#0#0#0#0#0#3,000,000
Zurich Connect - MOTO#234#2010-04-01#moto#5#100#moto#moto#si#100#persona fisica#m#40#BO#40100#BOLOGNA#5#NO#IMPIEGATO #m#40#BO#40100#BOLOGNA#veicolo già assicurato con atr#No#No#BM#13#0#0#0#0#0#0#0#0#3,000,000
Zurich Connect - MOTO#235#2010-04-01#moto#5#100#moto#moto#si#100#persona fisica#m#41#BO#40100#BOLOGNA#5#NO#IMPIEGATO #m#41#BO#40100#BOLOGNA#veicolo già assicurato con atr#No#No#BM#13#0#0#0#0#0#0#0#0#3,000,000
Zurich Connect - MOTO#236#2010-04-01#moto#5#100#moto#moto#si#100#persona fisica#m#42#BO#40100#BOLOGNA#5#NO#IMPIEGATO #m#42#BO#40100#BOLOGNA#veicolo già assicurato con atr#No#No#BM#13#0#0#0#0#0#0#0#0#3,000,000
Zurich Connect - MOTO#237#2010-04-01#moto#5#100#moto#moto#si#100#persona fisica#m#43#BO#40100#BOLOGNA#5#NO#IMPIEGATO #m#43#BO#40100#BOLOGNA#veicolo già assicurato con atr#No#No#BM#13#0#0#0#0#0#0#0#0#3,000,000
Zurich Connect - MOTO#238#2010-04-01#moto#5#100#moto#moto#si#100#persona fisica#m#44#BO#40100#BOLOGNA#5#NO#IMPIEGATO #m#44#BO#40100#BOLOGNA#veicolo già assicurato con atr#No#No#BM#13#0#0#0#0#0#0#0#0#3,000,000
Zurich Connect - MOTO#239#2010-04-01#moto#5#100#moto#moto#si#100#persona fisica#m#45#BO#40100#BOLOGNA#5#NO#IMPIEGATO #m#45#BO#40100#BOLOGNA#veicolo già assicurato con atr#No#No#BM#13#0#0#0#0#0#0#0#0#3,000,000
Zurich Connect - MOTO#240#2010-04-01#moto#5#100#moto#moto#si#100#persona fisica#m#46#BO#40100#BOLOGNA#5#NO#IMPIEGATO #m#46#BO#40100#BOLOGNA#veicolo già assicurato con atr#No#No#BM#13#0#0#0#0#0#0#0#0#3,000,000
Zurich Connect - MOTO#241#2010-04-01#moto#5#100#moto#moto#si#100#persona fisica#m#47#BO#40100#BOLOGNA#5#NO#IMPIEGATO #m#47#BO#40100#BOLOGNA#veicolo già assicurato con atr#No#No#BM#13#0#0#0#0#0#0#0#0#3,000,000
Zurich Connect - MOTO#242#2010-04-01#moto#5#100#moto#moto#si#100#persona fisica#m#48#BO#40100#BOLOGNA#5#NO#IMPIEGATO #m#48#BO#40100#BOLOGNA#veicolo già assicurato con atr#No#No#BM#13#0#0#0#0#0#0#0#0#3,000,000
Zurich Connect - MOTO#243#2010-04-01#moto#5#100#moto#moto#si#100#persona fisica#m#49#BO#40100#BOLOGNA#5#NO#IMPIEGATO #m#49#BO#40100#BOLOGNA#veicolo già assicurato con atr#No#No#BM#13#0#0#0#0#0#0#0#0#3,000,000
Zurich Connect - MOTO#244#2010-04-01#moto#5#100#moto#moto#si#100#persona fisica#m#50#BO#40100#BOLOGNA#5#NO#IMPIEGATO #m#50#BO#40100#BOLOGNA#veicolo già assicurato con atr#No#No#BM#13#0#0#0#0#0#0#0#0#3,000,000
Zurich Connect - MOTO#245#2010-04-01#moto#5#100#moto#moto#si#100#persona fisica#m#51#BO#40100#BOLOGNA#5#NO#IMPIEGATO #m#51#BO#40100#BOLOGNA#veicolo già assicurato con atr#No#No#BM#13#0#0#0#0#0#0#0#0#3,000,000
Zurich Connect - MOTO#246#2010-04-01#moto#5#100#moto#moto#si#100#persona fisica#m#52#BO#40100#BOLOGNA#5#NO#IMPIEGATO #m#52#BO#40100#BOLOGNA#veicolo già assicurato con atr#No#No#BM#13#0#0#0#0#0#0#0#0#3,000,000
Zurich Connect - MOTO#247#2010-04-01#moto#5#100#moto#moto#si#100#persona fisica#m#53#BO#40100#BOLOGNA#5#NO#IMPIEGATO #m#53#BO#40100#BOLOGNA#veicolo già assicurato con atr#No#No#BM#13#0#0#0#0#0#0#0#0#3,000,000
Zurich Connect - MOTO#248#2010-04-01#moto#5#100#moto#moto#si#100#persona fisica#m#54#BO#40100#BOLOGNA#5#NO#IMPIEGATO #m#54#BO#40100#BOLOGNA#veicolo già assicurato con atr#No#No#BM#13#0#0#0#0#0#0#0#0#3,000,000
Zurich Connect - MOTO#249#2010-04-01#moto#5#100#moto#moto#si#100#persona fisica#m#55#BO#40100#BOLOGNA#5#NO#IMPIEGATO #m#55#BO#40100#BOLOGNA#veicolo già assicurato con atr#No#No#BM#13#0#0#0#0#0#0#0#0#3,000,000
Zurich Connect - MOTO#250#2010-04-01#moto#5#100#moto#moto#si#100#persona fisica#m#56#BO#40100#BOLOGNA#5#NO#IMPIEGATO #m#56#BO#40100#BOLOGNA#veicolo già assicurato con atr#No#No#BM#13#0#0#0#0#0#0#0#0#3,000,000
Zurich Connect - MOTO#251#2010-04-01#moto#5#100#moto#moto#si#100#persona fisica#m#57#BO#40100#BOLOGNA#5#NO#IMPIEGATO #m#57#BO#40100#BOLOGNA#veicolo già assicurato con atr#No#No#BM#13#0#0#0#0#0#0#0#0#3,000,000
Zurich Connect - MOTO#252#2010-04-01#moto#5#100#moto#moto#si#100#persona fisica#m#58#BO#40100#BOLOGNA#5#NO#IMPIEGATO #m#58#BO#40100#BOLOGNA#veicolo già assicurato con atr#No#No#BM#13#0#0#0#0#0#0#0#0#3,000,000
Zurich Connect - MOTO#253#2010-04-01#moto#5#100#moto#moto#si#100#persona fisica#m#59#BO#40100#BOLOGNA#5#NO#IMPIEGATO #m#59#BO#40100#BOLOGNA#veicolo già assicurato con atr#No#No#BM#13#0#0#0#0#0#0#0#0#3,000,000
Zurich Connect - MOTO#254#2010-04-01#moto#5#100#moto#moto#si#100#persona fisica#m#60#BO#40100#BOLOGNA#5#NO#IMPIEGATO #m#60#BO#40100#BOLOGNA#veicolo già assicurato con atr#No#No#BM#13#0#0#0#0#0#0#0#0#3,000,000
Zurich Connect - MOTO#255#2010-04-01#moto#5#100#moto#moto#si#100#persona fisica#m#61#BO#40100#BOLOGNA#5#NO#IMPIEGATO #m#61#BO#40100#BOLOGNA#veicolo già assicurato con atr#No#No#BM#13#0#0#0#0#0#0#0#0#3,000,000
Zurich Connect - MOTO#256#2010-04-01#moto#5#100#moto#moto#si#100#persona fisica#m#62#BO#40100#BOLOGNA#5#NO#IMPIEGATO #m#62#BO#40100#BOLOGNA#veicolo già assicurato con atr#No#No#BM#13#0#0#0#0#0#0#0#0#3,000,000
Zurich Connect - MOTO#257#2010-04-01#moto#5#100#moto#moto#si#100#persona fisica#m#63#BO#40100#BOLOGNA#5#NO#IMPIEGATO #m#63#BO#40100#BOLOGNA#veicolo già assicurato con atr#No#No#BM#13#0#0#0#0#0#0#0#0#3,000,000
Zurich Connect - MOTO#258#2010-04-01#moto#5#100#moto#moto#si#100#persona fisica#m#64#BO#40100#BOLOGNA#5#NO#IMPIEGATO #m#64#BO#40100#BOLOGNA#veicolo già assicurato con atr#No#No#BM#13#0#0#0#0#0#0#0#0#3,000,000
Zurich Connect - MOTO#259#2010-04-01#moto#5#100#moto#moto#si#100#persona fisica#m#65#BO#40100#BOLOGNA#5#NO#IMPIEGATO #m#65#BO#40100#BOLOGNA#veicolo già assicurato con atr#No#No#BM#13#0#0#0#0#0#0#0#0#3,000,000
Zurich Connect - MOTO#260#2010-04-01#moto#5#100#moto#moto#si#100#persona fisica#m#66#BO#40100#BOLOGNA#5#NO#IMPIEGATO #m#66#BO#40100#BOLOGNA#veicolo già assicurato con atr#No#No#BM#13#0#0#0#0#0#0#0#0#3,000,000
Zurich Connect - MOTO#261#2010-04-01#moto#5#100#moto#moto#si#100#persona fisica#m#67#BO#40100#BOLOGNA#5#NO#IMPIEGATO #m#67#BO#40100#BOLOGNA#veicolo già assicurato con atr#No#No#BM#13#0#0#0#0#0#0#0#0#3,000,000
Zurich Connect - MOTO#262#2010-04-01#moto#5#100#moto#moto#si#100#persona fisica#m#68#BO#40100#BOLOGNA#5#NO#IMPIEGATO #m#68#BO#40100#BOLOGNA#veicolo già assicurato con atr#No#No#BM#13#0#0#0#0#0#0#0#0#3,000,000
Zurich Connect - MOTO#263#2010-04-01#moto#5#100#moto#moto#si#100#persona fisica#m#69#BO#40100#BOLOGNA#5#NO#IMPIEGATO #m#69#BO#40100#BOLOGNA#veicolo già assicurato con atr#No#No#BM#13#0#0#0#0#0#0#0#0#3,000,000
Zurich Connect - MOTO#264#2010-04-01#moto#5#100#moto#moto#si#100#persona fisica#m#70#BO#40100#BOLOGNA#5#NO#IMPIEGATO #m#70#BO#40100#BOLOGNA#veicolo già assicurato con atr#No#No#BM#13#0#0#0#0#0#0#0#0#3,000,000
Zurich Connect - MOTO#265#2010-04-01#moto#5#100#moto#moto#si#100#persona fisica#m#71#BO#40100#BOLOGNA#5#NO#IMPIEGATO #m#71#BO#40100#BOLOGNA#veicolo già assicurato con atr#No#No#BM#13#0#0#0#0#0#0#0#0#3,000,000
Zurich Connect - MOTO#266#2010-04-01#moto#5#100#moto#moto#si#100#persona fisica#m#72#BO#40100#BOLOGNA#5#NO#IMPIEGATO #m#72#BO#40100#BOLOGNA#veicolo già assicurato con atr#No#No#BM#13#0#0#0#0#0#0#0#0#3,000,000
Zurich Connect - MOTO#267#2010-04-01#moto#5#100#moto#moto#si#100#persona fisica#m#73#BO#40100#BOLOGNA#5#NO#IMPIEGATO #m#73#BO#40100#BOLOGNA#veicolo già assicurato con atr#No#No#BM#13#0#0#0#0#0#0#0#0#3,000,000
Zurich Connect - MOTO#268#2010-04-01#moto#5#100#moto#moto#si#100#persona fisica#m#74#BO#40100#BOLOGNA#5#NO#IMPIEGATO #m#74#BO#40100#BOLOGNA#veicolo già assicurato con atr#No#No#BM#13#0#0#0#0#0#0#0#0#3,000,000
Zurich Connect - MOTO#269#2010-04-01#moto#5#100#moto#moto#si#100#persona fisica#m#75#BO#40100#BOLOGNA#5#NO#IMPIEGATO #m#75#BO#40100#BOLOGNA#veicolo già assicurato con atr#No#No#BM#13#0#0#0#0#0#0#0#0#3,000,000
Zurich Connect - MOTO#270#2010-04-01#moto#5#100#moto#moto#si#100#persona fisica#m#76#BO#40100#BOLOGNA#5#NO#IMPIEGATO #m#76#BO#40100#BOLOGNA#veicolo già assicurato con atr#No#No#BM#13#0#0#0#0#0#0#0#0#3,000,000
Zurich Connect - MOTO#271#2010-04-01#moto#5#100#moto#moto#si#100#persona fisica#m#77#BO#40100#BOLOGNA#5#NO#IMPIEGATO #m#77#BO#40100#BOLOGNA#veicolo già assicurato con atr#No#No#BM#13#0#0#0#0#0#0#0#0#3,000,000
Zurich Connect - MOTO#272#2010-04-01#moto#5#100#moto#moto#si#100#persona fisica#m#78#BO#40100#BOLOGNA#5#NO#IMPIEGATO #m#78#BO#40100#BOLOGNA#veicolo già assicurato con atr#No#No#BM#13#0#0#0#0#0#0#0#0#3,000,000
Zurich Connect - MOTO#273#2010-04-01#moto#5#100#moto#moto#si#100#persona fisica#m#79#BO#40100#BOLOGNA#5#NO#IMPIEGATO #m#79#BO#40100#BOLOGNA#veicolo già assicurato con atr#No#No#BM#13#0#0#0#0#0#0#0#0#3,000,000
Zurich Connect - MOTO#274#2010-04-01#moto#5#100#moto#moto#si#100#persona fisica#m#80#BO#40100#BOLOGNA#5#NO#IMPIEGATO #m#80#BO#40100#BOLOGNA#veicolo già assicurato con atr#No#No#BM#13#0#0#0#0#0#0#0#0#3,000,000
Zurich Connect - MOTO#275#2010-04-01#moto#5#100#moto#moto#si#100#persona fisica#m#81#BO#40100#BOLOGNA#5#NO#IMPIEGATO #m#81#BO#40100#BOLOGNA#veicolo già assicurato con atr#No#No#BM#13#0#0#0#0#0#0#0#0#3,000,000
Zurich Connect - MOTO#276#2010-04-01#moto#5#100#moto#moto#si#100#persona fisica#m#82#BO#40100#BOLOGNA#5#NO#IMPIEGATO #m#82#BO#40100#BOLOGNA#veicolo già assicurato con atr#No#No#BM#13#0#0#0#0#0#0#0#0#3,000,000
Zurich Connect - MOTO#277#2010-04-01#moto#5#100#moto#moto#si#100#persona fisica#m#83#BO#40100#BOLOGNA#5#NO#IMPIEGATO #m#83#BO#40100#BOLOGNA#veicolo già assicurato con atr#No#No#BM#13#0#0#0#0#0#0#0#0#3,000,000
Zurich Connect - MOTO#278#2010-04-01#moto#5#100#moto#moto#si#100#persona fisica#m#84#BO#40100#BOLOGNA#5#NO#IMPIEGATO #m#84#BO#40100#BOLOGNA#veicolo già assicurato con atr#No#No#BM#13#0#0#0#0#0#0#0#0#3,000,000
Zurich Connect - MOTO#279#2010-04-01#moto#5#100#moto#moto#si#100#persona fisica#m#85#BO#40100#BOLOGNA#5#NO#IMPIEGATO #m#85#BO#40100#BOLOGNA#veicolo già assicurato con atr#No#No#BM#13#0#0#0#0#0#0#0#0#3,000,000
Zurich Connect - MOTO#280#2010-04-01#moto#5#100#moto#moto#si#100#persona fisica#F#18#BO#40100#BOLOGNA#5#NO#IMPIEGATO #F#18#BO#40100#BOLOGNA#veicolo già assicurato con atr#No#No#BM#13#0#0#0#0#0#0#0#0#3,000,000
Zurich Connect - MOTO#281#2010-04-01#moto#5#100#moto#moto#si#100#persona fisica#F#19#BO#40100#BOLOGNA#5#NO#IMPIEGATO #F#19#BO#40100#BOLOGNA#veicolo già assicurato con atr#No#No#BM#13#0#0#0#0#0#0#0#0#3,000,000
Zurich Connect - MOTO#282#2010-04-01#moto#5#100#moto#moto#si#100#persona fisica#F#20#BO#40100#BOLOGNA#5#NO#IMPIEGATO #F#20#BO#40100#BOLOGNA#veicolo già assicurato con atr#No#No#BM#13#0#0#0#0#0#0#0#0#3,000,000
Zurich Connect - MOTO#283#2010-04-01#moto#5#100#moto#moto#si#100#persona fisica#F#21#BO#40100#BOLOGNA#5#NO#IMPIEGATO #F#21#BO#40100#BOLOGNA#veicolo già assicurato con atr#No#No#BM#13#0#0#0#0#0#0#0#0#3,000,000
Zurich Connect - MOTO#284#2010-04-01#moto#5#100#moto#moto#si#100#persona fisica#F#22#BO#40100#BOLOGNA#5#NO#IMPIEGATO #F#22#BO#40100#BOLOGNA#veicolo già assicurato con atr#No#No#BM#13#0#0#0#0#0#0#0#0#3,000,000
Zurich Connect - MOTO#285#2010-04-01#moto#5#100#moto#moto#si#100#persona fisica#F#23#BO#40100#BOLOGNA#5#NO#IMPIEGATO #F#23#BO#40100#BOLOGNA#veicolo già assicurato con atr#No#No#BM#13#0#0#0#0#0#0#0#0#3,000,000
Zurich Connect - MOTO#286#2010-04-01#moto#5#100#moto#moto#si#100#persona fisica#F#24#BO#40100#BOLOGNA#5#NO#IMPIEGATO #F#24#BO#40100#BOLOGNA#veicolo già assicurato con atr#No#No#BM#13#0#0#0#0#0#0#0#0#3,000,000
Zurich Connect - MOTO#287#2010-04-01#moto#5#100#moto#moto#si#100#persona fisica#F#25#BO#40100#BOLOGNA#5#NO#IMPIEGATO #F#25#BO#40100#BOLOGNA#veicolo già assicurato con atr#No#No#BM#13#0#0#0#0#0#0#0#0#3,000,000
Zurich Connect - MOTO#288#2010-04-01#moto#5#100#moto#moto#si#100#persona fisica#F#26#BO#40100#BOLOGNA#5#NO#IMPIEGATO #F#26#BO#40100#BOLOGNA#veicolo già assicurato con atr#No#No#BM#13#0#0#0#0#0#0#0#0#3,000,000
Zurich Connect - MOTO#289#2010-04-01#moto#5#100#moto#moto#si#100#persona fisica#F#27#BO#40100#BOLOGNA#5#NO#IMPIEGATO #F#27#BO#40100#BOLOGNA#veicolo già assicurato con atr#No#No#BM#13#0#0#0#0#0#0#0#0#3,000,000
Zurich Connect - MOTO#290#2010-04-01#moto#5#100#moto#moto#si#100#persona fisica#F#28#BO#40100#BOLOGNA#5#NO#IMPIEGATO #F#28#BO#40100#BOLOGNA#veicolo già assicurato con atr#No#No#BM#13#0#0#0#0#0#0#0#0#3,000,000
Zurich Connect - MOTO#291#2010-04-01#moto#5#100#moto#moto#si#100#persona fisica#F#29#BO#40100#BOLOGNA#5#NO#IMPIEGATO #F#29#BO#40100#BOLOGNA#veicolo già assicurato con atr#No#No#BM#13#0#0#0#0#0#0#0#0#3,000,000
Zurich Connect - MOTO#292#2010-04-01#moto#5#100#moto#moto#si#100#persona fisica#F#30#BO#40100#BOLOGNA#5#NO#IMPIEGATO #F#30#BO#40100#BOLOGNA#veicolo già assicurato con atr#No#No#BM#13#0#0#0#0#0#0#0#0#3,000,000
Zurich Connect - MOTO#293#2010-04-01#moto#5#100#moto#moto#si#100#persona fisica#F#31#BO#40100#BOLOGNA#5#NO#IMPIEGATO #F#31#BO#40100#BOLOGNA#veicolo già assicurato con atr#No#No#BM#13#0#0#0#0#0#0#0#0#3,000,000
Zurich Connect - MOTO#294#2010-04-01#moto#5#100#moto#moto#si#100#persona fisica#F#32#BO#40100#BOLOGNA#5#NO#IMPIEGATO #F#32#BO#40100#BOLOGNA#veicolo già assicurato con atr#No#No#BM#13#0#0#0#0#0#0#0#0#3,000,000
Zurich Connect - MOTO#295#2010-04-01#moto#5#100#moto#moto#si#100#persona fisica#F#33#BO#40100#BOLOGNA#5#NO#IMPIEGATO #F#33#BO#40100#BOLOGNA#veicolo già assicurato con atr#No#No#BM#13#0#0#0#0#0#0#0#0#3,000,000
Zurich Connect - MOTO#296#2010-04-01#moto#5#100#moto#moto#si#100#persona fisica#F#34#BO#40100#BOLOGNA#5#NO#IMPIEGATO #F#34#BO#40100#BOLOGNA#veicolo già assicurato con atr#No#No#BM#13#0#0#0#0#0#0#0#0#3,000,000
Zurich Connect - MOTO#297#2010-04-01#moto#5#100#moto#moto#si#100#persona fisica#F#35#BO#40100#BOLOGNA#5#NO#IMPIEGATO #F#35#BO#40100#BOLOGNA#veicolo già assicurato con atr#No#No#BM#13#0#0#0#0#0#0#0#0#3,000,000
Zurich Connect - MOTO#298#2010-04-01#moto#5#100#moto#moto#si#100#persona fisica#F#36#BO#40100#BOLOGNA#5#NO#IMPIEGATO #F#36#BO#40100#BOLOGNA#veicolo già assicurato con atr#No#No#BM#13#0#0#0#0#0#0#0#0#3,000,000
Zurich Connect - MOTO#299#2010-04-01#moto#5#100#moto#moto#si#100#persona fisica#F#37#BO#40100#BOLOGNA#5#NO#IMPIEGATO #F#37#BO#40100#BOLOGNA#veicolo già assicurato con atr#No#No#BM#13#0#0#0#0#0#0#0#0#3,000,000
Zurich Connect - MOTO#300#2010-04-01#moto#5#100#moto#moto#si#100#persona fisica#F#38#BO#40100#BOLOGNA#5#NO#IMPIEGATO #F#38#BO#40100#BOLOGNA#veicolo già assicurato con atr#No#No#BM#13#0#0#0#0#0#0#0#0#3,000,000
Zurich Connect - MOTO#301#2010-04-01#moto#5#100#moto#moto#si#100#persona fisica#F#39#BO#40100#BOLOGNA#5#NO#IMPIEGATO #F#39#BO#40100#BOLOGNA#veicolo già assicurato con atr#No#No#BM#13#0#0#0#0#0#0#0#0#3,000,000
Zurich Connect - MOTO#302#2010-04-01#moto#5#100#moto#moto#si#100#persona fisica#F#40#BO#40100#BOLOGNA#5#NO#IMPIEGATO #F#40#BO#40100#BOLOGNA#veicolo già assicurato con atr#No#No#BM#13#0#0#0#0#0#0#0#0#3,000,000
Zurich Connect - MOTO#303#2010-04-01#moto#5#100#moto#moto#si#100#persona fisica#F#41#BO#40100#BOLOGNA#5#NO#IMPIEGATO #F#41#BO#40100#BOLOGNA#veicolo già assicurato con atr#No#No#BM#13#0#0#0#0#0#0#0#0#3,000,000
Zurich Connect - MOTO#304#2010-04-01#moto#5#100#moto#moto#si#100#persona fisica#F#42#BO#40100#BOLOGNA#5#NO#IMPIEGATO #F#42#BO#40100#BOLOGNA#veicolo già assicurato con atr#No#No#BM#13#0#0#0#0#0#0#0#0#3,000,000
Zurich Connect - MOTO#305#2010-04-01#moto#5#100#moto#moto#si#100#persona fisica#F#43#BO#40100#BOLOGNA#5#NO#IMPIEGATO #F#43#BO#40100#BOLOGNA#veicolo già assicurato con atr#No#No#BM#13#0#0#0#0#0#0#0#0#3,000,000
Zurich Connect - MOTO#306#2010-04-01#moto#5#100#moto#moto#si#100#persona fisica#F#44#BO#40100#BOLOGNA#5#NO#IMPIEGATO #F#44#BO#40100#BOLOGNA#veicolo già assicurato con atr#No#No#BM#13#0#0#0#0#0#0#0#0#3,000,000
Zurich Connect - MOTO#307#2010-04-01#moto#5#100#moto#moto#si#100#persona fisica#F#45#BO#40100#BOLOGNA#5#NO#IMPIEGATO #F#45#BO#40100#BOLOGNA#veicolo già assicurato con atr#No#No#BM#13#0#0#0#0#0#0#0#0#3,000,000
Zurich Connect - MOTO#308#2010-04-01#moto#5#100#moto#moto#si#100#persona fisica#F#46#BO#40100#BOLOGNA#5#NO#IMPIEGATO #F#46#BO#40100#BOLOGNA#veicolo già assicurato con atr#No#No#BM#13#0#0#0#0#0#0#0#0#3,000,000
Zurich Connect - MOTO#309#2010-04-01#moto#5#100#moto#moto#si#100#persona fisica#F#47#BO#40100#BOLOGNA#5#NO#IMPIEGATO #F#47#BO#40100#BOLOGNA#veicolo già assicurato con atr#No#No#BM#13#0#0#0#0#0#0#0#0#3,000,000
Zurich Connect - MOTO#310#2010-04-01#moto#5#100#moto#moto#si#100#persona fisica#F#48#BO#40100#BOLOGNA#5#NO#IMPIEGATO #F#48#BO#40100#BOLOGNA#veicolo già assicurato con atr#No#No#BM#13#0#0#0#0#0#0#0#0#3,000,000
Zurich Connect - MOTO#311#2010-04-01#moto#5#100#moto#moto#si#100#persona fisica#F#49#BO#40100#BOLOGNA#5#NO#IMPIEGATO #F#49#BO#40100#BOLOGNA#veicolo già assicurato con atr#No#No#BM#13#0#0#0#0#0#0#0#0#3,000,000
Zurich Connect - MOTO#312#2010-04-01#moto#5#100#moto#moto#si#100#persona fisica#F#50#BO#40100#BOLOGNA#5#NO#IMPIEGATO #F#50#BO#40100#BOLOGNA#veicolo già assicurato con atr#No#No#BM#13#0#0#0#0#0#0#0#0#3,000,000
Zurich Connect - MOTO#313#2010-04-01#moto#5#100#moto#moto#si#100#persona fisica#F#51#BO#40100#BOLOGNA#5#NO#IMPIEGATO #F#51#BO#40100#BOLOGNA#veicolo già assicurato con atr#No#No#BM#13#0#0#0#0#0#0#0#0#3,000,000
Zurich Connect - MOTO#314#2010-04-01#moto#5#100#moto#moto#si#100#persona fisica#F#52#BO#40100#BOLOGNA#5#NO#IMPIEGATO #F#52#BO#40100#BOLOGNA#veicolo già assicurato con atr#No#No#BM#13#0#0#0#0#0#0#0#0#3,000,000
Zurich Connect - MOTO#315#2010-04-01#moto#5#100#moto#moto#si#100#persona fisica#F#53#BO#40100#BOLOGNA#5#NO#IMPIEGATO #F#53#BO#40100#BOLOGNA#veicolo già assicurato con atr#No#No#BM#13#0#0#0#0#0#0#0#0#3,000,000
Zurich Connect - MOTO#316#2010-04-01#moto#5#100#moto#moto#si#100#persona fisica#F#54#BO#40100#BOLOGNA#5#NO#IMPIEGATO #F#54#BO#40100#BOLOGNA#veicolo già assicurato con atr#No#No#BM#13#0#0#0#0#0#0#0#0#3,000,000
Zurich Connect - MOTO#317#2010-04-01#moto#5#100#moto#moto#si#100#persona fisica#F#55#BO#40100#BOLOGNA#5#NO#IMPIEGATO #F#55#BO#40100#BOLOGNA#veicolo già assicurato con atr#No#No#BM#13#0#0#0#0#0#0#0#0#3,000,000
Zurich Connect - MOTO#318#2010-04-01#moto#5#100#moto#moto#si#100#persona fisica#F#56#BO#40100#BOLOGNA#5#NO#IMPIEGATO #F#56#BO#40100#BOLOGNA#veicolo già assicurato con atr#No#No#BM#13#0#0#0#0#0#0#0#0#3,000,000
Zurich Connect - MOTO#319#2010-04-01#moto#5#100#moto#moto#si#100#persona fisica#F#57#BO#40100#BOLOGNA#5#NO#IMPIEGATO #F#57#BO#40100#BOLOGNA#veicolo già assicurato con atr#No#No#BM#13#0#0#0#0#0#0#0#0#3,000,000
Zurich Connect - MOTO#320#2010-04-01#moto#5#100#moto#moto#si#100#persona fisica#F#58#BO#40100#BOLOGNA#5#NO#IMPIEGATO #F#58#BO#40100#BOLOGNA#veicolo già assicurato con atr#No#No#BM#13#0#0#0#0#0#0#0#0#3,000,000
Zurich Connect - MOTO#321#2010-04-01#moto#5#100#moto#moto#si#100#persona fisica#F#59#BO#40100#BOLOGNA#5#NO#IMPIEGATO #F#59#BO#40100#BOLOGNA#veicolo già assicurato con atr#No#No#BM#13#0#0#0#0#0#0#0#0#3,000,000
Zurich Connect - MOTO#322#2010-04-01#moto#5#100#moto#moto#si#100#persona fisica#F#60#BO#40100#BOLOGNA#5#NO#IMPIEGATO #F#60#BO#40100#BOLOGNA#veicolo già assicurato con atr#No#No#BM#13#0#0#0#0#0#0#0#0#3,000,000
Zurich Connect - MOTO#323#2010-04-01#moto#5#100#moto#moto#si#100#persona fisica#F#61#BO#40100#BOLOGNA#5#NO#IMPIEGATO #F#61#BO#40100#BOLOGNA#veicolo già assicurato con atr#No#No#BM#13#0#0#0#0#0#0#0#0#3,000,000
Zurich Connect - MOTO#324#2010-04-01#moto#5#100#moto#moto#si#100#persona fisica#F#62#BO#40100#BOLOGNA#5#NO#IMPIEGATO #F#62#BO#40100#BOLOGNA#veicolo già assicurato con atr#No#No#BM#13#0#0#0#0#0#0#0#0#3,000,000
Zurich Connect - MOTO#325#2010-04-01#moto#5#100#moto#moto#si#100#persona fisica#F#63#BO#40100#BOLOGNA#5#NO#IMPIEGATO #F#63#BO#40100#BOLOGNA#veicolo già assicurato con atr#No#No#BM#13#0#0#0#0#0#0#0#0#3,000,000
Zurich Connect - MOTO#326#2010-04-01#moto#5#100#moto#moto#si#100#persona fisica#F#64#BO#40100#BOLOGNA#5#NO#IMPIEGATO #F#64#BO#40100#BOLOGNA#veicolo già assicurato con atr#No#No#BM#13#0#0#0#0#0#0#0#0#3,000,000
Zurich Connect - MOTO#327#2010-04-01#moto#5#100#moto#moto#si#100#persona fisica#F#65#BO#40100#BOLOGNA#5#NO#IMPIEGATO #F#65#BO#40100#BOLOGNA#veicolo già assicurato con atr#No#No#BM#13#0#0#0#0#0#0#0#0#3,000,000
Zurich Connect - MOTO#328#2010-04-01#moto#5#100#moto#moto#si#100#persona fisica#F#66#BO#40100#BOLOGNA#5#NO#IMPIEGATO #F#66#BO#40100#BOLOGNA#veicolo già assicurato con atr#No#No#BM#13#0#0#0#0#0#0#0#0#3,000,000
Zurich Connect - MOTO#329#2010-04-01#moto#5#100#moto#moto#si#100#persona fisica#F#67#BO#40100#BOLOGNA#5#NO#IMPIEGATO #F#67#BO#40100#BOLOGNA#veicolo già assicurato con atr#No#No#BM#13#0#0#0#0#0#0#0#0#3,000,000
Zurich Connect - MOTO#330#2010-04-01#moto#5#100#moto#moto#si#100#persona fisica#F#68#BO#40100#BOLOGNA#5#NO#IMPIEGATO #F#68#BO#40100#BOLOGNA#veicolo già assicurato con atr#No#No#BM#13#0#0#0#0#0#0#0#0#3,000,000
Zurich Connect - MOTO#331#2010-04-01#moto#5#100#moto#moto#si#100#persona fisica#F#69#BO#40100#BOLOGNA#5#NO#IMPIEGATO #F#69#BO#40100#BOLOGNA#veicolo già assicurato con atr#No#No#BM#13#0#0#0#0#0#0#0#0#3,000,000
Zurich Connect - MOTO#332#2010-04-01#moto#5#100#moto#moto#si#100#persona fisica#F#70#BO#40100#BOLOGNA#5#NO#IMPIEGATO #F#70#BO#40100#BOLOGNA#veicolo già assicurato con atr#No#No#BM#13#0#0#0#0#0#0#0#0#3,000,000
Zurich Connect - MOTO#333#2010-04-01#moto#5#100#moto#moto#si#100#persona fisica#F#71#BO#40100#BOLOGNA#5#NO#IMPIEGATO #F#71#BO#40100#BOLOGNA#veicolo già assicurato con atr#No#No#BM#13#0#0#0#0#0#0#0#0#3,000,000
Zurich Connect - MOTO#334#2010-04-01#moto#5#100#moto#moto#si#100#persona fisica#F#72#BO#40100#BOLOGNA#5#NO#IMPIEGATO #F#72#BO#40100#BOLOGNA#veicolo già assicurato con atr#No#No#BM#13#0#0#0#0#0#0#0#0#3,000,000
Zurich Connect - MOTO#335#2010-04-01#moto#5#100#moto#moto#si#100#persona fisica#F#73#BO#40100#BOLOGNA#5#NO#IMPIEGATO #F#73#BO#40100#BOLOGNA#veicolo già assicurato con atr#No#No#BM#13#0#0#0#0#0#0#0#0#3,000,000
Zurich Connect - MOTO#336#2010-04-01#moto#5#100#moto#moto#si#100#persona fisica#F#74#BO#40100#BOLOGNA#5#NO#IMPIEGATO #F#74#BO#40100#BOLOGNA#veicolo già assicurato con atr#No#No#BM#13#0#0#0#0#0#0#0#0#3,000,000
Zurich Connect - MOTO#337#2010-04-01#moto#5#100#moto#moto#si#100#persona fisica#F#75#BO#40100#BOLOGNA#5#NO#IMPIEGATO #F#75#BO#40100#BOLOGNA#veicolo già assicurato con atr#No#No#BM#13#0#0#0#0#0#0#0#0#3,000,000
Zurich Connect - MOTO#338#2010-04-01#moto#5#100#moto#moto#si#100#persona fisica#F#76#BO#40100#BOLOGNA#5#NO#IMPIEGATO #F#76#BO#40100#BOLOGNA#veicolo già assicurato con atr#No#No#BM#13#0#0#0#0#0#0#0#0#3,000,000
Zurich Connect - MOTO#339#2010-04-01#moto#5#100#moto#moto#si#100#persona fisica#F#77#BO#40100#BOLOGNA#5#NO#IMPIEGATO #F#77#BO#40100#BOLOGNA#veicolo già assicurato con atr#No#No#BM#13#0#0#0#0#0#0#0#0#3,000,000
Zurich Connect - MOTO#340#2010-04-01#moto#5#100#moto#moto#si#100#persona fisica#F#78#BO#40100#BOLOGNA#5#NO#IMPIEGATO #F#78#BO#40100#BOLOGNA#veicolo già assicurato con atr#No#No#BM#13#0#0#0#0#0#0#0#0#3,000,000
Zurich Connect - MOTO#341#2010-04-01#moto#5#100#moto#moto#si#100#persona fisica#F#79#BO#40100#BOLOGNA#5#NO#IMPIEGATO #F#79#BO#40100#BOLOGNA#veicolo già assicurato con atr#No#No#BM#13#0#0#0#0#0#0#0#0#3,000,000
Zurich Connect - MOTO#342#2010-04-01#moto#5#100#moto#moto#si#100#persona fisica#F#80#BO#40100#BOLOGNA#5#NO#IMPIEGATO #F#80#BO#40100#BOLOGNA#veicolo già assicurato con atr#No#No#BM#13#0#0#0#0#0#0#0#0#3,000,000
Zurich Connect - MOTO#343#2010-04-01#moto#5#100#moto#moto#si#100#persona fisica#F#81#BO#40100#BOLOGNA#5#NO#IMPIEGATO #F#81#BO#40100#BOLOGNA#veicolo già assicurato con atr#No#No#BM#13#0#0#0#0#0#0#0#0#3,000,000
Zurich Connect - MOTO#344#2010-04-01#moto#5#100#moto#moto#si#100#persona fisica#F#82#BO#40100#BOLOGNA#5#NO#IMPIEGATO #F#82#BO#40100#BOLOGNA#veicolo già assicurato con atr#No#No#BM#13#0#0#0#0#0#0#0#0#3,000,000
Zurich Connect - MOTO#345#2010-04-01#moto#5#100#moto#moto#si#100#persona fisica#F#83#BO#40100#BOLOGNA#5#NO#IMPIEGATO #F#83#BO#40100#BOLOGNA#veicolo già assicurato con atr#No#No#BM#13#0#0#0#0#0#0#0#0#3,000,000
Zurich Connect - MOTO#346#2010-04-01#moto#5#100#moto#moto#si#100#persona fisica#F#84#BO#40100#BOLOGNA#5#NO#IMPIEGATO #F#84#BO#40100#BOLOGNA#veicolo già assicurato con atr#No#No#BM#13#0#0#0#0#0#0#0#0#3,000,000
Zurich Connect - MOTO#347#2010-04-01#moto#5#100#moto#moto#si#100#persona fisica#F#85#BO#40100#BOLOGNA#5#NO#IMPIEGATO #F#85#BO#40100#BOLOGNA#veicolo già assicurato con atr#No#No#BM#13#0#0#0#0#0#0#0#0#3,000,000
Zurich Connect - MOTO#348#2010-04-01#moto#5#100#moto#moto#si#100#persona giuridica#C##BO#40100#BOLOGNA#5#NO#IMPIEGATO #C##BO#40100#BOLOGNA#veicolo già assicurato con atr#No#No#BM#13#0#0#0#0#0#0#0#0#3,000,000
Zurich Connect - MOTO#349#2010-04-01#moto#5#100#moto#moto#si#100#persona fisica#m#34#BO#40100#BOLOGNA#5#NO#IMPIEGATO #m#34#BO#40100#BOLOGNA#veicolo già assicurato con atr#No#No#BM#13#0#0#0#0#0#0#0#0#3,000,000
Zurich Connect - MOTO#350#2010-04-01#moto#5#150#moto#moto#si#100#persona fisica#m#34#BO#40100#BOLOGNA#5#NO#IMPIEGATO #m#34#BO#40100#BOLOGNA#veicolo già assicurato con atr#No#No#BM#13#0#0#0#0#0#0#0#0#3,000,000
Zurich Connect - MOTO#351#2010-04-01#moto#5#250#moto#moto#si#100#persona fisica#m#34#BO#40100#BOLOGNA#5#NO#IMPIEGATO #m#34#BO#40100#BOLOGNA#veicolo già assicurato con atr#No#No#BM#13#0#0#0#0#0#0#0#0#3,000,000
Zurich Connect - MOTO#352#2010-04-01#moto#5#350#moto#moto#si#100#persona fisica#m#34#BO#40100#BOLOGNA#5#NO#IMPIEGATO #m#34#BO#40100#BOLOGNA#veicolo già assicurato con atr#No#No#BM#13#0#0#0#0#0#0#0#0#3,000,000
Zurich Connect - MOTO#353#2010-04-01#moto#5#400#moto#moto#si#100#persona fisica#m#34#BO#40100#BOLOGNA#5#NO#IMPIEGATO #m#34#BO#40100#BOLOGNA#veicolo già assicurato con atr#No#No#BM#13#0#0#0#0#0#0#0#0#3,000,000
Zurich Connect - MOTO#354#2010-04-01#moto#5#500#moto#moto#si#100#persona fisica#m#34#BO#40100#BOLOGNA#5#NO#IMPIEGATO #m#34#BO#40100#BOLOGNA#veicolo già assicurato con atr#No#No#BM#13#0#0#0#0#0#0#0#0#3,000,000
Zurich Connect - MOTO#355#2010-04-01#moto#5#600#moto#moto#si#100#persona fisica#m#34#BO#40100#BOLOGNA#5#NO#IMPIEGATO #m#34#BO#40100#BOLOGNA#veicolo già assicurato con atr#No#No#BM#13#0#0#0#0#0#0#0#0#3,000,000
Zurich Connect - MOTO#356#2010-04-01#moto#5#750#moto#moto#si#100#persona fisica#m#34#BO#40100#BOLOGNA#5#NO#IMPIEGATO #m#34#BO#40100#BOLOGNA#veicolo già assicurato con atr#No#No#BM#13#0#0#0#0#0#0#0#0#3,000,000
Zurich Connect - MOTO#357#2010-04-01#moto#5#800#moto#moto#si#100#persona fisica#m#34#BO#40100#BOLOGNA#5#NO#IMPIEGATO #m#34#BO#40100#BOLOGNA#veicolo già assicurato con atr#No#No#BM#13#0#0#0#0#0#0#0#0#3,000,000
Zurich Connect - MOTO#358#2010-04-01#moto#5#850#moto#moto#si#100#persona fisica#m#34#BO#40100#BOLOGNA#5#NO#IMPIEGATO #m#34#BO#40100#BOLOGNA#veicolo già assicurato con atr#No#No#BM#13#0#0#0#0#0#0#0#0#3,000,000
Zurich Connect - MOTO#359#2010-04-01#moto#5#900#moto#moto#si#100#persona fisica#m#34#BO#40100#BOLOGNA#5#NO#IMPIEGATO #m#34#BO#40100#BOLOGNA#veicolo già assicurato con atr#No#No#BM#13#0#0#0#0#0#0#0#0#3,000,000
Zurich Connect - MOTO#360#2010-04-01#moto#5#1000#moto#moto#si#100#persona fisica#m#34#BO#40100#BOLOGNA#5#NO#IMPIEGATO #m#34#BO#40100#BOLOGNA#veicolo già assicurato con atr#No#No#BM#13#0#0#0#0#0#0#0#0#3,000,000
Zurich Connect - MOTO#361#2010-04-01#moto#5#1100#moto#moto#si#100#persona fisica#m#34#BO#40100#BOLOGNA#5#NO#IMPIEGATO #m#34#BO#40100#BOLOGNA#veicolo già assicurato con atr#No#No#BM#13#0#0#0#0#0#0#0#0#3,000,000
Zurich Connect - MOTO#362#2010-04-01#moto#5#1200#moto#moto#si#100#persona fisica#m#34#BO#40100#BOLOGNA#5#NO#IMPIEGATO #m#34#BO#40100#BOLOGNA#veicolo già assicurato con atr#No#No#BM#13#0#0#0#0#0#0#0#0#3,000,000
Zurich Connect - MOTO#363#2010-04-01#moto#5#1300#moto#moto#si#100#persona fisica#m#34#BO#40100#BOLOGNA#5#NO#IMPIEGATO #m#34#BO#40100#BOLOGNA#veicolo già assicurato con atr#No#No#BM#13#0#0#0#0#0#0#0#0#3,000,000
Zurich Connect - MOTO#364#2010-04-01#moto#5#100#moto#moto#si#100#persona fisica#m#34#BO#40100#BOLOGNA#5#NO#IMPIEGATO #m#34#BO#40100#BOLOGNA#veicolo già assicurato con atr#No#No#BM#1#0#0#0#0#0#0#0#0#3,000,000
Zurich Connect - MOTO#365#2010-04-01#moto#5#100#moto#moto#si#100#persona fisica#m#34#BO#40100#BOLOGNA#5#NO#IMPIEGATO #m#34#BO#40100#BOLOGNA#veicolo già assicurato con atr#No#No#BM#2#0#0#0#0#0#0#0#0#3,000,000
Zurich Connect - MOTO#366#2010-04-01#moto#5#100#moto#moto#si#100#persona fisica#m#34#BO#40100#BOLOGNA#5#NO#IMPIEGATO #m#34#BO#40100#BOLOGNA#veicolo già assicurato con atr#No#No#BM#3#0#0#0#0#0#0#0#0#3,000,000
Zurich Connect - MOTO#367#2010-04-01#moto#5#100#moto#moto#si#100#persona fisica#m#34#BO#40100#BOLOGNA#5#NO#IMPIEGATO #m#34#BO#40100#BOLOGNA#veicolo già assicurato con atr#No#No#BM#4#0#0#0#0#0#0#0#0#3,000,000
Zurich Connect - MOTO#368#2010-04-01#moto#5#100#moto#moto#si#100#persona fisica#m#34#BO#40100#BOLOGNA#5#NO#IMPIEGATO #m#34#BO#40100#BOLOGNA#veicolo già assicurato con atr#No#No#BM#5#0#0#0#0#0#0#0#0#3,000,000
Zurich Connect - MOTO#369#2010-04-01#moto#5#100#moto#moto#si#100#persona fisica#m#34#BO#40100#BOLOGNA#5#NO#IMPIEGATO #m#34#BO#40100#BOLOGNA#veicolo già assicurato con atr#No#No#BM#6#0#0#0#0#0#0#0#0#3,000,000
Zurich Connect - MOTO#370#2010-04-01#moto#5#100#moto#moto#si#100#persona fisica#m#34#BO#40100#BOLOGNA#5#NO#IMPIEGATO #m#34#BO#40100#BOLOGNA#veicolo già assicurato con atr#No#No#BM#7#0#0#0#0#0#0#0#0#3,000,000
Zurich Connect - MOTO#371#2010-04-01#moto#5#100#moto#moto#si#100#persona fisica#m#34#BO#40100#BOLOGNA#5#NO#IMPIEGATO #m#34#BO#40100#BOLOGNA#veicolo già assicurato con atr#No#No#BM#8#0#0#0#0#0#0#0#0#3,000,000
Zurich Connect - MOTO#372#2010-04-01#moto#5#100#moto#moto#si#100#persona fisica#m#34#BO#40100#BOLOGNA#5#NO#IMPIEGATO #m#34#BO#40100#BOLOGNA#veicolo già assicurato con atr#No#No#BM#9#0#0#0#0#0#0#0#0#3,000,000
Zurich Connect - MOTO#373#2010-04-01#moto#5#100#moto#moto#si#100#persona fisica#m#34#BO#40100#BOLOGNA#5#NO#IMPIEGATO #m#34#BO#40100#BOLOGNA#veicolo già assicurato con atr#No#No#BM#10#0#0#0#0#0#0#0#0#3,000,000
Zurich Connect - MOTO#374#2010-04-01#moto#5#100#moto#moto#si#100#persona fisica#m#34#BO#40100#BOLOGNA#5#NO#IMPIEGATO #m#34#BO#40100#BOLOGNA#veicolo già assicurato con atr#No#No#BM#11#0#0#0#0#0#0#0#0#3,000,000
Zurich Connect - MOTO#375#2010-04-01#moto#5#100#moto#moto#si#100#persona fisica#m#34#BO#40100#BOLOGNA#5#NO#IMPIEGATO #m#34#BO#40100#BOLOGNA#veicolo già assicurato con atr#No#No#BM#12#0#0#0#0#0#0#0#0#3,000,000
Zurich Connect - MOTO#376#2010-04-01#moto#5#100#moto#moto#si#100#persona fisica#m#34#BO#40100#BOLOGNA#5#NO#IMPIEGATO #m#34#BO#40100#BOLOGNA#veicolo già assicurato con atr#No#No#BM#13#0#0#0#0#0#0#0#0#3,000,000
Zurich Connect - MOTO#377#2010-04-01#moto#5#100#moto#moto#si#100#persona fisica#m#34#BO#40100#BOLOGNA#5#NO#IMPIEGATO #m#34#BO#40100#BOLOGNA#veicolo già assicurato con atr#No#No#BM#14#0#0#0#0#0#0#0#0#3,000,000
Zurich Connect - MOTO#378#2010-04-01#moto#5#100#moto#moto#si#100#persona fisica#m#34#BO#40100#BOLOGNA#5#NO#IMPIEGATO #m#34#BO#40100#BOLOGNA#veicolo già assicurato con atr#No#No#BM#15#0#0#0#0#0#0#0#0#3,000,000
Zurich Connect - MOTO#379#2010-04-01#moto#5#100#moto#moto#si#100#persona fisica#m#34#BO#40100#BOLOGNA#5#NO#IMPIEGATO #m#34#BO#40100#BOLOGNA#veicolo già assicurato con atr#No#No#BM#16#0#0#0#0#0#0#0#0#3,000,000
Zurich Connect - MOTO#380#2010-04-01#moto#5#100#moto#moto#si#100#persona fisica#m#34#BO#40100#BOLOGNA#5#NO#IMPIEGATO #m#34#BO#40100#BOLOGNA#veicolo già assicurato con atr#No#No#BM#17#0#0#0#0#0#0#0#0#3,000,000
Zurich Connect - MOTO#381#2010-04-01#moto#5#100#moto#moto#si#100#persona fisica#m#34#BO#40100#BOLOGNA#5#NO#IMPIEGATO #m#34#BO#40100#BOLOGNA#veicolo già assicurato con atr#No#No#BM#18#0#0#0#0#0#0#0#0#3,000,000
Zurich Connect - MOTO#382#2010-04-01#moto#5#100#moto#moto#si#100#persona fisica#m#34#BO#40100#BOLOGNA#5#NO#IMPIEGATO #m#34#BO#40100#BOLOGNA#1a immatricolazione dopo l’acquisto del veicolo#No#No#BM##0#0#0#0#0#0#0#0#3,000,000
Zurich Connect - MOTO#383#2010-04-01#moto#5#100#moto#moto#si#100#persona fisica#m#34#BO#40100#BOLOGNA#5#NO#IMPIEGATO #m#34#BO#40100#BOLOGNA#veicolo già assicurato con atr#No#No#BM#1#0#0#0#1#0#0#1#0#3,000,000
Zurich Connect - MOTO#384#2010-04-01#moto#5#100#moto#moto#si#100#persona fisica#m#34#BO#40100#BOLOGNA#5#NO#IMPIEGATO #m#34#BO#40100#BOLOGNA#veicolo già assicurato con atr#No#No#BM#2#0#0#0#1#0#0#1#0#3,000,000
Zurich Connect - MOTO#385#2010-04-01#moto#5#100#moto#moto#si#100#persona fisica#m#34#BO#40100#BOLOGNA#5#NO#IMPIEGATO #m#34#BO#40100#BOLOGNA#veicolo già assicurato con atr#No#No#BM#3#0#0#0#1#0#0#1#0#3,000,000
Zurich Connect - MOTO#386#2010-04-01#moto#5#100#moto#moto#si#100#persona fisica#m#34#BO#40100#BOLOGNA#5#NO#IMPIEGATO #m#34#BO#40100#BOLOGNA#veicolo già assicurato con atr#No#No#BM#4#0#0#0#1#0#0#1#0#3,000,000
Zurich Connect - MOTO#387#2010-04-01#moto#5#100#moto#moto#si#100#persona fisica#m#34#BO#40100#BOLOGNA#5#NO#IMPIEGATO #m#34#BO#40100#BOLOGNA#veicolo già assicurato con atr#No#No#BM#5#0#0#0#1#0#0#1#0#3,000,000
Zurich Connect - MOTO#388#2010-04-01#moto#5#100#moto#moto#si#100#persona fisica#m#34#BO#40100#BOLOGNA#5#NO#IMPIEGATO #m#34#BO#40100#BOLOGNA#veicolo già assicurato con atr#No#No#BM#6#0#0#0#1#0#0#1#0#3,000,000
Zurich Connect - MOTO#389#2010-04-01#moto#5#100#moto#moto#si#100#persona fisica#m#34#BO#40100#BOLOGNA#5#NO#IMPIEGATO #m#34#BO#40100#BOLOGNA#veicolo già assicurato con atr#No#No#BM#7#0#0#0#1#0#0#1#0#3,000,000
Zurich Connect - MOTO#390#2010-04-01#moto#5#100#moto#moto#si#100#persona fisica#m#34#BO#40100#BOLOGNA#5#NO#IMPIEGATO #m#34#BO#40100#BOLOGNA#veicolo già assicurato con atr#No#No#BM#8#0#0#0#1#0#0#1#0#3,000,000
Zurich Connect - MOTO#391#2010-04-01#moto#5#100#moto#moto#si#100#persona fisica#m#34#BO#40100#BOLOGNA#5#NO#IMPIEGATO #m#34#BO#40100#BOLOGNA#veicolo già assicurato con atr#No#No#BM#9#0#0#0#1#0#0#1#0#3,000,000
Zurich Connect - MOTO#392#2010-04-01#moto#5#100#moto#moto#si#100#persona fisica#m#34#BO#40100#BOLOGNA#5#NO#IMPIEGATO #m#34#BO#40100#BOLOGNA#veicolo già assicurato con atr#No#No#BM#10#0#0#0#1#0#0#1#0#3,000,000
Zurich Connect - MOTO#393#2010-04-01#moto#5#100#moto#moto#si#100#persona fisica#m#34#BO#40100#BOLOGNA#5#NO#IMPIEGATO #m#34#BO#40100#BOLOGNA#veicolo già assicurato con atr#No#No#BM#11#0#0#0#1#0#0#1#0#3,000,000
Zurich Connect - MOTO#394#2010-04-01#moto#5#100#moto#moto#si#100#persona fisica#m#34#BO#40100#BOLOGNA#5#NO#IMPIEGATO #m#34#BO#40100#BOLOGNA#veicolo già assicurato con atr#No#No#BM#12#0#0#0#1#0#0#1#0#3,000,000
Zurich Connect - MOTO#395#2010-04-01#moto#5#100#moto#moto#si#100#persona fisica#m#34#BO#40100#BOLOGNA#5#NO#IMPIEGATO #m#34#BO#40100#BOLOGNA#veicolo già assicurato con atr#No#No#BM#13#0#0#0#1#0#0#1#0#3,000,000
Zurich Connect - MOTO#396#2010-04-01#moto#5#100#moto#moto#si#100#persona fisica#m#34#BO#40100#BOLOGNA#5#NO#IMPIEGATO #m#34#BO#40100#BOLOGNA#veicolo già assicurato con atr#No#No#BM#14#0#0#0#1#0#0#1#0#3,000,000
Zurich Connect - MOTO#397#2010-04-01#moto#5#100#moto#moto#si#100#persona fisica#m#34#BO#40100#BOLOGNA#5#NO#IMPIEGATO #m#34#BO#40100#BOLOGNA#veicolo già assicurato con atr#No#No#BM#15#0#0#0#1#0#0#1#0#3,000,000
Zurich Connect - MOTO#398#2010-04-01#moto#5#100#moto#moto#si#100#persona fisica#m#34#BO#40100#BOLOGNA#5#NO#IMPIEGATO #m#34#BO#40100#BOLOGNA#veicolo già assicurato con atr#No#No#BM#16#0#0#0#1#0#0#1#0#3,000,000
Zurich Connect - MOTO#399#2010-04-01#moto#5#100#moto#moto#si#100#persona fisica#m#34#BO#40100#BOLOGNA#5#NO#IMPIEGATO #m#34#BO#40100#BOLOGNA#veicolo già assicurato con atr#No#No#BM#17#0#0#0#1#0#0#1#0#3,000,000
Zurich Connect - MOTO#400#2010-04-01#moto#5#100#moto#moto#si#100#persona fisica#m#34#BO#40100#BOLOGNA#5#NO#IMPIEGATO #m#34#BO#40100#BOLOGNA#veicolo già assicurato con atr#No#No#BM#18#0#0#0#1#0#0#1#0#3,000,000
Zurich Connect - MOTO#401#2010-04-01#moto#5#100#moto#moto#si#100#persona fisica#m#34#BO#40100#BOLOGNA#5#NO#IMPIEGATO #m#34#BO#40100#BOLOGNA#veicolo già assicurato con atr#No#No#BM#1#1#0#0#0#0#0#1#0#3,000,000
Zurich Connect - MOTO#402#2010-04-01#moto#5#100#moto#moto#si#100#persona fisica#m#34#BO#40100#BOLOGNA#5#NO#IMPIEGATO #m#34#BO#40100#BOLOGNA#veicolo già assicurato con atr#No#No#BM#2#1#0#0#0#0#0#1#0#3,000,000
Zurich Connect - MOTO#403#2010-04-01#moto#5#100#moto#moto#si#100#persona fisica#m#34#BO#40100#BOLOGNA#5#NO#IMPIEGATO #m#34#BO#40100#BOLOGNA#veicolo già assicurato con atr#No#No#BM#3#1#0#0#0#0#0#1#0#3,000,000
Zurich Connect - MOTO#404#2010-04-01#moto#5#100#moto#moto#si#100#persona fisica#m#34#BO#40100#BOLOGNA#5#NO#IMPIEGATO #m#34#BO#40100#BOLOGNA#veicolo già assicurato con atr#No#No#BM#4#1#0#0#0#0#0#1#0#3,000,000
Zurich Connect - MOTO#405#2010-04-01#moto#5#100#moto#moto#si#100#persona fisica#m#34#BO#40100#BOLOGNA#5#NO#IMPIEGATO #m#34#BO#40100#BOLOGNA#veicolo già assicurato con atr#No#No#BM#5#1#0#0#0#0#0#1#0#3,000,000
Zurich Connect - MOTO#406#2010-04-01#moto#5#100#moto#moto#si#100#persona fisica#m#34#BO#40100#BOLOGNA#5#NO#IMPIEGATO #m#34#BO#40100#BOLOGNA#veicolo già assicurato con atr#No#No#BM#6#1#0#0#0#0#0#1#0#3,000,000
Zurich Connect - MOTO#407#2010-04-01#moto#5#100#moto#moto#si#100#persona fisica#m#34#BO#40100#BOLOGNA#5#NO#IMPIEGATO #m#34#BO#40100#BOLOGNA#veicolo già assicurato con atr#No#No#BM#7#1#0#0#0#0#0#1#0#3,000,000
Zurich Connect - MOTO#408#2010-04-01#moto#5#100#moto#moto#si#100#persona fisica#m#34#BO#40100#BOLOGNA#5#NO#IMPIEGATO #m#34#BO#40100#BOLOGNA#veicolo già assicurato con atr#No#No#BM#8#1#0#0#0#0#0#1#0#3,000,000
Zurich Connect - MOTO#409#2010-04-01#moto#5#100#moto#moto#si#100#persona fisica#m#34#BO#40100#BOLOGNA#5#NO#IMPIEGATO #m#34#BO#40100#BOLOGNA#veicolo già assicurato con atr#No#No#BM#9#1#0#0#0#0#0#1#0#3,000,000
Zurich Connect - MOTO#410#2010-04-01#moto#5#100#moto#moto#si#100#persona fisica#m#34#BO#40100#BOLOGNA#5#NO#IMPIEGATO #m#34#BO#40100#BOLOGNA#veicolo già assicurato con atr#No#No#BM#10#1#0#0#0#0#0#1#0#3,000,000
Zurich Connect - MOTO#411#2010-04-01#moto#5#100#moto#moto#si#100#persona fisica#m#34#BO#40100#BOLOGNA#5#NO#IMPIEGATO #m#34#BO#40100#BOLOGNA#veicolo già assicurato con atr#No#No#BM#11#1#0#0#0#0#0#1#0#3,000,000
Zurich Connect - MOTO#412#2010-04-01#moto#5#100#moto#moto#si#100#persona fisica#m#34#BO#40100#BOLOGNA#5#NO#IMPIEGATO #m#34#BO#40100#BOLOGNA#veicolo già assicurato con atr#No#No#BM#12#1#0#0#0#0#0#1#0#3,000,000
Zurich Connect - MOTO#413#2010-04-01#moto#5#100#moto#moto#si#100#persona fisica#m#34#BO#40100#BOLOGNA#5#NO#IMPIEGATO #m#34#BO#40100#BOLOGNA#veicolo già assicurato con atr#No#No#BM#13#1#0#0#0#0#0#1#0#3,000,000
Zurich Connect - MOTO#414#2010-04-01#moto#5#100#moto#moto#si#100#persona fisica#m#34#BO#40100#BOLOGNA#5#NO#IMPIEGATO #m#34#BO#40100#BOLOGNA#veicolo già assicurato con atr#No#No#BM#14#1#0#0#0#0#0#1#0#3,000,000
Zurich Connect - MOTO#415#2010-04-01#moto#5#100#moto#moto#si#100#persona fisica#m#34#BO#40100#BOLOGNA#5#NO#IMPIEGATO #m#34#BO#40100#BOLOGNA#veicolo già assicurato con atr#No#No#BM#15#1#0#0#0#0#0#1#0#3,000,000
Zurich Connect - MOTO#416#2010-04-01#moto#5#100#moto#moto#si#100#persona fisica#m#34#BO#40100#BOLOGNA#5#NO#IMPIEGATO #m#34#BO#40100#BOLOGNA#veicolo già assicurato con atr#No#No#BM#16#1#0#0#0#0#0#1#0#3,000,000
Zurich Connect - MOTO#417#2010-04-01#moto#5#100#moto#moto#si#100#persona fisica#m#34#BO#40100#BOLOGNA#5#NO#IMPIEGATO #m#34#BO#40100#BOLOGNA#veicolo già assicurato con atr#No#No#BM#17#1#0#0#0#0#0#1#0#3,000,000
Zurich Connect - MOTO#418#2010-04-01#moto#5#100#moto#moto#si#100#persona fisica#m#34#BO#40100#BOLOGNA#5#NO#IMPIEGATO #m#34#BO#40100#BOLOGNA#veicolo già assicurato con atr#No#No#BM#18#1#0#0#0#0#0#1#0#3,000,000
Zurich Connect - MOTO#419#2010-04-01#moto#5#100#moto#moto#si#100#persona fisica#m#34#BO#40100#BOLOGNA#5#NO#IMPIEGATO #m#34#BO#40100#BOLOGNA#1a immatricolazione dopo l’acquisto del veicolo#Si#No#BM#1#0#0#0#0#0#0#0#0#3,000,000
Zurich Connect - MOTO#420#2010-04-01#moto#5#100#moto#moto#si#100#persona fisica#m#34#BO#40100#BOLOGNA#5#NO#IMPIEGATO #m#34#BO#40100#BOLOGNA#1a immatricolazione dopo l’acquisto del veicolo#Si#No#BM#2#0#0#0#0#0#0#0#0#3,000,000
Zurich Connect - MOTO#421#2010-04-01#moto#5#100#moto#moto#si#100#persona fisica#m#34#BO#40100#BOLOGNA#5#NO#IMPIEGATO #m#34#BO#40100#BOLOGNA#1a immatricolazione dopo l’acquisto del veicolo#Si#No#BM#3#0#0#0#0#0#0#0#0#3,000,000
Zurich Connect - MOTO#422#2010-04-01#moto#5#100#moto#moto#si#100#persona fisica#m#34#BO#40100#BOLOGNA#5#NO#IMPIEGATO #m#34#BO#40100#BOLOGNA#1a immatricolazione dopo l’acquisto del veicolo#Si#No#BM#4#0#0#0#0#0#0#0#0#3,000,000
Zurich Connect - MOTO#423#2010-04-01#moto#5#100#moto#moto#si#100#persona fisica#m#34#BO#40100#BOLOGNA#5#NO#IMPIEGATO #m#34#BO#40100#BOLOGNA#1a immatricolazione dopo l’acquisto del veicolo#Si#No#BM#5#0#0#0#0#0#0#0#0#3,000,000
Zurich Connect - MOTO#424#2010-04-01#moto#5#100#moto#moto#si#100#persona fisica#m#34#BO#40100#BOLOGNA#5#NO#IMPIEGATO #m#34#BO#40100#BOLOGNA#1a immatricolazione dopo l’acquisto del veicolo#Si#No#BM#6#0#0#0#0#0#0#0#0#3,000,000
Zurich Connect - MOTO#425#2010-04-01#moto#5#100#moto#moto#si#100#persona fisica#m#34#BO#40100#BOLOGNA#5#NO#IMPIEGATO #m#34#BO#40100#BOLOGNA#1a immatricolazione dopo l’acquisto del veicolo#Si#No#BM#7#0#0#0#0#0#0#0#0#3,000,000
Zurich Connect - MOTO#426#2010-04-01#moto#5#100#moto#moto#si#100#persona fisica#m#34#BO#40100#BOLOGNA#5#NO#IMPIEGATO #m#34#BO#40100#BOLOGNA#1a immatricolazione dopo l’acquisto del veicolo#Si#No#BM#8#0#0#0#0#0#0#0#0#3,000,000
Zurich Connect - MOTO#427#2010-04-01#moto#5#100#moto#moto#si#100#persona fisica#m#34#BO#40100#BOLOGNA#5#NO#IMPIEGATO #m#34#BO#40100#BOLOGNA#1a immatricolazione dopo l’acquisto del veicolo#Si#No#BM#9#0#0#0#0#0#0#0#0#3,000,000
Zurich Connect - MOTO#428#2010-04-01#moto#5#100#moto#moto#si#100#persona fisica#m#34#BO#40100#BOLOGNA#5#NO#IMPIEGATO #m#34#BO#40100#BOLOGNA#1a immatricolazione dopo l’acquisto del veicolo#Si#No#BM#10#0#0#0#0#0#0#0#0#3,000,000
Zurich Connect - MOTO#429#2010-04-01#moto#5#100#moto#moto#si#100#persona fisica#m#34#BO#40100#BOLOGNA#5#NO#IMPIEGATO #m#34#BO#40100#BOLOGNA#1a immatricolazione dopo l’acquisto del veicolo#Si#No#BM#11#0#0#0#0#0#0#0#0#3,000,000
Zurich Connect - MOTO#430#2010-04-01#moto#5#100#moto#moto#si#100#persona fisica#m#34#BO#40100#BOLOGNA#5#NO#IMPIEGATO #m#34#BO#40100#BOLOGNA#1a immatricolazione dopo l’acquisto del veicolo#Si#No#BM#12#0#0#0#0#0#0#0#0#3,000,000
Zurich Connect - MOTO#431#2010-04-01#moto#5#100#moto#moto#si#100#persona fisica#m#34#BO#40100#BOLOGNA#5#NO#IMPIEGATO #m#34#BO#40100#BOLOGNA#1a immatricolazione dopo l’acquisto del veicolo#Si#No#BM#13#0#0#0#0#0#0#0#0#3,000,000
Zurich Connect - MOTO#432#2010-04-01#moto#5#100#moto#moto#si#100#persona fisica#m#34#BO#40100#BOLOGNA#5#NO#IMPIEGATO #m#34#BO#40100#BOLOGNA#1a immatricolazione dopo l’acquisto del veicolo#Si#No#BM#14#0#0#0#0#0#0#0#0#3,000,000
Zurich Connect - MOTO#433#2010-04-01#moto#5#100#moto#moto#si#100#persona fisica#m#34#BO#40100#BOLOGNA#5#NO#IMPIEGATO #m#34#BO#40100#BOLOGNA#1a immatricolazione dopo l’acquisto del veicolo#Si#No#BM#15#0#0#0#0#0#0#0#0#3,000,000
Zurich Connect - MOTO#434#2010-04-01#moto#5#100#moto#moto#si#100#persona fisica#m#34#BO#40100#BOLOGNA#5#NO#IMPIEGATO #m#34#BO#40100#BOLOGNA#1a immatricolazione dopo l’acquisto del veicolo#Si#No#BM#16#0#0#0#0#0#0#0#0#3,000,000
Zurich Connect - MOTO#435#2010-04-01#moto#5#100#moto#moto#si#100#persona fisica#m#34#BO#40100#BOLOGNA#5#NO#IMPIEGATO #m#34#BO#40100#BOLOGNA#1a immatricolazione dopo l’acquisto del veicolo#Si#No#BM#17#0#0#0#0#0#0#0#0#3,000,000
Zurich Connect - MOTO#436#2010-04-01#moto#5#100#moto#moto#si#100#persona fisica#m#34#BO#40100#BOLOGNA#5#NO#IMPIEGATO #m#34#BO#40100#BOLOGNA#1a immatricolazione dopo l’acquisto del veicolo#Si#No#BM#18#0#0#0#0#0#0#0#0#3,000,000
Zurich Connect - MOTO#437#2010-04-01#moto#5#100#moto#moto#si#100#persona fisica#m#34#BO#40100#BOLOGNA#5#NO#AGRICOLTORE#m#34#BO#40100#BOLOGNA#veicolo già assicurato con atr#No#No#BM#13#0#0#0#0#0#0#0#0#3,000,000
Zurich Connect - MOTO#438#2010-04-01#moto#5#100#moto#moto#si#100#persona fisica#m#34#BO#40100#BOLOGNA#5#NO#ATTIVITA' NON CLASSIFICATA#m#34#BO#40100#BOLOGNA#veicolo già assicurato con atr#No#No#BM#13#0#0#0#0#0#0#0#0#3,000,000
Zurich Connect - MOTO#439#2010-04-01#moto#5#100#moto#moto#si#100#persona fisica#m#34#BO#40100#BOLOGNA#5#NO#ARCHITETTO#m#34#BO#40100#BOLOGNA#veicolo già assicurato con atr#No#No#BM#13#0#0#0#0#0#0#0#0#3,000,000
Zurich Connect - MOTO#440#2010-04-01#moto#5#100#moto#moto#si#100#persona fisica#m#34#BO#40100#BOLOGNA#5#NO#CASALINGA /O#m#34#BO#40100#BOLOGNA#veicolo già assicurato con atr#No#No#BM#13#0#0#0#0#0#0#0#0#3,000,000
Zurich Connect - MOTO#441#2010-04-01#moto#5#100#moto#moto#si#100#persona fisica#m#34#BO#40100#BOLOGNA#5#NO#COMMERCIALISTA#m#34#BO#40100#BOLOGNA#veicolo già assicurato con atr#No#No#BM#13#0#0#0#0#0#0#0#0#3,000,000
Zurich Connect - MOTO#442#2010-04-01#moto#5#100#moto#moto#si#100#persona fisica#m#34#BO#40100#BOLOGNA#5#NO#DIMOSTRATORE SCIENTIFICO#m#34#BO#40100#BOLOGNA#veicolo già assicurato con atr#No#No#BM#13#0#0#0#0#0#0#0#0#3,000,000
Zurich Connect - MOTO#443#2010-04-01#moto#5#100#moto#moto#si#100#persona fisica#m#34#BO#40100#BOLOGNA#5#NO#DIRIGENTE#m#34#BO#40100#BOLOGNA#veicolo già assicurato con atr#No#No#BM#13#0#0#0#0#0#0#0#0#3,000,000
Zurich Connect - MOTO#444#2010-04-01#moto#5#100#moto#moto#si#100#persona fisica#m#34#BO#40100#BOLOGNA#5#NO#RELIGIOSA /O#m#34#BO#40100#BOLOGNA#veicolo già assicurato con atr#No#No#BM#13#0#0#0#0#0#0#0#0#3,000,000
Zurich Connect - MOTO#445#2010-04-01#moto#5#100#moto#moto#si#100#persona fisica#m#34#BO#40100#BOLOGNA#5#NO#FARMACISTA#m#34#BO#40100#BOLOGNA#veicolo già assicurato con atr#No#No#BM#13#0#0#0#0#0#0#0#0#3,000,000
Zurich Connect - MOTO#446#2010-04-01#moto#5#100#moto#moto#si#100#persona fisica#m#34#BO#40100#BOLOGNA#5#NO#FUNZIONARIO#m#34#BO#40100#BOLOGNA#veicolo già assicurato con atr#No#No#BM#13#0#0#0#0#0#0#0#0#3,000,000
Zurich Connect - MOTO#447#2010-04-01#moto#5#100#moto#moto#si#100#persona fisica#m#34#BO#40100#BOLOGNA#5#NO#GEOMETRA#m#34#BO#40100#BOLOGNA#veicolo già assicurato con atr#No#No#BM#13#0#0#0#0#0#0#0#0#3,000,000
Zurich Connect - MOTO#448#2010-04-01#moto#5#100#moto#moto#si#100#persona fisica#m#34#BO#40100#BOLOGNA#5#NO#IMPIEGATO / QUADRO#m#34#BO#40100#BOLOGNA#veicolo già assicurato con atr#No#No#BM#13#0#0#0#0#0#0#0#0#3,000,000
Zurich Connect - MOTO#449#2010-04-01#moto#5#100#moto#moto#si#100#persona fisica#m#34#BO#40100#BOLOGNA#5#NO#IMPRENDITORE (GENERICO)#m#34#BO#40100#BOLOGNA#veicolo già assicurato con atr#No#No#BM#13#0#0#0#0#0#0#0#0#3,000,000
Zurich Connect - MOTO#450#2010-04-01#moto#5#100#moto#moto#si#100#persona fisica#m#34#BO#40100#BOLOGNA#5#NO#INGEGNERE#m#34#BO#40100#BOLOGNA#veicolo già assicurato con atr#No#No#BM#13#0#0#0#0#0#0#0#0#3,000,000
Zurich Connect - MOTO#451#2010-04-01#moto#5#100#moto#moto#si#100#persona fisica#m#34#BO#40100#BOLOGNA#5#NO#DOCENTE / INSEGNANTE#m#34#BO#40100#BOLOGNA#veicolo già assicurato con atr#No#No#BM#13#0#0#0#0#0#0#0#0#3,000,000
Zurich Connect - MOTO#452#2010-04-01#moto#5#100#moto#moto#si#100#persona fisica#m#34#BO#40100#BOLOGNA#5#NO#MAGISTRATO#m#34#BO#40100#BOLOGNA#veicolo già assicurato con atr#No#No#BM#13#0#0#0#0#0#0#0#0#3,000,000
Zurich Connect - MOTO#453#2010-04-01#moto#5#100#moto#moto#si#100#persona fisica#m#34#BO#40100#BOLOGNA#5#NO#MEDICO#m#34#BO#40100#BOLOGNA#veicolo già assicurato con atr#No#No#BM#13#0#0#0#0#0#0#0#0#3,000,000
Zurich Connect - MOTO#454#2010-04-01#moto#5#100#moto#moto#si#100#persona fisica#m#34#BO#40100#BOLOGNA#5#NO#MILITARE O ASSIMILATO#m#34#BO#40100#BOLOGNA#veicolo già assicurato con atr#No#No#BM#13#0#0#0#0#0#0#0#0#3,000,000
Zurich Connect - MOTO#455#2010-04-01#moto#5#100#moto#moto#si#100#persona fisica#m#34#BO#40100#BOLOGNA#5#NO#OPERAIO#m#34#BO#40100#BOLOGNA#veicolo già assicurato con atr#No#No#BM#13#0#0#0#0#0#0#0#0#3,000,000
Zurich Connect - MOTO#456#2010-04-01#moto#5#100#moto#moto#si#100#persona fisica#m#34#BO#40100#BOLOGNA#5#NO#PENSIONATA /O#m#34#BO#40100#BOLOGNA#veicolo già assicurato con atr#No#No#BM#13#0#0#0#0#0#0#0#0#3,000,000
Zurich Connect - MOTO#457#2010-04-01#moto#5#100#moto#moto#si#100#persona fisica#m#34#BO#40100#BOLOGNA#5#NO#LIBERO PROFESSIONISTA#m#34#BO#40100#BOLOGNA#veicolo già assicurato con atr#No#No#BM#13#0#0#0#0#0#0#0#0#3,000,000
Zurich Connect - MOTO#458#2010-04-01#moto#5#100#moto#moto#si#100#persona fisica#m#34#BO#40100#BOLOGNA#5#NO#PROMOTORE FINANZIARIO#m#34#BO#40100#BOLOGNA#veicolo già assicurato con atr#No#No#BM#13#0#0#0#0#0#0#0#0#3,000,000
Zurich Connect - MOTO#459#2010-04-01#moto#5#100#moto#moto#si#100#persona fisica#m#34#BO#40100#BOLOGNA#5#NO#RAPPRESENTANTE#m#34#BO#40100#BOLOGNA#veicolo già assicurato con atr#No#No#BM#13#0#0#0#0#0#0#0#0#3,000,000
Zurich Connect - MOTO#460#2010-04-01#moto#5#100#moto#moto#si#100#persona fisica#m#34#BO#40100#BOLOGNA#5#NO#STUDENTE#m#34#BO#40100#BOLOGNA#veicolo già assicurato con atr#No#No#BM#13#0#0#0#0#0#0#0#0#3,000,000
Zurich Connect - MOTO#461#2010-04-01#moto#0#100#moto#moto#si#100#persona fisica#m#34#BO#40100#BOLOGNA#5#NO#IMPIEGATO#m#34#BO#40100#BOLOGNA#veicolo già assicurato con atr#No#No#BM#13#0#0#0#0#0#0#0#0#3,000,000
Zurich Connect - MOTO#462#2010-04-01#moto#1#100#moto#moto#si#100#persona fisica#m#34#BO#40100#BOLOGNA#5#NO#IMPIEGATO#m#34#BO#40100#BOLOGNA#veicolo già assicurato con atr#No#No#BM#13#0#0#0#0#0#0#0#0#3,000,000
Zurich Connect - MOTO#463#2010-04-01#moto#2#100#moto#moto#si#100#persona fisica#m#34#BO#40100#BOLOGNA#5#NO#IMPIEGATO#m#34#BO#40100#BOLOGNA#veicolo già assicurato con atr#No#No#BM#13#0#0#0#0#0#0#0#0#3,000,000
Zurich Connect - MOTO#464#2010-04-01#moto#3#100#moto#moto#si#100#persona fisica#m#34#BO#40100#BOLOGNA#5#NO#IMPIEGATO#m#34#BO#40100#BOLOGNA#veicolo già assicurato con atr#No#No#BM#13#0#0#0#0#0#0#0#0#3,000,000
Zurich Connect - MOTO#465#2010-04-01#moto#4#100#moto#moto#si#100#persona fisica#m#34#BO#40100#BOLOGNA#5#NO#IMPIEGATO#m#34#BO#40100#BOLOGNA#veicolo già assicurato con atr#No#No#BM#13#0#0#0#0#0#0#0#0#3,000,000
Zurich Connect - MOTO#466#2010-04-01#moto#5#100#moto#moto#si#100#persona fisica#m#34#BO#40100#BOLOGNA#5#NO#IMPIEGATO#m#34#BO#40100#BOLOGNA#veicolo già assicurato con atr#No#No#BM#13#0#0#0#0#0#0#0#0#3,000,000
Zurich Connect - MOTO#467#2010-04-01#moto#6#100#moto#moto#si#100#persona fisica#m#34#BO#40100#BOLOGNA#5#NO#IMPIEGATO#m#34#BO#40100#BOLOGNA#veicolo già assicurato con atr#No#No#BM#13#0#0#0#0#0#0#0#0#3,000,000
Zurich Connect - MOTO#468#2010-04-01#moto#7#100#moto#moto#si#100#persona fisica#m#34#BO#40100#BOLOGNA#5#NO#IMPIEGATO#m#34#BO#40100#BOLOGNA#veicolo già assicurato con atr#No#No#BM#13#0#0#0#0#0#0#0#0#3,000,000
Zurich Connect - MOTO#469#2010-04-01#moto#8#100#moto#moto#si#100#persona fisica#m#34#BO#40100#BOLOGNA#5#NO#IMPIEGATO#m#34#BO#40100#BOLOGNA#veicolo già assicurato con atr#No#No#BM#13#0#0#0#0#0#0#0#0#3,000,000
Zurich Connect - MOTO#470#2010-04-01#moto#9#100#moto#moto#si#100#persona fisica#m#34#BO#40100#BOLOGNA#5#NO#IMPIEGATO#m#34#BO#40100#BOLOGNA#veicolo già assicurato con atr#No#No#BM#13#0#0#0#0#0#0#0#0#3,000,000
Zurich Connect - MOTO#471#2010-04-01#moto#10#100#moto#moto#si#100#persona fisica#m#34#BO#40100#BOLOGNA#5#NO#IMPIEGATO#m#34#BO#40100#BOLOGNA#veicolo già assicurato con atr#No#No#BM#13#0#0#0#0#0#0#0#0#3,000,000
