generali#1#2010-03-15#moto#3#100#moto#moto#si#100#Persona fisica#M#40#NA#00000#Napoli#3##IMPIEGATO #M#40#NA#00000#Napoli#veicolo già assicurato con atr#No#No#BM#8#0#0#0#0#0#0#0#0#3,000,000
generali#2#2010-03-15#moto#3#100#moto#moto#si#100#Persona fisica#M#40#AG#00000#Agrigento#3##IMPIEGATO #M#40#NA#00000#Napoli#veicolo già assicurato con atr#No#No#BM#8#0#0#0#0#0#0#0#0#3,000,000
generali#3#2010-03-15#moto#3#100#moto#moto#si#100#Persona fisica#M#40#AL#00000#Alessandria#3##IMPIEGATO #M#40#NA#00000#Napoli#veicolo già assicurato con atr#No#No#BM#8#0#0#0#0#0#0#0#0#3,000,000
generali#4#2010-03-15#moto#3#100#moto#moto#si#100#Persona fisica#M#40#AN#00000#Ancona#3##IMPIEGATO #M#40#NA#00000#Napoli#veicolo già assicurato con atr#No#No#BM#8#0#0#0#0#0#0#0#0#3,000,000
generali#5#2010-03-15#moto#3#100#moto#moto#si#100#Persona fisica#M#40#AO#00000#Aosta#3##IMPIEGATO #M#40#NA#00000#Napoli#veicolo già assicurato con atr#No#No#BM#8#0#0#0#0#0#0#0#0#3,000,000
generali#6#2010-03-15#moto#3#100#moto#moto#si#100#Persona fisica#M#40#AP#00000#AscoliPiceno#3##IMPIEGATO #M#40#NA#00000#Napoli#veicolo già assicurato con atr#No#No#BM#8#0#0#0#0#0#0#0#0#3,000,000
generali#7#2010-03-15#moto#3#100#moto#moto#si#100#Persona fisica#M#40#AQ#00000#L'Aquila#3##IMPIEGATO #M#40#NA#00000#Napoli#veicolo già assicurato con atr#No#No#BM#8#0#0#0#0#0#0#0#0#3,000,000
generali#8#2010-03-15#moto#3#100#moto#moto#si#100#Persona fisica#M#40#AR#00000#Arezzo#3##IMPIEGATO #M#40#NA#00000#Napoli#veicolo già assicurato con atr#No#No#BM#8#0#0#0#0#0#0#0#0#3,000,000
generali#9#2010-03-15#moto#3#100#moto#moto#si#100#Persona fisica#M#40#AT#00000#Asti#3##IMPIEGATO #M#40#NA#00000#Napoli#veicolo già assicurato con atr#No#No#BM#8#0#0#0#0#0#0#0#0#3,000,000
generali#10#2010-03-15#moto#3#100#moto#moto#si#100#Persona fisica#M#40#AV#00000#Avellino#3##IMPIEGATO #M#40#NA#00000#Napoli#veicolo già assicurato con atr#No#No#BM#8#0#0#0#0#0#0#0#0#3,000,000
generali#11#2010-03-15#moto#3#100#moto#moto#si#100#Persona fisica#M#40#BA#00000#Bari#3##IMPIEGATO #M#40#NA#00000#Napoli#veicolo già assicurato con atr#No#No#BM#8#0#0#0#0#0#0#0#0#3,000,000
generali#12#2010-03-15#moto#3#100#moto#moto#si#100#Persona fisica#M#40#BG#00000#Bergamo#3##IMPIEGATO #M#40#NA#00000#Napoli#veicolo già assicurato con atr#No#No#BM#8#0#0#0#0#0#0#0#0#3,000,000
generali#13#2010-03-15#moto#3#100#moto#moto#si#100#Persona fisica#M#40#BI#00000#Biella#3##IMPIEGATO #M#40#NA#00000#Napoli#veicolo già assicurato con atr#No#No#BM#8#0#0#0#0#0#0#0#0#3,000,000
generali#14#2010-03-15#moto#3#100#moto#moto#si#100#Persona fisica#M#40#BL#00000#Belluno#3##IMPIEGATO #M#40#NA#00000#Napoli#veicolo già assicurato con atr#No#No#BM#8#0#0#0#0#0#0#0#0#3,000,000
generali#15#2010-03-15#moto#3#100#moto#moto#si#100#Persona fisica#M#40#BN#00000#Benevento#3##IMPIEGATO #M#40#NA#00000#Napoli#veicolo già assicurato con atr#No#No#BM#8#0#0#0#0#0#0#0#0#3,000,000
generali#16#2010-03-15#moto#3#100#moto#moto#si#100#Persona fisica#M#40#BO#00000#Bologna#3##IMPIEGATO #M#40#NA#00000#Napoli#veicolo già assicurato con atr#No#No#BM#8#0#0#0#0#0#0#0#0#3,000,000
generali#17#2010-03-15#moto#3#100#moto#moto#si#100#Persona fisica#M#40#BR#00000#Brindisi#3##IMPIEGATO #M#40#NA#00000#Napoli#veicolo già assicurato con atr#No#No#BM#8#0#0#0#0#0#0#0#0#3,000,000
generali#18#2010-03-15#moto#3#100#moto#moto#si#100#Persona fisica#M#40#BS#00000#Brescia#3##IMPIEGATO #M#40#NA#00000#Napoli#veicolo già assicurato con atr#No#No#BM#8#0#0#0#0#0#0#0#0#3,000,000
generali#19#2010-03-15#moto#3#100#moto#moto#si#100#Persona fisica#M#40#BZ#00000#Bolzano#3##IMPIEGATO #M#40#NA#00000#Napoli#veicolo già assicurato con atr#No#No#BM#8#0#0#0#0#0#0#0#0#3,000,000
generali#20#2010-03-15#moto#3#100#moto#moto#si#100#Persona fisica#M#40#CA#00000#Cagliari#3##IMPIEGATO #M#40#NA#00000#Napoli#veicolo già assicurato con atr#No#No#BM#8#0#0#0#0#0#0#0#0#3,000,000
generali#21#2010-03-15#moto#3#100#moto#moto#si#100#Persona fisica#M#40#CB#00000#Campobasso#3##IMPIEGATO #M#40#NA#00000#Napoli#veicolo già assicurato con atr#No#No#BM#8#0#0#0#0#0#0#0#0#3,000,000
generali#22#2010-03-15#moto#3#100#moto#moto#si#100#Persona fisica#M#40#CE#00000#Caserta#3##IMPIEGATO #M#40#NA#00000#Napoli#veicolo già assicurato con atr#No#No#BM#8#0#0#0#0#0#0#0#0#3,000,000
generali#23#2010-03-15#moto#3#100#moto#moto#si#100#Persona fisica#M#40#CH#00000#Chieti#3##IMPIEGATO #M#40#NA#00000#Napoli#veicolo già assicurato con atr#No#No#BM#8#0#0#0#0#0#0#0#0#3,000,000
generali#24#2010-03-15#moto#3#100#moto#moto#si#100#Persona fisica#M#40#CL#00000#Caltanissetta#3##IMPIEGATO #M#40#NA#00000#Napoli#veicolo già assicurato con atr#No#No#BM#8#0#0#0#0#0#0#0#0#3,000,000
generali#25#2010-03-15#moto#3#100#moto#moto#si#100#Persona fisica#M#40#CN#00000#Cuneo#3##IMPIEGATO #M#40#NA#00000#Napoli#veicolo già assicurato con atr#No#No#BM#8#0#0#0#0#0#0#0#0#3,000,000
generali#26#2010-03-15#moto#3#100#moto#moto#si#100#Persona fisica#M#40#CO#00000#Como#3##IMPIEGATO #M#40#NA#00000#Napoli#veicolo già assicurato con atr#No#No#BM#8#0#0#0#0#0#0#0#0#3,000,000
generali#27#2010-03-15#moto#3#100#moto#moto#si#100#Persona fisica#M#40#CR#00000#Cremona#3##IMPIEGATO #M#40#NA#00000#Napoli#veicolo già assicurato con atr#No#No#BM#8#0#0#0#0#0#0#0#0#3,000,000
generali#28#2010-03-15#moto#3#100#moto#moto#si#100#Persona fisica#M#40#CS#00000#Cosenza#3##IMPIEGATO #M#40#NA#00000#Napoli#veicolo già assicurato con atr#No#No#BM#8#0#0#0#0#0#0#0#0#3,000,000
generali#29#2010-03-15#moto#3#100#moto#moto#si#100#Persona fisica#M#40#CT#00000#Catania#3##IMPIEGATO #M#40#NA#00000#Napoli#veicolo già assicurato con atr#No#No#BM#8#0#0#0#0#0#0#0#0#3,000,000
generali#30#2010-03-15#moto#3#100#moto#moto#si#100#Persona fisica#M#40#CZ#00000#Catanzaro#3##IMPIEGATO #M#40#NA#00000#Napoli#veicolo già assicurato con atr#No#No#BM#8#0#0#0#0#0#0#0#0#3,000,000
generali#31#2010-03-15#moto#3#100#moto#moto#si#100#Persona fisica#M#40#EN#00000#Enna#3##IMPIEGATO #M#40#NA#00000#Napoli#veicolo già assicurato con atr#No#No#BM#8#0#0#0#0#0#0#0#0#3,000,000
generali#32#2010-03-15#moto#3#100#moto#moto#si#100#Persona fisica#M#40#FE#00000#Ferrara#3##IMPIEGATO #M#40#NA#00000#Napoli#veicolo già assicurato con atr#No#No#BM#8#0#0#0#0#0#0#0#0#3,000,000
generali#33#2010-03-15#moto#3#100#moto#moto#si#100#Persona fisica#M#40#FG#00000#Foggia#3##IMPIEGATO #M#40#NA#00000#Napoli#veicolo già assicurato con atr#No#No#BM#8#0#0#0#0#0#0#0#0#3,000,000
generali#34#2010-03-15#moto#3#100#moto#moto#si#100#Persona fisica#M#40#FI#00000#Firenze#3##IMPIEGATO #M#40#NA#00000#Napoli#veicolo già assicurato con atr#No#No#BM#8#0#0#0#0#0#0#0#0#3,000,000
generali#35#2010-03-15#moto#3#100#moto#moto#si#100#Persona fisica#M#40#FC#00000#Forl#3##IMPIEGATO #M#40#NA#00000#Napoli#veicolo già assicurato con atr#No#No#BM#8#0#0#0#0#0#0#0#0#3,000,000
generali#36#2010-03-15#moto#3#100#moto#moto#si#100#Persona fisica#M#40#FR#00000#Frosinone#3##IMPIEGATO #M#40#NA#00000#Napoli#veicolo già assicurato con atr#No#No#BM#8#0#0#0#0#0#0#0#0#3,000,000
generali#37#2010-03-15#moto#3#100#moto#moto#si#100#Persona fisica#M#40#GE#00000#Genova#3##IMPIEGATO #M#40#NA#00000#Napoli#veicolo già assicurato con atr#No#No#BM#8#0#0#0#0#0#0#0#0#3,000,000
generali#38#2010-03-15#moto#3#100#moto#moto#si#100#Persona fisica#M#40#GO#00000#Gorizia#3##IMPIEGATO #M#40#NA#00000#Napoli#veicolo già assicurato con atr#No#No#BM#8#0#0#0#0#0#0#0#0#3,000,000
generali#39#2010-03-15#moto#3#100#moto#moto#si#100#Persona fisica#M#40#GR#00000#Grosseto#3##IMPIEGATO #M#40#NA#00000#Napoli#veicolo già assicurato con atr#No#No#BM#8#0#0#0#0#0#0#0#0#3,000,000
generali#40#2010-03-15#moto#3#100#moto#moto#si#100#Persona fisica#M#40#IM#00000#Imperia#3##IMPIEGATO #M#40#NA#00000#Napoli#veicolo già assicurato con atr#No#No#BM#8#0#0#0#0#0#0#0#0#3,000,000
generali#41#2010-03-15#moto#3#100#moto#moto#si#100#Persona fisica#M#40#IS#00000#Isernia#3##IMPIEGATO #M#40#NA#00000#Napoli#veicolo già assicurato con atr#No#No#BM#8#0#0#0#0#0#0#0#0#3,000,000
generali#42#2010-03-15#moto#3#100#moto#moto#si#100#Persona fisica#M#40#KR#00000#Crotone#3##IMPIEGATO #M#40#NA#00000#Napoli#veicolo già assicurato con atr#No#No#BM#8#0#0#0#0#0#0#0#0#3,000,000
generali#43#2010-03-15#moto#3#100#moto#moto#si#100#Persona fisica#M#40#LC#00000#Lecco#3##IMPIEGATO #M#40#NA#00000#Napoli#veicolo già assicurato con atr#No#No#BM#8#0#0#0#0#0#0#0#0#3,000,000
generali#44#2010-03-15#moto#3#100#moto#moto#si#100#Persona fisica#M#40#LE#00000#Lecce#3##IMPIEGATO #M#40#NA#00000#Napoli#veicolo già assicurato con atr#No#No#BM#8#0#0#0#0#0#0#0#0#3,000,000
generali#45#2010-03-15#moto#3#100#moto#moto#si#100#Persona fisica#M#40#LI#00000#Livorno#3##IMPIEGATO #M#40#NA#00000#Napoli#veicolo già assicurato con atr#No#No#BM#8#0#0#0#0#0#0#0#0#3,000,000
generali#46#2010-03-15#moto#3#100#moto#moto#si#100#Persona fisica#M#40#LO#00000#Lodi#3##IMPIEGATO #M#40#NA#00000#Napoli#veicolo già assicurato con atr#No#No#BM#8#0#0#0#0#0#0#0#0#3,000,000
generali#47#2010-03-15#moto#3#100#moto#moto#si#100#Persona fisica#M#40#LT#00000#Latina#3##IMPIEGATO #M#40#NA#00000#Napoli#veicolo già assicurato con atr#No#No#BM#8#0#0#0#0#0#0#0#0#3,000,000
generali#48#2010-03-15#moto#3#100#moto#moto#si#100#Persona fisica#M#40#LU#00000#Lucca#3##IMPIEGATO #M#40#NA#00000#Napoli#veicolo già assicurato con atr#No#No#BM#8#0#0#0#0#0#0#0#0#3,000,000
generali#49#2010-03-15#moto#3#100#moto#moto#si#100#Persona fisica#M#40#MC#00000#Macerata#3##IMPIEGATO #M#40#NA#00000#Napoli#veicolo già assicurato con atr#No#No#BM#8#0#0#0#0#0#0#0#0#3,000,000
generali#50#2010-03-15#moto#3#100#moto#moto#si#100#Persona fisica#M#40#ME#00000#Messina#3##IMPIEGATO #M#40#NA#00000#Napoli#veicolo già assicurato con atr#No#No#BM#8#0#0#0#0#0#0#0#0#3,000,000
generali#51#2010-03-15#moto#3#100#moto#moto#si#100#Persona fisica#M#40#MI#00000#Milano#3##IMPIEGATO #M#40#NA#00000#Napoli#veicolo già assicurato con atr#No#No#BM#8#0#0#0#0#0#0#0#0#3,000,000
generali#52#2010-03-15#moto#3#100#moto#moto#si#100#Persona fisica#M#40#MN#00000#Mantova#3##IMPIEGATO #M#40#NA#00000#Napoli#veicolo già assicurato con atr#No#No#BM#8#0#0#0#0#0#0#0#0#3,000,000
generali#53#2010-03-15#moto#3#100#moto#moto#si#100#Persona fisica#M#40#MO#00000#Modena#3##IMPIEGATO #M#40#NA#00000#Napoli#veicolo già assicurato con atr#No#No#BM#8#0#0#0#0#0#0#0#0#3,000,000
generali#54#2010-03-15#moto#3#100#moto#moto#si#100#Persona fisica#M#40#MS#00000#MassaCarrara#3##IMPIEGATO #M#40#NA#00000#Napoli#veicolo già assicurato con atr#No#No#BM#8#0#0#0#0#0#0#0#0#3,000,000
generali#55#2010-03-15#moto#3#100#moto#moto#si#100#Persona fisica#M#40#MT#00000#Matera#3##IMPIEGATO #M#40#NA#00000#Napoli#veicolo già assicurato con atr#No#No#BM#8#0#0#0#0#0#0#0#0#3,000,000
generali#56#2010-03-15#moto#3#100#moto#moto#si#100#Persona fisica#M#40#NA#00000#Napoli#3##IMPIEGATO #M#40#NA#00000#Napoli#veicolo già assicurato con atr#No#No#BM#8#0#0#0#0#0#0#0#0#3,000,000
generali#57#2010-03-15#moto#3#100#moto#moto#si#100#Persona fisica#M#40#NO#00000#Novara#3##IMPIEGATO #M#40#NA#00000#Napoli#veicolo già assicurato con atr#No#No#BM#8#0#0#0#0#0#0#0#0#3,000,000
generali#58#2010-03-15#moto#3#100#moto#moto#si#100#Persona fisica#M#40#NU#00000#Nuoro#3##IMPIEGATO #M#40#NA#00000#Napoli#veicolo già assicurato con atr#No#No#BM#8#0#0#0#0#0#0#0#0#3,000,000
generali#59#2010-03-15#moto#3#100#moto#moto#si#100#Persona fisica#M#40#OR#00000#Oristano#3##IMPIEGATO #M#40#NA#00000#Napoli#veicolo già assicurato con atr#No#No#BM#8#0#0#0#0#0#0#0#0#3,000,000
generali#60#2010-03-15#moto#3#100#moto#moto#si#100#Persona fisica#M#40#PA#00000#Palermo#3##IMPIEGATO #M#40#NA#00000#Napoli#veicolo già assicurato con atr#No#No#BM#8#0#0#0#0#0#0#0#0#3,000,000
generali#61#2010-03-15#moto#3#100#moto#moto#si#100#Persona fisica#M#40#PC#00000#Piacenza#3##IMPIEGATO #M#40#NA#00000#Napoli#veicolo già assicurato con atr#No#No#BM#8#0#0#0#0#0#0#0#0#3,000,000
generali#62#2010-03-15#moto#3#100#moto#moto#si#100#Persona fisica#M#40#PD#00000#Padova#3##IMPIEGATO #M#40#NA#00000#Napoli#veicolo già assicurato con atr#No#No#BM#8#0#0#0#0#0#0#0#0#3,000,000
generali#63#2010-03-15#moto#3#100#moto#moto#si#100#Persona fisica#M#40#PE#00000#Pescara#3##IMPIEGATO #M#40#NA#00000#Napoli#veicolo già assicurato con atr#No#No#BM#8#0#0#0#0#0#0#0#0#3,000,000
generali#64#2010-03-15#moto#3#100#moto#moto#si#100#Persona fisica#M#40#PG#00000#Perugia#3##IMPIEGATO #M#40#NA#00000#Napoli#veicolo già assicurato con atr#No#No#BM#8#0#0#0#0#0#0#0#0#3,000,000
generali#65#2010-03-15#moto#3#100#moto#moto#si#100#Persona fisica#M#40#PI#00000#Pisa#3##IMPIEGATO #M#40#NA#00000#Napoli#veicolo già assicurato con atr#No#No#BM#8#0#0#0#0#0#0#0#0#3,000,000
generali#66#2010-03-15#moto#3#100#moto#moto#si#100#Persona fisica#M#40#PN#00000#Pordenone#3##IMPIEGATO #M#40#NA#00000#Napoli#veicolo già assicurato con atr#No#No#BM#8#0#0#0#0#0#0#0#0#3,000,000
generali#67#2010-03-15#moto#3#100#moto#moto#si#100#Persona fisica#M#40#PO#00000#Prato#3##IMPIEGATO #M#40#NA#00000#Napoli#veicolo già assicurato con atr#No#No#BM#8#0#0#0#0#0#0#0#0#3,000,000
generali#68#2010-03-15#moto#3#100#moto#moto#si#100#Persona fisica#M#40#PR#00000#Parma#3##IMPIEGATO #M#40#NA#00000#Napoli#veicolo già assicurato con atr#No#No#BM#8#0#0#0#0#0#0#0#0#3,000,000
generali#69#2010-03-15#moto#3#100#moto#moto#si#100#Persona fisica#M#40#PU#00000#Pesaro#3##IMPIEGATO #M#40#NA#00000#Napoli#veicolo già assicurato con atr#No#No#BM#8#0#0#0#0#0#0#0#0#3,000,000
generali#70#2010-03-15#moto#3#100#moto#moto#si#100#Persona fisica#M#40#PT#00000#Pistoia#3##IMPIEGATO #M#40#NA#00000#Napoli#veicolo già assicurato con atr#No#No#BM#8#0#0#0#0#0#0#0#0#3,000,000
generali#71#2010-03-15#moto#3#100#moto#moto#si#100#Persona fisica#M#40#PV#00000#Pavia#3##IMPIEGATO #M#40#NA#00000#Napoli#veicolo già assicurato con atr#No#No#BM#8#0#0#0#0#0#0#0#0#3,000,000
generali#72#2010-03-15#moto#3#100#moto#moto#si#100#Persona fisica#M#40#PZ#00000#Potenza#3##IMPIEGATO #M#40#NA#00000#Napoli#veicolo già assicurato con atr#No#No#BM#8#0#0#0#0#0#0#0#0#3,000,000
generali#73#2010-03-15#moto#3#100#moto#moto#si#100#Persona fisica#M#40#RA#00000#Ravenna#3##IMPIEGATO #M#40#NA#00000#Napoli#veicolo già assicurato con atr#No#No#BM#8#0#0#0#0#0#0#0#0#3,000,000
generali#74#2010-03-15#moto#3#100#moto#moto#si#100#Persona fisica#M#40#RC#00000#ReggioCalabria#3##IMPIEGATO #M#40#NA#00000#Napoli#veicolo già assicurato con atr#No#No#BM#8#0#0#0#0#0#0#0#0#3,000,000
generali#75#2010-03-15#moto#3#100#moto#moto#si#100#Persona fisica#M#40#RE#00000#ReggioEmilia#3##IMPIEGATO #M#40#NA#00000#Napoli#veicolo già assicurato con atr#No#No#BM#8#0#0#0#0#0#0#0#0#3,000,000
generali#76#2010-03-15#moto#3#100#moto#moto#si#100#Persona fisica#M#40#RG#00000#Ragusa#3##IMPIEGATO #M#40#NA#00000#Napoli#veicolo già assicurato con atr#No#No#BM#8#0#0#0#0#0#0#0#0#3,000,000
generali#77#2010-03-15#moto#3#100#moto#moto#si#100#Persona fisica#M#40#RI#00000#Rieti#3##IMPIEGATO #M#40#NA#00000#Napoli#veicolo già assicurato con atr#No#No#BM#8#0#0#0#0#0#0#0#0#3,000,000
generali#78#2010-03-15#moto#3#100#moto#moto#si#100#Persona fisica#M#40#RM#00000#Roma#3##IMPIEGATO #M#40#NA#00000#Napoli#veicolo già assicurato con atr#No#No#BM#8#0#0#0#0#0#0#0#0#3,000,000
generali#79#2010-03-15#moto#3#100#moto#moto#si#100#Persona fisica#M#40#RN#00000#Rimini#3##IMPIEGATO #M#40#NA#00000#Napoli#veicolo già assicurato con atr#No#No#BM#8#0#0#0#0#0#0#0#0#3,000,000
generali#80#2010-03-15#moto#3#100#moto#moto#si#100#Persona fisica#M#40#RO#00000#Rovigo#3##IMPIEGATO #M#40#NA#00000#Napoli#veicolo già assicurato con atr#No#No#BM#8#0#0#0#0#0#0#0#0#3,000,000
generali#81#2010-03-15#moto#3#100#moto#moto#si#100#Persona fisica#M#40#SA#00000#Salerno#3##IMPIEGATO #M#40#NA#00000#Napoli#veicolo già assicurato con atr#No#No#BM#8#0#0#0#0#0#0#0#0#3,000,000
generali#82#2010-03-15#moto#3#100#moto#moto#si#100#Persona fisica#M#40#SI#00000#Siena#3##IMPIEGATO #M#40#NA#00000#Napoli#veicolo già assicurato con atr#No#No#BM#8#0#0#0#0#0#0#0#0#3,000,000
generali#83#2010-03-15#moto#3#100#moto#moto#si#100#Persona fisica#M#40#SO#00000#Sondrio#3##IMPIEGATO #M#40#NA#00000#Napoli#veicolo già assicurato con atr#No#No#BM#8#0#0#0#0#0#0#0#0#3,000,000
generali#84#2010-03-15#moto#3#100#moto#moto#si#100#Persona fisica#M#40#SP#00000#LaSpezia#3##IMPIEGATO #M#40#NA#00000#Napoli#veicolo già assicurato con atr#No#No#BM#8#0#0#0#0#0#0#0#0#3,000,000
generali#85#2010-03-15#moto#3#100#moto#moto#si#100#Persona fisica#M#40#SR#00000#Siracusa#3##IMPIEGATO #M#40#NA#00000#Napoli#veicolo già assicurato con atr#No#No#BM#8#0#0#0#0#0#0#0#0#3,000,000
generali#86#2010-03-15#moto#3#100#moto#moto#si#100#Persona fisica#M#40#SS#00000#Sassari#3##IMPIEGATO #M#40#NA#00000#Napoli#veicolo già assicurato con atr#No#No#BM#8#0#0#0#0#0#0#0#0#3,000,000
generali#87#2010-03-15#moto#3#100#moto#moto#si#100#Persona fisica#M#40#SV#00000#Savona#3##IMPIEGATO #M#40#NA#00000#Napoli#veicolo già assicurato con atr#No#No#BM#8#0#0#0#0#0#0#0#0#3,000,000
generali#88#2010-03-15#moto#3#100#moto#moto#si#100#Persona fisica#M#40#TA#00000#Taranto#3##IMPIEGATO #M#40#NA#00000#Napoli#veicolo già assicurato con atr#No#No#BM#8#0#0#0#0#0#0#0#0#3,000,000
generali#89#2010-03-15#moto#3#100#moto#moto#si#100#Persona fisica#M#40#TE#00000#Teramo#3##IMPIEGATO #M#40#NA#00000#Napoli#veicolo già assicurato con atr#No#No#BM#8#0#0#0#0#0#0#0#0#3,000,000
generali#90#2010-03-15#moto#3#100#moto#moto#si#100#Persona fisica#M#40#TN#00000#Trento#3##IMPIEGATO #M#40#NA#00000#Napoli#veicolo già assicurato con atr#No#No#BM#8#0#0#0#0#0#0#0#0#3,000,000
generali#91#2010-03-15#moto#3#100#moto#moto#si#100#Persona fisica#M#40#TO#00000#Torino#3##IMPIEGATO #M#40#NA#00000#Napoli#veicolo già assicurato con atr#No#No#BM#8#0#0#0#0#0#0#0#0#3,000,000
generali#92#2010-03-15#moto#3#100#moto#moto#si#100#Persona fisica#M#40#TP#00000#Trapani#3##IMPIEGATO #M#40#NA#00000#Napoli#veicolo già assicurato con atr#No#No#BM#8#0#0#0#0#0#0#0#0#3,000,000
generali#93#2010-03-15#moto#3#100#moto#moto#si#100#Persona fisica#M#40#TR#00000#Terni#3##IMPIEGATO #M#40#NA#00000#Napoli#veicolo già assicurato con atr#No#No#BM#8#0#0#0#0#0#0#0#0#3,000,000
generali#94#2010-03-15#moto#3#100#moto#moto#si#100#Persona fisica#M#40#TS#00000#Trieste#3##IMPIEGATO #M#40#NA#00000#Napoli#veicolo già assicurato con atr#No#No#BM#8#0#0#0#0#0#0#0#0#3,000,000
generali#95#2010-03-15#moto#3#100#moto#moto#si#100#Persona fisica#M#40#TV#00000#Treviso#3##IMPIEGATO #M#40#NA#00000#Napoli#veicolo già assicurato con atr#No#No#BM#8#0#0#0#0#0#0#0#0#3,000,000
generali#96#2010-03-15#moto#3#100#moto#moto#si#100#Persona fisica#M#40#UD#00000#Udine#3##IMPIEGATO #M#40#NA#00000#Napoli#veicolo già assicurato con atr#No#No#BM#8#0#0#0#0#0#0#0#0#3,000,000
generali#97#2010-03-15#moto#3#100#moto#moto#si#100#Persona fisica#M#40#VA#00000#Varese#3##IMPIEGATO #M#40#NA#00000#Napoli#veicolo già assicurato con atr#No#No#BM#8#0#0#0#0#0#0#0#0#3,000,000
generali#98#2010-03-15#moto#3#100#moto#moto#si#100#Persona fisica#M#40#VB#00000#Verbania#3##IMPIEGATO #M#40#NA#00000#Napoli#veicolo già assicurato con atr#No#No#BM#8#0#0#0#0#0#0#0#0#3,000,000
generali#99#2010-03-15#moto#3#100#moto#moto#si#100#Persona fisica#M#40#VC#00000#Vercelli#3##IMPIEGATO #M#40#NA#00000#Napoli#veicolo già assicurato con atr#No#No#BM#8#0#0#0#0#0#0#0#0#3,000,000
generali#100#2010-03-15#moto#3#100#moto#moto#si#100#Persona fisica#M#40#VE#00000#Venezia#3##IMPIEGATO #M#40#NA#00000#Napoli#veicolo già assicurato con atr#No#No#BM#8#0#0#0#0#0#0#0#0#3,000,000
generali#101#2010-03-15#moto#3#100#moto#moto#si#100#Persona fisica#M#40#VI#00000#Vicenza#3##IMPIEGATO #M#40#NA#00000#Napoli#veicolo già assicurato con atr#No#No#BM#8#0#0#0#0#0#0#0#0#3,000,000
generali#102#2010-03-15#moto#3#100#moto#moto#si#100#Persona fisica#M#40#VR#00000#Verona#3##IMPIEGATO #M#40#NA#00000#Napoli#veicolo già assicurato con atr#No#No#BM#8#0#0#0#0#0#0#0#0#3,000,000
generali#103#2010-03-15#moto#3#100#moto#moto#si#100#Persona fisica#M#40#VT#00000#Viterbo#3##IMPIEGATO #M#40#NA#00000#Napoli#veicolo già assicurato con atr#No#No#BM#8#0#0#0#0#0#0#0#0#3,000,000
generali#104#2010-03-15#moto#3#100#moto#moto#si#100#Persona fisica#M#40#VV#00000#ViboValentia#3##IMPIEGATO #M#40#NA#00000#Napoli#veicolo già assicurato con atr#No#No#BM#8#0#0#0#0#0#0#0#0#3,000,000
generali#105#2010-03-15#moto#3#100#moto#moto#si#100#Persona fisica#M#40#AG#00000#Sciacca#3##IMPIEGATO #M#40#NA#00000#Napoli#veicolo già assicurato con atr#No#No#BM#8#0#0#0#0#0#0#0#0#3,000,000
generali#106#2010-03-15#moto#3#100#moto#moto#si#100#Persona fisica#M#40#AL#00000#Cavatore #3##IMPIEGATO #M#40#NA#00000#Napoli#veicolo già assicurato con atr#No#No#BM#8#0#0#0#0#0#0#0#0#3,000,000
generali#107#2010-03-15#moto#3#100#moto#moto#si#100#Persona fisica#M#40#AN#00000#Montemarciano #3##IMPIEGATO #M#40#NA#00000#Napoli#veicolo già assicurato con atr#No#No#BM#8#0#0#0#0#0#0#0#0#3,000,000
generali#108#2010-03-15#moto#3#100#moto#moto#si#100#Persona fisica#M#40#AO#00000#La Salle #3##IMPIEGATO #M#40#NA#00000#Napoli#veicolo già assicurato con atr#No#No#BM#8#0#0#0#0#0#0#0#0#3,000,000
generali#109#2010-03-15#moto#3#100#moto#moto#si#100#Persona fisica#M#40#AP#00000#Grottammare #3##IMPIEGATO #M#40#NA#00000#Napoli#veicolo già assicurato con atr#No#No#BM#8#0#0#0#0#0#0#0#0#3,000,000
generali#110#2010-03-15#moto#3#100#moto#moto#si#100#Persona fisica#M#40#AQ#00000#Calascio #3##IMPIEGATO #M#40#NA#00000#Napoli#veicolo già assicurato con atr#No#No#BM#8#0#0#0#0#0#0#0#0#3,000,000
generali#111#2010-03-15#moto#3#100#moto#moto#si#100#Persona fisica#M#40#AR#00000#Capolona #3##IMPIEGATO #M#40#NA#00000#Napoli#veicolo già assicurato con atr#No#No#BM#8#0#0#0#0#0#0#0#0#3,000,000
generali#112#2010-03-15#moto#3#100#moto#moto#si#100#Persona fisica#M#40#AT#00000#Antignano #3##IMPIEGATO #M#40#NA#00000#Napoli#veicolo già assicurato con atr#No#No#BM#8#0#0#0#0#0#0#0#0#3,000,000
generali#113#2010-03-15#moto#3#100#moto#moto#si#100#Persona fisica#M#40#AV#00000#Grottolella #3##IMPIEGATO #M#40#NA#00000#Napoli#veicolo già assicurato con atr#No#No#BM#8#0#0#0#0#0#0#0#0#3,000,000
generali#114#2010-03-15#moto#3#100#moto#moto#si#100#Persona fisica#M#40#BA#00000#Alberobello #3##IMPIEGATO #M#40#NA#00000#Napoli#veicolo già assicurato con atr#No#No#BM#8#0#0#0#0#0#0#0#0#3,000,000
generali#115#2010-03-15#moto#3#100#moto#moto#si#100#Persona fisica#M#40#BG#00000#Azzone #3##IMPIEGATO #M#40#NA#00000#Napoli#veicolo già assicurato con atr#No#No#BM#8#0#0#0#0#0#0#0#0#3,000,000
generali#116#2010-03-15#moto#3#100#moto#moto#si#100#Persona fisica#M#40#BI#00000#Tollegno #3##IMPIEGATO #M#40#NA#00000#Napoli#veicolo già assicurato con atr#No#No#BM#8#0#0#0#0#0#0#0#0#3,000,000
generali#117#2010-03-15#moto#3#100#moto#moto#si#100#Persona fisica#M#40#BL#00000#Longarone #3##IMPIEGATO #M#40#NA#00000#Napoli#veicolo già assicurato con atr#No#No#BM#8#0#0#0#0#0#0#0#0#3,000,000
generali#118#2010-03-15#moto#3#100#moto#moto#si#100#Persona fisica#M#40#BN#00000#Airola #3##IMPIEGATO #M#40#NA#00000#Napoli#veicolo già assicurato con atr#No#No#BM#8#0#0#0#0#0#0#0#0#3,000,000
generali#119#2010-03-15#moto#3#100#moto#moto#si#100#Persona fisica#M#40#BO#00000#Bentivoglio #3##IMPIEGATO #M#40#NA#00000#Napoli#veicolo già assicurato con atr#No#No#BM#8#0#0#0#0#0#0#0#0#3,000,000
generali#120#2010-03-15#moto#3#100#moto#moto#si#100#Persona fisica#M#40#BR#00000#Ostuni #3##IMPIEGATO #M#40#NA#00000#Napoli#veicolo già assicurato con atr#No#No#BM#8#0#0#0#0#0#0#0#0#3,000,000
generali#121#2010-03-15#moto#3#100#moto#moto#si#100#Persona fisica#M#40#BS#00000#Ceto #3##IMPIEGATO #M#40#NA#00000#Napoli#veicolo già assicurato con atr#No#No#BM#8#0#0#0#0#0#0#0#0#3,000,000
generali#122#2010-03-15#moto#3#100#moto#moto#si#100#Persona fisica#M#40#BZ#00000#Merano #3##IMPIEGATO #M#40#NA#00000#Napoli#veicolo già assicurato con atr#No#No#BM#8#0#0#0#0#0#0#0#0#3,000,000
generali#123#2010-03-15#moto#3#100#moto#moto#si#100#Persona fisica#M#40#CA#00000#Pula#3##IMPIEGATO #M#40#NA#00000#Napoli#veicolo già assicurato con atr#No#No#BM#8#0#0#0#0#0#0#0#0#3,000,000
generali#124#2010-03-15#moto#3#100#moto#moto#si#100#Persona fisica#M#40#CB#00000#Gambatesa #3##IMPIEGATO #M#40#NA#00000#Napoli#veicolo già assicurato con atr#No#No#BM#8#0#0#0#0#0#0#0#0#3,000,000
generali#125#2010-03-15#moto#3#100#moto#moto#si#100#Persona fisica#M#40#CE#00000#Capodrise #3##IMPIEGATO #M#40#NA#00000#Napoli#veicolo già assicurato con atr#No#No#BM#8#0#0#0#0#0#0#0#0#3,000,000
generali#126#2010-03-15#moto#3#100#moto#moto#si#100#Persona fisica#M#40#CH#00000#Vasto #3##IMPIEGATO #M#40#NA#00000#Napoli#veicolo già assicurato con atr#No#No#BM#8#0#0#0#0#0#0#0#0#3,000,000
generali#127#2010-03-15#moto#3#100#moto#moto#si#100#Persona fisica#M#40#CL#00000#Campofranco #3##IMPIEGATO #M#40#NA#00000#Napoli#veicolo già assicurato con atr#No#No#BM#8#0#0#0#0#0#0#0#0#3,000,000
generali#128#2010-03-15#moto#3#100#moto#moto#si#100#Persona fisica#M#40#CN#00000#Aisone #3##IMPIEGATO #M#40#NA#00000#Napoli#veicolo già assicurato con atr#No#No#BM#8#0#0#0#0#0#0#0#0#3,000,000
generali#129#2010-03-15#moto#3#100#moto#moto#si#100#Persona fisica#M#40#CO#00000#Griante #3##IMPIEGATO #M#40#NA#00000#Napoli#veicolo già assicurato con atr#No#No#BM#8#0#0#0#0#0#0#0#0#3,000,000
generali#130#2010-03-15#moto#3#100#moto#moto#si#100#Persona fisica#M#40#CR#00000#Crema #3##IMPIEGATO #M#40#NA#00000#Napoli#veicolo già assicurato con atr#No#No#BM#8#0#0#0#0#0#0#0#0#3,000,000
generali#131#2010-03-15#moto#3#100#moto#moto#si#100#Persona fisica#M#40#CS#00000#Castrovillari #3##IMPIEGATO #M#40#NA#00000#Napoli#veicolo già assicurato con atr#No#No#BM#8#0#0#0#0#0#0#0#0#3,000,000
generali#132#2010-03-15#moto#3#100#moto#moto#si#100#Persona fisica#M#40#CT#00000#Milo #3##IMPIEGATO #M#40#NA#00000#Napoli#veicolo già assicurato con atr#No#No#BM#8#0#0#0#0#0#0#0#0#3,000,000
generali#133#2010-03-15#moto#3#100#moto#moto#si#100#Persona fisica#M#40#CZ#00000#Curinga #3##IMPIEGATO #M#40#NA#00000#Napoli#veicolo già assicurato con atr#No#No#BM#8#0#0#0#0#0#0#0#0#3,000,000
generali#134#2010-03-15#moto#3#100#moto#moto#si#100#Persona fisica#M#40#EN#00000#Agira #3##IMPIEGATO #M#40#NA#00000#Napoli#veicolo già assicurato con atr#No#No#BM#8#0#0#0#0#0#0#0#0#3,000,000
generali#135#2010-03-15#moto#3#100#moto#moto#si#100#Persona fisica#M#40#FE#00000#Bondeno #3##IMPIEGATO #M#40#NA#00000#Napoli#veicolo già assicurato con atr#No#No#BM#8#0#0#0#0#0#0#0#0#3,000,000
generali#136#2010-03-15#moto#3#100#moto#moto#si#100#Persona fisica#M#40#FG#00000#Apricena #3##IMPIEGATO #M#40#NA#00000#Napoli#veicolo già assicurato con atr#No#No#BM#8#0#0#0#0#0#0#0#0#3,000,000
generali#137#2010-03-15#moto#3#100#moto#moto#si#100#Persona fisica#M#40#FI#00000#Calenzano #3##IMPIEGATO #M#40#NA#00000#Napoli#veicolo già assicurato con atr#No#No#BM#8#0#0#0#0#0#0#0#0#3,000,000
generali#138#2010-03-15#moto#3#100#moto#moto#si#100#Persona fisica#M#40#FC#00000#Galeata #3##IMPIEGATO #M#40#NA#00000#Napoli#veicolo già assicurato con atr#No#No#BM#8#0#0#0#0#0#0#0#0#3,000,000
generali#139#2010-03-15#moto#3#100#moto#moto#si#100#Persona fisica#M#40#FR#00000#Acuto #3##IMPIEGATO #M#40#NA#00000#Napoli#veicolo già assicurato con atr#No#No#BM#8#0#0#0#0#0#0#0#0#3,000,000
generali#140#2010-03-15#moto#3#100#moto#moto#si#100#Persona fisica#M#40#GE#00000#Mele #3##IMPIEGATO #M#40#NA#00000#Napoli#veicolo già assicurato con atr#No#No#BM#8#0#0#0#0#0#0#0#0#3,000,000
generali#141#2010-03-15#moto#3#100#moto#moto#si#100#Persona fisica#M#40#GO#00000#Moraro #3##IMPIEGATO #M#40#NA#00000#Napoli#veicolo già assicurato con atr#No#No#BM#8#0#0#0#0#0#0#0#0#3,000,000
generali#142#2010-03-15#moto#3#100#moto#moto#si#100#Persona fisica#M#40#GR#00000#Capalbio #3##IMPIEGATO #M#40#NA#00000#Napoli#veicolo già assicurato con atr#No#No#BM#8#0#0#0#0#0#0#0#0#3,000,000
generali#143#2010-03-15#moto#3#100#moto#moto#si#100#Persona fisica#M#40#IM#00000#Castellaro #3##IMPIEGATO #M#40#NA#00000#Napoli#veicolo già assicurato con atr#No#No#BM#8#0#0#0#0#0#0#0#0#3,000,000
generali#144#2010-03-15#moto#3#100#moto#moto#si#100#Persona fisica#M#40#IS#00000#Filignano #3##IMPIEGATO #M#40#NA#00000#Napoli#veicolo già assicurato con atr#No#No#BM#8#0#0#0#0#0#0#0#0#3,000,000
generali#145#2010-03-15#moto#3#100#moto#moto#si#100#Persona fisica#M#40#KR#00000#Cutro #3##IMPIEGATO #M#40#NA#00000#Napoli#veicolo già assicurato con atr#No#No#BM#8#0#0#0#0#0#0#0#0#3,000,000
generali#146#2010-03-15#moto#3#100#moto#moto#si#100#Persona fisica#M#40#LC#00000#Ballabio #3##IMPIEGATO #M#40#NA#00000#Napoli#veicolo già assicurato con atr#No#No#BM#8#0#0#0#0#0#0#0#0#3,000,000
generali#147#2010-03-15#moto#3#100#moto#moto#si#100#Persona fisica#M#40#LE#00000#Gallipoli #3##IMPIEGATO #M#40#NA#00000#Napoli#veicolo già assicurato con atr#No#No#BM#8#0#0#0#0#0#0#0#0#3,000,000
generali#148#2010-03-15#moto#3#100#moto#moto#si#100#Persona fisica#M#40#LI#00000#Cecina #3##IMPIEGATO #M#40#NA#00000#Napoli#veicolo già assicurato con atr#No#No#BM#8#0#0#0#0#0#0#0#0#3,000,000
generali#149#2010-03-15#moto#3#100#moto#moto#si#100#Persona fisica#M#40#LO#00000#Graffignana #3##IMPIEGATO #M#40#NA#00000#Napoli#veicolo già assicurato con atr#No#No#BM#8#0#0#0#0#0#0#0#0#3,000,000
generali#150#2010-03-15#moto#3#100#moto#moto#si#100#Persona fisica#M#40#LT#00000#Maenza #3##IMPIEGATO #M#40#NA#00000#Napoli#veicolo già assicurato con atr#No#No#BM#8#0#0#0#0#0#0#0#0#3,000,000
generali#151#2010-03-15#moto#3#100#moto#moto#si#100#Persona fisica#M#40#LU#00000#Altopascio #3##IMPIEGATO #M#40#NA#00000#Napoli#veicolo già assicurato con atr#No#No#BM#8#0#0#0#0#0#0#0#0#3,000,000
generali#152#2010-03-15#moto#3#100#moto#moto#si#100#Persona fisica#M#40#MC#00000#Montecosaro #3##IMPIEGATO #M#40#NA#00000#Napoli#veicolo già assicurato con atr#No#No#BM#8#0#0#0#0#0#0#0#0#3,000,000
generali#153#2010-03-15#moto#3#100#moto#moto#si#100#Persona fisica#M#40#ME#00000#Acquedolci #3##IMPIEGATO #M#40#NA#00000#Napoli#veicolo già assicurato con atr#No#No#BM#8#0#0#0#0#0#0#0#0#3,000,000
generali#154#2010-03-15#moto#3#100#moto#moto#si#100#Persona fisica#M#40#MI#00000#Cuggiono #3##IMPIEGATO #M#40#NA#00000#Napoli#veicolo già assicurato con atr#No#No#BM#8#0#0#0#0#0#0#0#0#3,000,000
generali#155#2010-03-15#moto#3#100#moto#moto#si#100#Persona fisica#M#40#MN#00000#Monzambano #3##IMPIEGATO #M#40#NA#00000#Napoli#veicolo già assicurato con atr#No#No#BM#8#0#0#0#0#0#0#0#0#3,000,000
generali#156#2010-03-15#moto#3#100#moto#moto#si#100#Persona fisica#M#40#MO#00000#Campogalliano #3##IMPIEGATO #M#40#NA#00000#Napoli#veicolo già assicurato con atr#No#No#BM#8#0#0#0#0#0#0#0#0#3,000,000
generali#157#2010-03-15#moto#3#100#moto#moto#si#100#Persona fisica#M#40#MS#00000#Aulla #3##IMPIEGATO #M#40#NA#00000#Napoli#veicolo già assicurato con atr#No#No#BM#8#0#0#0#0#0#0#0#0#3,000,000
generali#158#2010-03-15#moto#3#100#moto#moto#si#100#Persona fisica#M#40#MT#00000#Accettura #3##IMPIEGATO #M#40#NA#00000#Napoli#veicolo già assicurato con atr#No#No#BM#8#0#0#0#0#0#0#0#0#3,000,000
generali#159#2010-03-15#moto#3#100#moto#moto#si#100#Persona fisica#M#40#NA#00000#Acerra #3##IMPIEGATO #M#40#NA#00000#Napoli#veicolo già assicurato con atr#No#No#BM#8#0#0#0#0#0#0#0#0#3,000,000
generali#160#2010-03-15#moto#3#100#moto#moto#si#100#Persona fisica#M#40#NO#00000#Gozzano #3##IMPIEGATO #M#40#NA#00000#Napoli#veicolo già assicurato con atr#No#No#BM#8#0#0#0#0#0#0#0#0#3,000,000
generali#161#2010-03-15#moto#3#100#moto#moto#si#100#Persona fisica#M#40#NU#00000#Aritzo #3##IMPIEGATO #M#40#NA#00000#Napoli#veicolo già assicurato con atr#No#No#BM#8#0#0#0#0#0#0#0#0#3,000,000
generali#162#2010-03-15#moto#3#100#moto#moto#si#100#Persona fisica#M#40#OR#00000#Ghilarza #3##IMPIEGATO #M#40#NA#00000#Napoli#veicolo già assicurato con atr#No#No#BM#8#0#0#0#0#0#0#0#0#3,000,000
generali#163#2010-03-15#moto#3#100#moto#moto#si#100#Persona fisica#M#40#PA#00000#Alia #3##IMPIEGATO #M#40#NA#00000#Napoli#veicolo già assicurato con atr#No#No#BM#8#0#0#0#0#0#0#0#0#3,000,000
generali#164#2010-03-15#moto#3#100#moto#moto#si#100#Persona fisica#M#40#PC#00000#Caorso #3##IMPIEGATO #M#40#NA#00000#Napoli#veicolo già assicurato con atr#No#No#BM#8#0#0#0#0#0#0#0#0#3,000,000
generali#165#2010-03-15#moto#3#100#moto#moto#si#100#Persona fisica#M#40#PD#00000#Campodarsego #3##IMPIEGATO #M#40#NA#00000#Napoli#veicolo già assicurato con atr#No#No#BM#8#0#0#0#0#0#0#0#0#3,000,000
generali#166#2010-03-15#moto#3#100#moto#moto#si#100#Persona fisica#M#40#PE#00000#Alanno #3##IMPIEGATO #M#40#NA#00000#Napoli#veicolo già assicurato con atr#No#No#BM#8#0#0#0#0#0#0#0#0#3,000,000
generali#167#2010-03-15#moto#3#100#moto#moto#si#100#Persona fisica#M#40#PG#00000#Montone #3##IMPIEGATO #M#40#NA#00000#Napoli#veicolo già assicurato con atr#No#No#BM#8#0#0#0#0#0#0#0#0#3,000,000
generali#168#2010-03-15#moto#3#100#moto#moto#si#100#Persona fisica#M#40#PI#00000#Calcinaia #3##IMPIEGATO #M#40#NA#00000#Napoli#veicolo già assicurato con atr#No#No#BM#8#0#0#0#0#0#0#0#0#3,000,000
generali#169#2010-03-15#moto#3#100#moto#moto#si#100#Persona fisica#M#40#PN#00000#Aviano #3##IMPIEGATO #M#40#NA#00000#Napoli#veicolo già assicurato con atr#No#No#BM#8#0#0#0#0#0#0#0#0#3,000,000
generali#170#2010-03-15#moto#3#100#moto#moto#si#100#Persona fisica#M#40#PO#00000#Cantagallo #3##IMPIEGATO #M#40#NA#00000#Napoli#veicolo già assicurato con atr#No#No#BM#8#0#0#0#0#0#0#0#0#3,000,000
generali#171#2010-03-15#moto#3#100#moto#moto#si#100#Persona fisica#M#40#PR#00000#Fontanellato #3##IMPIEGATO #M#40#NA#00000#Napoli#veicolo già assicurato con atr#No#No#BM#8#0#0#0#0#0#0#0#0#3,000,000
generali#172#2010-03-15#moto#3#100#moto#moto#si#100#Persona fisica#M#40#PU#00000#Gabicce Mare#3##IMPIEGATO #M#40#NA#00000#Napoli#veicolo già assicurato con atr#No#No#BM#8#0#0#0#0#0#0#0#0#3,000,000
generali#173#2010-03-15#moto#3#100#moto#moto#si#100#Persona fisica#M#40#PT#00000#Abetone #3##IMPIEGATO #M#40#NA#00000#Napoli#veicolo già assicurato con atr#No#No#BM#8#0#0#0#0#0#0#0#0#3,000,000
generali#174#2010-03-15#moto#3#100#moto#moto#si#100#Persona fisica#M#40#PV#00000#Bascape'#3##IMPIEGATO #M#40#NA#00000#Napoli#veicolo già assicurato con atr#No#No#BM#8#0#0#0#0#0#0#0#0#3,000,000
generali#175#2010-03-15#moto#3#100#moto#moto#si#100#Persona fisica#M#40#PZ#00000#Anzi #3##IMPIEGATO #M#40#NA#00000#Napoli#veicolo già assicurato con atr#No#No#BM#8#0#0#0#0#0#0#0#0#3,000,000
generali#176#2010-03-15#moto#3#100#moto#moto#si#100#Persona fisica#M#40#RA#00000#Bagnacavallo #3##IMPIEGATO #M#40#NA#00000#Napoli#veicolo già assicurato con atr#No#No#BM#8#0#0#0#0#0#0#0#0#3,000,000
generali#177#2010-03-15#moto#3#100#moto#moto#si#100#Persona fisica#M#40#RC#00000#Delianuova #3##IMPIEGATO #M#40#NA#00000#Napoli#veicolo già assicurato con atr#No#No#BM#8#0#0#0#0#0#0#0#0#3,000,000
generali#178#2010-03-15#moto#3#100#moto#moto#si#100#Persona fisica#M#40#RE#00000#Bagnolo in piano #3##IMPIEGATO #M#40#NA#00000#Napoli#veicolo già assicurato con atr#No#No#BM#8#0#0#0#0#0#0#0#0#3,000,000
generali#179#2010-03-15#moto#3#100#moto#moto#si#100#Persona fisica#M#40#RG#00000#Acate #3##IMPIEGATO #M#40#NA#00000#Napoli#veicolo già assicurato con atr#No#No#BM#8#0#0#0#0#0#0#0#0#3,000,000
generali#180#2010-03-15#moto#3#100#moto#moto#si#100#Persona fisica#M#40#RI#00000#Accumoli #3##IMPIEGATO #M#40#NA#00000#Napoli#veicolo già assicurato con atr#No#No#BM#8#0#0#0#0#0#0#0#0#3,000,000
generali#181#2010-03-15#moto#3#100#moto#moto#si#100#Persona fisica#M#40#RM#00000#Affile #3##IMPIEGATO #M#40#NA#00000#Napoli#veicolo già assicurato con atr#No#No#BM#8#0#0#0#0#0#0#0#0#3,000,000
generali#182#2010-03-15#moto#3#100#moto#moto#si#100#Persona fisica#M#40#RN#00000#Bellaria-Igea Marina #3##IMPIEGATO #M#40#NA#00000#Napoli#veicolo già assicurato con atr#No#No#BM#8#0#0#0#0#0#0#0#0#3,000,000
generali#183#2010-03-15#moto#3#100#moto#moto#si#100#Persona fisica#M#40#RO#00000#Ceregnano #3##IMPIEGATO #M#40#NA#00000#Napoli#veicolo già assicurato con atr#No#No#BM#8#0#0#0#0#0#0#0#0#3,000,000
generali#184#2010-03-15#moto#3#100#moto#moto#si#100#Persona fisica#M#40#SA#00000#Amalfi #3##IMPIEGATO #M#40#NA#00000#Napoli#veicolo già assicurato con atr#No#No#BM#8#0#0#0#0#0#0#0#0#3,000,000
generali#185#2010-03-15#moto#3#100#moto#moto#si#100#Persona fisica#M#40#SI#00000#Chiusdino #3##IMPIEGATO #M#40#NA#00000#Napoli#veicolo già assicurato con atr#No#No#BM#8#0#0#0#0#0#0#0#0#3,000,000
generali#186#2010-03-15#moto#3#100#moto#moto#si#100#Persona fisica#M#40#SO#00000#Ardenno #3##IMPIEGATO #M#40#NA#00000#Napoli#veicolo già assicurato con atr#No#No#BM#8#0#0#0#0#0#0#0#0#3,000,000
generali#187#2010-03-15#moto#3#100#moto#moto#si#100#Persona fisica#M#40#SP#00000#Carro #3##IMPIEGATO #M#40#NA#00000#Napoli#veicolo già assicurato con atr#No#No#BM#8#0#0#0#0#0#0#0#0#3,000,000
generali#188#2010-03-15#moto#3#100#moto#moto#si#100#Persona fisica#M#40#SR#00000#Augusta #3##IMPIEGATO #M#40#NA#00000#Napoli#veicolo già assicurato con atr#No#No#BM#8#0#0#0#0#0#0#0#0#3,000,000
generali#189#2010-03-15#moto#3#100#moto#moto#si#100#Persona fisica#M#40#SS#00000#Bono #3##IMPIEGATO #M#40#NA#00000#Napoli#veicolo già assicurato con atr#No#No#BM#8#0#0#0#0#0#0#0#0#3,000,000
generali#190#2010-03-15#moto#3#100#moto#moto#si#100#Persona fisica#M#40#SV#00000#Albisola Superiore #3##IMPIEGATO #M#40#NA#00000#Napoli#veicolo già assicurato con atr#No#No#BM#8#0#0#0#0#0#0#0#0#3,000,000
generali#191#2010-03-15#moto#3#100#moto#moto#si#100#Persona fisica#M#40#TA#00000#Crispiano #3##IMPIEGATO #M#40#NA#00000#Napoli#veicolo già assicurato con atr#No#No#BM#8#0#0#0#0#0#0#0#0#3,000,000
generali#192#2010-03-15#moto#3#100#moto#moto#si#100#Persona fisica#M#40#TE#00000#Campli #3##IMPIEGATO #M#40#NA#00000#Napoli#veicolo già assicurato con atr#No#No#BM#8#0#0#0#0#0#0#0#0#3,000,000
generali#193#2010-03-15#moto#3#100#moto#moto#si#100#Persona fisica#M#40#TN#00000#Amblar #3##IMPIEGATO #M#40#NA#00000#Napoli#veicolo già assicurato con atr#No#No#BM#8#0#0#0#0#0#0#0#0#3,000,000
generali#194#2010-03-15#moto#3#100#moto#moto#si#100#Persona fisica#M#40#TO#00000#andezeno#3##IMPIEGATO #M#40#NA#00000#Napoli#veicolo già assicurato con atr#No#No#BM#8#0#0#0#0#0#0#0#0#3,000,000
generali#195#2010-03-15#moto#3#100#moto#moto#si#100#Persona fisica#M#40#TP#00000#Custonaci #3##IMPIEGATO #M#40#NA#00000#Napoli#veicolo già assicurato con atr#No#No#BM#8#0#0#0#0#0#0#0#0#3,000,000
generali#196#2010-03-15#moto#3#100#moto#moto#si#100#Persona fisica#M#40#TR#00000#Allerona #3##IMPIEGATO #M#40#NA#00000#Napoli#veicolo già assicurato con atr#No#No#BM#8#0#0#0#0#0#0#0#0#3,000,000
generali#197#2010-03-15#moto#3#100#moto#moto#si#100#Persona fisica#M#40#TS#00000#Sgonico #3##IMPIEGATO #M#40#NA#00000#Napoli#veicolo già assicurato con atr#No#No#BM#8#0#0#0#0#0#0#0#0#3,000,000
generali#198#2010-03-15#moto#3#100#moto#moto#si#100#Persona fisica#M#40#TV#00000#Conegliano #3##IMPIEGATO #M#40#NA#00000#Napoli#veicolo già assicurato con atr#No#No#BM#8#0#0#0#0#0#0#0#0#3,000,000
generali#199#2010-03-15#moto#3#100#moto#moto#si#100#Persona fisica#M#40#UD#00000#Artegna #3##IMPIEGATO #M#40#NA#00000#Napoli#veicolo già assicurato con atr#No#No#BM#8#0#0#0#0#0#0#0#0#3,000,000
generali#200#2010-03-15#moto#3#100#moto#moto#si#100#Persona fisica#M#40#VA#00000#Cassano Magnago #3##IMPIEGATO #M#40#NA#00000#Napoli#veicolo già assicurato con atr#No#No#BM#8#0#0#0#0#0#0#0#0#3,000,000
generali#201#2010-03-15#moto#3#100#moto#moto#si#100#Persona fisica#M#40#VB#00000#Arizzano #3##IMPIEGATO #M#40#NA#00000#Napoli#veicolo già assicurato con atr#No#No#BM#8#0#0#0#0#0#0#0#0#3,000,000
generali#202#2010-03-15#moto#3#100#moto#moto#si#100#Persona fisica#M#40#VC#00000#Quarona #3##IMPIEGATO #M#40#NA#00000#Napoli#veicolo già assicurato con atr#No#No#BM#8#0#0#0#0#0#0#0#0#3,000,000
generali#203#2010-03-15#moto#3#100#moto#moto#si#100#Persona fisica#M#40#VE#00000#Camponogara#3##IMPIEGATO #M#40#NA#00000#Napoli#veicolo già assicurato con atr#No#No#BM#8#0#0#0#0#0#0#0#0#3,000,000
generali#204#2010-03-15#moto#3#100#moto#moto#si#100#Persona fisica#M#40#VI#00000#Piovene Rocchette #3##IMPIEGATO #M#40#NA#00000#Napoli#veicolo già assicurato con atr#No#No#BM#8#0#0#0#0#0#0#0#0#3,000,000
generali#205#2010-03-15#moto#3#100#moto#moto#si#100#Persona fisica#M#40#VR#00000#Affi #3##IMPIEGATO #M#40#NA#00000#Napoli#veicolo già assicurato con atr#No#No#BM#8#0#0#0#0#0#0#0#0#3,000,000
generali#206#2010-03-15#moto#3#100#moto#moto#si#100#Persona fisica#M#40#VT#00000#Blera #3##IMPIEGATO #M#40#NA#00000#Napoli#veicolo già assicurato con atr#No#No#BM#8#0#0#0#0#0#0#0#0#3,000,000
generali#207#2010-03-15#moto#3#100#moto#moto#si#100#Persona fisica#M#40#VV#00000#Pizzo #3##IMPIEGATO #M#40#NA#00000#Napoli#veicolo già assicurato con atr#No#No#BM#8#0#0#0#0#0#0#0#0#3,000,000
generali#208#2010-03-15#moto#3#100#moto#moto#si#100#Persona fisica#M#40#NA#00000#Napoli#3#0#IMPIEGATO #M#40#NA#00000#Napoli#veicolo già assicurato con atr#No#No#BM#8#0#0#0#0#0#0#0#0#3,000,000
generali#209#2010-03-15#moto#3#100#moto#moto#si#100#Persona fisica#M#40#NA#00000#Napoli#3#0#IMPIEGATO #M#40#NA#00000#Napoli#veicolo già assicurato con atr#No#No#BM#8#0#0#0#0#0#0#0#0#4,000,000
generali#210#2010-03-15#moto#3#100#moto#moto#si#100#Persona fisica#M#40#NA#00000#Napoli#3#0#IMPIEGATO #M#40#NA#00000#Napoli#veicolo già assicurato con atr#No#No#BM#8#0#0#0#0#0#0#0#0#6,000,000
generali#211#2010-03-15#moto#3#100#moto#moto#si#100#Persona fisica#M#40#NA#00000#Napoli#3#0#IMPIEGATO #M#40#NA#00000#Napoli#veicolo già assicurato con atr#No#No#BM#8#0#0#0#0#0#0#0#0#8,000,000
generali#212#2010-03-15#moto#3#100#moto#moto#si#100#Persona fisica#M#40#NA#00000#Napoli#3#0#IMPIEGATO #M#40#NA#00000#Napoli#veicolo già assicurato con atr#No#No#BM#8#0#0#0#0#0#0#0#0#12,000,000
generali#213#2010-03-15#moto#3#100#moto#moto#si#100#Persona fisica#M#40#NA#00000#Napoli#3#0#IMPIEGATO #M#40#NA#00000#Napoli#veicolo già assicurato con atr#No#No#BM#8#0#0#0#0#0#0#0#0#15,000,000
generali#214#2010-03-15#moto#3#100#moto#moto#si#100#Persona fisica#M#40#NA#00000#Napoli#3#0#IMPIEGATO #M#40#NA#00000#Napoli#veicolo già assicurato con atr#No#No#BM#8#0#0#0#0#0#0#0#0#20,000,000
generali#215#2010-03-15#moto#3#100#moto#moto#si#100#Persona fisica#M#40#NA#00000#Napoli#3#0#IMPIEGATO #M#40#NA#00000#Napoli#veicolo già assicurato con atr#No#No#BM#8#0#0#0#0#0#0#0#0#26,000,000
generali#216#2010-03-15#moto#3#100#moto#moto#si#100#Persona fisica#M#40#NA#00000#Napoli#3#0#IMPIEGATO #M#40#NA#00000#Napoli#veicolo già assicurato con atr#No#No#BM#1#0#0#0#0#0#0#0#0#3,000,000
generali#217#2010-03-15#moto#3#100#moto#moto#si#100#Persona fisica#M#40#NA#00000#Napoli#3#0#IMPIEGATO #M#40#NA#00000#Napoli#veicolo già assicurato con atr#No#No#BM#2#0#0#0#0#0#0#0#0#3,000,000
generali#218#2010-03-15#moto#3#100#moto#moto#si#100#Persona fisica#M#40#NA#00000#Napoli#3#0#IMPIEGATO #M#40#NA#00000#Napoli#veicolo già assicurato con atr#No#No#BM#3#0#0#0#0#0#0#0#0#3,000,000
generali#219#2010-03-15#moto#3#100#moto#moto#si#100#Persona fisica#M#40#NA#00000#Napoli#3#0#IMPIEGATO #M#40#NA#00000#Napoli#veicolo già assicurato con atr#No#No#BM#4#0#0#0#0#0#0#0#0#3,000,000
generali#220#2010-03-15#moto#3#100#moto#moto#si#100#Persona fisica#M#40#NA#00000#Napoli#3#0#IMPIEGATO #M#40#NA#00000#Napoli#veicolo già assicurato con atr#No#No#BM#5#0#0#0#0#0#0#0#0#3,000,000
generali#221#2010-03-15#moto#3#100#moto#moto#si#100#Persona fisica#M#40#NA#00000#Napoli#3#0#IMPIEGATO #M#40#NA#00000#Napoli#veicolo già assicurato con atr#No#No#BM#6#0#0#0#0#0#0#0#0#3,000,000
generali#222#2010-03-15#moto#3#100#moto#moto#si#100#Persona fisica#M#40#NA#00000#Napoli#3#0#IMPIEGATO #M#40#NA#00000#Napoli#veicolo già assicurato con atr#No#No#BM#7#0#0#0#0#0#0#0#0#3,000,000
generali#223#2010-03-15#moto#3#100#moto#moto#si#100#Persona fisica#M#40#NA#00000#Napoli#3#0#IMPIEGATO #M#40#NA#00000#Napoli#veicolo già assicurato con atr#No#No#BM#8#0#0#0#0#0#0#0#0#3,000,000
generali#224#2010-03-15#moto#3#100#moto#moto#si#100#Persona fisica#M#40#NA#00000#Napoli#3#0#IMPIEGATO #M#40#NA#00000#Napoli#veicolo già assicurato con atr#No#No#BM#9#0#0#0#0#0#0#0#0#3,000,000
generali#225#2010-03-15#moto#3#100#moto#moto#si#100#Persona fisica#M#40#NA#00000#Napoli#3#0#IMPIEGATO #M#40#NA#00000#Napoli#veicolo già assicurato con atr#No#No#BM#10#0#0#0#0#0#0#0#0#3,000,000
generali#226#2010-03-15#moto#3#100#moto#moto#si#100#Persona fisica#M#40#NA#00000#Napoli#3#0#IMPIEGATO #M#40#NA#00000#Napoli#veicolo già assicurato con atr#No#No#BM#11#0#0#0#0#0#0#0#0#3,000,000
generali#227#2010-03-15#moto#3#100#moto#moto#si#100#Persona fisica#M#40#NA#00000#Napoli#3#0#IMPIEGATO #M#40#NA#00000#Napoli#veicolo già assicurato con atr#No#No#BM#12#0#0#0#0#0#0#0#0#3,000,000
generali#228#2010-03-15#moto#3#100#moto#moto#si#100#Persona fisica#M#40#NA#00000#Napoli#3#0#IMPIEGATO #M#40#NA#00000#Napoli#veicolo già assicurato con atr#No#No#BM#13#0#0#0#0#0#0#0#0#3,000,000
generali#229#2010-03-15#moto#3#100#moto#moto#si#100#Persona fisica#M#40#NA#00000#Napoli#3#0#IMPIEGATO #M#40#NA#00000#Napoli#veicolo già assicurato con atr#No#No#BM#14#0#0#0#0#0#0#0#0#3,000,000
generali#230#2010-03-15#moto#3#100#moto#moto#si#100#Persona fisica#M#40#NA#00000#Napoli#3#0#IMPIEGATO #M#40#NA#00000#Napoli#veicolo già assicurato con atr#No#No#BM#15#0#0#0#0#0#0#0#0#3,000,000
generali#231#2010-03-15#moto#3#100#moto#moto#si#100#Persona fisica#M#40#NA#00000#Napoli#3#0#IMPIEGATO #M#40#NA#00000#Napoli#veicolo già assicurato con atr#No#No#BM#16#0#0#0#0#0#0#0#0#3,000,000
generali#232#2010-03-15#moto#3#100#moto#moto#si#100#Persona fisica#M#40#NA#00000#Napoli#3#0#IMPIEGATO #M#40#NA#00000#Napoli#veicolo già assicurato con atr#No#No#BM#17#0#0#0#0#0#0#0#0#3,000,000
generali#233#2010-03-15#moto#3#100#moto#moto#si#100#Persona fisica#M#40#NA#00000#Napoli#3#0#IMPIEGATO #M#40#NA#00000#Napoli#veicolo già assicurato con atr#No#No#BM#18#0#0#0#0#0#0#0#0#3,000,000
generali#234#2010-03-15#moto#0#100#moto#moto#si#100#Persona fisica#M#40#NA#00000#Napoli#3#0#IMPIEGATO #M#40#NA#00000#Napoli#1a immatricolazione dopo l’acquisto del veicolo#No#No#BM##0#0#0#0#0#0#0#0#3,000,000
generali#235#2010-03-15#moto#3#100#moto#moto#si#100#Persona fisica#M#40#NA#00000#Napoli#3#0#IMPIEGATO #M#40#NA#00000#Napoli#veicolo già assicurato con atr#No#No#BM#1#1#0#0#0#0#0#1#0#3,000,000
generali#236#2010-03-15#moto#3#100#moto#moto#si#100#Persona fisica#M#40#NA#00000#Napoli#3#0#IMPIEGATO #M#40#NA#00000#Napoli#veicolo già assicurato con atr#No#No#BM#2#1#0#0#0#0#0#1#0#3,000,000
generali#237#2010-03-15#moto#3#100#moto#moto#si#100#Persona fisica#M#40#NA#00000#Napoli#3#0#IMPIEGATO #M#40#NA#00000#Napoli#veicolo già assicurato con atr#No#No#BM#3#1#0#0#0#0#0#1#0#3,000,000
generali#238#2010-03-15#moto#3#100#moto#moto#si#100#Persona fisica#M#40#NA#00000#Napoli#3#0#IMPIEGATO #M#40#NA#00000#Napoli#veicolo già assicurato con atr#No#No#BM#4#1#0#0#0#0#0#1#0#3,000,000
generali#239#2010-03-15#moto#3#100#moto#moto#si#100#Persona fisica#M#40#NA#00000#Napoli#3#0#IMPIEGATO #M#40#NA#00000#Napoli#veicolo già assicurato con atr#No#No#BM#5#1#0#0#0#0#0#1#0#3,000,000
generali#240#2010-03-15#moto#3#100#moto#moto#si#100#Persona fisica#M#40#NA#00000#Napoli#3#0#IMPIEGATO #M#40#NA#00000#Napoli#veicolo già assicurato con atr#No#No#BM#6#1#0#0#0#0#0#1#0#3,000,000
generali#241#2010-03-15#moto#3#100#moto#moto#si#100#Persona fisica#M#40#NA#00000#Napoli#3#0#IMPIEGATO #M#40#NA#00000#Napoli#veicolo già assicurato con atr#No#No#BM#7#1#0#0#0#0#0#1#0#3,000,000
generali#242#2010-03-15#moto#3#100#moto#moto#si#100#Persona fisica#M#40#NA#00000#Napoli#3#0#IMPIEGATO #M#40#NA#00000#Napoli#veicolo già assicurato con atr#No#No#BM#8#1#0#0#0#0#0#1#0#3,000,000
generali#243#2010-03-15#moto#3#100#moto#moto#si#100#Persona fisica#M#40#NA#00000#Napoli#3#0#IMPIEGATO #M#40#NA#00000#Napoli#veicolo già assicurato con atr#No#No#BM#9#1#0#0#0#0#0#1#0#3,000,000
generali#244#2010-03-15#moto#3#100#moto#moto#si#100#Persona fisica#M#40#NA#00000#Napoli#3#0#IMPIEGATO #M#40#NA#00000#Napoli#veicolo già assicurato con atr#No#No#BM#10#1#0#0#0#0#0#1#0#3,000,000
generali#245#2010-03-15#moto#3#100#moto#moto#si#100#Persona fisica#M#40#NA#00000#Napoli#3#0#IMPIEGATO #M#40#NA#00000#Napoli#veicolo già assicurato con atr#No#No#BM#11#1#0#0#0#0#0#1#0#3,000,000
generali#246#2010-03-15#moto#3#100#moto#moto#si#100#Persona fisica#M#40#NA#00000#Napoli#3#0#IMPIEGATO #M#40#NA#00000#Napoli#veicolo già assicurato con atr#No#No#BM#12#1#0#0#0#0#0#1#0#3,000,000
generali#247#2010-03-15#moto#3#100#moto#moto#si#100#Persona fisica#M#40#NA#00000#Napoli#3#0#IMPIEGATO #M#40#NA#00000#Napoli#veicolo già assicurato con atr#No#No#BM#13#1#0#0#0#0#0#1#0#3,000,000
generali#248#2010-03-15#moto#3#100#moto#moto#si#100#Persona fisica#M#40#NA#00000#Napoli#3#0#IMPIEGATO #M#40#NA#00000#Napoli#veicolo già assicurato con atr#No#No#BM#14#1#0#0#0#0#0#1#0#3,000,000
generali#249#2010-03-15#moto#3#100#moto#moto#si#100#Persona fisica#M#40#NA#00000#Napoli#3#0#IMPIEGATO #M#40#NA#00000#Napoli#veicolo già assicurato con atr#No#No#BM#15#1#0#0#0#0#0#1#0#3,000,000
generali#250#2010-03-15#moto#3#100#moto#moto#si#100#Persona fisica#M#40#NA#00000#Napoli#3#0#IMPIEGATO #M#40#NA#00000#Napoli#veicolo già assicurato con atr#No#No#BM#16#1#0#0#0#0#0#1#0#3,000,000
generali#251#2010-03-15#moto#3#100#moto#moto#si#100#Persona fisica#M#40#NA#00000#Napoli#3#0#IMPIEGATO #M#40#NA#00000#Napoli#veicolo già assicurato con atr#No#No#BM#17#1#0#0#0#0#0#1#0#3,000,000
generali#252#2010-03-15#moto#3#100#moto#moto#si#100#Persona fisica#M#40#NA#00000#Napoli#3#0#IMPIEGATO #M#40#NA#00000#Napoli#veicolo già assicurato con atr#No#No#BM#18#1#0#0#0#0#0#1#0#3,000,000
generali#253#2010-03-15#moto#3#100#moto#moto#si#100#Persona fisica#M#40#NA#00000#Napoli#3#0#IMPIEGATO #M#40#NA#00000#Napoli#veicolo già assicurato con atr#No#No#BM#1#0#1#0#0#0#0#1#0#3,000,000
generali#254#2010-03-15#moto#3#100#moto#moto#si#100#Persona fisica#M#40#NA#00000#Napoli#3#0#IMPIEGATO #M#40#NA#00000#Napoli#veicolo già assicurato con atr#No#No#BM#2#0#1#0#0#0#0#1#0#3,000,000
generali#255#2010-03-15#moto#3#100#moto#moto#si#100#Persona fisica#M#40#NA#00000#Napoli#3#0#IMPIEGATO #M#40#NA#00000#Napoli#veicolo già assicurato con atr#No#No#BM#3#0#1#0#0#0#0#1#0#3,000,000
generali#256#2010-03-15#moto#3#100#moto#moto#si#100#Persona fisica#M#40#NA#00000#Napoli#3#0#IMPIEGATO #M#40#NA#00000#Napoli#veicolo già assicurato con atr#No#No#BM#4#0#1#0#0#0#0#1#0#3,000,000
generali#257#2010-03-15#moto#3#100#moto#moto#si#100#Persona fisica#M#40#NA#00000#Napoli#3#0#IMPIEGATO #M#40#NA#00000#Napoli#veicolo già assicurato con atr#No#No#BM#5#0#1#0#0#0#0#1#0#3,000,000
generali#258#2010-03-15#moto#3#100#moto#moto#si#100#Persona fisica#M#40#NA#00000#Napoli#3#0#IMPIEGATO #M#40#NA#00000#Napoli#veicolo già assicurato con atr#No#No#BM#6#0#1#0#0#0#0#1#0#3,000,000
generali#259#2010-03-15#moto#3#100#moto#moto#si#100#Persona fisica#M#40#NA#00000#Napoli#3#0#IMPIEGATO #M#40#NA#00000#Napoli#veicolo già assicurato con atr#No#No#BM#7#0#1#0#0#0#0#1#0#3,000,000
generali#260#2010-03-15#moto#3#100#moto#moto#si#100#Persona fisica#M#40#NA#00000#Napoli#3#0#IMPIEGATO #M#40#NA#00000#Napoli#veicolo già assicurato con atr#No#No#BM#8#0#1#0#0#0#0#1#0#3,000,000
generali#261#2010-03-15#moto#3#100#moto#moto#si#100#Persona fisica#M#40#NA#00000#Napoli#3#0#IMPIEGATO #M#40#NA#00000#Napoli#veicolo già assicurato con atr#No#No#BM#9#0#1#0#0#0#0#1#0#3,000,000
generali#262#2010-03-15#moto#3#100#moto#moto#si#100#Persona fisica#M#40#NA#00000#Napoli#3#0#IMPIEGATO #M#40#NA#00000#Napoli#veicolo già assicurato con atr#No#No#BM#10#0#1#0#0#0#0#1#0#3,000,000
generali#263#2010-03-15#moto#3#100#moto#moto#si#100#Persona fisica#M#40#NA#00000#Napoli#3#0#IMPIEGATO #M#40#NA#00000#Napoli#veicolo già assicurato con atr#No#No#BM#11#0#1#0#0#0#0#1#0#3,000,000
generali#264#2010-03-15#moto#3#100#moto#moto#si#100#Persona fisica#M#40#NA#00000#Napoli#3#0#IMPIEGATO #M#40#NA#00000#Napoli#veicolo già assicurato con atr#No#No#BM#12#0#1#0#0#0#0#1#0#3,000,000
generali#265#2010-03-15#moto#3#100#moto#moto#si#100#Persona fisica#M#40#NA#00000#Napoli#3#0#IMPIEGATO #M#40#NA#00000#Napoli#veicolo già assicurato con atr#No#No#BM#13#0#1#0#0#0#0#1#0#3,000,000
generali#266#2010-03-15#moto#3#100#moto#moto#si#100#Persona fisica#M#40#NA#00000#Napoli#3#0#IMPIEGATO #M#40#NA#00000#Napoli#veicolo già assicurato con atr#No#No#BM#14#0#1#0#0#0#0#1#0#3,000,000
generali#267#2010-03-15#moto#3#100#moto#moto#si#100#Persona fisica#M#40#NA#00000#Napoli#3#0#IMPIEGATO #M#40#NA#00000#Napoli#veicolo già assicurato con atr#No#No#BM#15#0#1#0#0#0#0#1#0#3,000,000
generali#268#2010-03-15#moto#3#100#moto#moto#si#100#Persona fisica#M#40#NA#00000#Napoli#3#0#IMPIEGATO #M#40#NA#00000#Napoli#veicolo già assicurato con atr#No#No#BM#16#0#1#0#0#0#0#1#0#3,000,000
generali#269#2010-03-15#moto#3#100#moto#moto#si#100#Persona fisica#M#40#NA#00000#Napoli#3#0#IMPIEGATO #M#40#NA#00000#Napoli#veicolo già assicurato con atr#No#No#BM#17#0#1#0#0#0#0#1#0#3,000,000
generali#270#2010-03-15#moto#3#100#moto#moto#si#100#Persona fisica#M#40#NA#00000#Napoli#3#0#IMPIEGATO #M#40#NA#00000#Napoli#veicolo già assicurato con atr#No#No#BM#18#0#1#0#0#0#0#1#0#3,000,000
generali#271#2010-03-15#moto#3#100#moto#moto#si#100#Persona fisica#M#40#NA#00000#Napoli#3#0#IMPIEGATO #M#40#NA#00000#Napoli#veicolo già assicurato con atr#No#No#BM#1#0#0#1#0#0#0#1#0#3,000,000
generali#272#2010-03-15#moto#3#100#moto#moto#si#100#Persona fisica#M#40#NA#00000#Napoli#3#0#IMPIEGATO #M#40#NA#00000#Napoli#veicolo già assicurato con atr#No#No#BM#2#0#0#1#0#0#0#1#0#3,000,000
generali#273#2010-03-15#moto#3#100#moto#moto#si#100#Persona fisica#M#40#NA#00000#Napoli#3#0#IMPIEGATO #M#40#NA#00000#Napoli#veicolo già assicurato con atr#No#No#BM#3#0#0#1#0#0#0#1#0#3,000,000
generali#274#2010-03-15#moto#3#100#moto#moto#si#100#Persona fisica#M#40#NA#00000#Napoli#3#0#IMPIEGATO #M#40#NA#00000#Napoli#veicolo già assicurato con atr#No#No#BM#4#0#0#1#0#0#0#1#0#3,000,000
generali#275#2010-03-15#moto#3#100#moto#moto#si#100#Persona fisica#M#40#NA#00000#Napoli#3#0#IMPIEGATO #M#40#NA#00000#Napoli#veicolo già assicurato con atr#No#No#BM#5#0#0#1#0#0#0#1#0#3,000,000
generali#276#2010-03-15#moto#3#100#moto#moto#si#100#Persona fisica#M#40#NA#00000#Napoli#3#0#IMPIEGATO #M#40#NA#00000#Napoli#veicolo già assicurato con atr#No#No#BM#6#0#0#1#0#0#0#1#0#3,000,000
generali#277#2010-03-15#moto#3#100#moto#moto#si#100#Persona fisica#M#40#NA#00000#Napoli#3#0#IMPIEGATO #M#40#NA#00000#Napoli#veicolo già assicurato con atr#No#No#BM#7#0#0#1#0#0#0#1#0#3,000,000
generali#278#2010-03-15#moto#3#100#moto#moto#si#100#Persona fisica#M#40#NA#00000#Napoli#3#0#IMPIEGATO #M#40#NA#00000#Napoli#veicolo già assicurato con atr#No#No#BM#8#0#0#1#0#0#0#1#0#3,000,000
generali#279#2010-03-15#moto#3#100#moto#moto#si#100#Persona fisica#M#40#NA#00000#Napoli#3#0#IMPIEGATO #M#40#NA#00000#Napoli#veicolo già assicurato con atr#No#No#BM#9#0#0#1#0#0#0#1#0#3,000,000
generali#280#2010-03-15#moto#3#100#moto#moto#si#100#Persona fisica#M#40#NA#00000#Napoli#3#0#IMPIEGATO #M#40#NA#00000#Napoli#veicolo già assicurato con atr#No#No#BM#10#0#0#1#0#0#0#1#0#3,000,000
generali#281#2010-03-15#moto#3#100#moto#moto#si#100#Persona fisica#M#40#NA#00000#Napoli#3#0#IMPIEGATO #M#40#NA#00000#Napoli#veicolo già assicurato con atr#No#No#BM#11#0#0#1#0#0#0#1#0#3,000,000
generali#282#2010-03-15#moto#3#100#moto#moto#si#100#Persona fisica#M#40#NA#00000#Napoli#3#0#IMPIEGATO #M#40#NA#00000#Napoli#veicolo già assicurato con atr#No#No#BM#12#0#0#1#0#0#0#1#0#3,000,000
generali#283#2010-03-15#moto#3#100#moto#moto#si#100#Persona fisica#M#40#NA#00000#Napoli#3#0#IMPIEGATO #M#40#NA#00000#Napoli#veicolo già assicurato con atr#No#No#BM#13#0#0#1#0#0#0#1#0#3,000,000
generali#284#2010-03-15#moto#3#100#moto#moto#si#100#Persona fisica#M#40#NA#00000#Napoli#3#0#IMPIEGATO #M#40#NA#00000#Napoli#veicolo già assicurato con atr#No#No#BM#14#0#0#1#0#0#0#1#0#3,000,000
generali#285#2010-03-15#moto#3#100#moto#moto#si#100#Persona fisica#M#40#NA#00000#Napoli#3#0#IMPIEGATO #M#40#NA#00000#Napoli#veicolo già assicurato con atr#No#No#BM#15#0#0#1#0#0#0#1#0#3,000,000
generali#286#2010-03-15#moto#3#100#moto#moto#si#100#Persona fisica#M#40#NA#00000#Napoli#3#0#IMPIEGATO #M#40#NA#00000#Napoli#veicolo già assicurato con atr#No#No#BM#16#0#0#1#0#0#0#1#0#3,000,000
generali#287#2010-03-15#moto#3#100#moto#moto#si#100#Persona fisica#M#40#NA#00000#Napoli#3#0#IMPIEGATO #M#40#NA#00000#Napoli#veicolo già assicurato con atr#No#No#BM#17#0#0#1#0#0#0#1#0#3,000,000
generali#288#2010-03-15#moto#3#100#moto#moto#si#100#Persona fisica#M#40#NA#00000#Napoli#3#0#IMPIEGATO #M#40#NA#00000#Napoli#veicolo già assicurato con atr#No#No#BM#18#0#0#1#0#0#0#1#0#3,000,000
generali#289#2010-03-15#moto#3#100#moto#moto#si#100#Persona fisica#M#40#NA#00000#Napoli#3#0#IMPIEGATO #M#40#NA#00000#Napoli#veicolo già assicurato con atr#No#No#BM#1#0#0#0#1#0#0#1#0#3,000,000
generali#290#2010-03-15#moto#3#100#moto#moto#si#100#Persona fisica#M#40#NA#00000#Napoli#3#0#IMPIEGATO #M#40#NA#00000#Napoli#veicolo già assicurato con atr#No#No#BM#2#0#0#0#1#0#0#1#0#3,000,000
generali#291#2010-03-15#moto#3#100#moto#moto#si#100#Persona fisica#M#40#NA#00000#Napoli#3#0#IMPIEGATO #M#40#NA#00000#Napoli#veicolo già assicurato con atr#No#No#BM#3#0#0#0#1#0#0#1#0#3,000,000
generali#292#2010-03-15#moto#3#100#moto#moto#si#100#Persona fisica#M#40#NA#00000#Napoli#3#0#IMPIEGATO #M#40#NA#00000#Napoli#veicolo già assicurato con atr#No#No#BM#4#0#0#0#1#0#0#1#0#3,000,000
generali#293#2010-03-15#moto#3#100#moto#moto#si#100#Persona fisica#M#40#NA#00000#Napoli#3#0#IMPIEGATO #M#40#NA#00000#Napoli#veicolo già assicurato con atr#No#No#BM#5#0#0#0#1#0#0#1#0#3,000,000
generali#294#2010-03-15#moto#3#100#moto#moto#si#100#Persona fisica#M#40#NA#00000#Napoli#3#0#IMPIEGATO #M#40#NA#00000#Napoli#veicolo già assicurato con atr#No#No#BM#6#0#0#0#1#0#0#1#0#3,000,000
generali#295#2010-03-15#moto#3#100#moto#moto#si#100#Persona fisica#M#40#NA#00000#Napoli#3#0#IMPIEGATO #M#40#NA#00000#Napoli#veicolo già assicurato con atr#No#No#BM#7#0#0#0#1#0#0#1#0#3,000,000
generali#296#2010-03-15#moto#3#100#moto#moto#si#100#Persona fisica#M#40#NA#00000#Napoli#3#0#IMPIEGATO #M#40#NA#00000#Napoli#veicolo già assicurato con atr#No#No#BM#8#0#0#0#1#0#0#1#0#3,000,000
generali#297#2010-03-15#moto#3#100#moto#moto#si#100#Persona fisica#M#40#NA#00000#Napoli#3#0#IMPIEGATO #M#40#NA#00000#Napoli#veicolo già assicurato con atr#No#No#BM#9#0#0#0#1#0#0#1#0#3,000,000
generali#298#2010-03-15#moto#3#100#moto#moto#si#100#Persona fisica#M#40#NA#00000#Napoli#3#0#IMPIEGATO #M#40#NA#00000#Napoli#veicolo già assicurato con atr#No#No#BM#10#0#0#0#1#0#0#1#0#3,000,000
generali#299#2010-03-15#moto#3#100#moto#moto#si#100#Persona fisica#M#40#NA#00000#Napoli#3#0#IMPIEGATO #M#40#NA#00000#Napoli#veicolo già assicurato con atr#No#No#BM#11#0#0#0#1#0#0#1#0#3,000,000
generali#300#2010-03-15#moto#3#100#moto#moto#si#100#Persona fisica#M#40#NA#00000#Napoli#3#0#IMPIEGATO #M#40#NA#00000#Napoli#veicolo già assicurato con atr#No#No#BM#12#0#0#0#1#0#0#1#0#3,000,000
generali#301#2010-03-15#moto#3#100#moto#moto#si#100#Persona fisica#M#40#NA#00000#Napoli#3#0#IMPIEGATO #M#40#NA#00000#Napoli#veicolo già assicurato con atr#No#No#BM#13#0#0#0#1#0#0#1#0#3,000,000
generali#302#2010-03-15#moto#3#100#moto#moto#si#100#Persona fisica#M#40#NA#00000#Napoli#3#0#IMPIEGATO #M#40#NA#00000#Napoli#veicolo già assicurato con atr#No#No#BM#14#0#0#0#1#0#0#1#0#3,000,000
generali#303#2010-03-15#moto#3#100#moto#moto#si#100#Persona fisica#M#40#NA#00000#Napoli#3#0#IMPIEGATO #M#40#NA#00000#Napoli#veicolo già assicurato con atr#No#No#BM#15#0#0#0#1#0#0#1#0#3,000,000
generali#304#2010-03-15#moto#3#100#moto#moto#si#100#Persona fisica#M#40#NA#00000#Napoli#3#0#IMPIEGATO #M#40#NA#00000#Napoli#veicolo già assicurato con atr#No#No#BM#16#0#0#0#1#0#0#1#0#3,000,000
generali#305#2010-03-15#moto#3#100#moto#moto#si#100#Persona fisica#M#40#NA#00000#Napoli#3#0#IMPIEGATO #M#40#NA#00000#Napoli#veicolo già assicurato con atr#No#No#BM#17#0#0#0#1#0#0#1#0#3,000,000
generali#306#2010-03-15#moto#3#100#moto#moto#si#100#Persona fisica#M#40#NA#00000#Napoli#3#0#IMPIEGATO #M#40#NA#00000#Napoli#veicolo già assicurato con atr#No#No#BM#18#0#0#0#1#0#0#1#0#3,000,000
generali#307#2010-03-15#moto#3#100#moto#moto#si#100#Persona fisica#M#40#NA#00000#Napoli#3#0#IMPIEGATO #M#40#NA#00000#Napoli#veicolo già assicurato con atr#No#No#BM#1#0#0#0#0#1#0#1#0#3,000,000
generali#308#2010-03-15#moto#3#100#moto#moto#si#100#Persona fisica#M#40#NA#00000#Napoli#3#0#IMPIEGATO #M#40#NA#00000#Napoli#veicolo già assicurato con atr#No#No#BM#2#0#0#0#0#1#0#1#0#3,000,000
generali#309#2010-03-15#moto#3#100#moto#moto#si#100#Persona fisica#M#40#NA#00000#Napoli#3#0#IMPIEGATO #M#40#NA#00000#Napoli#veicolo già assicurato con atr#No#No#BM#3#0#0#0#0#1#0#1#0#3,000,000
generali#310#2010-03-15#moto#3#100#moto#moto#si#100#Persona fisica#M#40#NA#00000#Napoli#3#0#IMPIEGATO #M#40#NA#00000#Napoli#veicolo già assicurato con atr#No#No#BM#4#0#0#0#0#1#0#1#0#3,000,000
generali#311#2010-03-15#moto#3#100#moto#moto#si#100#Persona fisica#M#40#NA#00000#Napoli#3#0#IMPIEGATO #M#40#NA#00000#Napoli#veicolo già assicurato con atr#No#No#BM#5#0#0#0#0#1#0#1#0#3,000,000
generali#312#2010-03-15#moto#3#100#moto#moto#si#100#Persona fisica#M#40#NA#00000#Napoli#3#0#IMPIEGATO #M#40#NA#00000#Napoli#veicolo già assicurato con atr#No#No#BM#6#0#0#0#0#1#0#1#0#3,000,000
generali#313#2010-03-15#moto#3#100#moto#moto#si#100#Persona fisica#M#40#NA#00000#Napoli#3#0#IMPIEGATO #M#40#NA#00000#Napoli#veicolo già assicurato con atr#No#No#BM#7#0#0#0#0#1#0#1#0#3,000,000
generali#314#2010-03-15#moto#3#100#moto#moto#si#100#Persona fisica#M#40#NA#00000#Napoli#3#0#IMPIEGATO #M#40#NA#00000#Napoli#veicolo già assicurato con atr#No#No#BM#8#0#0#0#0#1#0#1#0#3,000,000
generali#315#2010-03-15#moto#3#100#moto#moto#si#100#Persona fisica#M#40#NA#00000#Napoli#3#0#IMPIEGATO #M#40#NA#00000#Napoli#veicolo già assicurato con atr#No#No#BM#9#0#0#0#0#1#0#1#0#3,000,000
generali#316#2010-03-15#moto#3#100#moto#moto#si#100#Persona fisica#M#40#NA#00000#Napoli#3#0#IMPIEGATO #M#40#NA#00000#Napoli#veicolo già assicurato con atr#No#No#BM#10#0#0#0#0#1#0#1#0#3,000,000
generali#317#2010-03-15#moto#3#100#moto#moto#si#100#Persona fisica#M#40#NA#00000#Napoli#3#0#IMPIEGATO #M#40#NA#00000#Napoli#veicolo già assicurato con atr#No#No#BM#11#0#0#0#0#1#0#1#0#3,000,000
generali#318#2010-03-15#moto#3#100#moto#moto#si#100#Persona fisica#M#40#NA#00000#Napoli#3#0#IMPIEGATO #M#40#NA#00000#Napoli#veicolo già assicurato con atr#No#No#BM#12#0#0#0#0#1#0#1#0#3,000,000
generali#319#2010-03-15#moto#3#100#moto#moto#si#100#Persona fisica#M#40#NA#00000#Napoli#3#0#IMPIEGATO #M#40#NA#00000#Napoli#veicolo già assicurato con atr#No#No#BM#13#0#0#0#0#1#0#1#0#3,000,000
generali#320#2010-03-15#moto#3#100#moto#moto#si#100#Persona fisica#M#40#NA#00000#Napoli#3#0#IMPIEGATO #M#40#NA#00000#Napoli#veicolo già assicurato con atr#No#No#BM#14#0#0#0#0#1#0#1#0#3,000,000
generali#321#2010-03-15#moto#3#100#moto#moto#si#100#Persona fisica#M#40#NA#00000#Napoli#3#0#IMPIEGATO #M#40#NA#00000#Napoli#veicolo già assicurato con atr#No#No#BM#15#0#0#0#0#1#0#1#0#3,000,000
generali#322#2010-03-15#moto#3#100#moto#moto#si#100#Persona fisica#M#40#NA#00000#Napoli#3#0#IMPIEGATO #M#40#NA#00000#Napoli#veicolo già assicurato con atr#No#No#BM#16#0#0#0#0#1#0#1#0#3,000,000
generali#323#2010-03-15#moto#3#100#moto#moto#si#100#Persona fisica#M#40#NA#00000#Napoli#3#0#IMPIEGATO #M#40#NA#00000#Napoli#veicolo già assicurato con atr#No#No#BM#17#0#0#0#0#1#0#1#0#3,000,000
generali#324#2010-03-15#moto#3#100#moto#moto#si#100#Persona fisica#M#40#NA#00000#Napoli#3#0#IMPIEGATO #M#40#NA#00000#Napoli#veicolo già assicurato con atr#No#No#BM#18#0#0#0#0#1#0#1#0#3,000,000
generali#325#2010-03-15#moto#3#100#moto#moto#si#100#Persona fisica#M#40#NA#00000#Napoli#3#0#IMPIEGATO #M#40#NA#00000#Napoli#veicolo già assicurato con atr#No#No#BM#1#0#0#0#0#0#1#1#0#3,000,000
generali#326#2010-03-15#moto#3#100#moto#moto#si#100#Persona fisica#M#40#NA#00000#Napoli#3#0#IMPIEGATO #M#40#NA#00000#Napoli#veicolo già assicurato con atr#No#No#BM#2#0#0#0#0#0#1#1#0#3,000,000
generali#327#2010-03-15#moto#3#100#moto#moto#si#100#Persona fisica#M#40#NA#00000#Napoli#3#0#IMPIEGATO #M#40#NA#00000#Napoli#veicolo già assicurato con atr#No#No#BM#3#0#0#0#0#0#1#1#0#3,000,000
generali#328#2010-03-15#moto#3#100#moto#moto#si#100#Persona fisica#M#40#NA#00000#Napoli#3#0#IMPIEGATO #M#40#NA#00000#Napoli#veicolo già assicurato con atr#No#No#BM#4#0#0#0#0#0#1#1#0#3,000,000
generali#329#2010-03-15#moto#3#100#moto#moto#si#100#Persona fisica#M#40#NA#00000#Napoli#3#0#IMPIEGATO #M#40#NA#00000#Napoli#veicolo già assicurato con atr#No#No#BM#5#0#0#0#0#0#1#1#0#3,000,000
generali#330#2010-03-15#moto#3#100#moto#moto#si#100#Persona fisica#M#40#NA#00000#Napoli#3#0#IMPIEGATO #M#40#NA#00000#Napoli#veicolo già assicurato con atr#No#No#BM#6#0#0#0#0#0#1#1#0#3,000,000
generali#331#2010-03-15#moto#3#100#moto#moto#si#100#Persona fisica#M#40#NA#00000#Napoli#3#0#IMPIEGATO #M#40#NA#00000#Napoli#veicolo già assicurato con atr#No#No#BM#7#0#0#0#0#0#1#1#0#3,000,000
generali#332#2010-03-15#moto#3#100#moto#moto#si#100#Persona fisica#M#40#NA#00000#Napoli#3#0#IMPIEGATO #M#40#NA#00000#Napoli#veicolo già assicurato con atr#No#No#BM#8#0#0#0#0#0#1#1#0#3,000,000
generali#333#2010-03-15#moto#3#100#moto#moto#si#100#Persona fisica#M#40#NA#00000#Napoli#3#0#IMPIEGATO #M#40#NA#00000#Napoli#veicolo già assicurato con atr#No#No#BM#9#0#0#0#0#0#1#1#0#3,000,000
generali#334#2010-03-15#moto#3#100#moto#moto#si#100#Persona fisica#M#40#NA#00000#Napoli#3#0#IMPIEGATO #M#40#NA#00000#Napoli#veicolo già assicurato con atr#No#No#BM#10#0#0#0#0#0#1#1#0#3,000,000
generali#335#2010-03-15#moto#3#100#moto#moto#si#100#Persona fisica#M#40#NA#00000#Napoli#3#0#IMPIEGATO #M#40#NA#00000#Napoli#veicolo già assicurato con atr#No#No#BM#11#0#0#0#0#0#1#1#0#3,000,000
generali#336#2010-03-15#moto#3#100#moto#moto#si#100#Persona fisica#M#40#NA#00000#Napoli#3#0#IMPIEGATO #M#40#NA#00000#Napoli#veicolo già assicurato con atr#No#No#BM#12#0#0#0#0#0#1#1#0#3,000,000
generali#337#2010-03-15#moto#3#100#moto#moto#si#100#Persona fisica#M#40#NA#00000#Napoli#3#0#IMPIEGATO #M#40#NA#00000#Napoli#veicolo già assicurato con atr#No#No#BM#13#0#0#0#0#0#1#1#0#3,000,000
generali#338#2010-03-15#moto#3#100#moto#moto#si#100#Persona fisica#M#40#NA#00000#Napoli#3#0#IMPIEGATO #M#40#NA#00000#Napoli#veicolo già assicurato con atr#No#No#BM#14#0#0#0#0#0#1#1#0#3,000,000
generali#339#2010-03-15#moto#3#100#moto#moto#si#100#Persona fisica#M#40#NA#00000#Napoli#3#0#IMPIEGATO #M#40#NA#00000#Napoli#veicolo già assicurato con atr#No#No#BM#15#0#0#0#0#0#1#1#0#3,000,000
generali#340#2010-03-15#moto#3#100#moto#moto#si#100#Persona fisica#M#40#NA#00000#Napoli#3#0#IMPIEGATO #M#40#NA#00000#Napoli#veicolo già assicurato con atr#No#No#BM#16#0#0#0#0#0#1#1#0#3,000,000
generali#341#2010-03-15#moto#3#100#moto#moto#si#100#Persona fisica#M#40#NA#00000#Napoli#3#0#IMPIEGATO #M#40#NA#00000#Napoli#veicolo già assicurato con atr#No#No#BM#17#0#0#0#0#0#1#1#0#3,000,000
generali#342#2010-03-15#moto#3#100#moto#moto#si#100#Persona fisica#M#40#NA#00000#Napoli#3#0#IMPIEGATO #M#40#NA#00000#Napoli#veicolo già assicurato con atr#No#No#BM#18#0#0#0#0#0#1#1#0#3,000,000
generali#343#2010-03-15#moto#3#100#moto#moto#si#100#Persona fisica#M#18#NA#00000#Napoli#3#0#IMPIEGATO #M#18#NA#00000#Napoli#veicolo già assicurato con atr#No#No#BM#8#0#0#0#0#0#0#0#0#3,000,000
generali#344#2010-03-15#moto#3#100#moto#moto#si#100#Persona fisica#M#19#NA#00000#Napoli#3#0#IMPIEGATO #M#19#NA#00000#Napoli#veicolo già assicurato con atr#No#No#BM#8#0#0#0#0#0#0#0#0#3,000,000
generali#345#2010-03-15#moto#3#100#moto#moto#si#100#Persona fisica#M#20#NA#00000#Napoli#3#0#IMPIEGATO #M#20#NA#00000#Napoli#veicolo già assicurato con atr#No#No#BM#8#0#0#0#0#0#0#0#0#3,000,000
generali#346#2010-03-15#moto#3#100#moto#moto#si#100#Persona fisica#M#21#NA#00000#Napoli#3#0#IMPIEGATO #M#21#NA#00000#Napoli#veicolo già assicurato con atr#No#No#BM#8#0#0#0#0#0#0#0#0#3,000,000
generali#347#2010-03-15#moto#3#100#moto#moto#si#100#Persona fisica#M#22#NA#00000#Napoli#3#0#IMPIEGATO #M#22#NA#00000#Napoli#veicolo già assicurato con atr#No#No#BM#8#0#0#0#0#0#0#0#0#3,000,000
generali#348#2010-03-15#moto#3#100#moto#moto#si#100#Persona fisica#M#23#NA#00000#Napoli#3#0#IMPIEGATO #M#23#NA#00000#Napoli#veicolo già assicurato con atr#No#No#BM#8#0#0#0#0#0#0#0#0#3,000,000
generali#349#2010-03-15#moto#3#100#moto#moto#si#100#Persona fisica#M#24#NA#00000#Napoli#3#0#IMPIEGATO #M#24#NA#00000#Napoli#veicolo già assicurato con atr#No#No#BM#8#0#0#0#0#0#0#0#0#3,000,000
generali#350#2010-03-15#moto#3#100#moto#moto#si#100#Persona fisica#M#25#NA#00000#Napoli#3#0#IMPIEGATO #M#25#NA#00000#Napoli#veicolo già assicurato con atr#No#No#BM#8#0#0#0#0#0#0#0#0#3,000,000
generali#351#2010-03-15#moto#3#100#moto#moto#si#100#Persona fisica#M#26#NA#00000#Napoli#3#0#IMPIEGATO #M#26#NA#00000#Napoli#veicolo già assicurato con atr#No#No#BM#8#0#0#0#0#0#0#0#0#3,000,000
generali#352#2010-03-15#moto#3#100#moto#moto#si#100#Persona fisica#M#27#NA#00000#Napoli#3#0#IMPIEGATO #M#27#NA#00000#Napoli#veicolo già assicurato con atr#No#No#BM#8#0#0#0#0#0#0#0#0#3,000,000
generali#353#2010-03-15#moto#3#100#moto#moto#si#100#Persona fisica#M#28#NA#00000#Napoli#3#0#IMPIEGATO #M#28#NA#00000#Napoli#veicolo già assicurato con atr#No#No#BM#8#0#0#0#0#0#0#0#0#3,000,000
generali#354#2010-03-15#moto#3#100#moto#moto#si#100#Persona fisica#M#29#NA#00000#Napoli#3#0#IMPIEGATO #M#29#NA#00000#Napoli#veicolo già assicurato con atr#No#No#BM#8#0#0#0#0#0#0#0#0#3,000,000
generali#355#2010-03-15#moto#3#100#moto#moto#si#100#Persona fisica#M#30#NA#00000#Napoli#3#0#IMPIEGATO #M#30#NA#00000#Napoli#veicolo già assicurato con atr#No#No#BM#8#0#0#0#0#0#0#0#0#3,000,000
generali#356#2010-03-15#moto#3#100#moto#moto#si#100#Persona fisica#M#31#NA#00000#Napoli#3#0#IMPIEGATO #M#31#NA#00000#Napoli#veicolo già assicurato con atr#No#No#BM#8#0#0#0#0#0#0#0#0#3,000,000
generali#357#2010-03-15#moto#3#100#moto#moto#si#100#Persona fisica#M#32#NA#00000#Napoli#3#0#IMPIEGATO #M#32#NA#00000#Napoli#veicolo già assicurato con atr#No#No#BM#8#0#0#0#0#0#0#0#0#3,000,000
generali#358#2010-03-15#moto#3#100#moto#moto#si#100#Persona fisica#M#33#NA#00000#Napoli#3#0#IMPIEGATO #M#33#NA#00000#Napoli#veicolo già assicurato con atr#No#No#BM#8#0#0#0#0#0#0#0#0#3,000,000
generali#359#2010-03-15#moto#3#100#moto#moto#si#100#Persona fisica#M#34#NA#00000#Napoli#3#0#IMPIEGATO #M#34#NA#00000#Napoli#veicolo già assicurato con atr#No#No#BM#8#0#0#0#0#0#0#0#0#3,000,000
generali#360#2010-03-15#moto#3#100#moto#moto#si#100#Persona fisica#M#35#NA#00000#Napoli#3#0#IMPIEGATO #M#35#NA#00000#Napoli#veicolo già assicurato con atr#No#No#BM#8#0#0#0#0#0#0#0#0#3,000,000
generali#361#2010-03-15#moto#3#100#moto#moto#si#100#Persona fisica#M#36#NA#00000#Napoli#3#0#IMPIEGATO #M#36#NA#00000#Napoli#veicolo già assicurato con atr#No#No#BM#8#0#0#0#0#0#0#0#0#3,000,000
generali#362#2010-03-15#moto#3#100#moto#moto#si#100#Persona fisica#M#37#NA#00000#Napoli#3#0#IMPIEGATO #M#37#NA#00000#Napoli#veicolo già assicurato con atr#No#No#BM#8#0#0#0#0#0#0#0#0#3,000,000
generali#363#2010-03-15#moto#3#100#moto#moto#si#100#Persona fisica#M#38#NA#00000#Napoli#3#0#IMPIEGATO #M#38#NA#00000#Napoli#veicolo già assicurato con atr#No#No#BM#8#0#0#0#0#0#0#0#0#3,000,000
generali#364#2010-03-15#moto#3#100#moto#moto#si#100#Persona fisica#M#39#NA#00000#Napoli#3#0#IMPIEGATO #M#39#NA#00000#Napoli#veicolo già assicurato con atr#No#No#BM#8#0#0#0#0#0#0#0#0#3,000,000
generali#365#2010-03-15#moto#3#100#moto#moto#si#100#Persona fisica#M#40#NA#00000#Napoli#3#0#IMPIEGATO #M#40#NA#00000#Napoli#veicolo già assicurato con atr#No#No#BM#8#0#0#0#0#0#0#0#0#3,000,000
generali#366#2010-03-15#moto#3#100#moto#moto#si#100#Persona fisica#M#41#NA#00000#Napoli#3#0#IMPIEGATO #M#41#NA#00000#Napoli#veicolo già assicurato con atr#No#No#BM#8#0#0#0#0#0#0#0#0#3,000,000
generali#367#2010-03-15#moto#3#100#moto#moto#si#100#Persona fisica#M#42#NA#00000#Napoli#3#0#IMPIEGATO #M#42#NA#00000#Napoli#veicolo già assicurato con atr#No#No#BM#8#0#0#0#0#0#0#0#0#3,000,000
generali#368#2010-03-15#moto#3#100#moto#moto#si#100#Persona fisica#M#43#NA#00000#Napoli#3#0#IMPIEGATO #M#43#NA#00000#Napoli#veicolo già assicurato con atr#No#No#BM#8#0#0#0#0#0#0#0#0#3,000,000
generali#369#2010-03-15#moto#3#100#moto#moto#si#100#Persona fisica#M#44#NA#00000#Napoli#3#0#IMPIEGATO #M#44#NA#00000#Napoli#veicolo già assicurato con atr#No#No#BM#8#0#0#0#0#0#0#0#0#3,000,000
generali#370#2010-03-15#moto#3#100#moto#moto#si#100#Persona fisica#M#45#NA#00000#Napoli#3#0#IMPIEGATO #M#45#NA#00000#Napoli#veicolo già assicurato con atr#No#No#BM#8#0#0#0#0#0#0#0#0#3,000,000
generali#371#2010-03-15#moto#3#100#moto#moto#si#100#Persona fisica#M#46#NA#00000#Napoli#3#0#IMPIEGATO #M#46#NA#00000#Napoli#veicolo già assicurato con atr#No#No#BM#8#0#0#0#0#0#0#0#0#3,000,000
generali#372#2010-03-15#moto#3#100#moto#moto#si#100#Persona fisica#M#47#NA#00000#Napoli#3#0#IMPIEGATO #M#47#NA#00000#Napoli#veicolo già assicurato con atr#No#No#BM#8#0#0#0#0#0#0#0#0#3,000,000
generali#373#2010-03-15#moto#3#100#moto#moto#si#100#Persona fisica#M#48#NA#00000#Napoli#3#0#IMPIEGATO #M#48#NA#00000#Napoli#veicolo già assicurato con atr#No#No#BM#8#0#0#0#0#0#0#0#0#3,000,000
generali#374#2010-03-15#moto#3#100#moto#moto#si#100#Persona fisica#M#49#NA#00000#Napoli#3#0#IMPIEGATO #M#49#NA#00000#Napoli#veicolo già assicurato con atr#No#No#BM#8#0#0#0#0#0#0#0#0#3,000,000
generali#375#2010-03-15#moto#3#100#moto#moto#si#100#Persona fisica#M#50#NA#00000#Napoli#3#0#IMPIEGATO #M#50#NA#00000#Napoli#veicolo già assicurato con atr#No#No#BM#8#0#0#0#0#0#0#0#0#3,000,000
generali#376#2010-03-15#moto#3#100#moto#moto#si#100#Persona fisica#M#51#NA#00000#Napoli#3#0#IMPIEGATO #M#51#NA#00000#Napoli#veicolo già assicurato con atr#No#No#BM#8#0#0#0#0#0#0#0#0#3,000,000
generali#377#2010-03-15#moto#3#100#moto#moto#si#100#Persona fisica#M#52#NA#00000#Napoli#3#0#IMPIEGATO #M#52#NA#00000#Napoli#veicolo già assicurato con atr#No#No#BM#8#0#0#0#0#0#0#0#0#3,000,000
generali#378#2010-03-15#moto#3#100#moto#moto#si#100#Persona fisica#M#53#NA#00000#Napoli#3#0#IMPIEGATO #M#53#NA#00000#Napoli#veicolo già assicurato con atr#No#No#BM#8#0#0#0#0#0#0#0#0#3,000,000
generali#379#2010-03-15#moto#3#100#moto#moto#si#100#Persona fisica#M#54#NA#00000#Napoli#3#0#IMPIEGATO #M#54#NA#00000#Napoli#veicolo già assicurato con atr#No#No#BM#8#0#0#0#0#0#0#0#0#3,000,000
generali#380#2010-03-15#moto#3#100#moto#moto#si#100#Persona fisica#M#55#NA#00000#Napoli#3#0#IMPIEGATO #M#55#NA#00000#Napoli#veicolo già assicurato con atr#No#No#BM#8#0#0#0#0#0#0#0#0#3,000,000
generali#381#2010-03-15#moto#3#100#moto#moto#si#100#Persona fisica#M#56#NA#00000#Napoli#3#0#IMPIEGATO #M#56#NA#00000#Napoli#veicolo già assicurato con atr#No#No#BM#8#0#0#0#0#0#0#0#0#3,000,000
generali#382#2010-03-15#moto#3#100#moto#moto#si#100#Persona fisica#M#57#NA#00000#Napoli#3#0#IMPIEGATO #M#57#NA#00000#Napoli#veicolo già assicurato con atr#No#No#BM#8#0#0#0#0#0#0#0#0#3,000,000
generali#383#2010-03-15#moto#3#100#moto#moto#si#100#Persona fisica#M#58#NA#00000#Napoli#3#0#IMPIEGATO #M#58#NA#00000#Napoli#veicolo già assicurato con atr#No#No#BM#8#0#0#0#0#0#0#0#0#3,000,000
generali#384#2010-03-15#moto#3#100#moto#moto#si#100#Persona fisica#M#59#NA#00000#Napoli#3#0#IMPIEGATO #M#59#NA#00000#Napoli#veicolo già assicurato con atr#No#No#BM#8#0#0#0#0#0#0#0#0#3,000,000
generali#385#2010-03-15#moto#3#100#moto#moto#si#100#Persona fisica#M#60#NA#00000#Napoli#3#0#IMPIEGATO #M#60#NA#00000#Napoli#veicolo già assicurato con atr#No#No#BM#8#0#0#0#0#0#0#0#0#3,000,000
generali#386#2010-03-15#moto#3#100#moto#moto#si#100#Persona fisica#M#61#NA#00000#Napoli#3#0#IMPIEGATO #M#61#NA#00000#Napoli#veicolo già assicurato con atr#No#No#BM#8#0#0#0#0#0#0#0#0#3,000,000
generali#387#2010-03-15#moto#3#100#moto#moto#si#100#Persona fisica#M#62#NA#00000#Napoli#3#0#IMPIEGATO #M#62#NA#00000#Napoli#veicolo già assicurato con atr#No#No#BM#8#0#0#0#0#0#0#0#0#3,000,000
generali#388#2010-03-15#moto#3#100#moto#moto#si#100#Persona fisica#M#63#NA#00000#Napoli#3#0#IMPIEGATO #M#63#NA#00000#Napoli#veicolo già assicurato con atr#No#No#BM#8#0#0#0#0#0#0#0#0#3,000,000
generali#389#2010-03-15#moto#3#100#moto#moto#si#100#Persona fisica#M#64#NA#00000#Napoli#3#0#IMPIEGATO #M#64#NA#00000#Napoli#veicolo già assicurato con atr#No#No#BM#8#0#0#0#0#0#0#0#0#3,000,000
generali#390#2010-03-15#moto#3#100#moto#moto#si#100#Persona fisica#M#65#NA#00000#Napoli#3#0#IMPIEGATO #M#65#NA#00000#Napoli#veicolo già assicurato con atr#No#No#BM#8#0#0#0#0#0#0#0#0#3,000,000
generali#391#2010-03-15#moto#3#100#moto#moto#si#100#Persona fisica#M#66#NA#00000#Napoli#3#0#IMPIEGATO #M#66#NA#00000#Napoli#veicolo già assicurato con atr#No#No#BM#8#0#0#0#0#0#0#0#0#3,000,000
generali#392#2010-03-15#moto#3#100#moto#moto#si#100#Persona fisica#M#67#NA#00000#Napoli#3#0#IMPIEGATO #M#67#NA#00000#Napoli#veicolo già assicurato con atr#No#No#BM#8#0#0#0#0#0#0#0#0#3,000,000
generali#393#2010-03-15#moto#3#100#moto#moto#si#100#Persona fisica#M#68#NA#00000#Napoli#3#0#IMPIEGATO #M#68#NA#00000#Napoli#veicolo già assicurato con atr#No#No#BM#8#0#0#0#0#0#0#0#0#3,000,000
generali#394#2010-03-15#moto#3#100#moto#moto#si#100#Persona fisica#M#69#NA#00000#Napoli#3#0#IMPIEGATO #M#69#NA#00000#Napoli#veicolo già assicurato con atr#No#No#BM#8#0#0#0#0#0#0#0#0#3,000,000
generali#395#2010-03-15#moto#3#100#moto#moto#si#100#Persona fisica#M#70#NA#00000#Napoli#3#0#IMPIEGATO #M#70#NA#00000#Napoli#veicolo già assicurato con atr#No#No#BM#8#0#0#0#0#0#0#0#0#3,000,000
generali#396#2010-03-15#moto#3#100#moto#moto#si#100#Persona fisica#M#71#NA#00000#Napoli#3#0#IMPIEGATO #M#71#NA#00000#Napoli#veicolo già assicurato con atr#No#No#BM#8#0#0#0#0#0#0#0#0#3,000,000
generali#397#2010-03-15#moto#3#100#moto#moto#si#100#Persona fisica#M#72#NA#00000#Napoli#3#0#IMPIEGATO #M#72#NA#00000#Napoli#veicolo già assicurato con atr#No#No#BM#8#0#0#0#0#0#0#0#0#3,000,000
generali#398#2010-03-15#moto#3#100#moto#moto#si#100#Persona fisica#M#73#NA#00000#Napoli#3#0#IMPIEGATO #M#73#NA#00000#Napoli#veicolo già assicurato con atr#No#No#BM#8#0#0#0#0#0#0#0#0#3,000,000
generali#399#2010-03-15#moto#3#100#moto#moto#si#100#Persona fisica#M#74#NA#00000#Napoli#3#0#IMPIEGATO #M#74#NA#00000#Napoli#veicolo già assicurato con atr#No#No#BM#8#0#0#0#0#0#0#0#0#3,000,000
generali#400#2010-03-15#moto#3#100#moto#moto#si#100#Persona fisica#M#75#NA#00000#Napoli#3#0#IMPIEGATO #M#75#NA#00000#Napoli#veicolo già assicurato con atr#No#No#BM#8#0#0#0#0#0#0#0#0#3,000,000
generali#401#2010-03-15#moto#3#100#moto#moto#si#100#Persona fisica#M#76#NA#00000#Napoli#3#0#IMPIEGATO #M#76#NA#00000#Napoli#veicolo già assicurato con atr#No#No#BM#8#0#0#0#0#0#0#0#0#3,000,000
generali#402#2010-03-15#moto#3#100#moto#moto#si#100#Persona fisica#M#77#NA#00000#Napoli#3#0#IMPIEGATO #M#77#NA#00000#Napoli#veicolo già assicurato con atr#No#No#BM#8#0#0#0#0#0#0#0#0#3,000,000
generali#403#2010-03-15#moto#3#100#moto#moto#si#100#Persona fisica#M#78#NA#00000#Napoli#3#0#IMPIEGATO #M#78#NA#00000#Napoli#veicolo già assicurato con atr#No#No#BM#8#0#0#0#0#0#0#0#0#3,000,000
generali#404#2010-03-15#moto#3#100#moto#moto#si#100#Persona fisica#M#79#NA#00000#Napoli#3#0#IMPIEGATO #M#79#NA#00000#Napoli#veicolo già assicurato con atr#No#No#BM#8#0#0#0#0#0#0#0#0#3,000,000
generali#405#2010-03-15#moto#3#100#moto#moto#si#100#Persona fisica#F#18#NA#00000#Napoli#3#0#IMPIEGATO #F#18#NA#00000#Napoli#veicolo già assicurato con atr#No#No#BM#8#0#0#0#0#0#0#0#0#3,000,000
generali#406#2010-03-15#moto#3#100#moto#moto#si#100#Persona fisica#F#19#NA#00000#Napoli#3#0#IMPIEGATO #F#19#NA#00000#Napoli#veicolo già assicurato con atr#No#No#BM#8#0#0#0#0#0#0#0#0#3,000,000
generali#407#2010-03-15#moto#3#100#moto#moto#si#100#Persona fisica#F#20#NA#00000#Napoli#3#0#IMPIEGATO #F#20#NA#00000#Napoli#veicolo già assicurato con atr#No#No#BM#8#0#0#0#0#0#0#0#0#3,000,000
generali#408#2010-03-15#moto#3#100#moto#moto#si#100#Persona fisica#F#21#NA#00000#Napoli#3#0#IMPIEGATO #F#21#NA#00000#Napoli#veicolo già assicurato con atr#No#No#BM#8#0#0#0#0#0#0#0#0#3,000,000
generali#409#2010-03-15#moto#3#100#moto#moto#si#100#Persona fisica#F#22#NA#00000#Napoli#3#0#IMPIEGATO #F#22#NA#00000#Napoli#veicolo già assicurato con atr#No#No#BM#8#0#0#0#0#0#0#0#0#3,000,000
generali#410#2010-03-15#moto#3#100#moto#moto#si#100#Persona fisica#F#23#NA#00000#Napoli#3#0#IMPIEGATO #F#23#NA#00000#Napoli#veicolo già assicurato con atr#No#No#BM#8#0#0#0#0#0#0#0#0#3,000,000
generali#411#2010-03-15#moto#3#100#moto#moto#si#100#Persona fisica#F#24#NA#00000#Napoli#3#0#IMPIEGATO #F#24#NA#00000#Napoli#veicolo già assicurato con atr#No#No#BM#8#0#0#0#0#0#0#0#0#3,000,000
generali#412#2010-03-15#moto#3#100#moto#moto#si#100#Persona fisica#F#25#NA#00000#Napoli#3#0#IMPIEGATO #F#25#NA#00000#Napoli#veicolo già assicurato con atr#No#No#BM#8#0#0#0#0#0#0#0#0#3,000,000
generali#413#2010-03-15#moto#3#100#moto#moto#si#100#Persona fisica#F#26#NA#00000#Napoli#3#0#IMPIEGATO #F#26#NA#00000#Napoli#veicolo già assicurato con atr#No#No#BM#8#0#0#0#0#0#0#0#0#3,000,000
generali#414#2010-03-15#moto#3#100#moto#moto#si#100#Persona fisica#F#27#NA#00000#Napoli#3#0#IMPIEGATO #F#27#NA#00000#Napoli#veicolo già assicurato con atr#No#No#BM#8#0#0#0#0#0#0#0#0#3,000,000
generali#415#2010-03-15#moto#3#100#moto#moto#si#100#Persona fisica#F#28#NA#00000#Napoli#3#0#IMPIEGATO #F#28#NA#00000#Napoli#veicolo già assicurato con atr#No#No#BM#8#0#0#0#0#0#0#0#0#3,000,000
generali#416#2010-03-15#moto#3#100#moto#moto#si#100#Persona fisica#F#29#NA#00000#Napoli#3#0#IMPIEGATO #F#29#NA#00000#Napoli#veicolo già assicurato con atr#No#No#BM#8#0#0#0#0#0#0#0#0#3,000,000
generali#417#2010-03-15#moto#3#100#moto#moto#si#100#Persona fisica#F#30#NA#00000#Napoli#3#0#IMPIEGATO #F#30#NA#00000#Napoli#veicolo già assicurato con atr#No#No#BM#8#0#0#0#0#0#0#0#0#3,000,000
generali#418#2010-03-15#moto#3#100#moto#moto#si#100#Persona fisica#F#31#NA#00000#Napoli#3#0#IMPIEGATO #F#31#NA#00000#Napoli#veicolo già assicurato con atr#No#No#BM#8#0#0#0#0#0#0#0#0#3,000,000
generali#419#2010-03-15#moto#3#100#moto#moto#si#100#Persona fisica#F#32#NA#00000#Napoli#3#0#IMPIEGATO #F#32#NA#00000#Napoli#veicolo già assicurato con atr#No#No#BM#8#0#0#0#0#0#0#0#0#3,000,000
generali#420#2010-03-15#moto#3#100#moto#moto#si#100#Persona fisica#F#33#NA#00000#Napoli#3#0#IMPIEGATO #F#33#NA#00000#Napoli#veicolo già assicurato con atr#No#No#BM#8#0#0#0#0#0#0#0#0#3,000,000
generali#421#2010-03-15#moto#3#100#moto#moto#si#100#Persona fisica#F#34#NA#00000#Napoli#3#0#IMPIEGATO #F#34#NA#00000#Napoli#veicolo già assicurato con atr#No#No#BM#8#0#0#0#0#0#0#0#0#3,000,000
generali#422#2010-03-15#moto#3#100#moto#moto#si#100#Persona fisica#F#35#NA#00000#Napoli#3#0#IMPIEGATO #F#35#NA#00000#Napoli#veicolo già assicurato con atr#No#No#BM#8#0#0#0#0#0#0#0#0#3,000,000
generali#423#2010-03-15#moto#3#100#moto#moto#si#100#Persona fisica#F#36#NA#00000#Napoli#3#0#IMPIEGATO #F#36#NA#00000#Napoli#veicolo già assicurato con atr#No#No#BM#8#0#0#0#0#0#0#0#0#3,000,000
generali#424#2010-03-15#moto#3#100#moto#moto#si#100#Persona fisica#F#37#NA#00000#Napoli#3#0#IMPIEGATO #F#37#NA#00000#Napoli#veicolo già assicurato con atr#No#No#BM#8#0#0#0#0#0#0#0#0#3,000,000
generali#425#2010-03-15#moto#3#100#moto#moto#si#100#Persona fisica#F#38#NA#00000#Napoli#3#0#IMPIEGATO #F#38#NA#00000#Napoli#veicolo già assicurato con atr#No#No#BM#8#0#0#0#0#0#0#0#0#3,000,000
generali#426#2010-03-15#moto#3#100#moto#moto#si#100#Persona fisica#F#39#NA#00000#Napoli#3#0#IMPIEGATO #F#39#NA#00000#Napoli#veicolo già assicurato con atr#No#No#BM#8#0#0#0#0#0#0#0#0#3,000,000
generali#427#2010-03-15#moto#3#100#moto#moto#si#100#Persona fisica#F#40#NA#00000#Napoli#3#0#IMPIEGATO #F#40#NA#00000#Napoli#veicolo già assicurato con atr#No#No#BM#8#0#0#0#0#0#0#0#0#3,000,000
generali#428#2010-03-15#moto#3#100#moto#moto#si#100#Persona fisica#F#41#NA#00000#Napoli#3#0#IMPIEGATO #F#41#NA#00000#Napoli#veicolo già assicurato con atr#No#No#BM#8#0#0#0#0#0#0#0#0#3,000,000
generali#429#2010-03-15#moto#3#100#moto#moto#si#100#Persona fisica#F#42#NA#00000#Napoli#3#0#IMPIEGATO #F#42#NA#00000#Napoli#veicolo già assicurato con atr#No#No#BM#8#0#0#0#0#0#0#0#0#3,000,000
generali#430#2010-03-15#moto#3#100#moto#moto#si#100#Persona fisica#F#43#NA#00000#Napoli#3#0#IMPIEGATO #F#43#NA#00000#Napoli#veicolo già assicurato con atr#No#No#BM#8#0#0#0#0#0#0#0#0#3,000,000
generali#431#2010-03-15#moto#3#100#moto#moto#si#100#Persona fisica#F#44#NA#00000#Napoli#3#0#IMPIEGATO #F#44#NA#00000#Napoli#veicolo già assicurato con atr#No#No#BM#8#0#0#0#0#0#0#0#0#3,000,000
generali#432#2010-03-15#moto#3#100#moto#moto#si#100#Persona fisica#F#45#NA#00000#Napoli#3#0#IMPIEGATO #F#45#NA#00000#Napoli#veicolo già assicurato con atr#No#No#BM#8#0#0#0#0#0#0#0#0#3,000,000
generali#433#2010-03-15#moto#3#100#moto#moto#si#100#Persona fisica#F#46#NA#00000#Napoli#3#0#IMPIEGATO #F#46#NA#00000#Napoli#veicolo già assicurato con atr#No#No#BM#8#0#0#0#0#0#0#0#0#3,000,000
generali#434#2010-03-15#moto#3#100#moto#moto#si#100#Persona fisica#F#47#NA#00000#Napoli#3#0#IMPIEGATO #F#47#NA#00000#Napoli#veicolo già assicurato con atr#No#No#BM#8#0#0#0#0#0#0#0#0#3,000,000
generali#435#2010-03-15#moto#3#100#moto#moto#si#100#Persona fisica#F#48#NA#00000#Napoli#3#0#IMPIEGATO #F#48#NA#00000#Napoli#veicolo già assicurato con atr#No#No#BM#8#0#0#0#0#0#0#0#0#3,000,000
generali#436#2010-03-15#moto#3#100#moto#moto#si#100#Persona fisica#F#49#NA#00000#Napoli#3#0#IMPIEGATO #F#49#NA#00000#Napoli#veicolo già assicurato con atr#No#No#BM#8#0#0#0#0#0#0#0#0#3,000,000
generali#437#2010-03-15#moto#3#100#moto#moto#si#100#Persona fisica#F#50#NA#00000#Napoli#3#0#IMPIEGATO #F#50#NA#00000#Napoli#veicolo già assicurato con atr#No#No#BM#8#0#0#0#0#0#0#0#0#3,000,000
generali#438#2010-03-15#moto#3#100#moto#moto#si#100#Persona fisica#F#51#NA#00000#Napoli#3#0#IMPIEGATO #F#51#NA#00000#Napoli#veicolo già assicurato con atr#No#No#BM#8#0#0#0#0#0#0#0#0#3,000,000
generali#439#2010-03-15#moto#3#100#moto#moto#si#100#Persona fisica#F#52#NA#00000#Napoli#3#0#IMPIEGATO #F#52#NA#00000#Napoli#veicolo già assicurato con atr#No#No#BM#8#0#0#0#0#0#0#0#0#3,000,000
generali#440#2010-03-15#moto#3#100#moto#moto#si#100#Persona fisica#F#53#NA#00000#Napoli#3#0#IMPIEGATO #F#53#NA#00000#Napoli#veicolo già assicurato con atr#No#No#BM#8#0#0#0#0#0#0#0#0#3,000,000
generali#441#2010-03-15#moto#3#100#moto#moto#si#100#Persona fisica#F#54#NA#00000#Napoli#3#0#IMPIEGATO #F#54#NA#00000#Napoli#veicolo già assicurato con atr#No#No#BM#8#0#0#0#0#0#0#0#0#3,000,000
generali#442#2010-03-15#moto#3#100#moto#moto#si#100#Persona fisica#F#55#NA#00000#Napoli#3#0#IMPIEGATO #F#55#NA#00000#Napoli#veicolo già assicurato con atr#No#No#BM#8#0#0#0#0#0#0#0#0#3,000,000
generali#443#2010-03-15#moto#3#100#moto#moto#si#100#Persona fisica#F#56#NA#00000#Napoli#3#0#IMPIEGATO #F#56#NA#00000#Napoli#veicolo già assicurato con atr#No#No#BM#8#0#0#0#0#0#0#0#0#3,000,000
generali#444#2010-03-15#moto#3#100#moto#moto#si#100#Persona fisica#F#57#NA#00000#Napoli#3#0#IMPIEGATO #F#57#NA#00000#Napoli#veicolo già assicurato con atr#No#No#BM#8#0#0#0#0#0#0#0#0#3,000,000
generali#445#2010-03-15#moto#3#100#moto#moto#si#100#Persona fisica#F#58#NA#00000#Napoli#3#0#IMPIEGATO #F#58#NA#00000#Napoli#veicolo già assicurato con atr#No#No#BM#8#0#0#0#0#0#0#0#0#3,000,000
generali#446#2010-03-15#moto#3#100#moto#moto#si#100#Persona fisica#F#59#NA#00000#Napoli#3#0#IMPIEGATO #F#59#NA#00000#Napoli#veicolo già assicurato con atr#No#No#BM#8#0#0#0#0#0#0#0#0#3,000,000
generali#447#2010-03-15#moto#3#100#moto#moto#si#100#Persona fisica#F#60#NA#00000#Napoli#3#0#IMPIEGATO #F#60#NA#00000#Napoli#veicolo già assicurato con atr#No#No#BM#8#0#0#0#0#0#0#0#0#3,000,000
generali#448#2010-03-15#moto#3#100#moto#moto#si#100#Persona fisica#F#61#NA#00000#Napoli#3#0#IMPIEGATO #F#61#NA#00000#Napoli#veicolo già assicurato con atr#No#No#BM#8#0#0#0#0#0#0#0#0#3,000,000
generali#449#2010-03-15#moto#3#100#moto#moto#si#100#Persona fisica#F#62#NA#00000#Napoli#3#0#IMPIEGATO #F#62#NA#00000#Napoli#veicolo già assicurato con atr#No#No#BM#8#0#0#0#0#0#0#0#0#3,000,000
generali#450#2010-03-15#moto#3#100#moto#moto#si#100#Persona fisica#F#63#NA#00000#Napoli#3#0#IMPIEGATO #F#63#NA#00000#Napoli#veicolo già assicurato con atr#No#No#BM#8#0#0#0#0#0#0#0#0#3,000,000
generali#451#2010-03-15#moto#3#100#moto#moto#si#100#Persona fisica#F#64#NA#00000#Napoli#3#0#IMPIEGATO #F#64#NA#00000#Napoli#veicolo già assicurato con atr#No#No#BM#8#0#0#0#0#0#0#0#0#3,000,000
generali#452#2010-03-15#moto#3#100#moto#moto#si#100#Persona fisica#F#65#NA#00000#Napoli#3#0#IMPIEGATO #F#65#NA#00000#Napoli#veicolo già assicurato con atr#No#No#BM#8#0#0#0#0#0#0#0#0#3,000,000
generali#453#2010-03-15#moto#3#100#moto#moto#si#100#Persona fisica#F#66#NA#00000#Napoli#3#0#IMPIEGATO #F#66#NA#00000#Napoli#veicolo già assicurato con atr#No#No#BM#8#0#0#0#0#0#0#0#0#3,000,000
generali#454#2010-03-15#moto#3#100#moto#moto#si#100#Persona fisica#F#67#NA#00000#Napoli#3#0#IMPIEGATO #F#67#NA#00000#Napoli#veicolo già assicurato con atr#No#No#BM#8#0#0#0#0#0#0#0#0#3,000,000
generali#455#2010-03-15#moto#3#100#moto#moto#si#100#Persona fisica#F#68#NA#00000#Napoli#3#0#IMPIEGATO #F#68#NA#00000#Napoli#veicolo già assicurato con atr#No#No#BM#8#0#0#0#0#0#0#0#0#3,000,000
generali#456#2010-03-15#moto#3#100#moto#moto#si#100#Persona fisica#F#69#NA#00000#Napoli#3#0#IMPIEGATO #F#69#NA#00000#Napoli#veicolo già assicurato con atr#No#No#BM#8#0#0#0#0#0#0#0#0#3,000,000
generali#457#2010-03-15#moto#3#100#moto#moto#si#100#Persona fisica#F#70#NA#00000#Napoli#3#0#IMPIEGATO #F#70#NA#00000#Napoli#veicolo già assicurato con atr#No#No#BM#8#0#0#0#0#0#0#0#0#3,000,000
generali#458#2010-03-15#moto#3#100#moto#moto#si#100#Persona fisica#F#71#NA#00000#Napoli#3#0#IMPIEGATO #F#71#NA#00000#Napoli#veicolo già assicurato con atr#No#No#BM#8#0#0#0#0#0#0#0#0#3,000,000
generali#459#2010-03-15#moto#3#100#moto#moto#si#100#Persona fisica#F#72#NA#00000#Napoli#3#0#IMPIEGATO #F#72#NA#00000#Napoli#veicolo già assicurato con atr#No#No#BM#8#0#0#0#0#0#0#0#0#3,000,000
generali#460#2010-03-15#moto#3#100#moto#moto#si#100#Persona fisica#F#73#NA#00000#Napoli#3#0#IMPIEGATO #F#73#NA#00000#Napoli#veicolo già assicurato con atr#No#No#BM#8#0#0#0#0#0#0#0#0#3,000,000
generali#461#2010-03-15#moto#3#100#moto#moto#si#100#Persona fisica#F#74#NA#00000#Napoli#3#0#IMPIEGATO #F#74#NA#00000#Napoli#veicolo già assicurato con atr#No#No#BM#8#0#0#0#0#0#0#0#0#3,000,000
generali#462#2010-03-15#moto#3#100#moto#moto#si#100#Persona fisica#F#75#NA#00000#Napoli#3#0#IMPIEGATO #F#75#NA#00000#Napoli#veicolo già assicurato con atr#No#No#BM#8#0#0#0#0#0#0#0#0#3,000,000
generali#463#2010-03-15#moto#3#100#moto#moto#si#100#Persona fisica#F#76#NA#00000#Napoli#3#0#IMPIEGATO #F#76#NA#00000#Napoli#veicolo già assicurato con atr#No#No#BM#8#0#0#0#0#0#0#0#0#3,000,000
generali#464#2010-03-15#moto#3#100#moto#moto#si#100#Persona fisica#F#77#NA#00000#Napoli#3#0#IMPIEGATO #F#77#NA#00000#Napoli#veicolo già assicurato con atr#No#No#BM#8#0#0#0#0#0#0#0#0#3,000,000
generali#465#2010-03-15#moto#3#100#moto#moto#si#100#Persona fisica#F#78#NA#00000#Napoli#3#0#IMPIEGATO #F#78#NA#00000#Napoli#veicolo già assicurato con atr#No#No#BM#8#0#0#0#0#0#0#0#0#3,000,000
generali#466#2010-03-15#moto#3#100#moto#moto#si#100#Persona fisica#F#79#NA#00000#Napoli#3#0#IMPIEGATO #F#79#NA#00000#Napoli#veicolo già assicurato con atr#No#No#BM#8#0#0#0#0#0#0#0#0#3,000,000
generali#467#2010-03-15#moto#0#100#moto#moto#si#100#Persona fisica#M#40#NA#00000#Napoli#3#0#IMPIEGATO #M#40#NA#00000#Napoli#1a immatricolazione dopo l’acquisto del veicolo#Si#No#BM#1#0#0#0#0#0#0#0#0#3,000,000
generali#468#2010-03-15#moto#0#100#moto#moto#si#100#Persona fisica#M#40#NA#00000#Napoli#3#0#IMPIEGATO #M#40#NA#00000#Napoli#1a immatricolazione dopo l’acquisto del veicolo#Si#No#BM#2#0#0#0#0#0#0#0#0#3,000,000
generali#469#2010-03-15#moto#0#100#moto#moto#si#100#Persona fisica#M#40#NA#00000#Napoli#3#0#IMPIEGATO #M#40#NA#00000#Napoli#1a immatricolazione dopo l’acquisto del veicolo#Si#No#BM#3#0#0#0#0#0#0#0#0#3,000,000
generali#470#2010-03-15#moto#0#100#moto#moto#si#100#Persona fisica#M#40#NA#00000#Napoli#3#0#IMPIEGATO #M#40#NA#00000#Napoli#1a immatricolazione dopo l’acquisto del veicolo#Si#No#BM#4#0#0#0#0#0#0#0#0#3,000,000
generali#471#2010-03-15#moto#0#100#moto#moto#si#100#Persona fisica#M#40#NA#00000#Napoli#3#0#IMPIEGATO #M#40#NA#00000#Napoli#1a immatricolazione dopo l’acquisto del veicolo#Si#No#BM#5#0#0#0#0#0#0#0#0#3,000,000
generali#472#2010-03-15#moto#0#100#moto#moto#si#100#Persona fisica#M#40#NA#00000#Napoli#3#0#IMPIEGATO #M#40#NA#00000#Napoli#1a immatricolazione dopo l’acquisto del veicolo#Si#No#BM#6#0#0#0#0#0#0#0#0#3,000,000
generali#473#2010-03-15#moto#0#100#moto#moto#si#100#Persona fisica#M#40#NA#00000#Napoli#3#0#IMPIEGATO #M#40#NA#00000#Napoli#1a immatricolazione dopo l’acquisto del veicolo#Si#No#BM#7#0#0#0#0#0#0#0#0#3,000,000
generali#474#2010-03-15#moto#0#100#moto#moto#si#100#Persona fisica#M#40#NA#00000#Napoli#3#0#IMPIEGATO #M#40#NA#00000#Napoli#1a immatricolazione dopo l’acquisto del veicolo#Si#No#BM#8#0#0#0#0#0#0#0#0#3,000,000
generali#475#2010-03-15#moto#0#100#moto#moto#si#100#Persona fisica#M#40#NA#00000#Napoli#3#0#IMPIEGATO #M#40#NA#00000#Napoli#1a immatricolazione dopo l’acquisto del veicolo#Si#No#BM#9#0#0#0#0#0#0#0#0#3,000,000
generali#476#2010-03-15#moto#0#100#moto#moto#si#100#Persona fisica#M#40#NA#00000#Napoli#3#0#IMPIEGATO #M#40#NA#00000#Napoli#1a immatricolazione dopo l’acquisto del veicolo#Si#No#BM#10#0#0#0#0#0#0#0#0#3,000,000
generali#477#2010-03-15#moto#0#100#moto#moto#si#100#Persona fisica#M#40#NA#00000#Napoli#3#0#IMPIEGATO #M#40#NA#00000#Napoli#1a immatricolazione dopo l’acquisto del veicolo#Si#No#BM#11#0#0#0#0#0#0#0#0#3,000,000
generali#478#2010-03-15#moto#0#100#moto#moto#si#100#Persona fisica#M#40#NA#00000#Napoli#3#0#IMPIEGATO #M#40#NA#00000#Napoli#1a immatricolazione dopo l’acquisto del veicolo#Si#No#BM#12#0#0#0#0#0#0#0#0#3,000,000
generali#479#2010-03-15#moto#0#100#moto#moto#si#100#Persona fisica#M#40#NA#00000#Napoli#3#0#IMPIEGATO #M#40#NA#00000#Napoli#1a immatricolazione dopo l’acquisto del veicolo#Si#No#BM#13#0#0#0#0#0#0#0#0#3,000,000
generali#480#2010-03-15#moto#0#100#moto#moto#si#100#Persona fisica#M#40#NA#00000#Napoli#3#0#IMPIEGATO #M#40#NA#00000#Napoli#1a immatricolazione dopo l’acquisto del veicolo#Si#No#BM#14#0#0#0#0#0#0#0#0#3,000,000
generali#481#2010-03-15#moto#0#100#moto#moto#si#100#Persona fisica#M#40#NA#00000#Napoli#3#0#IMPIEGATO #M#40#NA#00000#Napoli#1a immatricolazione dopo l’acquisto del veicolo#Si#No#BM#15#0#0#0#0#0#0#0#0#3,000,000
generali#482#2010-03-15#moto#0#100#moto#moto#si#100#Persona fisica#M#40#NA#00000#Napoli#3#0#IMPIEGATO #M#40#NA#00000#Napoli#1a immatricolazione dopo l’acquisto del veicolo#Si#No#BM#16#0#0#0#0#0#0#0#0#3,000,000
generali#483#2010-03-15#moto#0#100#moto#moto#si#100#Persona fisica#M#40#NA#00000#Napoli#3#0#IMPIEGATO #M#40#NA#00000#Napoli#1a immatricolazione dopo l’acquisto del veicolo#Si#No#BM#17#0#0#0#0#0#0#0#0#3,000,000
generali#484#2010-03-15#moto#0#100#moto#moto#si#100#Persona fisica#M#40#NA#00000#Napoli#3#0#IMPIEGATO #M#40#NA#00000#Napoli#1a immatricolazione dopo l’acquisto del veicolo#Si#No#BM#18#0#0#0#0#0#0#0#0#3,000,000
generali#485#2010-03-15#moto#3#100#moto#moto#si#100#Persona fisica#M#40#NA#00000#Napoli#3#0#IMPIEGATO #M#40#NA#00000#Napoli#veicolo già assicurato con atr#No#No#BM#8#0#0#0#0#0#0#0#0#3,000,000
generali#486#2010-03-15#moto#3#150#moto#moto#si#100#Persona fisica#M#40#NA#00000#Napoli#3#0#IMPIEGATO #M#40#NA#00000#Napoli#veicolo già assicurato con atr#No#No#BM#8#0#0#0#0#0#0#0#0#3,000,000
generali#487#2010-03-15#moto#3#250#moto#moto#si#100#Persona fisica#M#40#NA#00000#Napoli#3#0#IMPIEGATO #M#40#NA#00000#Napoli#veicolo già assicurato con atr#No#No#BM#8#0#0#0#0#0#0#0#0#3,000,000
generali#488#2010-03-15#moto#3#350#moto#moto#si#100#Persona fisica#M#40#NA#00000#Napoli#3#0#IMPIEGATO #M#40#NA#00000#Napoli#veicolo già assicurato con atr#No#No#BM#8#0#0#0#0#0#0#0#0#3,000,000
generali#489#2010-03-15#moto#3#400#moto#moto#si#100#Persona fisica#M#40#NA#00000#Napoli#3#0#IMPIEGATO #M#40#NA#00000#Napoli#veicolo già assicurato con atr#No#No#BM#8#0#0#0#0#0#0#0#0#3,000,000
generali#490#2010-03-15#moto#3#500#moto#moto#si#100#Persona fisica#M#40#NA#00000#Napoli#3#0#IMPIEGATO #M#40#NA#00000#Napoli#veicolo già assicurato con atr#No#No#BM#8#0#0#0#0#0#0#0#0#3,000,000
generali#491#2010-03-15#moto#3#600#moto#moto#si#100#Persona fisica#M#40#NA#00000#Napoli#3#0#IMPIEGATO #M#40#NA#00000#Napoli#veicolo già assicurato con atr#No#No#BM#8#0#0#0#0#0#0#0#0#3,000,000
generali#492#2010-03-15#moto#3#750#moto#moto#si#100#Persona fisica#M#40#NA#00000#Napoli#3#0#IMPIEGATO #M#40#NA#00000#Napoli#veicolo già assicurato con atr#No#No#BM#8#0#0#0#0#0#0#0#0#3,000,000
generali#493#2010-03-15#moto#3#800#moto#moto#si#100#Persona fisica#M#40#NA#00000#Napoli#3#0#IMPIEGATO #M#40#NA#00000#Napoli#veicolo già assicurato con atr#No#No#BM#8#0#0#0#0#0#0#0#0#3,000,000
generali#494#2010-03-15#moto#3#850#moto#moto#si#100#Persona fisica#M#40#NA#00000#Napoli#3#0#IMPIEGATO #M#40#NA#00000#Napoli#veicolo già assicurato con atr#No#No#BM#8#0#0#0#0#0#0#0#0#3,000,000
generali#495#2010-03-15#moto#3#900#moto#moto#si#100#Persona fisica#M#40#NA#00000#Napoli#3#0#IMPIEGATO #M#40#NA#00000#Napoli#veicolo già assicurato con atr#No#No#BM#8#0#0#0#0#0#0#0#0#3,000,000
generali#496#2010-03-15#moto#3#998#moto#moto#si#100#Persona fisica#M#40#NA#00000#Napoli#3#0#IMPIEGATO #M#40#NA#00000#Napoli#veicolo già assicurato con atr#No#No#BM#8#0#0#0#0#0#0#0#0#3,000,000
generali#497#2010-03-15#moto#3#999#moto#moto#si#100#Persona fisica#M#40#NA#00000#Napoli#3#0#IMPIEGATO #M#40#NA#00000#Napoli#veicolo già assicurato con atr#No#No#BM#8#0#0#0#0#0#0#0#0#3,000,000
generali#498#2010-03-15#moto#3#1000#moto#moto#si#100#Persona fisica#M#40#NA#00000#Napoli#3#0#IMPIEGATO #M#40#NA#00000#Napoli#veicolo già assicurato con atr#No#No#BM#8#0#0#0#0#0#0#0#0#3,000,000
generali#499#2010-03-15#moto#3#1100#moto#moto#si#100#Persona fisica#M#40#NA#00000#Napoli#3#0#IMPIEGATO #M#40#NA#00000#Napoli#veicolo già assicurato con atr#No#No#BM#8#0#0#0#0#0#0#0#0#3,000,000
generali#500#2010-03-15#moto#3#1200#moto#moto#si#100#Persona fisica#M#40#NA#00000#Napoli#3#0#IMPIEGATO #M#40#NA#00000#Napoli#veicolo già assicurato con atr#No#No#BM#8#0#0#0#0#0#0#0#0#3,000,000
generali#501#2010-03-15#moto#3#1500#moto#moto#si#100#Persona fisica#M#40#NA#00000#Napoli#3#0#IMPIEGATO #M#40#NA#00000#Napoli#veicolo già assicurato con atr#No#No#BM#8#0#0#0#0#0#0#0#0#3,000,000
