axa#1#2010-04-01#APRILIA#9#100#moto#MX 125 (2003)#si#100#Persona fisica#M#40#NA#92100#Napoli#3#SI#Impiegato#M#40#NA#92100#Napoli#veicolo già assicurato con atr#No#No#BM#14#0#0#0#0#0#0#0#0#3,000,000
axa#2#2010-04-01#APRILIA#9#100#moto#MX 125 (2003)#si#100#Persona fisica#M#40#NA#15100#Napoli#3#SI#Impiegato#M#40#NA#15100#Napoli#veicolo già assicurato con atr#No#No#BM#14#0#0#0#0#0#0#0#0#3,000,000
axa#3#2010-04-01#APRILIA#9#100#moto#MX 125 (2003)#si#100#Persona fisica#M#40#NA#60100#Napoli#3#SI#Impiegato#M#40#NA#60100#Napoli#veicolo già assicurato con atr#No#No#BM#14#0#0#0#0#0#0#0#0#3,000,000
axa#4#2010-04-01#APRILIA#9#100#moto#MX 125 (2003)#si#100#Persona fisica#M#40#NA#11100#Napoli#3#SI#Impiegato#M#40#NA#11100#Napoli#veicolo già assicurato con atr#No#No#BM#14#0#0#0#0#0#0#0#0#3,000,000
axa#5#2010-04-01#APRILIA#9#100#moto#MX 125 (2003)#si#100#Persona fisica#M#40#NA#63100#Napoli#3#SI#Impiegato#M#40#NA#63100#Napoli#veicolo già assicurato con atr#No#No#BM#14#0#0#0#0#0#0#0#0#3,000,000
axa#6#2010-04-01#APRILIA#9#100#moto#MX 125 (2003)#si#100#Persona fisica#M#40#NA#67100#Napoli#3#SI#Impiegato#M#40#NA#67100#Napoli#veicolo già assicurato con atr#No#No#BM#14#0#0#0#0#0#0#0#0#3,000,000
axa#7#2010-04-01#APRILIA#9#100#moto#MX 125 (2003)#si#100#Persona fisica#M#40#NA#52100#Napoli#3#SI#Impiegato#M#40#NA#52100#Napoli#veicolo già assicurato con atr#No#No#BM#14#0#0#0#0#0#0#0#0#3,000,000
axa#8#2010-04-01#APRILIA#9#100#moto#MX 125 (2003)#si#100#Persona fisica#M#40#NA#14100#Napoli#3#SI#Impiegato#M#40#NA#14100#Napoli#veicolo già assicurato con atr#No#No#BM#14#0#0#0#0#0#0#0#0#3,000,000
axa#9#2010-04-01#APRILIA#9#100#moto#MX 125 (2003)#si#100#Persona fisica#M#40#NA#83100#Napoli#3#SI#Impiegato#M#40#NA#83100#Napoli#veicolo già assicurato con atr#No#No#BM#14#0#0#0#0#0#0#0#0#3,000,000
axa#10#2010-04-01#APRILIA#9#100#moto#MX 125 (2003)#si#100#Persona fisica#M#40#NA#70100#Napoli#3#SI#Impiegato#M#40#NA#70100#Napoli#veicolo già assicurato con atr#No#No#BM#14#0#0#0#0#0#0#0#0#3,000,000
axa#11#2010-04-01#APRILIA#9#100#moto#MX 125 (2003)#si#100#Persona fisica#M#40#NA#24100#Napoli#3#SI#Impiegato#M#40#NA#24100#Napoli#veicolo già assicurato con atr#No#No#BM#14#0#0#0#0#0#0#0#0#3,000,000
axa#12#2010-04-01#APRILIA#9#100#moto#MX 125 (2003)#si#100#Persona fisica#M#40#NA#13900#Napoli#3#SI#Impiegato#M#40#NA#13900#Napoli#veicolo già assicurato con atr#No#No#BM#14#0#0#0#0#0#0#0#0#3,000,000
axa#13#2010-04-01#APRILIA#9#100#moto#MX 125 (2003)#si#100#Persona fisica#M#40#NA#32100#Napoli#3#SI#Impiegato#M#40#NA#32100#Napoli#veicolo già assicurato con atr#No#No#BM#14#0#0#0#0#0#0#0#0#3,000,000
axa#14#2010-04-01#APRILIA#9#100#moto#MX 125 (2003)#si#100#Persona fisica#M#40#NA#82100#Napoli#3#SI#Impiegato#M#40#NA#82100#Napoli#veicolo già assicurato con atr#No#No#BM#14#0#0#0#0#0#0#0#0#3,000,000
axa#15#2010-04-01#APRILIA#9#100#moto#MX 125 (2003)#si#100#Persona fisica#M#40#NA#40100#Napoli#3#SI#Impiegato#M#40#NA#40100#Napoli#veicolo già assicurato con atr#No#No#BM#14#0#0#0#0#0#0#0#0#3,000,000
axa#16#2010-04-01#APRILIA#9#100#moto#MX 125 (2003)#si#100#Persona fisica#M#40#NA#72100#Napoli#3#SI#Impiegato#M#40#NA#72100#Napoli#veicolo già assicurato con atr#No#No#BM#14#0#0#0#0#0#0#0#0#3,000,000
axa#17#2010-04-01#APRILIA#9#100#moto#MX 125 (2003)#si#100#Persona fisica#M#40#NA#25100#Napoli#3#SI#Impiegato#M#40#NA#25100#Napoli#veicolo già assicurato con atr#No#No#BM#14#0#0#0#0#0#0#0#0#3,000,000
axa#18#2010-04-01#APRILIA#9#100#moto#MX 125 (2003)#si#100#Persona fisica#M#40#NA#39100#Napoli#3#SI#Impiegato#M#40#NA#39100#Napoli#veicolo già assicurato con atr#No#No#BM#14#0#0#0#0#0#0#0#0#3,000,000
axa#19#2010-04-01#APRILIA#9#100#moto#MX 125 (2003)#si#100#Persona fisica#M#40#NA#09100#Napoli#3#SI#Impiegato#M#40#NA#09100#Napoli#veicolo già assicurato con atr#No#No#BM#14#0#0#0#0#0#0#0#0#3,000,000
axa#20#2010-04-01#APRILIA#9#100#moto#MX 125 (2003)#si#100#Persona fisica#M#40#NA#86100#Napoli#3#SI#Impiegato#M#40#NA#86100#Napoli#veicolo già assicurato con atr#No#No#BM#14#0#0#0#0#0#0#0#0#3,000,000
axa#21#2010-04-01#APRILIA#9#100#moto#MX 125 (2003)#si#100#Persona fisica#M#40#NA#81100#Napoli#3#SI#Impiegato#M#40#NA#81100#Napoli#veicolo già assicurato con atr#No#No#BM#14#0#0#0#0#0#0#0#0#3,000,000
axa#22#2010-04-01#APRILIA#9#100#moto#MX 125 (2003)#si#100#Persona fisica#M#40#NA#66100#Napoli#3#SI#Impiegato#M#40#NA#66100#Napoli#veicolo già assicurato con atr#No#No#BM#14#0#0#0#0#0#0#0#0#3,000,000
axa#23#2010-04-01#APRILIA#9#100#moto#MX 125 (2003)#si#100#Persona fisica#M#40#NA#93100#Napoli#3#SI#Impiegato#M#40#NA#93100#Napoli#veicolo già assicurato con atr#No#No#BM#14#0#0#0#0#0#0#0#0#3,000,000
axa#24#2010-04-01#APRILIA#9#100#moto#MX 125 (2003)#si#100#Persona fisica#M#40#NA#12100#Napoli#3#SI#Impiegato#M#40#NA#12100#Napoli#veicolo già assicurato con atr#No#No#BM#14#0#0#0#0#0#0#0#0#3,000,000
axa#25#2010-04-01#APRILIA#9#100#moto#MX 125 (2003)#si#100#Persona fisica#M#40#NA#22100#Napoli#3#SI#Impiegato#M#40#NA#22100#Napoli#veicolo già assicurato con atr#No#No#BM#14#0#0#0#0#0#0#0#0#3,000,000
axa#26#2010-04-01#APRILIA#9#100#moto#MX 125 (2003)#si#100#Persona fisica#M#40#NA#26100#Napoli#3#SI#Impiegato#M#40#NA#26100#Napoli#veicolo già assicurato con atr#No#No#BM#14#0#0#0#0#0#0#0#0#3,000,000
axa#27#2010-04-01#APRILIA#9#100#moto#MX 125 (2003)#si#100#Persona fisica#M#40#NA#87100#Napoli#3#SI#Impiegato#M#40#NA#87100#Napoli#veicolo già assicurato con atr#No#No#BM#14#0#0#0#0#0#0#0#0#3,000,000
axa#28#2010-04-01#APRILIA#9#100#moto#MX 125 (2003)#si#100#Persona fisica#M#40#NA#95100#Napoli#3#SI#Impiegato#M#40#NA#95100#Napoli#veicolo già assicurato con atr#No#No#BM#14#0#0#0#0#0#0#0#0#3,000,000
axa#29#2010-04-01#APRILIA#9#100#moto#MX 125 (2003)#si#100#Persona fisica#M#40#NA#88100#Napoli#3#SI#Impiegato#M#40#NA#88100#Napoli#veicolo già assicurato con atr#No#No#BM#14#0#0#0#0#0#0#0#0#3,000,000
axa#30#2010-04-01#APRILIA#9#100#moto#MX 125 (2003)#si#100#Persona fisica#M#40#NA#94100#Napoli#3#SI#Impiegato#M#40#NA#94100#Napoli#veicolo già assicurato con atr#No#No#BM#14#0#0#0#0#0#0#0#0#3,000,000
axa#31#2010-04-01#APRILIA#9#100#moto#MX 125 (2003)#si#100#Persona fisica#M#40#NA#44100#Napoli#3#SI#Impiegato#M#40#NA#44100#Napoli#veicolo già assicurato con atr#No#No#BM#14#0#0#0#0#0#0#0#0#3,000,000
axa#32#2010-04-01#APRILIA#9#100#moto#MX 125 (2003)#si#100#Persona fisica#M#40#NA#71100#Napoli#3#SI#Impiegato#M#40#NA#71100#Napoli#veicolo già assicurato con atr#No#No#BM#14#0#0#0#0#0#0#0#0#3,000,000
axa#33#2010-04-01#APRILIA#9#100#moto#MX 125 (2003)#si#100#Persona fisica#M#40#NA#50100#Napoli#3#SI#Impiegato#M#40#NA#50100#Napoli#veicolo già assicurato con atr#No#No#BM#14#0#0#0#0#0#0#0#0#3,000,000
axa#34#2010-04-01#APRILIA#9#100#moto#MX 125 (2003)#si#100#Persona fisica#M#40#NA#47100#Napoli#3#SI#Impiegato#M#40#NA#47100#Napoli#veicolo già assicurato con atr#No#No#BM#14#0#0#0#0#0#0#0#0#3,000,000
axa#35#2010-04-01#APRILIA#9#100#moto#MX 125 (2003)#si#100#Persona fisica#M#40#NA#03100#Napoli#3#SI#Impiegato#M#40#NA#03100#Napoli#veicolo già assicurato con atr#No#No#BM#14#0#0#0#0#0#0#0#0#3,000,000
axa#36#2010-04-01#APRILIA#9#100#moto#MX 125 (2003)#si#100#Persona fisica#M#40#NA#16100#Napoli#3#SI#Impiegato#M#40#NA#16100#Napoli#veicolo già assicurato con atr#No#No#BM#14#0#0#0#0#0#0#0#0#3,000,000
axa#37#2010-04-01#APRILIA#9#100#moto#MX 125 (2003)#si#100#Persona fisica#M#40#NA#34170#Napoli#3#SI#Impiegato#M#40#NA#34170#Napoli#veicolo già assicurato con atr#No#No#BM#14#0#0#0#0#0#0#0#0#3,000,000
axa#38#2010-04-01#APRILIA#9#100#moto#MX 125 (2003)#si#100#Persona fisica#M#40#NA#58100#Napoli#3#SI#Impiegato#M#40#NA#58100#Napoli#veicolo già assicurato con atr#No#No#BM#14#0#0#0#0#0#0#0#0#3,000,000
axa#39#2010-04-01#APRILIA#9#100#moto#MX 125 (2003)#si#100#Persona fisica#M#40#NA#18100#Napoli#3#SI#Impiegato#M#40#NA#18100#Napoli#veicolo già assicurato con atr#No#No#BM#14#0#0#0#0#0#0#0#0#3,000,000
axa#40#2010-04-01#APRILIA#9#100#moto#MX 125 (2003)#si#100#Persona fisica#M#40#NA#86170#Napoli#3#SI#Impiegato#M#40#NA#86170#Napoli#veicolo già assicurato con atr#No#No#BM#14#0#0#0#0#0#0#0#0#3,000,000
axa#41#2010-04-01#APRILIA#9#100#moto#MX 125 (2003)#si#100#Persona fisica#M#40#NA#88900#Napoli#3#SI#Impiegato#M#40#NA#88900#Napoli#veicolo già assicurato con atr#No#No#BM#14#0#0#0#0#0#0#0#0#3,000,000
axa#42#2010-04-01#APRILIA#9#100#moto#MX 125 (2003)#si#100#Persona fisica#M#40#NA#23900#Napoli#3#SI#Impiegato#M#40#NA#23900#Napoli#veicolo già assicurato con atr#No#No#BM#14#0#0#0#0#0#0#0#0#3,000,000
axa#43#2010-04-01#APRILIA#9#100#moto#MX 125 (2003)#si#100#Persona fisica#M#40#NA#73100#Napoli#3#SI#Impiegato#M#40#NA#73100#Napoli#veicolo già assicurato con atr#No#No#BM#14#0#0#0#0#0#0#0#0#3,000,000
axa#44#2010-04-01#APRILIA#9#100#moto#MX 125 (2003)#si#100#Persona fisica#M#40#NA#57100#Napoli#3#SI#Impiegato#M#40#NA#57100#Napoli#veicolo già assicurato con atr#No#No#BM#14#0#0#0#0#0#0#0#0#3,000,000
axa#45#2010-04-01#APRILIA#9#100#moto#MX 125 (2003)#si#100#Persona fisica#M#40#NA#26900#Napoli#3#SI#Impiegato#M#40#NA#26900#Napoli#veicolo già assicurato con atr#No#No#BM#14#0#0#0#0#0#0#0#0#3,000,000
axa#46#2010-04-01#APRILIA#9#100#moto#MX 125 (2003)#si#100#Persona fisica#M#40#NA#04100#Napoli#3#SI#Impiegato#M#40#NA#04100#Napoli#veicolo già assicurato con atr#No#No#BM#14#0#0#0#0#0#0#0#0#3,000,000
axa#47#2010-04-01#APRILIA#9#100#moto#MX 125 (2003)#si#100#Persona fisica#M#40#NA#55100#Napoli#3#SI#Impiegato#M#40#NA#55100#Napoli#veicolo già assicurato con atr#No#No#BM#14#0#0#0#0#0#0#0#0#3,000,000
axa#48#2010-04-01#APRILIA#9#100#moto#MX 125 (2003)#si#100#Persona fisica#M#40#NA#62100#Napoli#3#SI#Impiegato#M#40#NA#62100#Napoli#veicolo già assicurato con atr#No#No#BM#14#0#0#0#0#0#0#0#0#3,000,000
axa#49#2010-04-01#APRILIA#9#100#moto#MX 125 (2003)#si#100#Persona fisica#M#40#NA#98100#Napoli#3#SI#Impiegato#M#40#NA#98100#Napoli#veicolo già assicurato con atr#No#No#BM#14#0#0#0#0#0#0#0#0#3,000,000
axa#50#2010-04-01#APRILIA#9#100#moto#MX 125 (2003)#si#100#Persona fisica#M#40#NA#20100#Napoli#3#SI#Impiegato#M#40#NA#20100#Napoli#veicolo già assicurato con atr#No#No#BM#14#0#0#0#0#0#0#0#0#3,000,000
axa#51#2010-04-01#APRILIA#9#100#moto#MX 125 (2003)#si#100#Persona fisica#M#40#NA#46100#Napoli#3#SI#Impiegato#M#40#NA#46100#Napoli#veicolo già assicurato con atr#No#No#BM#14#0#0#0#0#0#0#0#0#3,000,000
axa#52#2010-04-01#APRILIA#9#100#moto#MX 125 (2003)#si#100#Persona fisica#M#40#NA#41100#Napoli#3#SI#Impiegato#M#40#NA#41100#Napoli#veicolo già assicurato con atr#No#No#BM#14#0#0#0#0#0#0#0#0#3,000,000
axa#53#2010-04-01#APRILIA#9#100#moto#MX 125 (2003)#si#100#Persona fisica#M#40#NA#54100#Napoli#3#SI#Impiegato#M#40#NA#54100#Napoli#veicolo già assicurato con atr#No#No#BM#14#0#0#0#0#0#0#0#0#3,000,000
axa#54#2010-04-01#APRILIA#9#100#moto#MX 125 (2003)#si#100#Persona fisica#M#40#NA#75100#Napoli#3#SI#Impiegato#M#40#NA#75100#Napoli#veicolo già assicurato con atr#No#No#BM#14#0#0#0#0#0#0#0#0#3,000,000
axa#55#2010-04-01#APRILIA#9#100#moto#MX 125 (2003)#si#100#Persona fisica#M#40#NA#80100#Napoli#3#SI#Impiegato#M#40#NA#80100#Napoli#veicolo già assicurato con atr#No#No#BM#14#0#0#0#0#0#0#0#0#3,000,000
axa#56#2010-04-01#APRILIA#9#100#moto#MX 125 (2003)#si#100#Persona fisica#M#40#NA#28100#Napoli#3#SI#Impiegato#M#40#NA#28100#Napoli#veicolo già assicurato con atr#No#No#BM#14#0#0#0#0#0#0#0#0#3,000,000
axa#57#2010-04-01#APRILIA#9#100#moto#MX 125 (2003)#si#100#Persona fisica#M#40#NA#08100#Napoli#3#SI#Impiegato#M#40#NA#08100#Napoli#veicolo già assicurato con atr#No#No#BM#14#0#0#0#0#0#0#0#0#3,000,000
axa#58#2010-04-01#APRILIA#9#100#moto#MX 125 (2003)#si#100#Persona fisica#M#40#NA#09170#Napoli#3#SI#Impiegato#M#40#NA#09170#Napoli#veicolo già assicurato con atr#No#No#BM#14#0#0#0#0#0#0#0#0#3,000,000
axa#59#2010-04-01#APRILIA#9#100#moto#MX 125 (2003)#si#100#Persona fisica#M#40#NA#90100#Napoli#3#SI#Impiegato#M#40#NA#90100#Napoli#veicolo già assicurato con atr#No#No#BM#14#0#0#0#0#0#0#0#0#3,000,000
axa#60#2010-04-01#APRILIA#9#100#moto#MX 125 (2003)#si#100#Persona fisica#M#40#NA#29100#Napoli#3#SI#Impiegato#M#40#NA#29100#Napoli#veicolo già assicurato con atr#No#No#BM#14#0#0#0#0#0#0#0#0#3,000,000
axa#61#2010-04-01#APRILIA#9#100#moto#MX 125 (2003)#si#100#Persona fisica#M#40#NA#35100#Napoli#3#SI#Impiegato#M#40#NA#35100#Napoli#veicolo già assicurato con atr#No#No#BM#14#0#0#0#0#0#0#0#0#3,000,000
axa#62#2010-04-01#APRILIA#9#100#moto#MX 125 (2003)#si#100#Persona fisica#M#40#NA#65100#Napoli#3#SI#Impiegato#M#40#NA#65100#Napoli#veicolo già assicurato con atr#No#No#BM#14#0#0#0#0#0#0#0#0#3,000,000
axa#63#2010-04-01#APRILIA#9#100#moto#MX 125 (2003)#si#100#Persona fisica#M#40#NA#06100#Napoli#3#SI#Impiegato#M#40#NA#06100#Napoli#veicolo già assicurato con atr#No#No#BM#14#0#0#0#0#0#0#0#0#3,000,000
axa#64#2010-04-01#APRILIA#9#100#moto#MX 125 (2003)#si#100#Persona fisica#M#40#NA#56100#Napoli#3#SI#Impiegato#M#40#NA#56100#Napoli#veicolo già assicurato con atr#No#No#BM#14#0#0#0#0#0#0#0#0#3,000,000
axa#65#2010-04-01#APRILIA#9#100#moto#MX 125 (2003)#si#100#Persona fisica#M#40#NA#33170#Napoli#3#SI#Impiegato#M#40#NA#33170#Napoli#veicolo già assicurato con atr#No#No#BM#14#0#0#0#0#0#0#0#0#3,000,000
axa#66#2010-04-01#APRILIA#9#100#moto#MX 125 (2003)#si#100#Persona fisica#M#40#NA#59100#Napoli#3#SI#Impiegato#M#40#NA#59100#Napoli#veicolo già assicurato con atr#No#No#BM#14#0#0#0#0#0#0#0#0#3,000,000
axa#67#2010-04-01#APRILIA#9#100#moto#MX 125 (2003)#si#100#Persona fisica#M#40#NA#43100#Napoli#3#SI#Impiegato#M#40#NA#43100#Napoli#veicolo già assicurato con atr#No#No#BM#14#0#0#0#0#0#0#0#0#3,000,000
axa#68#2010-04-01#APRILIA#9#100#moto#MX 125 (2003)#si#100#Persona fisica#M#40#NA#61100#Napoli#3#SI#Impiegato#M#40#NA#61100#Napoli#veicolo già assicurato con atr#No#No#BM#14#0#0#0#0#0#0#0#0#3,000,000
axa#69#2010-04-01#APRILIA#9#100#moto#MX 125 (2003)#si#100#Persona fisica#M#40#NA#51100#Napoli#3#SI#Impiegato#M#40#NA#51100#Napoli#veicolo già assicurato con atr#No#No#BM#14#0#0#0#0#0#0#0#0#3,000,000
axa#70#2010-04-01#APRILIA#9#100#moto#MX 125 (2003)#si#100#Persona fisica#M#40#NA#27100#Napoli#3#SI#Impiegato#M#40#NA#27100#Napoli#veicolo già assicurato con atr#No#No#BM#14#0#0#0#0#0#0#0#0#3,000,000
axa#71#2010-04-01#APRILIA#9#100#moto#MX 125 (2003)#si#100#Persona fisica#M#40#NA#85100#Napoli#3#SI#Impiegato#M#40#NA#85100#Napoli#veicolo già assicurato con atr#No#No#BM#14#0#0#0#0#0#0#0#0#3,000,000
axa#72#2010-04-01#APRILIA#9#100#moto#MX 125 (2003)#si#100#Persona fisica#M#40#NA#48100#Napoli#3#SI#Impiegato#M#40#NA#48100#Napoli#veicolo già assicurato con atr#No#No#BM#14#0#0#0#0#0#0#0#0#3,000,000
axa#73#2010-04-01#APRILIA#9#100#moto#MX 125 (2003)#si#100#Persona fisica#M#40#NA#89100#Napoli#3#SI#Impiegato#M#40#NA#89100#Napoli#veicolo già assicurato con atr#No#No#BM#14#0#0#0#0#0#0#0#0#3,000,000
axa#74#2010-04-01#APRILIA#9#100#moto#MX 125 (2003)#si#100#Persona fisica#M#40#NA#42100#Napoli#3#SI#Impiegato#M#40#NA#42100#Napoli#veicolo già assicurato con atr#No#No#BM#14#0#0#0#0#0#0#0#0#3,000,000
axa#75#2010-04-01#APRILIA#9#100#moto#MX 125 (2003)#si#100#Persona fisica#M#40#NA#97100#Napoli#3#SI#Impiegato#M#40#NA#97100#Napoli#veicolo già assicurato con atr#No#No#BM#14#0#0#0#0#0#0#0#0#3,000,000
axa#76#2010-04-01#APRILIA#9#100#moto#MX 125 (2003)#si#100#Persona fisica#M#40#NA#02100#Napoli#3#SI#Impiegato#M#40#NA#02100#Napoli#veicolo già assicurato con atr#No#No#BM#14#0#0#0#0#0#0#0#0#3,000,000
axa#77#2010-04-01#APRILIA#9#100#moto#MX 125 (2003)#si#100#Persona fisica#M#40#NA#00100#Napoli#3#SI#Impiegato#M#40#NA#00100#Napoli#veicolo già assicurato con atr#No#No#BM#14#0#0#0#0#0#0#0#0#3,000,000
axa#78#2010-04-01#APRILIA#9#100#moto#MX 125 (2003)#si#100#Persona fisica#M#40#NA#47900#Napoli#3#SI#Impiegato#M#40#NA#47900#Napoli#veicolo già assicurato con atr#No#No#BM#14#0#0#0#0#0#0#0#0#3,000,000
axa#79#2010-04-01#APRILIA#9#100#moto#MX 125 (2003)#si#100#Persona fisica#M#40#NA#45100#Napoli#3#SI#Impiegato#M#40#NA#45100#Napoli#veicolo già assicurato con atr#No#No#BM#14#0#0#0#0#0#0#0#0#3,000,000
axa#80#2010-04-01#APRILIA#9#100#moto#MX 125 (2003)#si#100#Persona fisica#M#40#NA#84100#Napoli#3#SI#Impiegato#M#40#NA#84100#Napoli#veicolo già assicurato con atr#No#No#BM#14#0#0#0#0#0#0#0#0#3,000,000
axa#81#2010-04-01#APRILIA#9#100#moto#MX 125 (2003)#si#100#Persona fisica#M#40#NA#53100#Napoli#3#SI#Impiegato#M#40#NA#53100#Napoli#veicolo già assicurato con atr#No#No#BM#14#0#0#0#0#0#0#0#0#3,000,000
axa#82#2010-04-01#APRILIA#9#100#moto#MX 125 (2003)#si#100#Persona fisica#M#40#NA#23100#Napoli#3#SI#Impiegato#M#40#NA#23100#Napoli#veicolo già assicurato con atr#No#No#BM#14#0#0#0#0#0#0#0#0#3,000,000
axa#83#2010-04-01#APRILIA#9#100#moto#MX 125 (2003)#si#100#Persona fisica#M#40#NA#19100#Napoli#3#SI#Impiegato#M#40#NA#19100#Napoli#veicolo già assicurato con atr#No#No#BM#14#0#0#0#0#0#0#0#0#3,000,000
axa#84#2010-04-01#APRILIA#9#100#moto#MX 125 (2003)#si#100#Persona fisica#M#40#NA#96100#Napoli#3#SI#Impiegato#M#40#NA#96100#Napoli#veicolo già assicurato con atr#No#No#BM#14#0#0#0#0#0#0#0#0#3,000,000
axa#85#2010-04-01#APRILIA#9#100#moto#MX 125 (2003)#si#100#Persona fisica#M#40#NA#07100#Napoli#3#SI#Impiegato#M#40#NA#07100#Napoli#veicolo già assicurato con atr#No#No#BM#14#0#0#0#0#0#0#0#0#3,000,000
axa#86#2010-04-01#APRILIA#9#100#moto#MX 125 (2003)#si#100#Persona fisica#M#40#NA#17100#Napoli#3#SI#Impiegato#M#40#NA#17100#Napoli#veicolo già assicurato con atr#No#No#BM#14#0#0#0#0#0#0#0#0#3,000,000
axa#87#2010-04-01#APRILIA#9#100#moto#MX 125 (2003)#si#100#Persona fisica#M#40#NA#74100#Napoli#3#SI#Impiegato#M#40#NA#74100#Napoli#veicolo già assicurato con atr#No#No#BM#14#0#0#0#0#0#0#0#0#3,000,000
axa#88#2010-04-01#APRILIA#9#100#moto#MX 125 (2003)#si#100#Persona fisica#M#40#NA#64100#Napoli#3#SI#Impiegato#M#40#NA#64100#Napoli#veicolo già assicurato con atr#No#No#BM#14#0#0#0#0#0#0#0#0#3,000,000
axa#89#2010-04-01#APRILIA#9#100#moto#MX 125 (2003)#si#100#Persona fisica#M#40#NA#38100#Napoli#3#SI#Impiegato#M#40#NA#38100#Napoli#veicolo già assicurato con atr#No#No#BM#14#0#0#0#0#0#0#0#0#3,000,000
axa#90#2010-04-01#APRILIA#9#100#moto#MX 125 (2003)#si#100#Persona fisica#M#40#NA#10100#Napoli#3#SI#Impiegato#M#40#NA#10100#Napoli#veicolo già assicurato con atr#No#No#BM#14#0#0#0#0#0#0#0#0#3,000,000
axa#91#2010-04-01#APRILIA#9#100#moto#MX 125 (2003)#si#100#Persona fisica#M#40#NA#91100#Napoli#3#SI#Impiegato#M#40#NA#91100#Napoli#veicolo già assicurato con atr#No#No#BM#14#0#0#0#0#0#0#0#0#3,000,000
axa#92#2010-04-01#APRILIA#9#100#moto#MX 125 (2003)#si#100#Persona fisica#M#40#NA#05100#Napoli#3#SI#Impiegato#M#40#NA#05100#Napoli#veicolo già assicurato con atr#No#No#BM#14#0#0#0#0#0#0#0#0#3,000,000
axa#93#2010-04-01#APRILIA#9#100#moto#MX 125 (2003)#si#100#Persona fisica#M#40#NA#34100#Napoli#3#SI#Impiegato#M#40#NA#34100#Napoli#veicolo già assicurato con atr#No#No#BM#14#0#0#0#0#0#0#0#0#3,000,000
axa#94#2010-04-01#APRILIA#9#100#moto#MX 125 (2003)#si#100#Persona fisica#M#40#NA#31100#Napoli#3#SI#Impiegato#M#40#NA#31100#Napoli#veicolo già assicurato con atr#No#No#BM#14#0#0#0#0#0#0#0#0#3,000,000
axa#95#2010-04-01#APRILIA#9#100#moto#MX 125 (2003)#si#100#Persona fisica#M#40#NA#33100#Napoli#3#SI#Impiegato#M#40#NA#33100#Napoli#veicolo già assicurato con atr#No#No#BM#14#0#0#0#0#0#0#0#0#3,000,000
axa#96#2010-04-01#APRILIA#9#100#moto#MX 125 (2003)#si#100#Persona fisica#M#40#NA#21100#Napoli#3#SI#Impiegato#M#40#NA#21100#Napoli#veicolo già assicurato con atr#No#No#BM#14#0#0#0#0#0#0#0#0#3,000,000
axa#97#2010-04-01#APRILIA#9#100#moto#MX 125 (2003)#si#100#Persona fisica#M#40#NA#28900#Napoli#3#SI#Impiegato#M#40#NA#28900#Napoli#veicolo già assicurato con atr#No#No#BM#14#0#0#0#0#0#0#0#0#3,000,000
axa#98#2010-04-01#APRILIA#9#100#moto#MX 125 (2003)#si#100#Persona fisica#M#40#NA#13100#Napoli#3#SI#Impiegato#M#40#NA#13100#Napoli#veicolo già assicurato con atr#No#No#BM#14#0#0#0#0#0#0#0#0#3,000,000
axa#99#2010-04-01#APRILIA#9#100#moto#MX 125 (2003)#si#100#Persona fisica#M#40#NA#30100#Napoli#3#SI#Impiegato#M#40#NA#30100#Napoli#veicolo già assicurato con atr#No#No#BM#14#0#0#0#0#0#0#0#0#3,000,000
axa#100#2010-04-01#APRILIA#9#100#moto#MX 125 (2003)#si#100#Persona fisica#M#40#NA#36100#Napoli#3#SI#Impiegato#M#40#NA#36100#Napoli#veicolo già assicurato con atr#No#No#BM#14#0#0#0#0#0#0#0#0#3,000,000
axa#101#2010-04-01#APRILIA#9#100#moto#MX 125 (2003)#si#100#Persona fisica#M#40#NA#37100#Napoli#3#SI#Impiegato#M#40#NA#37100#Napoli#veicolo già assicurato con atr#No#No#BM#14#0#0#0#0#0#0#0#0#3,000,000
axa#102#2010-04-01#APRILIA#9#100#moto#MX 125 (2003)#si#100#Persona fisica#M#40#NA#01100#Napoli#3#SI#Impiegato#M#40#NA#01100#Napoli#veicolo già assicurato con atr#No#No#BM#14#0#0#0#0#0#0#0#0#3,000,000
axa#103#2010-04-01#APRILIA#9#100#moto#MX 125 (2003)#si#100#Persona fisica#M#40#NA#89900#Napoli#3#SI#Impiegato#M#40#NA#89900#Napoli#veicolo già assicurato con atr#No#No#BM#14#0#0#0#0#0#0#0#0#3,000,000
axa#104#2010-04-01#APRILIA#9#100#moto#MX 125 (2003)#si#100#Persona fisica#M#40#NA#92010#Napoli#3#SI#Impiegato#M#40#NA#92010#Napoli#veicolo già assicurato con atr#No#No#BM#14#0#0#0#0#0#0#0#0#3,000,000
axa#105#2010-04-01#APRILIA#9#100#moto#MX 125 (2003)#si#100#Persona fisica#M#40#NA#15010#Napoli#3#SI#Impiegato#M#40#NA#15010#Napoli#veicolo già assicurato con atr#No#No#BM#14#0#0#0#0#0#0#0#0#3,000,000
axa#106#2010-04-01#APRILIA#9#100#moto#MX 125 (2003)#si#100#Persona fisica#M#40#NA#60010#Napoli#3#SI#Impiegato#M#40#NA#60010#Napoli#veicolo già assicurato con atr#No#No#BM#14#0#0#0#0#0#0#0#0#3,000,000
axa#107#2010-04-01#APRILIA#9#100#moto#MX 125 (2003)#si#100#Persona fisica#M#40#NA#11010#Napoli#3#SI#Impiegato#M#40#NA#11010#Napoli#veicolo già assicurato con atr#No#No#BM#14#0#0#0#0#0#0#0#0#3,000,000
axa#108#2010-04-01#APRILIA#9#100#moto#MX 125 (2003)#si#100#Persona fisica#M#40#NA#63043#Napoli#3#SI#Impiegato#M#40#NA#63043#Napoli#veicolo già assicurato con atr#No#No#BM#14#0#0#0#0#0#0#0#0#3,000,000
axa#109#2010-04-01#APRILIA#9#100#moto#MX 125 (2003)#si#100#Persona fisica#M#40#NA#67013#Napoli#3#SI#Impiegato#M#40#NA#67013#Napoli#veicolo già assicurato con atr#No#No#BM#14#0#0#0#0#0#0#0#0#3,000,000
axa#110#2010-04-01#APRILIA#9#100#moto#MX 125 (2003)#si#100#Persona fisica#M#40#NA#52044#Napoli#3#SI#Impiegato#M#40#NA#52044#Napoli#veicolo già assicurato con atr#No#No#BM#14#0#0#0#0#0#0#0#0#3,000,000
axa#111#2010-04-01#APRILIA#9#100#moto#MX 125 (2003)#si#100#Persona fisica#M#40#NA#14041#Napoli#3#SI#Impiegato#M#40#NA#14041#Napoli#veicolo già assicurato con atr#No#No#BM#14#0#0#0#0#0#0#0#0#3,000,000
axa#112#2010-04-01#APRILIA#9#100#moto#MX 125 (2003)#si#100#Persona fisica#M#40#NA#83010#Napoli#3#SI#Impiegato#M#40#NA#83010#Napoli#veicolo già assicurato con atr#No#No#BM#14#0#0#0#0#0#0#0#0#3,000,000
axa#113#2010-04-01#APRILIA#9#100#moto#MX 125 (2003)#si#100#Persona fisica#M#40#NA#70010#Napoli#3#SI#Impiegato#M#40#NA#70010.00#Napoli#veicolo già assicurato con atr#No#No#BM#14#0#0#0#0#0#0#0#0#3,000,000
axa#114#2010-04-01#APRILIA#9#100#moto#MX 125 (2003)#si#100#Persona fisica#M#40#NA#24010#Napoli#3#SI#Impiegato#M#40#NA#24010#Napoli#veicolo già assicurato con atr#No#No#BM#14#0#0#0#0#0#0#0#0#3,000,000
axa#115#2010-04-01#APRILIA#9#100#moto#MX 125 (2003)#si#100#Persona fisica#M#40#NA#13882#Napoli#3#SI#Impiegato#M#40#NA#13882#Napoli#veicolo già assicurato con atr#No#No#BM#14#0#0#0#0#0#0#0#0#3,000,000
axa#116#2010-04-01#APRILIA#9#100#moto#MX 125 (2003)#si#100#Persona fisica#M#40#NA#32031#Napoli#3#SI#Impiegato#M#40#NA#32031#Napoli#veicolo già assicurato con atr#No#No#BM#14#0#0#0#0#0#0#0#0#3,000,000
axa#117#2010-04-01#APRILIA#9#100#moto#MX 125 (2003)#si#100#Persona fisica#M#40#NA#82010#Napoli#3#SI#Impiegato#M#40#NA#82010#Napoli#veicolo già assicurato con atr#No#No#BM#14#0#0#0#0#0#0#0#0#3,000,000
axa#118#2010-04-01#APRILIA#9#100#moto#MX 125 (2003)#si#100#Persona fisica#M#40#NA#40010#Napoli#3#SI#Impiegato#M#40#NA#40010#Napoli#veicolo già assicurato con atr#No#No#BM#14#0#0#0#0#0#0#0#0#3,000,000
axa#119#2010-04-01#APRILIA#9#100#moto#MX 125 (2003)#si#100#Persona fisica#M#40#NA#72012#Napoli#3#SI#Impiegato#M#40#NA#72012#Napoli#veicolo già assicurato con atr#No#No#BM#14#0#0#0#0#0#0#0#0#3,000,000
axa#120#2010-04-01#APRILIA#9#100#moto#MX 125 (2003)#si#100#Persona fisica#M#40#NA#25010#Napoli#3#SI#Impiegato#M#40#NA#25010#Napoli#veicolo già assicurato con atr#No#No#BM#14#0#0#0#0#0#0#0#0#3,000,000
axa#121#2010-04-01#APRILIA#9#100#moto#MX 125 (2003)#si#100#Persona fisica#M#40#NA#39043#Napoli#3#SI#Impiegato#M#40#NA#39043#Napoli#veicolo già assicurato con atr#No#No#BM#14#0#0#0#0#0#0#0#0#3,000,000
axa#122#2010-04-01#APRILIA#9#100#moto#MX 125 (2003)#si#100#Persona fisica#M#40#NA#09019#Napoli#3#SI#Impiegato#M#40#NA#09019#Napoli#veicolo già assicurato con atr#No#No#BM#14#0#0#0#0#0#0#0#0#3,000,000
axa#123#2010-04-01#APRILIA#9#100#moto#MX 125 (2003)#si#100#Persona fisica#M#40#NA#86010#Napoli#3#SI#Impiegato#M#40#NA#86010#Napoli#veicolo già assicurato con atr#No#No#BM#14#0#0#0#0#0#0#0#0#3,000,000
axa#124#2010-04-01#APRILIA#9#100#moto#MX 125 (2003)#si#100#Persona fisica#M#40#NA#81010#Napoli#3#SI#Impiegato#M#40#NA#81010#Napoli#veicolo già assicurato con atr#No#No#BM#14#0#0#0#0#0#0#0#0#3,000,000
axa#125#2010-04-01#APRILIA#9#100#moto#MX 125 (2003)#si#100#Persona fisica#M#40#NA#66010#Napoli#3#SI#Impiegato#M#40#NA#66010#Napoli#veicolo già assicurato con atr#No#No#BM#14#0#0#0#0#0#0#0#0#3,000,000
axa#126#2010-04-01#APRILIA#9#100#moto#MX 125 (2003)#si#100#Persona fisica#M#40#NA#93010#Napoli#3#SI#Impiegato#M#40#NA#93010#Napoli#veicolo già assicurato con atr#No#No#BM#14#0#0#0#0#0#0#0#0#3,000,000
axa#127#2010-04-01#APRILIA#9#100#moto#MX 125 (2003)#si#100#Persona fisica#M#40#NA#12010#Napoli#3#SI#Impiegato#M#40#NA#12010#Napoli#veicolo già assicurato con atr#No#No#BM#14#0#0#0#0#0#0#0#0#3,000,000
axa#128#2010-04-01#APRILIA#9#100#moto#MX 125 (2003)#si#100#Persona fisica#M#40#NA#22016#Napoli#3#SI#Impiegato#M#40#NA#22016#Napoli#veicolo già assicurato con atr#No#No#BM#14#0#0#0#0#0#0#0#0#3,000,000
axa#129#2010-04-01#APRILIA#9#100#moto#MX 125 (2003)#si#100#Persona fisica#M#40#NA#26010#Napoli#3#SI#Impiegato#M#40#NA#26010#Napoli#veicolo già assicurato con atr#No#No#BM#14#0#0#0#0#0#0#0#0#3,000,000
axa#130#2010-04-01#APRILIA#9#100#moto#MX 125 (2003)#si#100#Persona fisica#M#40#NA#87010#Napoli#3#SI#Impiegato#M#40#NA#87010#Napoli#veicolo già assicurato con atr#No#No#BM#14#0#0#0#0#0#0#0#0#3,000,000
axa#131#2010-04-01#APRILIA#9#100#moto#MX 125 (2003)#si#100#Persona fisica#M#40#NA#95024#Napoli#3#SI#Impiegato#M#40#NA#95024#Napoli#veicolo già assicurato con atr#No#No#BM#14#0#0#0#0#0#0#0#0#3,000,000
axa#132#2010-04-01#APRILIA#9#100#moto#MX 125 (2003)#si#100#Persona fisica#M#40#NA#88040#Napoli#3#SI#Impiegato#M#40#NA#88040#Napoli#veicolo già assicurato con atr#No#No#BM#14#0#0#0#0#0#0#0#0#3,000,000
axa#133#2010-04-01#APRILIA#9#100#moto#MX 125 (2003)#si#100#Persona fisica#M#40#NA#94010#Napoli#3#SI#Impiegato#M#40#NA#94010#Napoli#veicolo già assicurato con atr#No#No#BM#14#0#0#0#0#0#0#0#0#3,000,000
axa#134#2010-04-01#APRILIA#9#100#moto#MX 125 (2003)#si#100#Persona fisica#M#40#NA#44011#Napoli#3#SI#Impiegato#M#40#NA#44011#Napoli#veicolo già assicurato con atr#No#No#BM#14#0#0#0#0#0#0#0#0#3,000,000
axa#135#2010-04-01#APRILIA#9#100#moto#MX 125 (2003)#si#100#Persona fisica#M#40#NA#71021#Napoli#3#SI#Impiegato#M#40#NA#71021#Napoli#veicolo già assicurato con atr#No#No#BM#14#0#0#0#0#0#0#0#0#3,000,000
axa#136#2010-04-01#APRILIA#9#100#moto#MX 125 (2003)#si#100#Persona fisica#M#40#NA#50058#Napoli#3#SI#Impiegato#M#40#NA#50058.00#Napoli#veicolo già assicurato con atr#No#No#BM#14#0#0#0#0#0#0#0#0#3,000,000
axa#137#2010-04-01#APRILIA#9#100#moto#MX 125 (2003)#si#100#Persona fisica#M#40#NA#47042#Napoli#3#SI#Impiegato#M#40#NA#47042#Napoli#veicolo già assicurato con atr#No#No#BM#14#0#0#0#0#0#0#0#0#3,000,000
axa#138#2010-04-01#APRILIA#9#100#moto#MX 125 (2003)#si#100#Persona fisica#M#40#NA#03010#Napoli#3#SI#Impiegato#M#40#NA#03010#Napoli#veicolo già assicurato con atr#No#No#BM#14#0#0#0#0#0#0#0#0#3,000,000
axa#139#2010-04-01#APRILIA#9#100#moto#MX 125 (2003)#si#100#Persona fisica#M#40#NA#16010#Napoli#3#SI#Impiegato#M#40#NA#16010#Napoli#veicolo già assicurato con atr#No#No#BM#14#0#0#0#0#0#0#0#0#3,000,000
axa#140#2010-04-01#APRILIA#9#100#moto#MX 125 (2003)#si#100#Persona fisica#M#40#NA#34070#Napoli#3#SI#Impiegato#M#40#NA#34070#Napoli#veicolo già assicurato con atr#No#No#BM#14#0#0#0#0#0#0#0#0#3,000,000
axa#141#2010-04-01#APRILIA#9#100#moto#MX 125 (2003)#si#100#Persona fisica#M#40#NA#58031#Napoli#3#SI#Impiegato#M#40#NA#58031#Napoli#veicolo già assicurato con atr#No#No#BM#14#0#0#0#0#0#0#0#0#3,000,000
axa#142#2010-04-01#APRILIA#9#100#moto#MX 125 (2003)#si#100#Persona fisica#M#40#NA#18030#Napoli#3#SI#Impiegato#M#40#NA#18030#Napoli#veicolo già assicurato con atr#No#No#BM#14#0#0#0#0#0#0#0#0#3,000,000
axa#143#2010-04-01#APRILIA#9#100#moto#MX 125 (2003)#si#100#Persona fisica#M#40#NA#86081#Napoli#3#SI#Impiegato#M#40#NA#86081#Napoli#veicolo già assicurato con atr#No#No#BM#14#0#0#0#0#0#0#0#0#3,000,000
axa#144#2010-04-01#APRILIA#9#100#moto#MX 125 (2003)#si#100#Persona fisica#M#40#NA#88842#Napoli#3#SI#Impiegato#M#40#NA#88842#Napoli#veicolo già assicurato con atr#No#No#BM#14#0#0#0#0#0#0#0#0#3,000,000
axa#145#2010-04-01#APRILIA#9#100#moto#MX 125 (2003)#si#100#Persona fisica#M#40#NA#23841#Napoli#3#SI#Impiegato#M#40#NA#23841#Napoli#veicolo già assicurato con atr#No#No#BM#14#0#0#0#0#0#0#0#0#3,000,000
axa#146#2010-04-01#APRILIA#9#100#moto#MX 125 (2003)#si#100#Persona fisica#M#40#NA#73010#Napoli#3#SI#Impiegato#M#40#NA#73010#Napoli#veicolo già assicurato con atr#No#No#BM#14#0#0#0#0#0#0#0#0#3,000,000
axa#147#2010-04-01#APRILIA#9#100#moto#MX 125 (2003)#si#100#Persona fisica#M#40#NA#57020#Napoli#3#SI#Impiegato#M#40#NA#57020#Napoli#veicolo già assicurato con atr#No#No#BM#14#0#0#0#0#0#0#0#0#3,000,000
axa#148#2010-04-01#APRILIA#9#100#moto#MX 125 (2003)#si#100#Persona fisica#M#40#NA#26821#Napoli#3#SI#Impiegato#M#40#NA#26821#Napoli#veicolo già assicurato con atr#No#No#BM#14#0#0#0#0#0#0#0#0#3,000,000
axa#149#2010-04-01#APRILIA#9#100#moto#MX 125 (2003)#si#100#Persona fisica#M#40#NA#04011#Napoli#3#SI#Impiegato#M#40#NA#04011#Napoli#veicolo già assicurato con atr#No#No#BM#14#0#0#0#0#0#0#0#0#3,000,000
axa#150#2010-04-01#APRILIA#9#100#moto#MX 125 (2003)#si#100#Persona fisica#M#40#NA#55011#Napoli#3#SI#Impiegato#M#40#NA#55011#Napoli#veicolo già assicurato con atr#No#No#BM#14#0#0#0#0#0#0#0#0#3,000,000
axa#151#2010-04-01#APRILIA#9#100#moto#MX 125 (2003)#si#100#Persona fisica#M#40#NA#62024#Napoli#3#SI#Impiegato#M#40#NA#62024#Napoli#veicolo già assicurato con atr#No#No#BM#14#0#0#0#0#0#0#0#0#3,000,000
axa#152#2010-04-01#APRILIA#9#100#moto#MX 125 (2003)#si#100#Persona fisica#M#40#NA#98072#Napoli#3#SI#Impiegato#M#40#NA#98072#Napoli#veicolo già assicurato con atr#No#No#BM#14#0#0#0#0#0#0#0#0#3,000,000
axa#153#2010-04-01#APRILIA#9#100#moto#MX 125 (2003)#si#100#Persona fisica#M#40#NA#20010#Napoli#3#SI#Impiegato#M#40#NA#20010#Napoli#veicolo già assicurato con atr#No#No#BM#14#0#0#0#0#0#0#0#0#3,000,000
axa#154#2010-04-01#APRILIA#9#100#moto#MX 125 (2003)#si#100#Persona fisica#M#40#NA#46011#Napoli#3#SI#Impiegato#M#40#NA#46011#Napoli#veicolo già assicurato con atr#No#No#BM#14#0#0#0#0#0#0#0#0#3,000,000
axa#155#2010-04-01#APRILIA#9#100#moto#MX 125 (2003)#si#100#Persona fisica#M#40#NA#41030#Napoli#3#SI#Impiegato#M#40#NA#41030#Napoli#veicolo già assicurato con atr#No#No#BM#14#0#0#0#0#0#0#0#0#3,000,000
axa#156#2010-04-01#APRILIA#9#100#moto#MX 125 (2003)#si#100#Persona fisica#M#40#NA#54021#Napoli#3#SI#Impiegato#M#40#NA#54021#Napoli#veicolo già assicurato con atr#No#No#BM#14#0#0#0#0#0#0#0#0#3,000,000
axa#157#2010-04-01#APRILIA#9#100#moto#MX 125 (2003)#si#100#Persona fisica#M#40#NA#75011#Napoli#3#SI#Impiegato#M#40#NA#75011#Napoli#veicolo già assicurato con atr#No#No#BM#14#0#0#0#0#0#0#0#0#3,000,000
axa#158#2010-04-01#APRILIA#9#100#moto#MX 125 (2003)#si#100#Persona fisica#M#40#NA#80075#Napoli#3#SI#Impiegato#M#40#NA#80075.00#Napoli#veicolo già assicurato con atr#No#No#BM#14#0#0#0#0#0#0#0#0#3,000,000
axa#159#2010-04-01#APRILIA#9#100#moto#MX 125 (2003)#si#100#Persona fisica#M#40#NA#28010#Napoli#3#SI#Impiegato#M#40#NA#28010#Napoli#veicolo già assicurato con atr#No#No#BM#14#0#0#0#0#0#0#0#0#3,000,000
axa#160#2010-04-01#APRILIA#9#100#moto#MX 125 (2003)#si#100#Persona fisica#M#40#NA#08010#Napoli#3#SI#Impiegato#M#40#NA#08010#Napoli#veicolo già assicurato con atr#No#No#BM#14#0#0#0#0#0#0#0#0#3,000,000
axa#161#2010-04-01#APRILIA#9#100#moto#MX 125 (2003)#si#100#Persona fisica#M#40#NA#09070#Napoli#3#SI#Impiegato#M#40#NA#09070#Napoli#veicolo già assicurato con atr#No#No#BM#14#0#0#0#0#0#0#0#0#3,000,000
axa#162#2010-04-01#APRILIA#9#100#moto#MX 125 (2003)#si#100#Persona fisica#M#40#NA#90010#Napoli#3#SI#Impiegato#M#40#NA#90010#Napoli#veicolo già assicurato con atr#No#No#BM#14#0#0#0#0#0#0#0#0#3,000,000
axa#163#2010-04-01#APRILIA#9#100#moto#MX 125 (2003)#si#100#Persona fisica#M#40#NA#29010#Napoli#3#SI#Impiegato#M#40#NA#29010#Napoli#veicolo già assicurato con atr#No#No#BM#14#0#0#0#0#0#0#0#0#3,000,000
axa#164#2010-04-01#APRILIA#9#100#moto#MX 125 (2003)#si#100#Persona fisica#M#40#NA#35040#Napoli#3#SI#Impiegato#M#40#NA#35040#Napoli#veicolo già assicurato con atr#No#No#BM#14#0#0#0#0#0#0#0#0#3,000,000
axa#165#2010-04-01#APRILIA#9#100#moto#MX 125 (2003)#si#100#Persona fisica#M#40#NA#65010#Napoli#3#SI#Impiegato#M#40#NA#65010#Napoli#veicolo già assicurato con atr#No#No#BM#14#0#0#0#0#0#0#0#0#3,000,000
axa#166#2010-04-01#APRILIA#9#100#moto#MX 125 (2003)#si#100#Persona fisica#M#40#NA#06010#Napoli#3#SI#Impiegato#M#40#NA#06010#Napoli#veicolo già assicurato con atr#No#No#BM#14#0#0#0#0#0#0#0#0#3,000,000
axa#167#2010-04-01#APRILIA#9#100#moto#MX 125 (2003)#si#100#Persona fisica#M#40#NA#56032#Napoli#3#SI#Impiegato#M#40#NA#56032#Napoli#veicolo già assicurato con atr#No#No#BM#14#0#0#0#0#0#0#0#0#3,000,000
axa#168#2010-04-01#APRILIA#9#100#moto#MX 125 (2003)#si#100#Persona fisica#M#40#NA#33070#Napoli#3#SI#Impiegato#M#40#NA#33070#Napoli#veicolo già assicurato con atr#No#No#BM#14#0#0#0#0#0#0#0#0#3,000,000
axa#169#2010-04-01#APRILIA#9#100#moto#MX 125 (2003)#si#100#Persona fisica#M#40#NA#59013#Napoli#3#SI#Impiegato#M#40#NA#59013#Napoli#veicolo già assicurato con atr#No#No#BM#14#0#0#0#0#0#0#0#0#3,000,000
axa#170#2010-04-01#APRILIA#9#100#moto#MX 125 (2003)#si#100#Persona fisica#M#40#NA#43051#Napoli#3#SI#Impiegato#M#40#NA#43051#Napoli#veicolo già assicurato con atr#No#No#BM#14#0#0#0#0#0#0#0#0#3,000,000
axa#171#2010-04-01#APRILIA#9#100#moto#MX 125 (2003)#si#100#Persona fisica#M#40#NA#61032#Napoli#3#SI#Impiegato#M#40#NA#61032#Napoli#veicolo già assicurato con atr#No#No#BM#14#0#0#0#0#0#0#0#0#3,000,000
axa#172#2010-04-01#APRILIA#9#100#moto#MX 125 (2003)#si#100#Persona fisica#M#40#NA#51021#Napoli#3#SI#Impiegato#M#40#NA#51021#Napoli#veicolo già assicurato con atr#No#No#BM#14#0#0#0#0#0#0#0#0#3,000,000
axa#173#2010-04-01#APRILIA#9#100#moto#MX 125 (2003)#si#100#Persona fisica#M#40#NA#27010#Napoli#3#SI#Impiegato#M#40#NA#27010#Napoli#veicolo già assicurato con atr#No#No#BM#14#0#0#0#0#0#0#0#0#3,000,000
axa#174#2010-04-01#APRILIA#9#100#moto#MX 125 (2003)#si#100#Persona fisica#M#40#NA#85010#Napoli#3#SI#Impiegato#M#40#NA#85010#Napoli#veicolo già assicurato con atr#No#No#BM#14#0#0#0#0#0#0#0#0#3,000,000
axa#175#2010-04-01#APRILIA#9#100#moto#MX 125 (2003)#si#100#Persona fisica#M#40#NA#48010#Napoli#3#SI#Impiegato#M#40#NA#48010#Napoli#veicolo già assicurato con atr#No#No#BM#14#0#0#0#0#0#0#0#0#3,000,000
axa#176#2010-04-01#APRILIA#9#100#moto#MX 125 (2003)#si#100#Persona fisica#M#40#NA#89030#Napoli#3#SI#Impiegato#M#40#NA#89030#Napoli#veicolo già assicurato con atr#No#No#BM#14#0#0#0#0#0#0#0#0#3,000,000
axa#177#2010-04-01#APRILIA#9#100#moto#MX 125 (2003)#si#100#Persona fisica#M#40#NA#42020#Napoli#3#SI#Impiegato#M#40#NA#42020#Napoli#veicolo già assicurato con atr#No#No#BM#14#0#0#0#0#0#0#0#0#3,000,000
axa#178#2010-04-01#APRILIA#9#100#moto#MX 125 (2003)#si#100#Persona fisica#M#40#NA#97011#Napoli#3#SI#Impiegato#M#40#NA#97011#Napoli#veicolo già assicurato con atr#No#No#BM#14#0#0#0#0#0#0#0#0#3,000,000
axa#179#2010-04-01#APRILIA#9#100#moto#MX 125 (2003)#si#100#Persona fisica#M#40#NA#02010#Napoli#3#SI#Impiegato#M#40#NA#02010#Napoli#veicolo già assicurato con atr#No#No#BM#14#0#0#0#0#0#0#0#0#3,000,000
axa#180#2010-04-01#APRILIA#9#100#moto#MX 125 (2003)#si#100#Persona fisica#M#40#NA#00010#Napoli#3#SI#Impiegato#M#40#NA#00010#Napoli#veicolo già assicurato con atr#No#No#BM#14#0#0#0#0#0#0#0#0#3,000,000
axa#181#2010-04-01#APRILIA#9#100#moto#MX 125 (2003)#si#100#Persona fisica#M#40#NA#47841#Napoli#3#SI#Impiegato#M#40#NA#47841#Napoli#veicolo già assicurato con atr#No#No#BM#14#0#0#0#0#0#0#0#0#3,000,000
axa#182#2010-04-01#APRILIA#9#100#moto#MX 125 (2003)#si#100#Persona fisica#M#40#NA#45011#Napoli#3#SI#Impiegato#M#40#NA#45011#Napoli#veicolo già assicurato con atr#No#No#BM#14#0#0#0#0#0#0#0#0#3,000,000
axa#183#2010-04-01#APRILIA#9#100#moto#MX 125 (2003)#si#100#Persona fisica#M#40#NA#84010#Napoli#3#SI#Impiegato#M#40#NA#84010#Napoli#veicolo già assicurato con atr#No#No#BM#14#0#0#0#0#0#0#0#0#3,000,000
axa#184#2010-04-01#APRILIA#9#100#moto#MX 125 (2003)#si#100#Persona fisica#M#40#NA#53021#Napoli#3#SI#Impiegato#M#40#NA#53021#Napoli#veicolo già assicurato con atr#No#No#BM#14#0#0#0#0#0#0#0#0#3,000,000
axa#185#2010-04-01#APRILIA#9#100#moto#MX 125 (2003)#si#100#Persona fisica#M#40#NA#23010#Napoli#3#SI#Impiegato#M#40#NA#23010#Napoli#veicolo già assicurato con atr#No#No#BM#14#0#0#0#0#0#0#0#0#3,000,000
axa#186#2010-04-01#APRILIA#9#100#moto#MX 125 (2003)#si#100#Persona fisica#M#40#NA#19031#Napoli#3#SI#Impiegato#M#40#NA#19031#Napoli#veicolo già assicurato con atr#No#No#BM#14#0#0#0#0#0#0#0#0#3,000,000
axa#187#2010-04-01#APRILIA#9#100#moto#MX 125 (2003)#si#100#Persona fisica#M#40#NA#96011#Napoli#3#SI#Impiegato#M#40#NA#96011#Napoli#veicolo già assicurato con atr#No#No#BM#14#0#0#0#0#0#0#0#0#3,000,000
axa#188#2010-04-01#APRILIA#9#100#moto#MX 125 (2003)#si#100#Persona fisica#M#40#NA#07010#Napoli#3#SI#Impiegato#M#40#NA#07010#Napoli#veicolo già assicurato con atr#No#No#BM#14#0#0#0#0#0#0#0#0#3,000,000
axa#189#2010-04-01#APRILIA#9#100#moto#MX 125 (2003)#si#100#Persona fisica#M#40#NA#17021#Napoli#3#SI#Impiegato#M#40#NA#17021#Napoli#veicolo già assicurato con atr#No#No#BM#14#0#0#0#0#0#0#0#0#3,000,000
axa#190#2010-04-01#APRILIA#9#100#moto#MX 125 (2003)#si#100#Persona fisica#M#40#NA#74020#Napoli#3#SI#Impiegato#M#40#NA#74020#Napoli#veicolo già assicurato con atr#No#No#BM#14#0#0#0#0#0#0#0#0#3,000,000
axa#191#2010-04-01#APRILIA#9#100#moto#MX 125 (2003)#si#100#Persona fisica#M#40#NA#64010#Napoli#3#SI#Impiegato#M#40#NA#64010#Napoli#veicolo già assicurato con atr#No#No#BM#14#0#0#0#0#0#0#0#0#3,000,000
axa#192#2010-04-01#APRILIA#9#100#moto#MX 125 (2003)#si#100#Persona fisica#M#40#NA#38010#Napoli#3#SI#Impiegato#M#40#NA#38010#Napoli#veicolo già assicurato con atr#No#No#BM#14#0#0#0#0#0#0#0#0#3,000,000
axa#193#2010-04-01#APRILIA#9#100#moto#MX 125 (2003)#si#100#Persona fisica#M#40#NA#10090#Napoli#3#SI#Impiegato#M#40#NA#10090.00#Napoli#veicolo già assicurato con atr#No#No#BM#14#0#0#0#0#0#0#0#0#3,000,000
axa#194#2010-04-01#APRILIA#9#100#moto#MX 125 (2003)#si#100#Persona fisica#M#40#NA#91011#Napoli#3#SI#Impiegato#M#40#NA#91011#Napoli#veicolo già assicurato con atr#No#No#BM#14#0#0#0#0#0#0#0#0#3,000,000
axa#195#2010-04-01#APRILIA#9#100#moto#MX 125 (2003)#si#100#Persona fisica#M#40#NA#05021#Napoli#3#SI#Impiegato#M#40#NA#05021#Napoli#veicolo già assicurato con atr#No#No#BM#14#0#0#0#0#0#0#0#0#3,000,000
axa#196#2010-04-01#APRILIA#9#100#moto#MX 125 (2003)#si#100#Persona fisica#M#40#NA#34011#Napoli#3#SI#Impiegato#M#40#NA#34011.00#Napoli#veicolo già assicurato con atr#No#No#BM#14#0#0#0#0#0#0#0#0#3,000,000
axa#197#2010-04-01#APRILIA#9#100#moto#MX 125 (2003)#si#100#Persona fisica#M#40#NA#31036#Napoli#3#SI#Impiegato#M#40#NA#31036#Napoli#veicolo già assicurato con atr#No#No#BM#14#0#0#0#0#0#0#0#0#3,000,000
axa#198#2010-04-01#APRILIA#9#100#moto#MX 125 (2003)#si#100#Persona fisica#M#40#NA#33053#Napoli#3#SI#Impiegato#M#40#NA#33053#Napoli#veicolo già assicurato con atr#No#No#BM#14#0#0#0#0#0#0#0#0#3,000,000
axa#199#2010-04-01#APRILIA#9#100#moto#MX 125 (2003)#si#100#Persona fisica#M#40#NA#21038#Napoli#3#SI#Impiegato#M#40#NA#21038#Napoli#veicolo già assicurato con atr#No#No#BM#14#0#0#0#0#0#0#0#0#3,000,000
axa#200#2010-04-01#APRILIA#9#100#moto#MX 125 (2003)#si#100#Persona fisica#M#40#NA#28895#Napoli#3#SI#Impiegato#M#40#NA#28895#Napoli#veicolo già assicurato con atr#No#No#BM#14#0#0#0#0#0#0#0#0#3,000,000
axa#201#2010-04-01#APRILIA#9#100#moto#MX 125 (2003)#si#100#Persona fisica#M#40#NA#13010#Napoli#3#SI#Impiegato#M#40#NA#13010#Napoli#veicolo già assicurato con atr#No#No#BM#14#0#0#0#0#0#0#0#0#3,000,000
axa#202#2010-04-01#APRILIA#9#100#moto#MX 125 (2003)#si#100#Persona fisica#M#40#NA#30034#Napoli#3#SI#Impiegato#M#40#NA#30034.00#Napoli#veicolo già assicurato con atr#No#No#BM#14#0#0#0#0#0#0#0#0#3,000,000
axa#203#2010-04-01#APRILIA#9#100#moto#MX 125 (2003)#si#100#Persona fisica#M#40#NA#36020#Napoli#3#SI#Impiegato#M#40#NA#36020#Napoli#veicolo già assicurato con atr#No#No#BM#14#0#0#0#0#0#0#0#0#3,000,000
axa#204#2010-04-01#APRILIA#9#100#moto#MX 125 (2003)#si#100#Persona fisica#M#40#NA#37010#Napoli#3#SI#Impiegato#M#40#NA#37010#Napoli#veicolo già assicurato con atr#No#No#BM#14#0#0#0#0#0#0#0#0#3,000,000
axa#205#2010-04-01#APRILIA#9#100#moto#MX 125 (2003)#si#100#Persona fisica#M#40#NA#01010#Napoli#3#SI#Impiegato#M#40#NA#01010#Napoli#veicolo già assicurato con atr#No#No#BM#14#0#0#0#0#0#0#0#0#3,000,000
axa#206#2010-04-01#APRILIA#9#100#moto#MX 125 (2003)#si#100#Persona fisica#M#40#NA#89832#Napoli#3#SI#Impiegato#M#40#NA#89832#Napoli#veicolo già assicurato con atr#No#No#BM#14#0#0#0#0#0#0#0#0#3,000,000
axa#207#2010-04-01#Honda#0#100#moto#SH 125 I (2009)#si#100#Persona fisica#M#40#NA#80100#Napoli#3#SI#Impiegato#M#40#NA#80100.00#Napoli#1a immatricolazione dopo l’acquisto del veicolo#No#No#BM##0#0#0#0#0#0#0#0#3,000,000
axa#208#2010-04-01#KYMCO#9#100#moto#AGILITY 125 R16 (2008)#si#100#Persona fisica#M#40#NA#80100#Napoli#3#SI#Impiegato#M#40#NA#92100#Napoli#veicolo già assicurato con atr#No#No#BM#14#0#0#0#0#0#0#0#0#3,000,000
axa#209#2010-04-01#HONDA#9#100#moto#SH 125 I (2009)#si#100#Persona fisica#M#40#NA#80100#Napoli#3#SI#Impiegato#M#40#NA#92100#Napoli#veicolo già assicurato con atr#No#No#BM#14#0#0#0#0#0#0#0#0#3,000,000
axa#210#2010-04-01#KYMCO#9#100#moto#AGILITY 150 R16 (2009)#si#100#Persona fisica#M#40#NA#80100#Napoli#3#SI#Impiegato#M#40#NA#92100#Napoli#veicolo già assicurato con atr#No#No#BM#14#0#0#0#0#0#0#0#0#3,000,000
axa#211#2010-04-01#HONDA#9#100#moto#SH 150 I SPECIAL (2008)#si#100#Persona fisica#M#40#NA#80100#Napoli#3#SI#Impiegato#M#40#NA#92100#Napoli#veicolo già assicurato con atr#No#No#BM#14#0#0#0#0#0#0#0#0#3,000,000
axa#212#2010-04-01#PIAGGIO#9#100#moto#BEVERLY 250 TOURER (2008)#si#100#Persona fisica#M#40#NA#80100#Napoli#3#SI#Impiegato#M#40#NA#92100#Napoli#veicolo già assicurato con atr#No#No#BM#14#0#0#0#0#0#0#0#0#3,000,000
axa#213#2010-04-01#HONDA#9#100#moto#SH 300 ABS (2006)#si#100#Persona fisica#M#40#NA#80100#Napoli#3#SI#Impiegato#M#40#NA#92100#Napoli#veicolo già assicurato con atr#No#No#BM#14#0#0#0#0#0#0#0#0#3,000,000
axa#214#2010-04-01#SUZUKI#9#100#moto#BURGMAN 400 IE (2006)#si#100#Persona fisica#M#40#NA#80100#Napoli#3#SI#Impiegato#M#40#NA#92100#Napoli#veicolo già assicurato con atr#No#No#BM#14#0#0#0#0#0#0#0#0#3,000,000
axa#215#2010-04-01#HONDA#9#100#moto#SILVER WING 400 (2005)#si#100#Persona fisica#M#40#NA#80100#Napoli#3#SI#Impiegato#M#40#NA#92100#Napoli#veicolo già assicurato con atr#No#No#BM#14#0#0#0#0#0#0#0#0#3,000,000
axa#216#2010-04-01#YAMAHA#9#100#moto#T MAX ABS (2008)#si#100#Persona fisica#M#40#NA#80100#Napoli#3#SI#Impiegato#M#40#NA#92100#Napoli#veicolo già assicurato con atr#No#No#BM#14#0#0#0#0#0#0#0#0#3,000,000
axa#217#2010-04-01#SUZUKI#9#100#moto#RV VAN VAN 125 (2003)#si#100#Persona fisica#M#40#NA#80100#Napoli#3#SI#Impiegato#M#40#NA#92100#Napoli#veicolo già assicurato con atr#No#No#BM#14#0#0#0#0#0#0#0#0#3,000,000
axa#218#2010-04-01#DERBI#9#100#moto#GPR 125 NUDE (2004)#si#100#Persona fisica#M#40#NA#80100#Napoli#3#SI#Impiegato#M#40#NA#92100#Napoli#veicolo già assicurato con atr#No#No#BM#14#0#0#0#0#0#0#0#0#3,000,000
axa#219#2010-04-01#YAMAHA#9#100#moto#YZF r15 150 cc#si#100#Persona fisica#M#40#NA#80100#Napoli#3#SI#Impiegato#M#40#NA#92100#Napoli#veicolo già assicurato con atr#No#No#BM#14#0#0#0#0#0#0#0#0#3,000,000
axa#220#2010-04-01#KAWASAKI#9#100#moto#NINJA 250R (2008)#si#100#Persona fisica#M#40#NA#80100#Napoli#3#SI#Impiegato#M#40#NA#92100#Napoli#veicolo già assicurato con atr#No#No#BM#14#0#0#0#0#0#0#0#0#3,000,000
axa#221#2010-04-01#Royal Enfield#9#100#moto#BULLET 350 STD K/S (2006)#si#100#Persona fisica#M#40#NA#80100#Napoli#3#SI#Impiegato#M#40#NA#92100#Napoli#veicolo già assicurato con atr#No#No#BM#14#0#0#0#0#0#0#0#0#3,000,000
axa#222#2010-04-01#DUCATI#9#100#moto#MONSTER 400 DARK SD 25KW (2004)#si#100#Persona fisica#M#40#NA#80100#Napoli#3#SI#Impiegato#M#40#NA#92100#Napoli#veicolo già assicurato con atr#No#No#BM#14#0#0#0#0#0#0#0#0#3,000,000
axa#223#2010-04-01#KAWASAKI#9#100#moto#ER 5 25 KW (2005)#si#100#Persona fisica#M#40#NA#80100#Napoli#3#SI#Impiegato#M#40#NA#92100#Napoli#veicolo già assicurato con atr#No#No#BM#14#0#0#0#0#0#0#0#0#3,000,000
axa#224#2010-04-01#SUZUKI#9#100#moto#GS 500 (2001)#si#100#Persona fisica#M#40#NA#80100#Napoli#3#SI#Impiegato#M#40#NA#92100#Napoli#veicolo già assicurato con atr#No#No#BM#14#0#0#0#0#0#0#0#0#3,000,000
axa#225#2010-04-01#HONDA#9#100#moto#HORNET 25KW (2005)#si#100#Persona fisica#M#40#NA#80100#Napoli#3#SI#Impiegato#M#40#NA#92100#Napoli#veicolo già assicurato con atr#No#No#BM#14#0#0#0#0#0#0#0#0#3,000,000
axa#226#2010-04-01#SUZUKI#9#100#moto#GSR 600 (2006)#si#100#Persona fisica#M#40#NA#80100#Napoli#3#SI#Impiegato#M#40#NA#92100#Napoli#veicolo già assicurato con atr#No#No#BM#14#0#0#0#0#0#0#0#0#3,000,000
axa#227#2010-04-01#KAWASAKI#9#100#moto#ER 6N (2009)#si#100#Persona fisica#M#40#NA#80100#Napoli#3#SI#Impiegato#M#40#NA#92100#Napoli#veicolo già assicurato con atr#No#No#BM#14#0#0#0#0#0#0#0#0#3,000,000
axa#228#2010-04-01#KAWASAKI#9#100#moto#Z 750 (2009)#si#100#Persona fisica#M#40#NA#80100#Napoli#3#SI#Impiegato#M#40#NA#92100#Napoli#veicolo già assicurato con atr#No#No#BM#14#0#0#0#0#0#0#0#0#3,000,000
axa#229#2010-04-01#MV AUGUSTA#9#100#moto#BRUTALE S (2004)#si#100#Persona fisica#M#40#NA#80100#Napoli#3#SI#Impiegato#M#40#NA#92100#Napoli#veicolo già assicurato con atr#No#No#BM#14#0#0#0#0#0#0#0#0#3,000,000
axa#230#2010-04-01#BMW#9#100#moto#F 800 R (2009)#si#100#Persona fisica#M#40#NA#80100#Napoli#3#SI#Impiegato#M#40#NA#92100#Napoli#veicolo già assicurato con atr#No#No#BM#14#0#0#0#0#0#0#0#0#3,000,000
axa#231#2010-04-01#DUCATI#9#100#moto#MONSTER 900 (2000)#si#100#Persona fisica#M#40#NA#80100#Napoli#3#SI#Impiegato#M#40#NA#92100#Napoli#veicolo già assicurato con atr#No#No#BM#14#0#0#0#0#0#0#0#0#3,000,000
axa#232#2010-04-01#DUCATI#9#100#moto#GT 1000 TOURING (2009)#si#100#Persona fisica#M#40#NA#80100#Napoli#3#SI#Impiegato#M#40#NA#92100#Napoli#veicolo già assicurato con atr#No#No#BM#14#0#0#0#0#0#0#0#0#3,000,000
axa#233#2010-04-01#DUCATI#9#100#moto#MONSTER 1100 S (2009)#si#100#Persona fisica#M#40#NA#80100#Napoli#3#SI#Impiegato#M#40#NA#92100#Napoli#veicolo già assicurato con atr#No#No#BM#14#0#0#0#0#0#0#0#0#3,000,000
axa#234#2010-04-01#MAGNI#9#100#moto#SPORT 1200 S (2000)#si#100#Persona fisica#M#40#NA#80100#Napoli#3#SI#Impiegato#M#40#NA#92100#Napoli#veicolo già assicurato con atr#No#No#BM#14#0#0#0#0#0#0#0#0#3,000,000
axa#235#2010-04-01#HONDA#9#100#moto#VFR 750 F (1997)#si#100#Persona fisica#M#40#NA#80100#Napoli#3#SI#Impiegato#M#40#NA#92100#Napoli#veicolo già assicurato con atr#No#No#BM#14#0#0#0#0#0#0#0#0#3,000,000
axa#236#2010-04-01#HONDA#9#100#moto#HORNET 900 (2004)#si#100#Persona fisica#M#40#NA#80100#Napoli#3#SI#Impiegato#M#40#NA#92100#Napoli#veicolo già assicurato con atr#No#No#BM#14#0#0#0#0#0#0#0#0#3,000,000
axa#237#2010-04-01#HONDA#9#100#moto#CB 1000 R (2008)#si#100#Persona fisica#M#40#NA#80100#Napoli#3#SI#Impiegato#M#40#NA#92100#Napoli#veicolo già assicurato con atr#No#No#BM#14#0#0#0#0#0#0#0#0#3,000,000
axa#238#2010-04-01#SUZUKI#9#100#moto#GSX-R 1100 (1991)#si#100#Persona fisica#M#40#NA#80100#Napoli#3#SI#Impiegato#M#40#NA#92100#Napoli#veicolo già assicurato con atr#No#No#BM#14#0#0#0#0#0#0#0#0#3,000,000
axa#239#2010-04-01#BMW#9#100#moto#R 1200 R (2006)#si#100#Persona fisica#M#40#NA#80100#Napoli#3#SI#Impiegato#M#40#NA#92100#Napoli#veicolo già assicurato con atr#No#No#BM#14#0#0#0#0#0#0#0#0#3,000,000
axa#240#2010-04-01#HONDA#9#100#moto#CB 1300 Naked 85Kw#si#100#Persona fisica#M#40#NA#80100#Napoli#3#SI#Impiegato#M#40#NA#92100#Napoli#veicolo già assicurato con atr#No#No#BM#14#0#0#0#0#0#0#0#0#3,000,000
axa#241#2010-04-01#YAMAHA#9#100#moto#YZF R125 (2008)#si#100#Persona fisica#M#40#NA#80100#Napoli#3#SI#Impiegato#M#40#NA#92100#Napoli#veicolo già assicurato con atr#No#No#BM#1#0#0#0#0#0#0#0#0#3,000,000
axa#242#2010-04-01#YAMAHA#9#100#moto#YZF R125 (2008)#si#100#Persona fisica#M#40#NA#80100#Napoli#3#SI#Impiegato#M#40#NA#92100#Napoli#veicolo già assicurato con atr#No#No#BM#2#0#0#0#0#0#0#0#0#3,000,000
axa#243#2010-04-01#YAMAHA#9#100#moto#YZF R125 (2008)#si#100#Persona fisica#M#40#NA#80100#Napoli#3#SI#Impiegato#M#40#NA#92100#Napoli#veicolo già assicurato con atr#No#No#BM#3#0#0#0#0#0#0#0#0#3,000,000
axa#244#2010-04-01#YAMAHA#9#100#moto#YZF R125 (2008)#si#100#Persona fisica#M#40#NA#80100#Napoli#3#SI#Impiegato#M#40#NA#92100#Napoli#veicolo già assicurato con atr#No#No#BM#4#0#0#0#0#0#0#0#0#3,000,000
axa#245#2010-04-01#YAMAHA#9#100#moto#YZF R125 (2008)#si#100#Persona fisica#M#40#NA#80100#Napoli#3#SI#Impiegato#M#40#NA#92100#Napoli#veicolo già assicurato con atr#No#No#BM#5#0#0#0#0#0#0#0#0#3,000,000
axa#246#2010-04-01#YAMAHA#9#100#moto#YZF R125 (2008)#si#100#Persona fisica#M#40#NA#80100#Napoli#3#SI#Impiegato#M#40#NA#92100#Napoli#veicolo già assicurato con atr#No#No#BM#6#0#0#0#0#0#0#0#0#3,000,000
axa#247#2010-04-01#YAMAHA#9#100#moto#YZF R125 (2008)#si#100#Persona fisica#M#40#NA#80100#Napoli#3#SI#Impiegato#M#40#NA#92100#Napoli#veicolo già assicurato con atr#No#No#BM#7#0#0#0#0#0#0#0#0#3,000,000
axa#248#2010-04-01#YAMAHA#9#100#moto#YZF R125 (2008)#si#100#Persona fisica#M#40#NA#80100#Napoli#3#SI#Impiegato#M#40#NA#92100#Napoli#veicolo già assicurato con atr#No#No#BM#8#0#0#0#0#0#0#0#0#3,000,000
axa#249#2010-04-01#YAMAHA#9#100#moto#YZF R125 (2008)#si#100#Persona fisica#M#40#NA#80100#Napoli#3#SI#Impiegato#M#40#NA#92100#Napoli#veicolo già assicurato con atr#No#No#BM#9#0#0#0#0#0#0#0#0#3,000,000
axa#250#2010-04-01#YAMAHA#9#100#moto#YZF R125 (2008)#si#100#Persona fisica#M#40#NA#80100#Napoli#3#SI#Impiegato#M#40#NA#92100#Napoli#veicolo già assicurato con atr#No#No#BM#10#0#0#0#0#0#0#0#0#3,000,000
axa#251#2010-04-01#YAMAHA#9#100#moto#YZF R125 (2008)#si#100#Persona fisica#M#40#NA#80100#Napoli#3#SI#Impiegato#M#40#NA#92100#Napoli#veicolo già assicurato con atr#No#No#BM#11#0#0#0#0#0#0#0#0#3,000,000
axa#252#2010-04-01#YAMAHA#9#100#moto#YZF R125 (2008)#si#100#Persona fisica#M#40#NA#80100#Napoli#3#SI#Impiegato#M#40#NA#92100#Napoli#veicolo già assicurato con atr#No#No#BM#12#0#0#0#0#0#0#0#0#3,000,000
axa#253#2010-04-01#YAMAHA#9#100#moto#YZF R125 (2008)#si#100#Persona fisica#M#40#NA#80100#Napoli#3#SI#Impiegato#M#40#NA#92100#Napoli#veicolo già assicurato con atr#No#No#BM#14#0#0#0#0#0#0#0#0#3,000,000
axa#254#2010-04-01#YAMAHA#9#100#moto#YZF R125 (2008)#si#100#Persona fisica#M#40#NA#80100#Napoli#3#SI#Impiegato#M#40#NA#92100#Napoli#veicolo già assicurato con atr#No#No#BM#15#0#0#0#0#0#0#0#0#3,000,000
axa#255#2010-04-01#YAMAHA#9#100#moto#YZF R125 (2008)#si#100#Persona fisica#M#40#NA#80100#Napoli#3#SI#Impiegato#M#40#NA#92100#Napoli#veicolo già assicurato con atr#No#No#BM#16#0#0#0#0#0#0#0#0#3,000,000
axa#256#2010-04-01#YAMAHA#9#100#moto#YZF R125 (2008)#si#100#Persona fisica#M#40#NA#80100#Napoli#3#SI#Impiegato#M#40#NA#92100#Napoli#veicolo già assicurato con atr#No#No#BM#17#0#0#0#0#0#0#0#0#3,000,000
axa#257#2010-04-01#YAMAHA#9#100#moto#YZF R125 (2008)#si#100#Persona fisica#M#40#NA#80100#Napoli#3#SI#Impiegato#M#40#NA#92100#Napoli#veicolo già assicurato con atr#No#No#BM#18#0#0#0#0#0#0#0#0#3,000,000
axa#258#2010-04-01#YAMAHA#9#100#moto#YZF R125 (2008)#si#100#Persona fisica#M#40#NA#80100#Napoli#3#SI#Impiegato#M#40#NA#92100#Napoli#veicolo già assicurato con atr#No#No#BM#1#0#0#0#0#0#1#1#0#3,000,000
axa#259#2010-04-01#YAMAHA#9#100#moto#YZF R125 (2008)#si#100#Persona fisica#M#40#NA#80100#Napoli#3#SI#Impiegato#M#40#NA#92100#Napoli#veicolo già assicurato con atr#No#No#BM#2#0#0#0#0#0#1#1#0#3,000,000
axa#260#2010-04-01#YAMAHA#9#100#moto#YZF R125 (2008)#si#100#Persona fisica#M#40#NA#80100#Napoli#3#SI#Impiegato#M#40#NA#92100#Napoli#veicolo già assicurato con atr#No#No#BM#3#0#0#0#0#0#1#1#0#3,000,000
axa#261#2010-04-01#YAMAHA#9#100#moto#YZF R125 (2008)#si#100#Persona fisica#M#40#NA#80100#Napoli#3#SI#Impiegato#M#40#NA#92100#Napoli#veicolo già assicurato con atr#No#No#BM#4#0#0#0#0#0#1#1#0#3,000,000
axa#262#2010-04-01#YAMAHA#9#100#moto#YZF R125 (2008)#si#100#Persona fisica#M#40#NA#80100#Napoli#3#SI#Impiegato#M#40#NA#92100#Napoli#veicolo già assicurato con atr#No#No#BM#5#0#0#0#0#0#1#1#0#3,000,000
axa#263#2010-04-01#YAMAHA#9#100#moto#YZF R125 (2008)#si#100#Persona fisica#M#40#NA#80100#Napoli#3#SI#Impiegato#M#40#NA#92100#Napoli#veicolo già assicurato con atr#No#No#BM#6#0#0#0#0#0#1#1#0#3,000,000
axa#264#2010-04-01#YAMAHA#9#100#moto#YZF R125 (2008)#si#100#Persona fisica#M#40#NA#80100#Napoli#3#SI#Impiegato#M#40#NA#92100#Napoli#veicolo già assicurato con atr#No#No#BM#7#0#0#0#0#0#1#1#0#3,000,000
axa#265#2010-04-01#YAMAHA#9#100#moto#YZF R125 (2008)#si#100#Persona fisica#M#40#NA#80100#Napoli#3#SI#Impiegato#M#40#NA#92100#Napoli#veicolo già assicurato con atr#No#No#BM#8#0#0#0#0#0#1#1#0#3,000,000
axa#266#2010-04-01#YAMAHA#9#100#moto#YZF R125 (2008)#si#100#Persona fisica#M#40#NA#80100#Napoli#3#SI#Impiegato#M#40#NA#92100#Napoli#veicolo già assicurato con atr#No#No#BM#9#0#0#0#0#0#1#1#0#3,000,000
axa#267#2010-04-01#YAMAHA#9#100#moto#YZF R125 (2008)#si#100#Persona fisica#M#40#NA#80100#Napoli#3#SI#Impiegato#M#40#NA#92100#Napoli#veicolo già assicurato con atr#No#No#BM#10#0#0#0#0#0#1#1#0#3,000,000
axa#268#2010-04-01#YAMAHA#9#100#moto#YZF R125 (2008)#si#100#Persona fisica#M#40#NA#80100#Napoli#3#SI#Impiegato#M#40#NA#92100#Napoli#veicolo già assicurato con atr#No#No#BM#11#0#0#0#0#0#1#1#0#3,000,000
axa#269#2010-04-01#YAMAHA#9#100#moto#YZF R125 (2008)#si#100#Persona fisica#M#40#NA#80100#Napoli#3#SI#Impiegato#M#40#NA#92100#Napoli#veicolo già assicurato con atr#No#No#BM#12#0#0#0#0#0#1#1#0#3,000,000
axa#270#2010-04-01#YAMAHA#9#100#moto#YZF R125 (2008)#si#100#Persona fisica#M#40#NA#80100#Napoli#3#SI#Impiegato#M#40#NA#92100#Napoli#veicolo già assicurato con atr#No#No#BM#14#0#0#0#0#0#1#1#0#3,000,000
axa#271#2010-04-01#YAMAHA#9#100#moto#YZF R125 (2008)#si#100#Persona fisica#M#40#NA#80100#Napoli#3#SI#Impiegato#M#40#NA#92100#Napoli#veicolo già assicurato con atr#No#No#BM#15#0#0#0#0#0#1#1#0#3,000,000
axa#272#2010-04-01#YAMAHA#9#100#moto#YZF R125 (2008)#si#100#Persona fisica#M#40#NA#80100#Napoli#3#SI#Impiegato#M#40#NA#92100#Napoli#veicolo già assicurato con atr#No#No#BM#16#0#0#0#0#0#1#1#0#3,000,000
axa#273#2010-04-01#YAMAHA#9#100#moto#YZF R125 (2008)#si#100#Persona fisica#M#40#NA#80100#Napoli#3#SI#Impiegato#M#40#NA#92100#Napoli#veicolo già assicurato con atr#No#No#BM#17#0#0#0#0#0#1#1#0#3,000,000
axa#274#2010-04-01#YAMAHA#9#100#moto#YZF R125 (2008)#si#100#Persona fisica#M#40#NA#80100#Napoli#3#SI#Impiegato#M#40#NA#92100#Napoli#veicolo già assicurato con atr#No#No#BM#18#0#0#0#0#0#1#1#0#3,000,000
axa#275#2010-04-01#YAMAHA#9#100#moto#YZF R125 (2008)#si#100#Persona fisica#M#40#NA#80100#Napoli#3#SI#Impiegato#M#40#NA#92100#Napoli#veicolo già assicurato con atr#No#No#BM#1#0#0#0#0#1#0#1#0#3,000,000
axa#276#2010-04-01#YAMAHA#9#100#moto#YZF R125 (2008)#si#100#Persona fisica#M#40#NA#80100#Napoli#3#SI#Impiegato#M#40#NA#92100#Napoli#veicolo già assicurato con atr#No#No#BM#2#0#0#0#0#1#0#1#0#3,000,000
axa#277#2010-04-01#YAMAHA#9#100#moto#YZF R125 (2008)#si#100#Persona fisica#M#40#NA#80100#Napoli#3#SI#Impiegato#M#40#NA#92100#Napoli#veicolo già assicurato con atr#No#No#BM#3#0#0#0#0#1#0#1#0#3,000,000
axa#278#2010-04-01#YAMAHA#9#100#moto#YZF R125 (2008)#si#100#Persona fisica#M#40#NA#80100#Napoli#3#SI#Impiegato#M#40#NA#92100#Napoli#veicolo già assicurato con atr#No#No#BM#4#0#0#0#0#1#0#1#0#3,000,000
axa#279#2010-04-01#YAMAHA#9#100#moto#YZF R125 (2008)#si#100#Persona fisica#M#40#NA#80100#Napoli#3#SI#Impiegato#M#40#NA#92100#Napoli#veicolo già assicurato con atr#No#No#BM#5#0#0#0#0#1#0#1#0#3,000,000
axa#280#2010-04-01#YAMAHA#9#100#moto#YZF R125 (2008)#si#100#Persona fisica#M#40#NA#80100#Napoli#3#SI#Impiegato#M#40#NA#92100#Napoli#veicolo già assicurato con atr#No#No#BM#6#0#0#0#0#1#0#1#0#3,000,000
axa#281#2010-04-01#YAMAHA#9#100#moto#YZF R125 (2008)#si#100#Persona fisica#M#40#NA#80100#Napoli#3#SI#Impiegato#M#40#NA#92100#Napoli#veicolo già assicurato con atr#No#No#BM#7#0#0#0#0#1#0#1#0#3,000,000
axa#282#2010-04-01#YAMAHA#9#100#moto#YZF R125 (2008)#si#100#Persona fisica#M#40#NA#80100#Napoli#3#SI#Impiegato#M#40#NA#92100#Napoli#veicolo già assicurato con atr#No#No#BM#8#0#0#0#0#1#0#1#0#3,000,000
axa#283#2010-04-01#YAMAHA#9#100#moto#YZF R125 (2008)#si#100#Persona fisica#M#40#NA#80100#Napoli#3#SI#Impiegato#M#40#NA#92100#Napoli#veicolo già assicurato con atr#No#No#BM#9#0#0#0#0#1#0#1#0#3,000,000
axa#284#2010-04-01#YAMAHA#9#100#moto#YZF R125 (2008)#si#100#Persona fisica#M#40#NA#80100#Napoli#3#SI#Impiegato#M#40#NA#92100#Napoli#veicolo già assicurato con atr#No#No#BM#10#0#0#0#0#1#0#1#0#3,000,000
axa#285#2010-04-01#YAMAHA#9#100#moto#YZF R125 (2008)#si#100#Persona fisica#M#40#NA#80100#Napoli#3#SI#Impiegato#M#40#NA#92100#Napoli#veicolo già assicurato con atr#No#No#BM#11#0#0#0#0#1#0#1#0#3,000,000
axa#286#2010-04-01#YAMAHA#9#100#moto#YZF R125 (2008)#si#100#Persona fisica#M#40#NA#80100#Napoli#3#SI#Impiegato#M#40#NA#92100#Napoli#veicolo già assicurato con atr#No#No#BM#12#0#0#0#0#1#0#1#0#3,000,000
axa#287#2010-04-01#YAMAHA#9#100#moto#YZF R125 (2008)#si#100#Persona fisica#M#40#NA#80100#Napoli#3#SI#Impiegato#M#40#NA#92100#Napoli#veicolo già assicurato con atr#No#No#BM#14#0#0#0#0#1#0#1#0#3,000,000
axa#288#2010-04-01#YAMAHA#9#100#moto#YZF R125 (2008)#si#100#Persona fisica#M#40#NA#80100#Napoli#3#SI#Impiegato#M#40#NA#92100#Napoli#veicolo già assicurato con atr#No#No#BM#15#0#0#0#0#1#0#1#0#3,000,000
axa#289#2010-04-01#YAMAHA#9#100#moto#YZF R125 (2008)#si#100#Persona fisica#M#40#NA#80100#Napoli#3#SI#Impiegato#M#40#NA#92100#Napoli#veicolo già assicurato con atr#No#No#BM#16#0#0#0#0#1#0#1#0#3,000,000
axa#290#2010-04-01#YAMAHA#9#100#moto#YZF R125 (2008)#si#100#Persona fisica#M#40#NA#80100#Napoli#3#SI#Impiegato#M#40#NA#92100#Napoli#veicolo già assicurato con atr#No#No#BM#17#0#0#0#0#1#0#1#0#3,000,000
axa#291#2010-04-01#YAMAHA#9#100#moto#YZF R125 (2008)#si#100#Persona fisica#M#40#NA#80100#Napoli#3#SI#Impiegato#M#40#NA#92100#Napoli#veicolo già assicurato con atr#No#No#BM#18#0#0#0#0#1#0#1#0#3,000,000
axa#292#2010-04-01#YAMAHA#9#100#moto#YZF R125 (2008)#si#100#Persona fisica#M#40#NA#80100#Napoli#3#SI#Impiegato#M#40#NA#92100#Napoli#veicolo già assicurato con atr#No#No#BM#1#0#0#0#1#0#0#1#0#3,000,000
axa#293#2010-04-01#YAMAHA#9#100#moto#YZF R125 (2008)#si#100#Persona fisica#M#40#NA#80100#Napoli#3#SI#Impiegato#M#40#NA#92100#Napoli#veicolo già assicurato con atr#No#No#BM#2#0#0#0#1#0#0#1#0#3,000,000
axa#294#2010-04-01#YAMAHA#9#100#moto#YZF R125 (2008)#si#100#Persona fisica#M#40#NA#80100#Napoli#3#SI#Impiegato#M#40#NA#92100#Napoli#veicolo già assicurato con atr#No#No#BM#3#0#0#0#1#0#0#1#0#3,000,000
axa#295#2010-04-01#YAMAHA#9#100#moto#YZF R125 (2008)#si#100#Persona fisica#M#40#NA#80100#Napoli#3#SI#Impiegato#M#40#NA#92100#Napoli#veicolo già assicurato con atr#No#No#BM#4#0#0#0#1#0#0#1#0#3,000,000
axa#296#2010-04-01#YAMAHA#9#100#moto#YZF R125 (2008)#si#100#Persona fisica#M#40#NA#80100#Napoli#3#SI#Impiegato#M#40#NA#92100#Napoli#veicolo già assicurato con atr#No#No#BM#5#0#0#0#1#0#0#1#0#3,000,000
axa#297#2010-04-01#YAMAHA#9#100#moto#YZF R125 (2008)#si#100#Persona fisica#M#40#NA#80100#Napoli#3#SI#Impiegato#M#40#NA#92100#Napoli#veicolo già assicurato con atr#No#No#BM#6#0#0#0#1#0#0#1#0#3,000,000
axa#298#2010-04-01#YAMAHA#9#100#moto#YZF R125 (2008)#si#100#Persona fisica#M#40#NA#80100#Napoli#3#SI#Impiegato#M#40#NA#92100#Napoli#veicolo già assicurato con atr#No#No#BM#7#0#0#0#1#0#0#1#0#3,000,000
axa#299#2010-04-01#YAMAHA#9#100#moto#YZF R125 (2008)#si#100#Persona fisica#M#40#NA#80100#Napoli#3#SI#Impiegato#M#40#NA#92100#Napoli#veicolo già assicurato con atr#No#No#BM#8#0#0#0#1#0#0#1#0#3,000,000
axa#300#2010-04-01#YAMAHA#9#100#moto#YZF R125 (2008)#si#100#Persona fisica#M#40#NA#80100#Napoli#3#SI#Impiegato#M#40#NA#92100#Napoli#veicolo già assicurato con atr#No#No#BM#9#0#0#0#1#0#0#1#0#3,000,000
axa#301#2010-04-01#YAMAHA#9#100#moto#YZF R125 (2008)#si#100#Persona fisica#M#40#NA#80100#Napoli#3#SI#Impiegato#M#40#NA#92100#Napoli#veicolo già assicurato con atr#No#No#BM#10#0#0#0#1#0#0#1#0#3,000,000
axa#302#2010-04-01#YAMAHA#9#100#moto#YZF R125 (2008)#si#100#Persona fisica#M#40#NA#80100#Napoli#3#SI#Impiegato#M#40#NA#92100#Napoli#veicolo già assicurato con atr#No#No#BM#11#0#0#0#1#0#0#1#0#3,000,000
axa#303#2010-04-01#YAMAHA#9#100#moto#YZF R125 (2008)#si#100#Persona fisica#M#40#NA#80100#Napoli#3#SI#Impiegato#M#40#NA#92100#Napoli#veicolo già assicurato con atr#No#No#BM#12#0#0#0#1#0#0#1#0#3,000,000
axa#304#2010-04-01#YAMAHA#9#100#moto#YZF R125 (2008)#si#100#Persona fisica#M#40#NA#80100#Napoli#3#SI#Impiegato#M#40#NA#92100#Napoli#veicolo già assicurato con atr#No#No#BM#14#0#0#0#1#0#0#1#0#3,000,000
axa#305#2010-04-01#YAMAHA#9#100#moto#YZF R125 (2008)#si#100#Persona fisica#M#40#NA#80100#Napoli#3#SI#Impiegato#M#40#NA#92100#Napoli#veicolo già assicurato con atr#No#No#BM#15#0#0#0#1#0#0#1#0#3,000,000
axa#306#2010-04-01#YAMAHA#9#100#moto#YZF R125 (2008)#si#100#Persona fisica#M#40#NA#80100#Napoli#3#SI#Impiegato#M#40#NA#92100#Napoli#veicolo già assicurato con atr#No#No#BM#16#0#0#0#1#0#0#1#0#3,000,000
axa#307#2010-04-01#YAMAHA#9#100#moto#YZF R125 (2008)#si#100#Persona fisica#M#40#NA#80100#Napoli#3#SI#Impiegato#M#40#NA#92100#Napoli#veicolo già assicurato con atr#No#No#BM#17#0#0#0#1#0#0#1#0#3,000,000
axa#308#2010-04-01#YAMAHA#9#100#moto#YZF R125 (2008)#si#100#Persona fisica#M#40#NA#80100#Napoli#3#SI#Impiegato#M#40#NA#92100#Napoli#veicolo già assicurato con atr#No#No#BM#18#0#0#0#1#0#0#1#0#3,000,000
axa#309#2010-04-01#YAMAHA#9#100#moto#YZF R125 (2008)#si#100#Persona fisica#M#40#NA#80100#Napoli#3#SI#Impiegato#M#40#NA#92100#Napoli#veicolo già assicurato con atr#No#No#BM#1#0#0#1#0#0#0#1#0#3,000,000
axa#310#2010-04-01#YAMAHA#9#100#moto#YZF R125 (2008)#si#100#Persona fisica#M#40#NA#80100#Napoli#3#SI#Impiegato#M#40#NA#92100#Napoli#veicolo già assicurato con atr#No#No#BM#2#0#0#1#0#0#0#1#0#3,000,000
axa#311#2010-04-01#YAMAHA#9#100#moto#YZF R125 (2008)#si#100#Persona fisica#M#40#NA#80100#Napoli#3#SI#Impiegato#M#40#NA#92100#Napoli#veicolo già assicurato con atr#No#No#BM#3#0#0#1#0#0#0#1#0#3,000,000
axa#312#2010-04-01#YAMAHA#9#100#moto#YZF R125 (2008)#si#100#Persona fisica#M#40#NA#80100#Napoli#3#SI#Impiegato#M#40#NA#92100#Napoli#veicolo già assicurato con atr#No#No#BM#4#0#0#1#0#0#0#1#0#3,000,000
axa#313#2010-04-01#YAMAHA#9#100#moto#YZF R125 (2008)#si#100#Persona fisica#M#40#NA#80100#Napoli#3#SI#Impiegato#M#40#NA#92100#Napoli#veicolo già assicurato con atr#No#No#BM#5#0#0#1#0#0#0#1#0#3,000,000
axa#314#2010-04-01#YAMAHA#9#100#moto#YZF R125 (2008)#si#100#Persona fisica#M#40#NA#80100#Napoli#3#SI#Impiegato#M#40#NA#92100#Napoli#veicolo già assicurato con atr#No#No#BM#6#0#0#1#0#0#0#1#0#3,000,000
axa#315#2010-04-01#YAMAHA#9#100#moto#YZF R125 (2008)#si#100#Persona fisica#M#40#NA#80100#Napoli#3#SI#Impiegato#M#40#NA#92100#Napoli#veicolo già assicurato con atr#No#No#BM#7#0#0#1#0#0#0#1#0#3,000,000
axa#316#2010-04-01#YAMAHA#9#100#moto#YZF R125 (2008)#si#100#Persona fisica#M#40#NA#80100#Napoli#3#SI#Impiegato#M#40#NA#92100#Napoli#veicolo già assicurato con atr#No#No#BM#8#0#0#1#0#0#0#1#0#3,000,000
axa#317#2010-04-01#YAMAHA#9#100#moto#YZF R125 (2008)#si#100#Persona fisica#M#40#NA#80100#Napoli#3#SI#Impiegato#M#40#NA#92100#Napoli#veicolo già assicurato con atr#No#No#BM#9#0#0#1#0#0#0#1#0#3,000,000
axa#318#2010-04-01#YAMAHA#9#100#moto#YZF R125 (2008)#si#100#Persona fisica#M#40#NA#80100#Napoli#3#SI#Impiegato#M#40#NA#92100#Napoli#veicolo già assicurato con atr#No#No#BM#10#0#0#1#0#0#0#1#0#3,000,000
axa#319#2010-04-01#YAMAHA#9#100#moto#YZF R125 (2008)#si#100#Persona fisica#M#40#NA#80100#Napoli#3#SI#Impiegato#M#40#NA#92100#Napoli#veicolo già assicurato con atr#No#No#BM#11#0#0#1#0#0#0#1#0#3,000,000
axa#320#2010-04-01#YAMAHA#9#100#moto#YZF R125 (2008)#si#100#Persona fisica#M#40#NA#80100#Napoli#3#SI#Impiegato#M#40#NA#92100#Napoli#veicolo già assicurato con atr#No#No#BM#12#0#0#1#0#0#0#1#0#3,000,000
axa#321#2010-04-01#YAMAHA#9#100#moto#YZF R125 (2008)#si#100#Persona fisica#M#40#NA#80100#Napoli#3#SI#Impiegato#M#40#NA#92100#Napoli#veicolo già assicurato con atr#No#No#BM#14#0#0#1#0#0#0#1#0#3,000,000
axa#322#2010-04-01#YAMAHA#9#100#moto#YZF R125 (2008)#si#100#Persona fisica#M#40#NA#80100#Napoli#3#SI#Impiegato#M#40#NA#92100#Napoli#veicolo già assicurato con atr#No#No#BM#15#0#0#1#0#0#0#1#0#3,000,000
axa#323#2010-04-01#YAMAHA#9#100#moto#YZF R125 (2008)#si#100#Persona fisica#M#40#NA#80100#Napoli#3#SI#Impiegato#M#40#NA#92100#Napoli#veicolo già assicurato con atr#No#No#BM#16#0#0#1#0#0#0#1#0#3,000,000
axa#324#2010-04-01#YAMAHA#9#100#moto#YZF R125 (2008)#si#100#Persona fisica#M#40#NA#80100#Napoli#3#SI#Impiegato#M#40#NA#92100#Napoli#veicolo già assicurato con atr#No#No#BM#17#0#0#1#0#0#0#1#0#3,000,000
axa#325#2010-04-01#YAMAHA#9#100#moto#YZF R125 (2008)#si#100#Persona fisica#M#40#NA#80100#Napoli#3#SI#Impiegato#M#40#NA#92100#Napoli#veicolo già assicurato con atr#No#No#BM#18#0#0#1#0#0#0#1#0#3,000,000
axa#326#2010-04-01#YAMAHA#9#100#moto#YZF R125 (2008)#si#100#Persona fisica#M#40#NA#80100#Napoli#3#SI#Impiegato#M#40#NA#92100#Napoli#veicolo già assicurato con atr#No#No#BM#1#0#1#0#0#0#0#1#0#3,000,000
axa#327#2010-04-01#YAMAHA#9#100#moto#YZF R125 (2008)#si#100#Persona fisica#M#40#NA#80100#Napoli#3#SI#Impiegato#M#40#NA#92100#Napoli#veicolo già assicurato con atr#No#No#BM#2#0#1#0#0#0#0#1#0#3,000,000
axa#328#2010-04-01#YAMAHA#9#100#moto#YZF R125 (2008)#si#100#Persona fisica#M#40#NA#80100#Napoli#3#SI#Impiegato#M#40#NA#92100#Napoli#veicolo già assicurato con atr#No#No#BM#3#0#1#0#0#0#0#1#0#3,000,000
axa#329#2010-04-01#YAMAHA#9#100#moto#YZF R125 (2008)#si#100#Persona fisica#M#40#NA#80100#Napoli#3#SI#Impiegato#M#40#NA#92100#Napoli#veicolo già assicurato con atr#No#No#BM#4#0#1#0#0#0#0#1#0#3,000,000
axa#330#2010-04-01#YAMAHA#9#100#moto#YZF R125 (2008)#si#100#Persona fisica#M#40#NA#80100#Napoli#3#SI#Impiegato#M#40#NA#92100#Napoli#veicolo già assicurato con atr#No#No#BM#5#0#1#0#0#0#0#1#0#3,000,000
axa#331#2010-04-01#YAMAHA#9#100#moto#YZF R125 (2008)#si#100#Persona fisica#M#40#NA#80100#Napoli#3#SI#Impiegato#M#40#NA#92100#Napoli#veicolo già assicurato con atr#No#No#BM#6#0#1#0#0#0#0#1#0#3,000,000
axa#332#2010-04-01#YAMAHA#9#100#moto#YZF R125 (2008)#si#100#Persona fisica#M#40#NA#80100#Napoli#3#SI#Impiegato#M#40#NA#92100#Napoli#veicolo già assicurato con atr#No#No#BM#7#0#1#0#0#0#0#1#0#3,000,000
axa#333#2010-04-01#YAMAHA#9#100#moto#YZF R125 (2008)#si#100#Persona fisica#M#40#NA#80100#Napoli#3#SI#Impiegato#M#40#NA#92100#Napoli#veicolo già assicurato con atr#No#No#BM#8#0#1#0#0#0#0#1#0#3,000,000
axa#334#2010-04-01#YAMAHA#9#100#moto#YZF R125 (2008)#si#100#Persona fisica#M#40#NA#80100#Napoli#3#SI#Impiegato#M#40#NA#92100#Napoli#veicolo già assicurato con atr#No#No#BM#9#0#1#0#0#0#0#1#0#3,000,000
axa#335#2010-04-01#YAMAHA#9#100#moto#YZF R125 (2008)#si#100#Persona fisica#M#40#NA#80100#Napoli#3#SI#Impiegato#M#40#NA#92100#Napoli#veicolo già assicurato con atr#No#No#BM#10#0#1#0#0#0#0#1#0#3,000,000
axa#336#2010-04-01#YAMAHA#9#100#moto#YZF R125 (2008)#si#100#Persona fisica#M#40#NA#80100#Napoli#3#SI#Impiegato#M#40#NA#92100#Napoli#veicolo già assicurato con atr#No#No#BM#11#0#1#0#0#0#0#1#0#3,000,000
axa#337#2010-04-01#YAMAHA#9#100#moto#YZF R125 (2008)#si#100#Persona fisica#M#40#NA#80100#Napoli#3#SI#Impiegato#M#40#NA#92100#Napoli#veicolo già assicurato con atr#No#No#BM#12#0#1#0#0#0#0#1#0#3,000,000
axa#338#2010-04-01#YAMAHA#9#100#moto#YZF R125 (2008)#si#100#Persona fisica#M#40#NA#80100#Napoli#3#SI#Impiegato#M#40#NA#92100#Napoli#veicolo già assicurato con atr#No#No#BM#14#0#1#0#0#0#0#1#0#3,000,000
axa#339#2010-04-01#YAMAHA#9#100#moto#YZF R125 (2008)#si#100#Persona fisica#M#40#NA#80100#Napoli#3#SI#Impiegato#M#40#NA#92100#Napoli#veicolo già assicurato con atr#No#No#BM#15#0#1#0#0#0#0#1#0#3,000,000
axa#340#2010-04-01#YAMAHA#9#100#moto#YZF R125 (2008)#si#100#Persona fisica#M#40#NA#80100#Napoli#3#SI#Impiegato#M#40#NA#92100#Napoli#veicolo già assicurato con atr#No#No#BM#16#0#1#0#0#0#0#1#0#3,000,000
axa#341#2010-04-01#YAMAHA#9#100#moto#YZF R125 (2008)#si#100#Persona fisica#M#40#NA#80100#Napoli#3#SI#Impiegato#M#40#NA#92100#Napoli#veicolo già assicurato con atr#No#No#BM#17#0#1#0#0#0#0#1#0#3,000,000
axa#342#2010-04-01#YAMAHA#9#100#moto#YZF R125 (2008)#si#100#Persona fisica#M#40#NA#80100#Napoli#3#SI#Impiegato#M#40#NA#92100#Napoli#veicolo già assicurato con atr#No#No#BM#18#0#1#0#0#0#0#1#0#3,000,000
axa#343#2010-04-01#YAMAHA#9#100#moto#YZF R125 (2008)#si#100#Persona fisica#M#40#NA#80100#Napoli#3#SI#Impiegato#M#40#NA#92100#Napoli#veicolo già assicurato con atr#No#No#BM#1#1#0#0#0#0#0#1#0#3,000,000
axa#344#2010-04-01#YAMAHA#9#100#moto#YZF R125 (2008)#si#100#Persona fisica#M#40#NA#80100#Napoli#3#SI#Impiegato#M#40#NA#92100#Napoli#veicolo già assicurato con atr#No#No#BM#2#1#0#0#0#0#0#1#0#3,000,000
axa#345#2010-04-01#YAMAHA#9#100#moto#YZF R125 (2008)#si#100#Persona fisica#M#40#NA#80100#Napoli#3#SI#Impiegato#M#40#NA#92100#Napoli#veicolo già assicurato con atr#No#No#BM#3#1#0#0#0#0#0#1#0#3,000,000
axa#346#2010-04-01#YAMAHA#9#100#moto#YZF R125 (2008)#si#100#Persona fisica#M#40#NA#80100#Napoli#3#SI#Impiegato#M#40#NA#92100#Napoli#veicolo già assicurato con atr#No#No#BM#4#1#0#0#0#0#0#1#0#3,000,000
axa#347#2010-04-01#YAMAHA#9#100#moto#YZF R125 (2008)#si#100#Persona fisica#M#40#NA#80100#Napoli#3#SI#Impiegato#M#40#NA#92100#Napoli#veicolo già assicurato con atr#No#No#BM#5#1#0#0#0#0#0#1#0#3,000,000
axa#348#2010-04-01#YAMAHA#9#100#moto#YZF R125 (2008)#si#100#Persona fisica#M#40#NA#80100#Napoli#3#SI#Impiegato#M#40#NA#92100#Napoli#veicolo già assicurato con atr#No#No#BM#6#1#0#0#0#0#0#1#0#3,000,000
axa#349#2010-04-01#YAMAHA#9#100#moto#YZF R125 (2008)#si#100#Persona fisica#M#40#NA#80100#Napoli#3#SI#Impiegato#M#40#NA#92100#Napoli#veicolo già assicurato con atr#No#No#BM#7#1#0#0#0#0#0#1#0#3,000,000
axa#350#2010-04-01#YAMAHA#9#100#moto#YZF R125 (2008)#si#100#Persona fisica#M#40#NA#80100#Napoli#3#SI#Impiegato#M#40#NA#92100#Napoli#veicolo già assicurato con atr#No#No#BM#8#1#0#0#0#0#0#1#0#3,000,000
axa#351#2010-04-01#YAMAHA#9#100#moto#YZF R125 (2008)#si#100#Persona fisica#M#40#NA#80100#Napoli#3#SI#Impiegato#M#40#NA#92100#Napoli#veicolo già assicurato con atr#No#No#BM#9#1#0#0#0#0#0#1#0#3,000,000
axa#352#2010-04-01#YAMAHA#9#100#moto#YZF R125 (2008)#si#100#Persona fisica#M#40#NA#80100#Napoli#3#SI#Impiegato#M#40#NA#92100#Napoli#veicolo già assicurato con atr#No#No#BM#10#1#0#0#0#0#0#1#0#3,000,000
axa#353#2010-04-01#YAMAHA#9#100#moto#YZF R125 (2008)#si#100#Persona fisica#M#40#NA#80100#Napoli#3#SI#Impiegato#M#40#NA#92100#Napoli#veicolo già assicurato con atr#No#No#BM#11#1#0#0#0#0#0#1#0#3,000,000
axa#354#2010-04-01#YAMAHA#9#100#moto#YZF R125 (2008)#si#100#Persona fisica#M#40#NA#80100#Napoli#3#SI#Impiegato#M#40#NA#92100#Napoli#veicolo già assicurato con atr#No#No#BM#12#1#0#0#0#0#0#1#0#3,000,000
axa#355#2010-04-01#YAMAHA#9#100#moto#YZF R125 (2008)#si#100#Persona fisica#M#40#NA#80100#Napoli#3#SI#Impiegato#M#40#NA#92100#Napoli#veicolo già assicurato con atr#No#No#BM#14#1#0#0#0#0#0#1#0#3,000,000
axa#356#2010-04-01#YAMAHA#9#100#moto#YZF R125 (2008)#si#100#Persona fisica#M#40#NA#80100#Napoli#3#SI#Impiegato#M#40#NA#92100#Napoli#veicolo già assicurato con atr#No#No#BM#15#1#0#0#0#0#0#1#0#3,000,000
axa#357#2010-04-01#YAMAHA#9#100#moto#YZF R125 (2008)#si#100#Persona fisica#M#40#NA#80100#Napoli#3#SI#Impiegato#M#40#NA#92100#Napoli#veicolo già assicurato con atr#No#No#BM#16#1#0#0#0#0#0#1#0#3,000,000
axa#358#2010-04-01#YAMAHA#9#100#moto#YZF R125 (2008)#si#100#Persona fisica#M#40#NA#80100#Napoli#3#SI#Impiegato#M#40#NA#92100#Napoli#veicolo già assicurato con atr#No#No#BM#17#1#0#0#0#0#0#1#0#3,000,000
axa#359#2010-04-01#YAMAHA#9#100#moto#YZF R125 (2008)#si#100#Persona fisica#M#40#NA#80100#Napoli#3#SI#Impiegato#M#40#NA#92100#Napoli#veicolo già assicurato con atr#No#No#BM#18#1#0#0#0#0#0#1#0#3,000,000
axa#360#2010-04-01#YAMAHA#9#100#moto#YZF R125 (2008)#si#100#Persona fisica#M#40#NA#80100#Napoli#3#SI#Impiegato#M#40#NA#92100#Napoli#veicolo già assicurato con atr#No#No#BM#14#0#0#0#0#0#0#0#0#3,000,000
axa#361#2010-04-01#YAMAHA#9#100#moto#YZF R125 (2008)#si#100#Persona fisica#M#40#NA#80100#Napoli#3#SI#Impiegato#M#40#NA#92100#Napoli#veicolo già assicurato con atr#No#No#BM#14#0#0#0#0#0#0#0#0#6,000,000
axa#362#2010-04-01#YAMAHA#9#100#moto#YZF R125 (2008)#si#100#Persona fisica#M#40#NA#80100#Napoli#3#SI#Impiegato#M#40#NA#92100#Napoli#veicolo già assicurato con atr#No#No#BM#14#0#0#0#0#0#0#0#0#10,000,000
