Axa – Moto#1#2010-04-01#APRILIA#9#100#moto#MX 125 (2003)#si#100#Persona fisica#M#40#NA#92100#Napoli#3#SI#Impiegato#M#40#NA#92100#Napoli#veicolo già assicurato con atr#No#No#BM#14#0#0#0#0#0#0#0#0#3,000,000
Axa – Moto#2#2010-04-01#APRILIA#9#100#moto#MX 125 (2003)#si#100#Persona fisica#M#40#NA#15100#Napoli#3#SI#Impiegato#M#40#NA#15100#Napoli#veicolo già assicurato con atr#No#No#BM#14#0#0#0#0#0#0#0#0#3,000,000
Axa – Moto#3#2010-04-01#APRILIA#9#100#moto#MX 125 (2003)#si#100#Persona fisica#M#40#NA#60100#Napoli#3#SI#Impiegato#M#40#NA#60100#Napoli#veicolo già assicurato con atr#No#No#BM#14#0#0#0#0#0#0#0#0#3,000,000
Axa – Moto#4#2010-04-01#APRILIA#9#100#moto#MX 125 (2003)#si#100#Persona fisica#M#40#NA#11100#Napoli#3#SI#Impiegato#M#40#NA#11100#Napoli#veicolo già assicurato con atr#No#No#BM#14#0#0#0#0#0#0#0#0#3,000,000
Axa – Moto#5#2010-04-01#APRILIA#9#100#moto#MX 125 (2003)#si#100#Persona fisica#M#40#NA#63100#Napoli#3#SI#Impiegato#M#40#NA#63100#Napoli#veicolo già assicurato con atr#No#No#BM#14#0#0#0#0#0#0#0#0#3,000,000
Axa – Moto#6#2010-04-01#APRILIA#9#100#moto#MX 125 (2003)#si#100#Persona fisica#M#40#NA#67100#Napoli#3#SI#Impiegato#M#40#NA#67100#Napoli#veicolo già assicurato con atr#No#No#BM#14#0#0#0#0#0#0#0#0#3,000,000
Axa – Moto#7#2010-04-01#APRILIA#9#100#moto#MX 125 (2003)#si#100#Persona fisica#M#40#NA#52100#Napoli#3#SI#Impiegato#M#40#NA#52100#Napoli#veicolo già assicurato con atr#No#No#BM#14#0#0#0#0#0#0#0#0#3,000,000
Axa – Moto#8#2010-04-01#APRILIA#9#100#moto#MX 125 (2003)#si#100#Persona fisica#M#40#NA#14100#Napoli#3#SI#Impiegato#M#40#NA#14100#Napoli#veicolo già assicurato con atr#No#No#BM#14#0#0#0#0#0#0#0#0#3,000,000
Axa – Moto#9#2010-04-01#APRILIA#9#100#moto#MX 125 (2003)#si#100#Persona fisica#M#40#NA#83100#Napoli#3#SI#Impiegato#M#40#NA#83100#Napoli#veicolo già assicurato con atr#No#No#BM#14#0#0#0#0#0#0#0#0#3,000,000
Axa – Moto#10#2010-04-01#APRILIA#9#100#moto#MX 125 (2003)#si#100#Persona fisica#M#40#NA#70100#Napoli#3#SI#Impiegato#M#40#NA#70100#Napoli#veicolo già assicurato con atr#No#No#BM#14#0#0#0#0#0#0#0#0#3,000,000
Axa – Moto#11#2010-04-01#APRILIA#9#100#moto#MX 125 (2003)#si#100#Persona fisica#M#40#NA#24100#Napoli#3#SI#Impiegato#M#40#NA#24100#Napoli#veicolo già assicurato con atr#No#No#BM#14#0#0#0#0#0#0#0#0#3,000,000
Axa – Moto#12#2010-04-01#APRILIA#9#100#moto#MX 125 (2003)#si#100#Persona fisica#M#40#NA#13900#Napoli#3#SI#Impiegato#M#40#NA#13900#Napoli#veicolo già assicurato con atr#No#No#BM#14#0#0#0#0#0#0#0#0#3,000,000
Axa – Moto#13#2010-04-01#APRILIA#9#100#moto#MX 125 (2003)#si#100#Persona fisica#M#40#NA#32100#Napoli#3#SI#Impiegato#M#40#NA#32100#Napoli#veicolo già assicurato con atr#No#No#BM#14#0#0#0#0#0#0#0#0#3,000,000
Axa – Moto#14#2010-04-01#APRILIA#9#100#moto#MX 125 (2003)#si#100#Persona fisica#M#40#NA#82100#Napoli#3#SI#Impiegato#M#40#NA#82100#Napoli#veicolo già assicurato con atr#No#No#BM#14#0#0#0#0#0#0#0#0#3,000,000
Axa – Moto#15#2010-04-01#APRILIA#9#100#moto#MX 125 (2003)#si#100#Persona fisica#M#40#NA#40100#Napoli#3#SI#Impiegato#M#40#NA#40100#Napoli#veicolo già assicurato con atr#No#No#BM#14#0#0#0#0#0#0#0#0#3,000,000
Axa – Moto#16#2010-04-01#APRILIA#9#100#moto#MX 125 (2003)#si#100#Persona fisica#M#40#NA#72100#Napoli#3#SI#Impiegato#M#40#NA#72100#Napoli#veicolo già assicurato con atr#No#No#BM#14#0#0#0#0#0#0#0#0#3,000,000
Axa – Moto#17#2010-04-01#APRILIA#9#100#moto#MX 125 (2003)#si#100#Persona fisica#M#40#NA#25100#Napoli#3#SI#Impiegato#M#40#NA#25100#Napoli#veicolo già assicurato con atr#No#No#BM#14#0#0#0#0#0#0#0#0#3,000,000
Axa – Moto#18#2010-04-01#APRILIA#9#100#moto#MX 125 (2003)#si#100#Persona fisica#M#40#NA#39100#Napoli#3#SI#Impiegato#M#40#NA#39100#Napoli#veicolo già assicurato con atr#No#No#BM#14#0#0#0#0#0#0#0#0#3,000,000
Axa – Moto#19#2010-04-01#APRILIA#9#100#moto#MX 125 (2003)#si#100#Persona fisica#M#40#NA#09100#Napoli#3#SI#Impiegato#M#40#NA#09100#Napoli#veicolo già assicurato con atr#No#No#BM#14#0#0#0#0#0#0#0#0#3,000,000
Axa – Moto#20#2010-04-01#APRILIA#9#100#moto#MX 125 (2003)#si#100#Persona fisica#M#40#NA#86100#Napoli#3#SI#Impiegato#M#40#NA#86100#Napoli#veicolo già assicurato con atr#No#No#BM#14#0#0#0#0#0#0#0#0#3,000,000
Axa – Moto#21#2010-04-01#APRILIA#9#100#moto#MX 125 (2003)#si#100#Persona fisica#M#40#NA#81100#Napoli#3#SI#Impiegato#M#40#NA#81100#Napoli#veicolo già assicurato con atr#No#No#BM#14#0#0#0#0#0#0#0#0#3,000,000
Axa – Moto#22#2010-04-01#APRILIA#9#100#moto#MX 125 (2003)#si#100#Persona fisica#M#40#NA#66100#Napoli#3#SI#Impiegato#M#40#NA#66100#Napoli#veicolo già assicurato con atr#No#No#BM#14#0#0#0#0#0#0#0#0#3,000,000
Axa – Moto#23#2010-04-01#APRILIA#9#100#moto#MX 125 (2003)#si#100#Persona fisica#M#40#NA#93100#Napoli#3#SI#Impiegato#M#40#NA#93100#Napoli#veicolo già assicurato con atr#No#No#BM#14#0#0#0#0#0#0#0#0#3,000,000
Axa – Moto#24#2010-04-01#APRILIA#9#100#moto#MX 125 (2003)#si#100#Persona fisica#M#40#NA#12100#Napoli#3#SI#Impiegato#M#40#NA#12100#Napoli#veicolo già assicurato con atr#No#No#BM#14#0#0#0#0#0#0#0#0#3,000,000
Axa – Moto#25#2010-04-01#APRILIA#9#100#moto#MX 125 (2003)#si#100#Persona fisica#M#40#NA#22100#Napoli#3#SI#Impiegato#M#40#NA#22100#Napoli#veicolo già assicurato con atr#No#No#BM#14#0#0#0#0#0#0#0#0#3,000,000
Axa – Moto#26#2010-04-01#APRILIA#9#100#moto#MX 125 (2003)#si#100#Persona fisica#M#40#NA#26100#Napoli#3#SI#Impiegato#M#40#NA#26100#Napoli#veicolo già assicurato con atr#No#No#BM#14#0#0#0#0#0#0#0#0#3,000,000
Axa – Moto#27#2010-04-01#APRILIA#9#100#moto#MX 125 (2003)#si#100#Persona fisica#M#40#NA#87100#Napoli#3#SI#Impiegato#M#40#NA#87100#Napoli#veicolo già assicurato con atr#No#No#BM#14#0#0#0#0#0#0#0#0#3,000,000
Axa – Moto#28#2010-04-01#APRILIA#9#100#moto#MX 125 (2003)#si#100#Persona fisica#M#40#NA#95100#Napoli#3#SI#Impiegato#M#40#NA#95100#Napoli#veicolo già assicurato con atr#No#No#BM#14#0#0#0#0#0#0#0#0#3,000,000
Axa – Moto#29#2010-04-01#APRILIA#9#100#moto#MX 125 (2003)#si#100#Persona fisica#M#40#NA#88100#Napoli#3#SI#Impiegato#M#40#NA#88100#Napoli#veicolo già assicurato con atr#No#No#BM#14#0#0#0#0#0#0#0#0#3,000,000
Axa – Moto#30#2010-04-01#APRILIA#9#100#moto#MX 125 (2003)#si#100#Persona fisica#M#40#NA#94100#Napoli#3#SI#Impiegato#M#40#NA#94100#Napoli#veicolo già assicurato con atr#No#No#BM#14#0#0#0#0#0#0#0#0#3,000,000
Axa – Moto#31#2010-04-01#APRILIA#9#100#moto#MX 125 (2003)#si#100#Persona fisica#M#40#NA#44100#Napoli#3#SI#Impiegato#M#40#NA#44100#Napoli#veicolo già assicurato con atr#No#No#BM#14#0#0#0#0#0#0#0#0#3,000,000
Axa – Moto#32#2010-04-01#APRILIA#9#100#moto#MX 125 (2003)#si#100#Persona fisica#M#40#NA#71100#Napoli#3#SI#Impiegato#M#40#NA#71100#Napoli#veicolo già assicurato con atr#No#No#BM#14#0#0#0#0#0#0#0#0#3,000,000
Axa – Moto#33#2010-04-01#APRILIA#9#100#moto#MX 125 (2003)#si#100#Persona fisica#M#40#NA#50100#Napoli#3#SI#Impiegato#M#40#NA#50100#Napoli#veicolo già assicurato con atr#No#No#BM#14#0#0#0#0#0#0#0#0#3,000,000
Axa – Moto#34#2010-04-01#APRILIA#9#100#moto#MX 125 (2003)#si#100#Persona fisica#M#40#NA#47100#Napoli#3#SI#Impiegato#M#40#NA#47100#Napoli#veicolo già assicurato con atr#No#No#BM#14#0#0#0#0#0#0#0#0#3,000,000
Axa – Moto#35#2010-04-01#APRILIA#9#100#moto#MX 125 (2003)#si#100#Persona fisica#M#40#NA#03100#Napoli#3#SI#Impiegato#M#40#NA#03100#Napoli#veicolo già assicurato con atr#No#No#BM#14#0#0#0#0#0#0#0#0#3,000,000
Axa – Moto#36#2010-04-01#APRILIA#9#100#moto#MX 125 (2003)#si#100#Persona fisica#M#40#NA#16100#Napoli#3#SI#Impiegato#M#40#NA#16100#Napoli#veicolo già assicurato con atr#No#No#BM#14#0#0#0#0#0#0#0#0#3,000,000
Axa – Moto#37#2010-04-01#APRILIA#9#100#moto#MX 125 (2003)#si#100#Persona fisica#M#40#NA#34170#Napoli#3#SI#Impiegato#M#40#NA#34170#Napoli#veicolo già assicurato con atr#No#No#BM#14#0#0#0#0#0#0#0#0#3,000,000
Axa – Moto#38#2010-04-01#APRILIA#9#100#moto#MX 125 (2003)#si#100#Persona fisica#M#40#NA#58100#Napoli#3#SI#Impiegato#M#40#NA#58100#Napoli#veicolo già assicurato con atr#No#No#BM#14#0#0#0#0#0#0#0#0#3,000,000
Axa – Moto#39#2010-04-01#APRILIA#9#100#moto#MX 125 (2003)#si#100#Persona fisica#M#40#NA#18100#Napoli#3#SI#Impiegato#M#40#NA#18100#Napoli#veicolo già assicurato con atr#No#No#BM#14#0#0#0#0#0#0#0#0#3,000,000
Axa – Moto#40#2010-04-01#APRILIA#9#100#moto#MX 125 (2003)#si#100#Persona fisica#M#40#NA#86170#Napoli#3#SI#Impiegato#M#40#NA#86170#Napoli#veicolo già assicurato con atr#No#No#BM#14#0#0#0#0#0#0#0#0#3,000,000
Axa – Moto#41#2010-04-01#APRILIA#9#100#moto#MX 125 (2003)#si#100#Persona fisica#M#40#NA#88900#Napoli#3#SI#Impiegato#M#40#NA#88900#Napoli#veicolo già assicurato con atr#No#No#BM#14#0#0#0#0#0#0#0#0#3,000,000
Axa – Moto#42#2010-04-01#APRILIA#9#100#moto#MX 125 (2003)#si#100#Persona fisica#M#40#NA#23900#Napoli#3#SI#Impiegato#M#40#NA#23900#Napoli#veicolo già assicurato con atr#No#No#BM#14#0#0#0#0#0#0#0#0#3,000,000
Axa – Moto#43#2010-04-01#APRILIA#9#100#moto#MX 125 (2003)#si#100#Persona fisica#M#40#NA#73100#Napoli#3#SI#Impiegato#M#40#NA#73100#Napoli#veicolo già assicurato con atr#No#No#BM#14#0#0#0#0#0#0#0#0#3,000,000
Axa – Moto#44#2010-04-01#APRILIA#9#100#moto#MX 125 (2003)#si#100#Persona fisica#M#40#NA#57100#Napoli#3#SI#Impiegato#M#40#NA#57100#Napoli#veicolo già assicurato con atr#No#No#BM#14#0#0#0#0#0#0#0#0#3,000,000
Axa – Moto#45#2010-04-01#APRILIA#9#100#moto#MX 125 (2003)#si#100#Persona fisica#M#40#NA#26900#Napoli#3#SI#Impiegato#M#40#NA#26900#Napoli#veicolo già assicurato con atr#No#No#BM#14#0#0#0#0#0#0#0#0#3,000,000
Axa – Moto#46#2010-04-01#APRILIA#9#100#moto#MX 125 (2003)#si#100#Persona fisica#M#40#NA#04100#Napoli#3#SI#Impiegato#M#40#NA#04100#Napoli#veicolo già assicurato con atr#No#No#BM#14#0#0#0#0#0#0#0#0#3,000,000
Axa – Moto#47#2010-04-01#APRILIA#9#100#moto#MX 125 (2003)#si#100#Persona fisica#M#40#NA#55100#Napoli#3#SI#Impiegato#M#40#NA#55100#Napoli#veicolo già assicurato con atr#No#No#BM#14#0#0#0#0#0#0#0#0#3,000,000
Axa – Moto#48#2010-04-01#APRILIA#9#100#moto#MX 125 (2003)#si#100#Persona fisica#M#40#NA#62100#Napoli#3#SI#Impiegato#M#40#NA#62100#Napoli#veicolo già assicurato con atr#No#No#BM#14#0#0#0#0#0#0#0#0#3,000,000
Axa – Moto#49#2010-04-01#APRILIA#9#100#moto#MX 125 (2003)#si#100#Persona fisica#M#40#NA#98100#Napoli#3#SI#Impiegato#M#40#NA#98100#Napoli#veicolo già assicurato con atr#No#No#BM#14#0#0#0#0#0#0#0#0#3,000,000
Axa – Moto#50#2010-04-01#APRILIA#9#100#moto#MX 125 (2003)#si#100#Persona fisica#M#40#NA#20100#Napoli#3#SI#Impiegato#M#40#NA#20100#Napoli#veicolo già assicurato con atr#No#No#BM#14#0#0#0#0#0#0#0#0#3,000,000
Axa – Moto#51#2010-04-01#APRILIA#9#100#moto#MX 125 (2003)#si#100#Persona fisica#M#40#NA#46100#Napoli#3#SI#Impiegato#M#40#NA#46100#Napoli#veicolo già assicurato con atr#No#No#BM#14#0#0#0#0#0#0#0#0#3,000,000
Axa – Moto#52#2010-04-01#APRILIA#9#100#moto#MX 125 (2003)#si#100#Persona fisica#M#40#NA#41100#Napoli#3#SI#Impiegato#M#40#NA#41100#Napoli#veicolo già assicurato con atr#No#No#BM#14#0#0#0#0#0#0#0#0#3,000,000
Axa – Moto#53#2010-04-01#APRILIA#9#100#moto#MX 125 (2003)#si#100#Persona fisica#M#40#NA#54100#Napoli#3#SI#Impiegato#M#40#NA#54100#Napoli#veicolo già assicurato con atr#No#No#BM#14#0#0#0#0#0#0#0#0#3,000,000
Axa – Moto#54#2010-04-01#APRILIA#9#100#moto#MX 125 (2003)#si#100#Persona fisica#M#40#NA#75100#Napoli#3#SI#Impiegato#M#40#NA#75100#Napoli#veicolo già assicurato con atr#No#No#BM#14#0#0#0#0#0#0#0#0#3,000,000
Axa – Moto#55#2010-04-01#APRILIA#9#100#moto#MX 125 (2003)#si#100#Persona fisica#M#40#NA#80100#Napoli#3#SI#Impiegato#M#40#NA#80100#Napoli#veicolo già assicurato con atr#No#No#BM#14#0#0#0#0#0#0#0#0#3,000,000
Axa – Moto#56#2010-04-01#APRILIA#9#100#moto#MX 125 (2003)#si#100#Persona fisica#M#40#NA#28100#Napoli#3#SI#Impiegato#M#40#NA#28100#Napoli#veicolo già assicurato con atr#No#No#BM#14#0#0#0#0#0#0#0#0#3,000,000
Axa – Moto#57#2010-04-01#APRILIA#9#100#moto#MX 125 (2003)#si#100#Persona fisica#M#40#NA#08100#Napoli#3#SI#Impiegato#M#40#NA#08100#Napoli#veicolo già assicurato con atr#No#No#BM#14#0#0#0#0#0#0#0#0#3,000,000
Axa – Moto#58#2010-04-01#APRILIA#9#100#moto#MX 125 (2003)#si#100#Persona fisica#M#40#NA#09170#Napoli#3#SI#Impiegato#M#40#NA#09170#Napoli#veicolo già assicurato con atr#No#No#BM#14#0#0#0#0#0#0#0#0#3,000,000
Axa – Moto#59#2010-04-01#APRILIA#9#100#moto#MX 125 (2003)#si#100#Persona fisica#M#40#NA#90100#Napoli#3#SI#Impiegato#M#40#NA#90100#Napoli#veicolo già assicurato con atr#No#No#BM#14#0#0#0#0#0#0#0#0#3,000,000
Axa – Moto#60#2010-04-01#APRILIA#9#100#moto#MX 125 (2003)#si#100#Persona fisica#M#40#NA#29100#Napoli#3#SI#Impiegato#M#40#NA#29100#Napoli#veicolo già assicurato con atr#No#No#BM#14#0#0#0#0#0#0#0#0#3,000,000
Axa – Moto#61#2010-04-01#APRILIA#9#100#moto#MX 125 (2003)#si#100#Persona fisica#M#40#NA#35100#Napoli#3#SI#Impiegato#M#40#NA#35100#Napoli#veicolo già assicurato con atr#No#No#BM#14#0#0#0#0#0#0#0#0#3,000,000
Axa – Moto#62#2010-04-01#APRILIA#9#100#moto#MX 125 (2003)#si#100#Persona fisica#M#40#NA#65100#Napoli#3#SI#Impiegato#M#40#NA#65100#Napoli#veicolo già assicurato con atr#No#No#BM#14#0#0#0#0#0#0#0#0#3,000,000
Axa – Moto#63#2010-04-01#APRILIA#9#100#moto#MX 125 (2003)#si#100#Persona fisica#M#40#NA#06100#Napoli#3#SI#Impiegato#M#40#NA#06100#Napoli#veicolo già assicurato con atr#No#No#BM#14#0#0#0#0#0#0#0#0#3,000,000
Axa – Moto#64#2010-04-01#APRILIA#9#100#moto#MX 125 (2003)#si#100#Persona fisica#M#40#NA#56100#Napoli#3#SI#Impiegato#M#40#NA#56100#Napoli#veicolo già assicurato con atr#No#No#BM#14#0#0#0#0#0#0#0#0#3,000,000
Axa – Moto#65#2010-04-01#APRILIA#9#100#moto#MX 125 (2003)#si#100#Persona fisica#M#40#NA#33170#Napoli#3#SI#Impiegato#M#40#NA#33170#Napoli#veicolo già assicurato con atr#No#No#BM#14#0#0#0#0#0#0#0#0#3,000,000
Axa – Moto#66#2010-04-01#APRILIA#9#100#moto#MX 125 (2003)#si#100#Persona fisica#M#40#NA#59100#Napoli#3#SI#Impiegato#M#40#NA#59100#Napoli#veicolo già assicurato con atr#No#No#BM#14#0#0#0#0#0#0#0#0#3,000,000
Axa – Moto#67#2010-04-01#APRILIA#9#100#moto#MX 125 (2003)#si#100#Persona fisica#M#40#NA#43100#Napoli#3#SI#Impiegato#M#40#NA#43100#Napoli#veicolo già assicurato con atr#No#No#BM#14#0#0#0#0#0#0#0#0#3,000,000
Axa – Moto#68#2010-04-01#APRILIA#9#100#moto#MX 125 (2003)#si#100#Persona fisica#M#40#NA#61100#Napoli#3#SI#Impiegato#M#40#NA#61100#Napoli#veicolo già assicurato con atr#No#No#BM#14#0#0#0#0#0#0#0#0#3,000,000
Axa – Moto#69#2010-04-01#APRILIA#9#100#moto#MX 125 (2003)#si#100#Persona fisica#M#40#NA#51100#Napoli#3#SI#Impiegato#M#40#NA#51100#Napoli#veicolo già assicurato con atr#No#No#BM#14#0#0#0#0#0#0#0#0#3,000,000
Axa – Moto#70#2010-04-01#APRILIA#9#100#moto#MX 125 (2003)#si#100#Persona fisica#M#40#NA#27100#Napoli#3#SI#Impiegato#M#40#NA#27100#Napoli#veicolo già assicurato con atr#No#No#BM#14#0#0#0#0#0#0#0#0#3,000,000
Axa – Moto#71#2010-04-01#APRILIA#9#100#moto#MX 125 (2003)#si#100#Persona fisica#M#40#NA#85100#Napoli#3#SI#Impiegato#M#40#NA#85100#Napoli#veicolo già assicurato con atr#No#No#BM#14#0#0#0#0#0#0#0#0#3,000,000
Axa – Moto#72#2010-04-01#APRILIA#9#100#moto#MX 125 (2003)#si#100#Persona fisica#M#40#NA#48100#Napoli#3#SI#Impiegato#M#40#NA#48100#Napoli#veicolo già assicurato con atr#No#No#BM#14#0#0#0#0#0#0#0#0#3,000,000
Axa – Moto#73#2010-04-01#APRILIA#9#100#moto#MX 125 (2003)#si#100#Persona fisica#M#40#NA#89100#Napoli#3#SI#Impiegato#M#40#NA#89100#Napoli#veicolo già assicurato con atr#No#No#BM#14#0#0#0#0#0#0#0#0#3,000,000
Axa – Moto#74#2010-04-01#APRILIA#9#100#moto#MX 125 (2003)#si#100#Persona fisica#M#40#NA#42100#Napoli#3#SI#Impiegato#M#40#NA#42100#Napoli#veicolo già assicurato con atr#No#No#BM#14#0#0#0#0#0#0#0#0#3,000,000
Axa – Moto#75#2010-04-01#APRILIA#9#100#moto#MX 125 (2003)#si#100#Persona fisica#M#40#NA#97100#Napoli#3#SI#Impiegato#M#40#NA#97100#Napoli#veicolo già assicurato con atr#No#No#BM#14#0#0#0#0#0#0#0#0#3,000,000
Axa – Moto#76#2010-04-01#APRILIA#9#100#moto#MX 125 (2003)#si#100#Persona fisica#M#40#NA#02100#Napoli#3#SI#Impiegato#M#40#NA#02100#Napoli#veicolo già assicurato con atr#No#No#BM#14#0#0#0#0#0#0#0#0#3,000,000
Axa – Moto#77#2010-04-01#APRILIA#9#100#moto#MX 125 (2003)#si#100#Persona fisica#M#40#NA#00100#Napoli#3#SI#Impiegato#M#40#NA#00100#Napoli#veicolo già assicurato con atr#No#No#BM#14#0#0#0#0#0#0#0#0#3,000,000
Axa – Moto#78#2010-04-01#APRILIA#9#100#moto#MX 125 (2003)#si#100#Persona fisica#M#40#NA#47900#Napoli#3#SI#Impiegato#M#40#NA#47900#Napoli#veicolo già assicurato con atr#No#No#BM#14#0#0#0#0#0#0#0#0#3,000,000
Axa – Moto#79#2010-04-01#APRILIA#9#100#moto#MX 125 (2003)#si#100#Persona fisica#M#40#NA#45100#Napoli#3#SI#Impiegato#M#40#NA#45100#Napoli#veicolo già assicurato con atr#No#No#BM#14#0#0#0#0#0#0#0#0#3,000,000
Axa – Moto#80#2010-04-01#APRILIA#9#100#moto#MX 125 (2003)#si#100#Persona fisica#M#40#NA#84100#Napoli#3#SI#Impiegato#M#40#NA#84100#Napoli#veicolo già assicurato con atr#No#No#BM#14#0#0#0#0#0#0#0#0#3,000,000
Axa – Moto#81#2010-04-01#APRILIA#9#100#moto#MX 125 (2003)#si#100#Persona fisica#M#40#NA#53100#Napoli#3#SI#Impiegato#M#40#NA#53100#Napoli#veicolo già assicurato con atr#No#No#BM#14#0#0#0#0#0#0#0#0#3,000,000
Axa – Moto#82#2010-04-01#APRILIA#9#100#moto#MX 125 (2003)#si#100#Persona fisica#M#40#NA#23100#Napoli#3#SI#Impiegato#M#40#NA#23100#Napoli#veicolo già assicurato con atr#No#No#BM#14#0#0#0#0#0#0#0#0#3,000,000
Axa – Moto#83#2010-04-01#APRILIA#9#100#moto#MX 125 (2003)#si#100#Persona fisica#M#40#NA#19100#Napoli#3#SI#Impiegato#M#40#NA#19100#Napoli#veicolo già assicurato con atr#No#No#BM#14#0#0#0#0#0#0#0#0#3,000,000
Axa – Moto#84#2010-04-01#APRILIA#9#100#moto#MX 125 (2003)#si#100#Persona fisica#M#40#NA#96100#Napoli#3#SI#Impiegato#M#40#NA#96100#Napoli#veicolo già assicurato con atr#No#No#BM#14#0#0#0#0#0#0#0#0#3,000,000
Axa – Moto#85#2010-04-01#APRILIA#9#100#moto#MX 125 (2003)#si#100#Persona fisica#M#40#NA#07100#Napoli#3#SI#Impiegato#M#40#NA#07100#Napoli#veicolo già assicurato con atr#No#No#BM#14#0#0#0#0#0#0#0#0#3,000,000
Axa – Moto#86#2010-04-01#APRILIA#9#100#moto#MX 125 (2003)#si#100#Persona fisica#M#40#NA#17100#Napoli#3#SI#Impiegato#M#40#NA#17100#Napoli#veicolo già assicurato con atr#No#No#BM#14#0#0#0#0#0#0#0#0#3,000,000
Axa – Moto#87#2010-04-01#APRILIA#9#100#moto#MX 125 (2003)#si#100#Persona fisica#M#40#NA#74100#Napoli#3#SI#Impiegato#M#40#NA#74100#Napoli#veicolo già assicurato con atr#No#No#BM#14#0#0#0#0#0#0#0#0#3,000,000
Axa – Moto#88#2010-04-01#APRILIA#9#100#moto#MX 125 (2003)#si#100#Persona fisica#M#40#NA#64100#Napoli#3#SI#Impiegato#M#40#NA#64100#Napoli#veicolo già assicurato con atr#No#No#BM#14#0#0#0#0#0#0#0#0#3,000,000
Axa – Moto#89#2010-04-01#APRILIA#9#100#moto#MX 125 (2003)#si#100#Persona fisica#M#40#NA#38100#Napoli#3#SI#Impiegato#M#40#NA#38100#Napoli#veicolo già assicurato con atr#No#No#BM#14#0#0#0#0#0#0#0#0#3,000,000
Axa – Moto#90#2010-04-01#APRILIA#9#100#moto#MX 125 (2003)#si#100#Persona fisica#M#40#NA#10100#Napoli#3#SI#Impiegato#M#40#NA#10100#Napoli#veicolo già assicurato con atr#No#No#BM#14#0#0#0#0#0#0#0#0#3,000,000
Axa – Moto#91#2010-04-01#APRILIA#9#100#moto#MX 125 (2003)#si#100#Persona fisica#M#40#NA#91100#Napoli#3#SI#Impiegato#M#40#NA#91100#Napoli#veicolo già assicurato con atr#No#No#BM#14#0#0#0#0#0#0#0#0#3,000,000
Axa – Moto#92#2010-04-01#APRILIA#9#100#moto#MX 125 (2003)#si#100#Persona fisica#M#40#NA#05100#Napoli#3#SI#Impiegato#M#40#NA#05100#Napoli#veicolo già assicurato con atr#No#No#BM#14#0#0#0#0#0#0#0#0#3,000,000
Axa – Moto#93#2010-04-01#APRILIA#9#100#moto#MX 125 (2003)#si#100#Persona fisica#M#40#NA#34100#Napoli#3#SI#Impiegato#M#40#NA#34100#Napoli#veicolo già assicurato con atr#No#No#BM#14#0#0#0#0#0#0#0#0#3,000,000
Axa – Moto#94#2010-04-01#APRILIA#9#100#moto#MX 125 (2003)#si#100#Persona fisica#M#40#NA#31100#Napoli#3#SI#Impiegato#M#40#NA#31100#Napoli#veicolo già assicurato con atr#No#No#BM#14#0#0#0#0#0#0#0#0#3,000,000
Axa – Moto#95#2010-04-01#APRILIA#9#100#moto#MX 125 (2003)#si#100#Persona fisica#M#40#NA#33100#Napoli#3#SI#Impiegato#M#40#NA#33100#Napoli#veicolo già assicurato con atr#No#No#BM#14#0#0#0#0#0#0#0#0#3,000,000
Axa – Moto#96#2010-04-01#APRILIA#9#100#moto#MX 125 (2003)#si#100#Persona fisica#M#40#NA#21100#Napoli#3#SI#Impiegato#M#40#NA#21100#Napoli#veicolo già assicurato con atr#No#No#BM#14#0#0#0#0#0#0#0#0#3,000,000
Axa – Moto#97#2010-04-01#APRILIA#9#100#moto#MX 125 (2003)#si#100#Persona fisica#M#40#NA#28900#Napoli#3#SI#Impiegato#M#40#NA#28900#Napoli#veicolo già assicurato con atr#No#No#BM#14#0#0#0#0#0#0#0#0#3,000,000
Axa – Moto#98#2010-04-01#APRILIA#9#100#moto#MX 125 (2003)#si#100#Persona fisica#M#40#NA#13100#Napoli#3#SI#Impiegato#M#40#NA#13100#Napoli#veicolo già assicurato con atr#No#No#BM#14#0#0#0#0#0#0#0#0#3,000,000
Axa – Moto#99#2010-04-01#APRILIA#9#100#moto#MX 125 (2003)#si#100#Persona fisica#M#40#NA#30100#Napoli#3#SI#Impiegato#M#40#NA#30100#Napoli#veicolo già assicurato con atr#No#No#BM#14#0#0#0#0#0#0#0#0#3,000,000
Axa – Moto#100#2010-04-01#APRILIA#9#100#moto#MX 125 (2003)#si#100#Persona fisica#M#40#NA#36100#Napoli#3#SI#Impiegato#M#40#NA#36100#Napoli#veicolo già assicurato con atr#No#No#BM#14#0#0#0#0#0#0#0#0#3,000,000
Axa – Moto#101#2010-04-01#APRILIA#9#100#moto#MX 125 (2003)#si#100#Persona fisica#M#40#NA#37100#Napoli#3#SI#Impiegato#M#40#NA#37100#Napoli#veicolo già assicurato con atr#No#No#BM#14#0#0#0#0#0#0#0#0#3,000,000
Axa – Moto#102#2010-04-01#APRILIA#9#100#moto#MX 125 (2003)#si#100#Persona fisica#M#40#NA#01100#Napoli#3#SI#Impiegato#M#40#NA#01100#Napoli#veicolo già assicurato con atr#No#No#BM#14#0#0#0#0#0#0#0#0#3,000,000
Axa – Moto#103#2010-04-01#APRILIA#9#100#moto#MX 125 (2003)#si#100#Persona fisica#M#40#NA#89900#Napoli#3#SI#Impiegato#M#40#NA#89900#Napoli#veicolo già assicurato con atr#No#No#BM#14#0#0#0#0#0#0#0#0#3,000,000
Axa – Moto#104#2010-04-01#APRILIA#9#100#moto#MX 125 (2003)#si#100#Persona fisica#M#40#NA#92010#Napoli#3#SI#Impiegato#M#40#NA#92010#Napoli#veicolo già assicurato con atr#No#No#BM#14#0#0#0#0#0#0#0#0#3,000,000
Axa – Moto#105#2010-04-01#APRILIA#9#100#moto#MX 125 (2003)#si#100#Persona fisica#M#40#NA#15010#Napoli#3#SI#Impiegato#M#40#NA#15010#Napoli#veicolo già assicurato con atr#No#No#BM#14#0#0#0#0#0#0#0#0#3,000,000
Axa – Moto#106#2010-04-01#APRILIA#9#100#moto#MX 125 (2003)#si#100#Persona fisica#M#40#NA#60010#Napoli#3#SI#Impiegato#M#40#NA#60010#Napoli#veicolo già assicurato con atr#No#No#BM#14#0#0#0#0#0#0#0#0#3,000,000
Axa – Moto#107#2010-04-01#APRILIA#9#100#moto#MX 125 (2003)#si#100#Persona fisica#M#40#NA#11010#Napoli#3#SI#Impiegato#M#40#NA#11010#Napoli#veicolo già assicurato con atr#No#No#BM#14#0#0#0#0#0#0#0#0#3,000,000
Axa – Moto#108#2010-04-01#APRILIA#9#100#moto#MX 125 (2003)#si#100#Persona fisica#M#40#NA#63043#Napoli#3#SI#Impiegato#M#40#NA#63043#Napoli#veicolo già assicurato con atr#No#No#BM#14#0#0#0#0#0#0#0#0#3,000,000
Axa – Moto#109#2010-04-01#APRILIA#9#100#moto#MX 125 (2003)#si#100#Persona fisica#M#40#NA#67013#Napoli#3#SI#Impiegato#M#40#NA#67013#Napoli#veicolo già assicurato con atr#No#No#BM#14#0#0#0#0#0#0#0#0#3,000,000
Axa – Moto#110#2010-04-01#APRILIA#9#100#moto#MX 125 (2003)#si#100#Persona fisica#M#40#NA#52044#Napoli#3#SI#Impiegato#M#40#NA#52044#Napoli#veicolo già assicurato con atr#No#No#BM#14#0#0#0#0#0#0#0#0#3,000,000
Axa – Moto#111#2010-04-01#APRILIA#9#100#moto#MX 125 (2003)#si#100#Persona fisica#M#40#NA#14041#Napoli#3#SI#Impiegato#M#40#NA#14041#Napoli#veicolo già assicurato con atr#No#No#BM#14#0#0#0#0#0#0#0#0#3,000,000
Axa – Moto#112#2010-04-01#APRILIA#9#100#moto#MX 125 (2003)#si#100#Persona fisica#M#40#NA#83010#Napoli#3#SI#Impiegato#M#40#NA#83010#Napoli#veicolo già assicurato con atr#No#No#BM#14#0#0#0#0#0#0#0#0#3,000,000
Axa – Moto#113#2010-04-01#APRILIA#9#100#moto#MX 125 (2003)#si#100#Persona fisica#M#40#NA#70010#Napoli#3#SI#Impiegato#M#40#NA#70010.00#Napoli#veicolo già assicurato con atr#No#No#BM#14#0#0#0#0#0#0#0#0#3,000,000
Axa – Moto#114#2010-04-01#APRILIA#9#100#moto#MX 125 (2003)#si#100#Persona fisica#M#40#NA#24010#Napoli#3#SI#Impiegato#M#40#NA#24010#Napoli#veicolo già assicurato con atr#No#No#BM#14#0#0#0#0#0#0#0#0#3,000,000
Axa – Moto#115#2010-04-01#APRILIA#9#100#moto#MX 125 (2003)#si#100#Persona fisica#M#40#NA#13882#Napoli#3#SI#Impiegato#M#40#NA#13882#Napoli#veicolo già assicurato con atr#No#No#BM#14#0#0#0#0#0#0#0#0#3,000,000
Axa – Moto#116#2010-04-01#APRILIA#9#100#moto#MX 125 (2003)#si#100#Persona fisica#M#40#NA#32031#Napoli#3#SI#Impiegato#M#40#NA#32031#Napoli#veicolo già assicurato con atr#No#No#BM#14#0#0#0#0#0#0#0#0#3,000,000
Axa – Moto#117#2010-04-01#APRILIA#9#100#moto#MX 125 (2003)#si#100#Persona fisica#M#40#NA#82010#Napoli#3#SI#Impiegato#M#40#NA#82010#Napoli#veicolo già assicurato con atr#No#No#BM#14#0#0#0#0#0#0#0#0#3,000,000
Axa – Moto#118#2010-04-01#APRILIA#9#100#moto#MX 125 (2003)#si#100#Persona fisica#M#40#NA#40010#Napoli#3#SI#Impiegato#M#40#NA#40010#Napoli#veicolo già assicurato con atr#No#No#BM#14#0#0#0#0#0#0#0#0#3,000,000
Axa – Moto#119#2010-04-01#APRILIA#9#100#moto#MX 125 (2003)#si#100#Persona fisica#M#40#NA#72012#Napoli#3#SI#Impiegato#M#40#NA#72012#Napoli#veicolo già assicurato con atr#No#No#BM#14#0#0#0#0#0#0#0#0#3,000,000
Axa – Moto#120#2010-04-01#APRILIA#9#100#moto#MX 125 (2003)#si#100#Persona fisica#M#40#NA#25010#Napoli#3#SI#Impiegato#M#40#NA#25010#Napoli#veicolo già assicurato con atr#No#No#BM#14#0#0#0#0#0#0#0#0#3,000,000
Axa – Moto#121#2010-04-01#APRILIA#9#100#moto#MX 125 (2003)#si#100#Persona fisica#M#40#NA#39043#Napoli#3#SI#Impiegato#M#40#NA#39043#Napoli#veicolo già assicurato con atr#No#No#BM#14#0#0#0#0#0#0#0#0#3,000,000
Axa – Moto#122#2010-04-01#APRILIA#9#100#moto#MX 125 (2003)#si#100#Persona fisica#M#40#NA#09019#Napoli#3#SI#Impiegato#M#40#NA#09019#Napoli#veicolo già assicurato con atr#No#No#BM#14#0#0#0#0#0#0#0#0#3,000,000
Axa – Moto#123#2010-04-01#APRILIA#9#100#moto#MX 125 (2003)#si#100#Persona fisica#M#40#NA#86010#Napoli#3#SI#Impiegato#M#40#NA#86010#Napoli#veicolo già assicurato con atr#No#No#BM#14#0#0#0#0#0#0#0#0#3,000,000
Axa – Moto#124#2010-04-01#APRILIA#9#100#moto#MX 125 (2003)#si#100#Persona fisica#M#40#NA#81010#Napoli#3#SI#Impiegato#M#40#NA#81010#Napoli#veicolo già assicurato con atr#No#No#BM#14#0#0#0#0#0#0#0#0#3,000,000
Axa – Moto#125#2010-04-01#APRILIA#9#100#moto#MX 125 (2003)#si#100#Persona fisica#M#40#NA#66010#Napoli#3#SI#Impiegato#M#40#NA#66010#Napoli#veicolo già assicurato con atr#No#No#BM#14#0#0#0#0#0#0#0#0#3,000,000
Axa – Moto#126#2010-04-01#APRILIA#9#100#moto#MX 125 (2003)#si#100#Persona fisica#M#40#NA#93010#Napoli#3#SI#Impiegato#M#40#NA#93010#Napoli#veicolo già assicurato con atr#No#No#BM#14#0#0#0#0#0#0#0#0#3,000,000
Axa – Moto#127#2010-04-01#APRILIA#9#100#moto#MX 125 (2003)#si#100#Persona fisica#M#40#NA#12010#Napoli#3#SI#Impiegato#M#40#NA#12010#Napoli#veicolo già assicurato con atr#No#No#BM#14#0#0#0#0#0#0#0#0#3,000,000
Axa – Moto#128#2010-04-01#APRILIA#9#100#moto#MX 125 (2003)#si#100#Persona fisica#M#40#NA#22016#Napoli#3#SI#Impiegato#M#40#NA#22016#Napoli#veicolo già assicurato con atr#No#No#BM#14#0#0#0#0#0#0#0#0#3,000,000
Axa – Moto#129#2010-04-01#APRILIA#9#100#moto#MX 125 (2003)#si#100#Persona fisica#M#40#NA#26010#Napoli#3#SI#Impiegato#M#40#NA#26010#Napoli#veicolo già assicurato con atr#No#No#BM#14#0#0#0#0#0#0#0#0#3,000,000
Axa – Moto#130#2010-04-01#APRILIA#9#100#moto#MX 125 (2003)#si#100#Persona fisica#M#40#NA#87010#Napoli#3#SI#Impiegato#M#40#NA#87010#Napoli#veicolo già assicurato con atr#No#No#BM#14#0#0#0#0#0#0#0#0#3,000,000
Axa – Moto#131#2010-04-01#APRILIA#9#100#moto#MX 125 (2003)#si#100#Persona fisica#M#40#NA#95024#Napoli#3#SI#Impiegato#M#40#NA#95024#Napoli#veicolo già assicurato con atr#No#No#BM#14#0#0#0#0#0#0#0#0#3,000,000
Axa – Moto#132#2010-04-01#APRILIA#9#100#moto#MX 125 (2003)#si#100#Persona fisica#M#40#NA#88040#Napoli#3#SI#Impiegato#M#40#NA#88040#Napoli#veicolo già assicurato con atr#No#No#BM#14#0#0#0#0#0#0#0#0#3,000,000
Axa – Moto#133#2010-04-01#APRILIA#9#100#moto#MX 125 (2003)#si#100#Persona fisica#M#40#NA#94010#Napoli#3#SI#Impiegato#M#40#NA#94010#Napoli#veicolo già assicurato con atr#No#No#BM#14#0#0#0#0#0#0#0#0#3,000,000
Axa – Moto#134#2010-04-01#APRILIA#9#100#moto#MX 125 (2003)#si#100#Persona fisica#M#40#NA#44011#Napoli#3#SI#Impiegato#M#40#NA#44011#Napoli#veicolo già assicurato con atr#No#No#BM#14#0#0#0#0#0#0#0#0#3,000,000
Axa – Moto#135#2010-04-01#APRILIA#9#100#moto#MX 125 (2003)#si#100#Persona fisica#M#40#NA#71021#Napoli#3#SI#Impiegato#M#40#NA#71021#Napoli#veicolo già assicurato con atr#No#No#BM#14#0#0#0#0#0#0#0#0#3,000,000
Axa – Moto#136#2010-04-01#APRILIA#9#100#moto#MX 125 (2003)#si#100#Persona fisica#M#40#NA#50058#Napoli#3#SI#Impiegato#M#40#NA#50058.00#Napoli#veicolo già assicurato con atr#No#No#BM#14#0#0#0#0#0#0#0#0#3,000,000
Axa – Moto#137#2010-04-01#APRILIA#9#100#moto#MX 125 (2003)#si#100#Persona fisica#M#40#NA#47042#Napoli#3#SI#Impiegato#M#40#NA#47042#Napoli#veicolo già assicurato con atr#No#No#BM#14#0#0#0#0#0#0#0#0#3,000,000
Axa – Moto#138#2010-04-01#APRILIA#9#100#moto#MX 125 (2003)#si#100#Persona fisica#M#40#NA#03010#Napoli#3#SI#Impiegato#M#40#NA#03010#Napoli#veicolo già assicurato con atr#No#No#BM#14#0#0#0#0#0#0#0#0#3,000,000
Axa – Moto#139#2010-04-01#APRILIA#9#100#moto#MX 125 (2003)#si#100#Persona fisica#M#40#NA#16010#Napoli#3#SI#Impiegato#M#40#NA#16010#Napoli#veicolo già assicurato con atr#No#No#BM#14#0#0#0#0#0#0#0#0#3,000,000
Axa – Moto#140#2010-04-01#APRILIA#9#100#moto#MX 125 (2003)#si#100#Persona fisica#M#40#NA#34070#Napoli#3#SI#Impiegato#M#40#NA#34070#Napoli#veicolo già assicurato con atr#No#No#BM#14#0#0#0#0#0#0#0#0#3,000,000
Axa – Moto#141#2010-04-01#APRILIA#9#100#moto#MX 125 (2003)#si#100#Persona fisica#M#40#NA#58031#Napoli#3#SI#Impiegato#M#40#NA#58031#Napoli#veicolo già assicurato con atr#No#No#BM#14#0#0#0#0#0#0#0#0#3,000,000
Axa – Moto#142#2010-04-01#APRILIA#9#100#moto#MX 125 (2003)#si#100#Persona fisica#M#40#NA#18030#Napoli#3#SI#Impiegato#M#40#NA#18030#Napoli#veicolo già assicurato con atr#No#No#BM#14#0#0#0#0#0#0#0#0#3,000,000
Axa – Moto#143#2010-04-01#APRILIA#9#100#moto#MX 125 (2003)#si#100#Persona fisica#M#40#NA#86081#Napoli#3#SI#Impiegato#M#40#NA#86081#Napoli#veicolo già assicurato con atr#No#No#BM#14#0#0#0#0#0#0#0#0#3,000,000
Axa – Moto#144#2010-04-01#APRILIA#9#100#moto#MX 125 (2003)#si#100#Persona fisica#M#40#NA#88842#Napoli#3#SI#Impiegato#M#40#NA#88842#Napoli#veicolo già assicurato con atr#No#No#BM#14#0#0#0#0#0#0#0#0#3,000,000
Axa – Moto#145#2010-04-01#APRILIA#9#100#moto#MX 125 (2003)#si#100#Persona fisica#M#40#NA#23841#Napoli#3#SI#Impiegato#M#40#NA#23841#Napoli#veicolo già assicurato con atr#No#No#BM#14#0#0#0#0#0#0#0#0#3,000,000
Axa – Moto#146#2010-04-01#APRILIA#9#100#moto#MX 125 (2003)#si#100#Persona fisica#M#40#NA#73010#Napoli#3#SI#Impiegato#M#40#NA#73010#Napoli#veicolo già assicurato con atr#No#No#BM#14#0#0#0#0#0#0#0#0#3,000,000
Axa – Moto#147#2010-04-01#APRILIA#9#100#moto#MX 125 (2003)#si#100#Persona fisica#M#40#NA#57020#Napoli#3#SI#Impiegato#M#40#NA#57020#Napoli#veicolo già assicurato con atr#No#No#BM#14#0#0#0#0#0#0#0#0#3,000,000
Axa – Moto#148#2010-04-01#APRILIA#9#100#moto#MX 125 (2003)#si#100#Persona fisica#M#40#NA#26821#Napoli#3#SI#Impiegato#M#40#NA#26821#Napoli#veicolo già assicurato con atr#No#No#BM#14#0#0#0#0#0#0#0#0#3,000,000
Axa – Moto#149#2010-04-01#APRILIA#9#100#moto#MX 125 (2003)#si#100#Persona fisica#M#40#NA#04011#Napoli#3#SI#Impiegato#M#40#NA#04011#Napoli#veicolo già assicurato con atr#No#No#BM#14#0#0#0#0#0#0#0#0#3,000,000
Axa – Moto#150#2010-04-01#APRILIA#9#100#moto#MX 125 (2003)#si#100#Persona fisica#M#40#NA#55011#Napoli#3#SI#Impiegato#M#40#NA#55011#Napoli#veicolo già assicurato con atr#No#No#BM#14#0#0#0#0#0#0#0#0#3,000,000
Axa – Moto#151#2010-04-01#APRILIA#9#100#moto#MX 125 (2003)#si#100#Persona fisica#M#40#NA#62024#Napoli#3#SI#Impiegato#M#40#NA#62024#Napoli#veicolo già assicurato con atr#No#No#BM#14#0#0#0#0#0#0#0#0#3,000,000
Axa – Moto#152#2010-04-01#APRILIA#9#100#moto#MX 125 (2003)#si#100#Persona fisica#M#40#NA#98072#Napoli#3#SI#Impiegato#M#40#NA#98072#Napoli#veicolo già assicurato con atr#No#No#BM#14#0#0#0#0#0#0#0#0#3,000,000
Axa – Moto#153#2010-04-01#APRILIA#9#100#moto#MX 125 (2003)#si#100#Persona fisica#M#40#NA#20010#Napoli#3#SI#Impiegato#M#40#NA#20010#Napoli#veicolo già assicurato con atr#No#No#BM#14#0#0#0#0#0#0#0#0#3,000,000
Axa – Moto#154#2010-04-01#APRILIA#9#100#moto#MX 125 (2003)#si#100#Persona fisica#M#40#NA#46011#Napoli#3#SI#Impiegato#M#40#NA#46011#Napoli#veicolo già assicurato con atr#No#No#BM#14#0#0#0#0#0#0#0#0#3,000,000
Axa – Moto#155#2010-04-01#APRILIA#9#100#moto#MX 125 (2003)#si#100#Persona fisica#M#40#NA#41030#Napoli#3#SI#Impiegato#M#40#NA#41030#Napoli#veicolo già assicurato con atr#No#No#BM#14#0#0#0#0#0#0#0#0#3,000,000
Axa – Moto#156#2010-04-01#APRILIA#9#100#moto#MX 125 (2003)#si#100#Persona fisica#M#40#NA#54021#Napoli#3#SI#Impiegato#M#40#NA#54021#Napoli#veicolo già assicurato con atr#No#No#BM#14#0#0#0#0#0#0#0#0#3,000,000
Axa – Moto#157#2010-04-01#APRILIA#9#100#moto#MX 125 (2003)#si#100#Persona fisica#M#40#NA#75011#Napoli#3#SI#Impiegato#M#40#NA#75011#Napoli#veicolo già assicurato con atr#No#No#BM#14#0#0#0#0#0#0#0#0#3,000,000
Axa – Moto#158#2010-04-01#APRILIA#9#100#moto#MX 125 (2003)#si#100#Persona fisica#M#40#NA#80075#Napoli#3#SI#Impiegato#M#40#NA#80075.00#Napoli#veicolo già assicurato con atr#No#No#BM#14#0#0#0#0#0#0#0#0#3,000,000
Axa – Moto#159#2010-04-01#APRILIA#9#100#moto#MX 125 (2003)#si#100#Persona fisica#M#40#NA#28010#Napoli#3#SI#Impiegato#M#40#NA#28010#Napoli#veicolo già assicurato con atr#No#No#BM#14#0#0#0#0#0#0#0#0#3,000,000
Axa – Moto#160#2010-04-01#APRILIA#9#100#moto#MX 125 (2003)#si#100#Persona fisica#M#40#NA#08010#Napoli#3#SI#Impiegato#M#40#NA#08010#Napoli#veicolo già assicurato con atr#No#No#BM#14#0#0#0#0#0#0#0#0#3,000,000
Axa – Moto#161#2010-04-01#APRILIA#9#100#moto#MX 125 (2003)#si#100#Persona fisica#M#40#NA#09070#Napoli#3#SI#Impiegato#M#40#NA#09070#Napoli#veicolo già assicurato con atr#No#No#BM#14#0#0#0#0#0#0#0#0#3,000,000
Axa – Moto#162#2010-04-01#APRILIA#9#100#moto#MX 125 (2003)#si#100#Persona fisica#M#40#NA#90010#Napoli#3#SI#Impiegato#M#40#NA#90010#Napoli#veicolo già assicurato con atr#No#No#BM#14#0#0#0#0#0#0#0#0#3,000,000
Axa – Moto#163#2010-04-01#APRILIA#9#100#moto#MX 125 (2003)#si#100#Persona fisica#M#40#NA#29010#Napoli#3#SI#Impiegato#M#40#NA#29010#Napoli#veicolo già assicurato con atr#No#No#BM#14#0#0#0#0#0#0#0#0#3,000,000
Axa – Moto#164#2010-04-01#APRILIA#9#100#moto#MX 125 (2003)#si#100#Persona fisica#M#40#NA#35040#Napoli#3#SI#Impiegato#M#40#NA#35040#Napoli#veicolo già assicurato con atr#No#No#BM#14#0#0#0#0#0#0#0#0#3,000,000
Axa – Moto#165#2010-04-01#APRILIA#9#100#moto#MX 125 (2003)#si#100#Persona fisica#M#40#NA#65010#Napoli#3#SI#Impiegato#M#40#NA#65010#Napoli#veicolo già assicurato con atr#No#No#BM#14#0#0#0#0#0#0#0#0#3,000,000
Axa – Moto#166#2010-04-01#APRILIA#9#100#moto#MX 125 (2003)#si#100#Persona fisica#M#40#NA#06010#Napoli#3#SI#Impiegato#M#40#NA#06010#Napoli#veicolo già assicurato con atr#No#No#BM#14#0#0#0#0#0#0#0#0#3,000,000
Axa – Moto#167#2010-04-01#APRILIA#9#100#moto#MX 125 (2003)#si#100#Persona fisica#M#40#NA#56032#Napoli#3#SI#Impiegato#M#40#NA#56032#Napoli#veicolo già assicurato con atr#No#No#BM#14#0#0#0#0#0#0#0#0#3,000,000
Axa – Moto#168#2010-04-01#APRILIA#9#100#moto#MX 125 (2003)#si#100#Persona fisica#M#40#NA#33070#Napoli#3#SI#Impiegato#M#40#NA#33070#Napoli#veicolo già assicurato con atr#No#No#BM#14#0#0#0#0#0#0#0#0#3,000,000
Axa – Moto#169#2010-04-01#APRILIA#9#100#moto#MX 125 (2003)#si#100#Persona fisica#M#40#NA#59013#Napoli#3#SI#Impiegato#M#40#NA#59013#Napoli#veicolo già assicurato con atr#No#No#BM#14#0#0#0#0#0#0#0#0#3,000,000
Axa – Moto#170#2010-04-01#APRILIA#9#100#moto#MX 125 (2003)#si#100#Persona fisica#M#40#NA#43051#Napoli#3#SI#Impiegato#M#40#NA#43051#Napoli#veicolo già assicurato con atr#No#No#BM#14#0#0#0#0#0#0#0#0#3,000,000
Axa – Moto#171#2010-04-01#APRILIA#9#100#moto#MX 125 (2003)#si#100#Persona fisica#M#40#NA#61032#Napoli#3#SI#Impiegato#M#40#NA#61032#Napoli#veicolo già assicurato con atr#No#No#BM#14#0#0#0#0#0#0#0#0#3,000,000
Axa – Moto#172#2010-04-01#APRILIA#9#100#moto#MX 125 (2003)#si#100#Persona fisica#M#40#NA#51021#Napoli#3#SI#Impiegato#M#40#NA#51021#Napoli#veicolo già assicurato con atr#No#No#BM#14#0#0#0#0#0#0#0#0#3,000,000
Axa – Moto#173#2010-04-01#APRILIA#9#100#moto#MX 125 (2003)#si#100#Persona fisica#M#40#NA#27010#Napoli#3#SI#Impiegato#M#40#NA#27010#Napoli#veicolo già assicurato con atr#No#No#BM#14#0#0#0#0#0#0#0#0#3,000,000
Axa – Moto#174#2010-04-01#APRILIA#9#100#moto#MX 125 (2003)#si#100#Persona fisica#M#40#NA#85010#Napoli#3#SI#Impiegato#M#40#NA#85010#Napoli#veicolo già assicurato con atr#No#No#BM#14#0#0#0#0#0#0#0#0#3,000,000
Axa – Moto#175#2010-04-01#APRILIA#9#100#moto#MX 125 (2003)#si#100#Persona fisica#M#40#NA#48010#Napoli#3#SI#Impiegato#M#40#NA#48010#Napoli#veicolo già assicurato con atr#No#No#BM#14#0#0#0#0#0#0#0#0#3,000,000
Axa – Moto#176#2010-04-01#APRILIA#9#100#moto#MX 125 (2003)#si#100#Persona fisica#M#40#NA#89030#Napoli#3#SI#Impiegato#M#40#NA#89030#Napoli#veicolo già assicurato con atr#No#No#BM#14#0#0#0#0#0#0#0#0#3,000,000
Axa – Moto#177#2010-04-01#APRILIA#9#100#moto#MX 125 (2003)#si#100#Persona fisica#M#40#NA#42020#Napoli#3#SI#Impiegato#M#40#NA#42020#Napoli#veicolo già assicurato con atr#No#No#BM#14#0#0#0#0#0#0#0#0#3,000,000
Axa – Moto#178#2010-04-01#APRILIA#9#100#moto#MX 125 (2003)#si#100#Persona fisica#M#40#NA#97011#Napoli#3#SI#Impiegato#M#40#NA#97011#Napoli#veicolo già assicurato con atr#No#No#BM#14#0#0#0#0#0#0#0#0#3,000,000
Axa – Moto#179#2010-04-01#APRILIA#9#100#moto#MX 125 (2003)#si#100#Persona fisica#M#40#NA#02010#Napoli#3#SI#Impiegato#M#40#NA#02010#Napoli#veicolo già assicurato con atr#No#No#BM#14#0#0#0#0#0#0#0#0#3,000,000
Axa – Moto#180#2010-04-01#APRILIA#9#100#moto#MX 125 (2003)#si#100#Persona fisica#M#40#NA#00010#Napoli#3#SI#Impiegato#M#40#NA#00010#Napoli#veicolo già assicurato con atr#No#No#BM#14#0#0#0#0#0#0#0#0#3,000,000
Axa – Moto#181#2010-04-01#APRILIA#9#100#moto#MX 125 (2003)#si#100#Persona fisica#M#40#NA#47841#Napoli#3#SI#Impiegato#M#40#NA#47841#Napoli#veicolo già assicurato con atr#No#No#BM#14#0#0#0#0#0#0#0#0#3,000,000
Axa – Moto#182#2010-04-01#APRILIA#9#100#moto#MX 125 (2003)#si#100#Persona fisica#M#40#NA#45011#Napoli#3#SI#Impiegato#M#40#NA#45011#Napoli#veicolo già assicurato con atr#No#No#BM#14#0#0#0#0#0#0#0#0#3,000,000
Axa – Moto#183#2010-04-01#APRILIA#9#100#moto#MX 125 (2003)#si#100#Persona fisica#M#40#NA#84010#Napoli#3#SI#Impiegato#M#40#NA#84010#Napoli#veicolo già assicurato con atr#No#No#BM#14#0#0#0#0#0#0#0#0#3,000,000
Axa – Moto#184#2010-04-01#APRILIA#9#100#moto#MX 125 (2003)#si#100#Persona fisica#M#40#NA#53021#Napoli#3#SI#Impiegato#M#40#NA#53021#Napoli#veicolo già assicurato con atr#No#No#BM#14#0#0#0#0#0#0#0#0#3,000,000
Axa – Moto#185#2010-04-01#APRILIA#9#100#moto#MX 125 (2003)#si#100#Persona fisica#M#40#NA#23010#Napoli#3#SI#Impiegato#M#40#NA#23010#Napoli#veicolo già assicurato con atr#No#No#BM#14#0#0#0#0#0#0#0#0#3,000,000
Axa – Moto#186#2010-04-01#APRILIA#9#100#moto#MX 125 (2003)#si#100#Persona fisica#M#40#NA#19031#Napoli#3#SI#Impiegato#M#40#NA#19031#Napoli#veicolo già assicurato con atr#No#No#BM#14#0#0#0#0#0#0#0#0#3,000,000
Axa – Moto#187#2010-04-01#APRILIA#9#100#moto#MX 125 (2003)#si#100#Persona fisica#M#40#NA#96011#Napoli#3#SI#Impiegato#M#40#NA#96011#Napoli#veicolo già assicurato con atr#No#No#BM#14#0#0#0#0#0#0#0#0#3,000,000
Axa – Moto#188#2010-04-01#APRILIA#9#100#moto#MX 125 (2003)#si#100#Persona fisica#M#40#NA#07010#Napoli#3#SI#Impiegato#M#40#NA#07010#Napoli#veicolo già assicurato con atr#No#No#BM#14#0#0#0#0#0#0#0#0#3,000,000
Axa – Moto#189#2010-04-01#APRILIA#9#100#moto#MX 125 (2003)#si#100#Persona fisica#M#40#NA#17021#Napoli#3#SI#Impiegato#M#40#NA#17021#Napoli#veicolo già assicurato con atr#No#No#BM#14#0#0#0#0#0#0#0#0#3,000,000
Axa – Moto#190#2010-04-01#APRILIA#9#100#moto#MX 125 (2003)#si#100#Persona fisica#M#40#NA#74020#Napoli#3#SI#Impiegato#M#40#NA#74020#Napoli#veicolo già assicurato con atr#No#No#BM#14#0#0#0#0#0#0#0#0#3,000,000
Axa – Moto#191#2010-04-01#APRILIA#9#100#moto#MX 125 (2003)#si#100#Persona fisica#M#40#NA#64010#Napoli#3#SI#Impiegato#M#40#NA#64010#Napoli#veicolo già assicurato con atr#No#No#BM#14#0#0#0#0#0#0#0#0#3,000,000
Axa – Moto#192#2010-04-01#APRILIA#9#100#moto#MX 125 (2003)#si#100#Persona fisica#M#40#NA#38010#Napoli#3#SI#Impiegato#M#40#NA#38010#Napoli#veicolo già assicurato con atr#No#No#BM#14#0#0#0#0#0#0#0#0#3,000,000
Axa – Moto#193#2010-04-01#APRILIA#9#100#moto#MX 125 (2003)#si#100#Persona fisica#M#40#NA#10090#Napoli#3#SI#Impiegato#M#40#NA#10090.00#Napoli#veicolo già assicurato con atr#No#No#BM#14#0#0#0#0#0#0#0#0#3,000,000
Axa – Moto#194#2010-04-01#APRILIA#9#100#moto#MX 125 (2003)#si#100#Persona fisica#M#40#NA#91011#Napoli#3#SI#Impiegato#M#40#NA#91011#Napoli#veicolo già assicurato con atr#No#No#BM#14#0#0#0#0#0#0#0#0#3,000,000
Axa – Moto#195#2010-04-01#APRILIA#9#100#moto#MX 125 (2003)#si#100#Persona fisica#M#40#NA#05021#Napoli#3#SI#Impiegato#M#40#NA#05021#Napoli#veicolo già assicurato con atr#No#No#BM#14#0#0#0#0#0#0#0#0#3,000,000
Axa – Moto#196#2010-04-01#APRILIA#9#100#moto#MX 125 (2003)#si#100#Persona fisica#M#40#NA#34011#Napoli#3#SI#Impiegato#M#40#NA#34011.00#Napoli#veicolo già assicurato con atr#No#No#BM#14#0#0#0#0#0#0#0#0#3,000,000
Axa – Moto#197#2010-04-01#APRILIA#9#100#moto#MX 125 (2003)#si#100#Persona fisica#M#40#NA#31036#Napoli#3#SI#Impiegato#M#40#NA#31036#Napoli#veicolo già assicurato con atr#No#No#BM#14#0#0#0#0#0#0#0#0#3,000,000
Axa – Moto#198#2010-04-01#APRILIA#9#100#moto#MX 125 (2003)#si#100#Persona fisica#M#40#NA#33053#Napoli#3#SI#Impiegato#M#40#NA#33053#Napoli#veicolo già assicurato con atr#No#No#BM#14#0#0#0#0#0#0#0#0#3,000,000
Axa – Moto#199#2010-04-01#APRILIA#9#100#moto#MX 125 (2003)#si#100#Persona fisica#M#40#NA#21038#Napoli#3#SI#Impiegato#M#40#NA#21038#Napoli#veicolo già assicurato con atr#No#No#BM#14#0#0#0#0#0#0#0#0#3,000,000
Axa – Moto#200#2010-04-01#APRILIA#9#100#moto#MX 125 (2003)#si#100#Persona fisica#M#40#NA#28895#Napoli#3#SI#Impiegato#M#40#NA#28895#Napoli#veicolo già assicurato con atr#No#No#BM#14#0#0#0#0#0#0#0#0#3,000,000
Axa – Moto#201#2010-04-01#APRILIA#9#100#moto#MX 125 (2003)#si#100#Persona fisica#M#40#NA#13010#Napoli#3#SI#Impiegato#M#40#NA#13010#Napoli#veicolo già assicurato con atr#No#No#BM#14#0#0#0#0#0#0#0#0#3,000,000
Axa – Moto#202#2010-04-01#APRILIA#9#100#moto#MX 125 (2003)#si#100#Persona fisica#M#40#NA#30034#Napoli#3#SI#Impiegato#M#40#NA#30034.00#Napoli#veicolo già assicurato con atr#No#No#BM#14#0#0#0#0#0#0#0#0#3,000,000
Axa – Moto#203#2010-04-01#APRILIA#9#100#moto#MX 125 (2003)#si#100#Persona fisica#M#40#NA#36020#Napoli#3#SI#Impiegato#M#40#NA#36020#Napoli#veicolo già assicurato con atr#No#No#BM#14#0#0#0#0#0#0#0#0#3,000,000
Axa – Moto#204#2010-04-01#APRILIA#9#100#moto#MX 125 (2003)#si#100#Persona fisica#M#40#NA#37010#Napoli#3#SI#Impiegato#M#40#NA#37010#Napoli#veicolo già assicurato con atr#No#No#BM#14#0#0#0#0#0#0#0#0#3,000,000
Axa – Moto#205#2010-04-01#APRILIA#9#100#moto#MX 125 (2003)#si#100#Persona fisica#M#40#NA#01010#Napoli#3#SI#Impiegato#M#40#NA#01010#Napoli#veicolo già assicurato con atr#No#No#BM#14#0#0#0#0#0#0#0#0#3,000,000
Axa – Moto#206#2010-04-01#APRILIA#9#100#moto#MX 125 (2003)#si#100#Persona fisica#M#40#NA#89832#Napoli#3#SI#Impiegato#M#40#NA#89832#Napoli#veicolo già assicurato con atr#No#No#BM#14#0#0#0#0#0#0#0#0#3,000,000
Axa – Moto#207#2010-04-01#Honda#0#100#moto#SH 125 I (2009)#si#100#Persona fisica#M#40#NA#80100#Napoli#3#SI#Impiegato#M#40#NA#80100.00#Napoli#1a immatricolazione dopo l’acquisto del veicolo#No#No#BM##0#0#0#0#0#0#0#0#3,000,000
Axa – Moto#208#2010-04-01#KYMCO#9#100#moto#AGILITY 125 R16 (2008)#si#100#Persona fisica#M#40#NA#80100#Napoli#3#SI#Impiegato#M#40#NA#92100#Napoli#veicolo già assicurato con atr#No#No#BM#14#0#0#0#0#0#0#0#0#3,000,000
Axa – Moto#209#2010-04-01#HONDA#9#100#moto#SH 125 I (2009)#si#100#Persona fisica#M#40#NA#80100#Napoli#3#SI#Impiegato#M#40#NA#92100#Napoli#veicolo già assicurato con atr#No#No#BM#14#0#0#0#0#0#0#0#0#3,000,000
Axa – Moto#210#2010-04-01#KYMCO#9#100#moto#AGILITY 150 R16 (2009)#si#100#Persona fisica#M#40#NA#80100#Napoli#3#SI#Impiegato#M#40#NA#92100#Napoli#veicolo già assicurato con atr#No#No#BM#14#0#0#0#0#0#0#0#0#3,000,000
Axa – Moto#211#2010-04-01#HONDA#9#100#moto#SH 150 I SPECIAL (2008)#si#100#Persona fisica#M#40#NA#80100#Napoli#3#SI#Impiegato#M#40#NA#92100#Napoli#veicolo già assicurato con atr#No#No#BM#14#0#0#0#0#0#0#0#0#3,000,000
Axa – Moto#212#2010-04-01#PIAGGIO#9#100#moto#BEVERLY 250 TOURER (2008)#si#100#Persona fisica#M#40#NA#80100#Napoli#3#SI#Impiegato#M#40#NA#92100#Napoli#veicolo già assicurato con atr#No#No#BM#14#0#0#0#0#0#0#0#0#3,000,000
Axa – Moto#213#2010-04-01#HONDA#9#100#moto#SH 300 ABS (2006)#si#100#Persona fisica#M#40#NA#80100#Napoli#3#SI#Impiegato#M#40#NA#92100#Napoli#veicolo già assicurato con atr#No#No#BM#14#0#0#0#0#0#0#0#0#3,000,000
Axa – Moto#214#2010-04-01#SUZUKI#9#100#moto#BURGMAN 400 IE (2006)#si#100#Persona fisica#M#40#NA#80100#Napoli#3#SI#Impiegato#M#40#NA#92100#Napoli#veicolo già assicurato con atr#No#No#BM#14#0#0#0#0#0#0#0#0#3,000,000
Axa – Moto#215#2010-04-01#HONDA#9#100#moto#SILVER WING 400 (2005)#si#100#Persona fisica#M#40#NA#80100#Napoli#3#SI#Impiegato#M#40#NA#92100#Napoli#veicolo già assicurato con atr#No#No#BM#14#0#0#0#0#0#0#0#0#3,000,000
Axa – Moto#216#2010-04-01#YAMAHA#9#100#moto#T MAX ABS (2008)#si#100#Persona fisica#M#40#NA#80100#Napoli#3#SI#Impiegato#M#40#NA#92100#Napoli#veicolo già assicurato con atr#No#No#BM#14#0#0#0#0#0#0#0#0#3,000,000
Axa – Moto#217#2010-04-01#SUZUKI#9#100#moto#RV VAN VAN 125 (2003)#si#100#Persona fisica#M#40#NA#80100#Napoli#3#SI#Impiegato#M#40#NA#92100#Napoli#veicolo già assicurato con atr#No#No#BM#14#0#0#0#0#0#0#0#0#3,000,000
Axa – Moto#218#2010-04-01#DERBI#9#100#moto#GPR 125 NUDE (2004)#si#100#Persona fisica#M#40#NA#80100#Napoli#3#SI#Impiegato#M#40#NA#92100#Napoli#veicolo già assicurato con atr#No#No#BM#14#0#0#0#0#0#0#0#0#3,000,000
Axa – Moto#219#2010-04-01#YAMAHA#9#100#moto#YZF r15 150 cc#si#100#Persona fisica#M#40#NA#80100#Napoli#3#SI#Impiegato#M#40#NA#92100#Napoli#veicolo già assicurato con atr#No#No#BM#14#0#0#0#0#0#0#0#0#3,000,000
Axa – Moto#220#2010-04-01#KAWASAKI#9#100#moto#NINJA 250R (2008)#si#100#Persona fisica#M#40#NA#80100#Napoli#3#SI#Impiegato#M#40#NA#92100#Napoli#veicolo già assicurato con atr#No#No#BM#14#0#0#0#0#0#0#0#0#3,000,000
Axa – Moto#221#2010-04-01#Royal Enfield#9#100#moto#BULLET 350 STD K/S (2006)#si#100#Persona fisica#M#40#NA#80100#Napoli#3#SI#Impiegato#M#40#NA#92100#Napoli#veicolo già assicurato con atr#No#No#BM#14#0#0#0#0#0#0#0#0#3,000,000
Axa – Moto#222#2010-04-01#DUCATI#9#100#moto#MONSTER 400 DARK SD 25KW (2004)#si#100#Persona fisica#M#40#NA#80100#Napoli#3#SI#Impiegato#M#40#NA#92100#Napoli#veicolo già assicurato con atr#No#No#BM#14#0#0#0#0#0#0#0#0#3,000,000
Axa – Moto#223#2010-04-01#KAWASAKI#9#100#moto#ER 5 25 KW (2005)#si#100#Persona fisica#M#40#NA#80100#Napoli#3#SI#Impiegato#M#40#NA#92100#Napoli#veicolo già assicurato con atr#No#No#BM#14#0#0#0#0#0#0#0#0#3,000,000
Axa – Moto#224#2010-04-01#SUZUKI#9#100#moto#GS 500 (2001)#si#100#Persona fisica#M#40#NA#80100#Napoli#3#SI#Impiegato#M#40#NA#92100#Napoli#veicolo già assicurato con atr#No#No#BM#14#0#0#0#0#0#0#0#0#3,000,000
Axa – Moto#225#2010-04-01#HONDA#9#100#moto#HORNET 25KW (2005)#si#100#Persona fisica#M#40#NA#80100#Napoli#3#SI#Impiegato#M#40#NA#92100#Napoli#veicolo già assicurato con atr#No#No#BM#14#0#0#0#0#0#0#0#0#3,000,000
Axa – Moto#226#2010-04-01#SUZUKI#9#100#moto#GSR 600 (2006)#si#100#Persona fisica#M#40#NA#80100#Napoli#3#SI#Impiegato#M#40#NA#92100#Napoli#veicolo già assicurato con atr#No#No#BM#14#0#0#0#0#0#0#0#0#3,000,000
Axa – Moto#227#2010-04-01#KAWASAKI#9#100#moto#ER 6N (2009)#si#100#Persona fisica#M#40#NA#80100#Napoli#3#SI#Impiegato#M#40#NA#92100#Napoli#veicolo già assicurato con atr#No#No#BM#14#0#0#0#0#0#0#0#0#3,000,000
Axa – Moto#228#2010-04-01#KAWASAKI#9#100#moto#Z 750 (2009)#si#100#Persona fisica#M#40#NA#80100#Napoli#3#SI#Impiegato#M#40#NA#92100#Napoli#veicolo già assicurato con atr#No#No#BM#14#0#0#0#0#0#0#0#0#3,000,000
Axa – Moto#229#2010-04-01#MV AUGUSTA#9#100#moto#BRUTALE S (2004)#si#100#Persona fisica#M#40#NA#80100#Napoli#3#SI#Impiegato#M#40#NA#92100#Napoli#veicolo già assicurato con atr#No#No#BM#14#0#0#0#0#0#0#0#0#3,000,000
Axa – Moto#230#2010-04-01#BMW#9#100#moto#F 800 R (2009)#si#100#Persona fisica#M#40#NA#80100#Napoli#3#SI#Impiegato#M#40#NA#92100#Napoli#veicolo già assicurato con atr#No#No#BM#14#0#0#0#0#0#0#0#0#3,000,000
Axa – Moto#231#2010-04-01#DUCATI#9#100#moto#MONSTER 900 (2000)#si#100#Persona fisica#M#40#NA#80100#Napoli#3#SI#Impiegato#M#40#NA#92100#Napoli#veicolo già assicurato con atr#No#No#BM#14#0#0#0#0#0#0#0#0#3,000,000
Axa – Moto#232#2010-04-01#DUCATI#9#100#moto#GT 1000 TOURING (2009)#si#100#Persona fisica#M#40#NA#80100#Napoli#3#SI#Impiegato#M#40#NA#92100#Napoli#veicolo già assicurato con atr#No#No#BM#14#0#0#0#0#0#0#0#0#3,000,000
Axa – Moto#233#2010-04-01#DUCATI#9#100#moto#MONSTER 1100 S (2009)#si#100#Persona fisica#M#40#NA#80100#Napoli#3#SI#Impiegato#M#40#NA#92100#Napoli#veicolo già assicurato con atr#No#No#BM#14#0#0#0#0#0#0#0#0#3,000,000
Axa – Moto#234#2010-04-01#MAGNI#9#100#moto#SPORT 1200 S (2000)#si#100#Persona fisica#M#40#NA#80100#Napoli#3#SI#Impiegato#M#40#NA#92100#Napoli#veicolo già assicurato con atr#No#No#BM#14#0#0#0#0#0#0#0#0#3,000,000
Axa – Moto#235#2010-04-01#HONDA#9#100#moto#VFR 750 F (1997)#si#100#Persona fisica#M#40#NA#80100#Napoli#3#SI#Impiegato#M#40#NA#92100#Napoli#veicolo già assicurato con atr#No#No#BM#14#0#0#0#0#0#0#0#0#3,000,000
Axa – Moto#236#2010-04-01#HONDA#9#100#moto#HORNET 900 (2004)#si#100#Persona fisica#M#40#NA#80100#Napoli#3#SI#Impiegato#M#40#NA#92100#Napoli#veicolo già assicurato con atr#No#No#BM#14#0#0#0#0#0#0#0#0#3,000,000
Axa – Moto#237#2010-04-01#HONDA#9#100#moto#CB 1000 R (2008)#si#100#Persona fisica#M#40#NA#80100#Napoli#3#SI#Impiegato#M#40#NA#92100#Napoli#veicolo già assicurato con atr#No#No#BM#14#0#0#0#0#0#0#0#0#3,000,000
Axa – Moto#238#2010-04-01#SUZUKI#9#100#moto#GSX-R 1100 (1991)#si#100#Persona fisica#M#40#NA#80100#Napoli#3#SI#Impiegato#M#40#NA#92100#Napoli#veicolo già assicurato con atr#No#No#BM#14#0#0#0#0#0#0#0#0#3,000,000
Axa – Moto#239#2010-04-01#BMW#9#100#moto#R 1200 R (2006)#si#100#Persona fisica#M#40#NA#80100#Napoli#3#SI#Impiegato#M#40#NA#92100#Napoli#veicolo già assicurato con atr#No#No#BM#14#0#0#0#0#0#0#0#0#3,000,000
Axa – Moto#240#2010-04-01#HONDA#9#100#moto#CB 1300 Naked 85Kw#si#100#Persona fisica#M#40#NA#80100#Napoli#3#SI#Impiegato#M#40#NA#92100#Napoli#veicolo già assicurato con atr#No#No#BM#14#0#0#0#0#0#0#0#0#3,000,000
Axa – Moto#241#2010-04-01#YAMAHA#9#100#moto#YZF R125 (2008)#si#100#Persona fisica#M#40#NA#80100#Napoli#3#SI#Impiegato#M#40#NA#92100#Napoli#veicolo già assicurato con atr#No#No#BM#1#0#0#0#0#0#0#0#0#3,000,000
Axa – Moto#242#2010-04-01#YAMAHA#9#100#moto#YZF R125 (2008)#si#100#Persona fisica#M#40#NA#80100#Napoli#3#SI#Impiegato#M#40#NA#92100#Napoli#veicolo già assicurato con atr#No#No#BM#2#0#0#0#0#0#0#0#0#3,000,000
Axa – Moto#243#2010-04-01#YAMAHA#9#100#moto#YZF R125 (2008)#si#100#Persona fisica#M#40#NA#80100#Napoli#3#SI#Impiegato#M#40#NA#92100#Napoli#veicolo già assicurato con atr#No#No#BM#3#0#0#0#0#0#0#0#0#3,000,000
Axa – Moto#244#2010-04-01#YAMAHA#9#100#moto#YZF R125 (2008)#si#100#Persona fisica#M#40#NA#80100#Napoli#3#SI#Impiegato#M#40#NA#92100#Napoli#veicolo già assicurato con atr#No#No#BM#4#0#0#0#0#0#0#0#0#3,000,000
Axa – Moto#245#2010-04-01#YAMAHA#9#100#moto#YZF R125 (2008)#si#100#Persona fisica#M#40#NA#80100#Napoli#3#SI#Impiegato#M#40#NA#92100#Napoli#veicolo già assicurato con atr#No#No#BM#5#0#0#0#0#0#0#0#0#3,000,000
Axa – Moto#246#2010-04-01#YAMAHA#9#100#moto#YZF R125 (2008)#si#100#Persona fisica#M#40#NA#80100#Napoli#3#SI#Impiegato#M#40#NA#92100#Napoli#veicolo già assicurato con atr#No#No#BM#6#0#0#0#0#0#0#0#0#3,000,000
Axa – Moto#247#2010-04-01#YAMAHA#9#100#moto#YZF R125 (2008)#si#100#Persona fisica#M#40#NA#80100#Napoli#3#SI#Impiegato#M#40#NA#92100#Napoli#veicolo già assicurato con atr#No#No#BM#7#0#0#0#0#0#0#0#0#3,000,000
Axa – Moto#248#2010-04-01#YAMAHA#9#100#moto#YZF R125 (2008)#si#100#Persona fisica#M#40#NA#80100#Napoli#3#SI#Impiegato#M#40#NA#92100#Napoli#veicolo già assicurato con atr#No#No#BM#8#0#0#0#0#0#0#0#0#3,000,000
Axa – Moto#249#2010-04-01#YAMAHA#9#100#moto#YZF R125 (2008)#si#100#Persona fisica#M#40#NA#80100#Napoli#3#SI#Impiegato#M#40#NA#92100#Napoli#veicolo già assicurato con atr#No#No#BM#9#0#0#0#0#0#0#0#0#3,000,000
Axa – Moto#250#2010-04-01#YAMAHA#9#100#moto#YZF R125 (2008)#si#100#Persona fisica#M#40#NA#80100#Napoli#3#SI#Impiegato#M#40#NA#92100#Napoli#veicolo già assicurato con atr#No#No#BM#10#0#0#0#0#0#0#0#0#3,000,000
Axa – Moto#251#2010-04-01#YAMAHA#9#100#moto#YZF R125 (2008)#si#100#Persona fisica#M#40#NA#80100#Napoli#3#SI#Impiegato#M#40#NA#92100#Napoli#veicolo già assicurato con atr#No#No#BM#11#0#0#0#0#0#0#0#0#3,000,000
Axa – Moto#252#2010-04-01#YAMAHA#9#100#moto#YZF R125 (2008)#si#100#Persona fisica#M#40#NA#80100#Napoli#3#SI#Impiegato#M#40#NA#92100#Napoli#veicolo già assicurato con atr#No#No#BM#12#0#0#0#0#0#0#0#0#3,000,000
Axa – Moto#253#2010-04-01#YAMAHA#9#100#moto#YZF R125 (2008)#si#100#Persona fisica#M#40#NA#80100#Napoli#3#SI#Impiegato#M#40#NA#92100#Napoli#veicolo già assicurato con atr#No#No#BM#14#0#0#0#0#0#0#0#0#3,000,000
Axa – Moto#254#2010-04-01#YAMAHA#9#100#moto#YZF R125 (2008)#si#100#Persona fisica#M#40#NA#80100#Napoli#3#SI#Impiegato#M#40#NA#92100#Napoli#veicolo già assicurato con atr#No#No#BM#15#0#0#0#0#0#0#0#0#3,000,000
Axa – Moto#255#2010-04-01#YAMAHA#9#100#moto#YZF R125 (2008)#si#100#Persona fisica#M#40#NA#80100#Napoli#3#SI#Impiegato#M#40#NA#92100#Napoli#veicolo già assicurato con atr#No#No#BM#16#0#0#0#0#0#0#0#0#3,000,000
Axa – Moto#256#2010-04-01#YAMAHA#9#100#moto#YZF R125 (2008)#si#100#Persona fisica#M#40#NA#80100#Napoli#3#SI#Impiegato#M#40#NA#92100#Napoli#veicolo già assicurato con atr#No#No#BM#17#0#0#0#0#0#0#0#0#3,000,000
Axa – Moto#257#2010-04-01#YAMAHA#9#100#moto#YZF R125 (2008)#si#100#Persona fisica#M#40#NA#80100#Napoli#3#SI#Impiegato#M#40#NA#92100#Napoli#veicolo già assicurato con atr#No#No#BM#18#0#0#0#0#0#0#0#0#3,000,000
Axa – Moto#258#2010-04-01#YAMAHA#9#100#moto#YZF R125 (2008)#si#100#Persona fisica#M#40#NA#80100#Napoli#3#SI#Impiegato#M#40#NA#92100#Napoli#veicolo già assicurato con atr#No#No#BM#1#0#0#0#0#0#1#1#0#3,000,000
Axa – Moto#259#2010-04-01#YAMAHA#9#100#moto#YZF R125 (2008)#si#100#Persona fisica#M#40#NA#80100#Napoli#3#SI#Impiegato#M#40#NA#92100#Napoli#veicolo già assicurato con atr#No#No#BM#2#0#0#0#0#0#1#1#0#3,000,000
Axa – Moto#260#2010-04-01#YAMAHA#9#100#moto#YZF R125 (2008)#si#100#Persona fisica#M#40#NA#80100#Napoli#3#SI#Impiegato#M#40#NA#92100#Napoli#veicolo già assicurato con atr#No#No#BM#3#0#0#0#0#0#1#1#0#3,000,000
Axa – Moto#261#2010-04-01#YAMAHA#9#100#moto#YZF R125 (2008)#si#100#Persona fisica#M#40#NA#80100#Napoli#3#SI#Impiegato#M#40#NA#92100#Napoli#veicolo già assicurato con atr#No#No#BM#4#0#0#0#0#0#1#1#0#3,000,000
Axa – Moto#262#2010-04-01#YAMAHA#9#100#moto#YZF R125 (2008)#si#100#Persona fisica#M#40#NA#80100#Napoli#3#SI#Impiegato#M#40#NA#92100#Napoli#veicolo già assicurato con atr#No#No#BM#5#0#0#0#0#0#1#1#0#3,000,000
Axa – Moto#263#2010-04-01#YAMAHA#9#100#moto#YZF R125 (2008)#si#100#Persona fisica#M#40#NA#80100#Napoli#3#SI#Impiegato#M#40#NA#92100#Napoli#veicolo già assicurato con atr#No#No#BM#6#0#0#0#0#0#1#1#0#3,000,000
Axa – Moto#264#2010-04-01#YAMAHA#9#100#moto#YZF R125 (2008)#si#100#Persona fisica#M#40#NA#80100#Napoli#3#SI#Impiegato#M#40#NA#92100#Napoli#veicolo già assicurato con atr#No#No#BM#7#0#0#0#0#0#1#1#0#3,000,000
Axa – Moto#265#2010-04-01#YAMAHA#9#100#moto#YZF R125 (2008)#si#100#Persona fisica#M#40#NA#80100#Napoli#3#SI#Impiegato#M#40#NA#92100#Napoli#veicolo già assicurato con atr#No#No#BM#8#0#0#0#0#0#1#1#0#3,000,000
Axa – Moto#266#2010-04-01#YAMAHA#9#100#moto#YZF R125 (2008)#si#100#Persona fisica#M#40#NA#80100#Napoli#3#SI#Impiegato#M#40#NA#92100#Napoli#veicolo già assicurato con atr#No#No#BM#9#0#0#0#0#0#1#1#0#3,000,000
Axa – Moto#267#2010-04-01#YAMAHA#9#100#moto#YZF R125 (2008)#si#100#Persona fisica#M#40#NA#80100#Napoli#3#SI#Impiegato#M#40#NA#92100#Napoli#veicolo già assicurato con atr#No#No#BM#10#0#0#0#0#0#1#1#0#3,000,000
Axa – Moto#268#2010-04-01#YAMAHA#9#100#moto#YZF R125 (2008)#si#100#Persona fisica#M#40#NA#80100#Napoli#3#SI#Impiegato#M#40#NA#92100#Napoli#veicolo già assicurato con atr#No#No#BM#11#0#0#0#0#0#1#1#0#3,000,000
Axa – Moto#269#2010-04-01#YAMAHA#9#100#moto#YZF R125 (2008)#si#100#Persona fisica#M#40#NA#80100#Napoli#3#SI#Impiegato#M#40#NA#92100#Napoli#veicolo già assicurato con atr#No#No#BM#12#0#0#0#0#0#1#1#0#3,000,000
Axa – Moto#270#2010-04-01#YAMAHA#9#100#moto#YZF R125 (2008)#si#100#Persona fisica#M#40#NA#80100#Napoli#3#SI#Impiegato#M#40#NA#92100#Napoli#veicolo già assicurato con atr#No#No#BM#14#0#0#0#0#0#1#1#0#3,000,000
Axa – Moto#271#2010-04-01#YAMAHA#9#100#moto#YZF R125 (2008)#si#100#Persona fisica#M#40#NA#80100#Napoli#3#SI#Impiegato#M#40#NA#92100#Napoli#veicolo già assicurato con atr#No#No#BM#15#0#0#0#0#0#1#1#0#3,000,000
Axa – Moto#272#2010-04-01#YAMAHA#9#100#moto#YZF R125 (2008)#si#100#Persona fisica#M#40#NA#80100#Napoli#3#SI#Impiegato#M#40#NA#92100#Napoli#veicolo già assicurato con atr#No#No#BM#16#0#0#0#0#0#1#1#0#3,000,000
Axa – Moto#273#2010-04-01#YAMAHA#9#100#moto#YZF R125 (2008)#si#100#Persona fisica#M#40#NA#80100#Napoli#3#SI#Impiegato#M#40#NA#92100#Napoli#veicolo già assicurato con atr#No#No#BM#17#0#0#0#0#0#1#1#0#3,000,000
Axa – Moto#274#2010-04-01#YAMAHA#9#100#moto#YZF R125 (2008)#si#100#Persona fisica#M#40#NA#80100#Napoli#3#SI#Impiegato#M#40#NA#92100#Napoli#veicolo già assicurato con atr#No#No#BM#18#0#0#0#0#0#1#1#0#3,000,000
Axa – Moto#275#2010-04-01#YAMAHA#9#100#moto#YZF R125 (2008)#si#100#Persona fisica#M#40#NA#80100#Napoli#3#SI#Impiegato#M#40#NA#92100#Napoli#veicolo già assicurato con atr#No#No#BM#1#0#0#0#0#1#0#1#0#3,000,000
Axa – Moto#276#2010-04-01#YAMAHA#9#100#moto#YZF R125 (2008)#si#100#Persona fisica#M#40#NA#80100#Napoli#3#SI#Impiegato#M#40#NA#92100#Napoli#veicolo già assicurato con atr#No#No#BM#2#0#0#0#0#1#0#1#0#3,000,000
Axa – Moto#277#2010-04-01#YAMAHA#9#100#moto#YZF R125 (2008)#si#100#Persona fisica#M#40#NA#80100#Napoli#3#SI#Impiegato#M#40#NA#92100#Napoli#veicolo già assicurato con atr#No#No#BM#3#0#0#0#0#1#0#1#0#3,000,000
Axa – Moto#278#2010-04-01#YAMAHA#9#100#moto#YZF R125 (2008)#si#100#Persona fisica#M#40#NA#80100#Napoli#3#SI#Impiegato#M#40#NA#92100#Napoli#veicolo già assicurato con atr#No#No#BM#4#0#0#0#0#1#0#1#0#3,000,000
Axa – Moto#279#2010-04-01#YAMAHA#9#100#moto#YZF R125 (2008)#si#100#Persona fisica#M#40#NA#80100#Napoli#3#SI#Impiegato#M#40#NA#92100#Napoli#veicolo già assicurato con atr#No#No#BM#5#0#0#0#0#1#0#1#0#3,000,000
Axa – Moto#280#2010-04-01#YAMAHA#9#100#moto#YZF R125 (2008)#si#100#Persona fisica#M#40#NA#80100#Napoli#3#SI#Impiegato#M#40#NA#92100#Napoli#veicolo già assicurato con atr#No#No#BM#6#0#0#0#0#1#0#1#0#3,000,000
Axa – Moto#281#2010-04-01#YAMAHA#9#100#moto#YZF R125 (2008)#si#100#Persona fisica#M#40#NA#80100#Napoli#3#SI#Impiegato#M#40#NA#92100#Napoli#veicolo già assicurato con atr#No#No#BM#7#0#0#0#0#1#0#1#0#3,000,000
Axa – Moto#282#2010-04-01#YAMAHA#9#100#moto#YZF R125 (2008)#si#100#Persona fisica#M#40#NA#80100#Napoli#3#SI#Impiegato#M#40#NA#92100#Napoli#veicolo già assicurato con atr#No#No#BM#8#0#0#0#0#1#0#1#0#3,000,000
Axa – Moto#283#2010-04-01#YAMAHA#9#100#moto#YZF R125 (2008)#si#100#Persona fisica#M#40#NA#80100#Napoli#3#SI#Impiegato#M#40#NA#92100#Napoli#veicolo già assicurato con atr#No#No#BM#9#0#0#0#0#1#0#1#0#3,000,000
Axa – Moto#284#2010-04-01#YAMAHA#9#100#moto#YZF R125 (2008)#si#100#Persona fisica#M#40#NA#80100#Napoli#3#SI#Impiegato#M#40#NA#92100#Napoli#veicolo già assicurato con atr#No#No#BM#10#0#0#0#0#1#0#1#0#3,000,000
Axa – Moto#285#2010-04-01#YAMAHA#9#100#moto#YZF R125 (2008)#si#100#Persona fisica#M#40#NA#80100#Napoli#3#SI#Impiegato#M#40#NA#92100#Napoli#veicolo già assicurato con atr#No#No#BM#11#0#0#0#0#1#0#1#0#3,000,000
Axa – Moto#286#2010-04-01#YAMAHA#9#100#moto#YZF R125 (2008)#si#100#Persona fisica#M#40#NA#80100#Napoli#3#SI#Impiegato#M#40#NA#92100#Napoli#veicolo già assicurato con atr#No#No#BM#12#0#0#0#0#1#0#1#0#3,000,000
Axa – Moto#287#2010-04-01#YAMAHA#9#100#moto#YZF R125 (2008)#si#100#Persona fisica#M#40#NA#80100#Napoli#3#SI#Impiegato#M#40#NA#92100#Napoli#veicolo già assicurato con atr#No#No#BM#14#0#0#0#0#1#0#1#0#3,000,000
Axa – Moto#288#2010-04-01#YAMAHA#9#100#moto#YZF R125 (2008)#si#100#Persona fisica#M#40#NA#80100#Napoli#3#SI#Impiegato#M#40#NA#92100#Napoli#veicolo già assicurato con atr#No#No#BM#15#0#0#0#0#1#0#1#0#3,000,000
Axa – Moto#289#2010-04-01#YAMAHA#9#100#moto#YZF R125 (2008)#si#100#Persona fisica#M#40#NA#80100#Napoli#3#SI#Impiegato#M#40#NA#92100#Napoli#veicolo già assicurato con atr#No#No#BM#16#0#0#0#0#1#0#1#0#3,000,000
Axa – Moto#290#2010-04-01#YAMAHA#9#100#moto#YZF R125 (2008)#si#100#Persona fisica#M#40#NA#80100#Napoli#3#SI#Impiegato#M#40#NA#92100#Napoli#veicolo già assicurato con atr#No#No#BM#17#0#0#0#0#1#0#1#0#3,000,000
Axa – Moto#291#2010-04-01#YAMAHA#9#100#moto#YZF R125 (2008)#si#100#Persona fisica#M#40#NA#80100#Napoli#3#SI#Impiegato#M#40#NA#92100#Napoli#veicolo già assicurato con atr#No#No#BM#18#0#0#0#0#1#0#1#0#3,000,000
Axa – Moto#292#2010-04-01#YAMAHA#9#100#moto#YZF R125 (2008)#si#100#Persona fisica#M#40#NA#80100#Napoli#3#SI#Impiegato#M#40#NA#92100#Napoli#veicolo già assicurato con atr#No#No#BM#1#0#0#0#1#0#0#1#0#3,000,000
Axa – Moto#293#2010-04-01#YAMAHA#9#100#moto#YZF R125 (2008)#si#100#Persona fisica#M#40#NA#80100#Napoli#3#SI#Impiegato#M#40#NA#92100#Napoli#veicolo già assicurato con atr#No#No#BM#2#0#0#0#1#0#0#1#0#3,000,000
Axa – Moto#294#2010-04-01#YAMAHA#9#100#moto#YZF R125 (2008)#si#100#Persona fisica#M#40#NA#80100#Napoli#3#SI#Impiegato#M#40#NA#92100#Napoli#veicolo già assicurato con atr#No#No#BM#3#0#0#0#1#0#0#1#0#3,000,000
Axa – Moto#295#2010-04-01#YAMAHA#9#100#moto#YZF R125 (2008)#si#100#Persona fisica#M#40#NA#80100#Napoli#3#SI#Impiegato#M#40#NA#92100#Napoli#veicolo già assicurato con atr#No#No#BM#4#0#0#0#1#0#0#1#0#3,000,000
Axa – Moto#296#2010-04-01#YAMAHA#9#100#moto#YZF R125 (2008)#si#100#Persona fisica#M#40#NA#80100#Napoli#3#SI#Impiegato#M#40#NA#92100#Napoli#veicolo già assicurato con atr#No#No#BM#5#0#0#0#1#0#0#1#0#3,000,000
Axa – Moto#297#2010-04-01#YAMAHA#9#100#moto#YZF R125 (2008)#si#100#Persona fisica#M#40#NA#80100#Napoli#3#SI#Impiegato#M#40#NA#92100#Napoli#veicolo già assicurato con atr#No#No#BM#6#0#0#0#1#0#0#1#0#3,000,000
Axa – Moto#298#2010-04-01#YAMAHA#9#100#moto#YZF R125 (2008)#si#100#Persona fisica#M#40#NA#80100#Napoli#3#SI#Impiegato#M#40#NA#92100#Napoli#veicolo già assicurato con atr#No#No#BM#7#0#0#0#1#0#0#1#0#3,000,000
Axa – Moto#299#2010-04-01#YAMAHA#9#100#moto#YZF R125 (2008)#si#100#Persona fisica#M#40#NA#80100#Napoli#3#SI#Impiegato#M#40#NA#92100#Napoli#veicolo già assicurato con atr#No#No#BM#8#0#0#0#1#0#0#1#0#3,000,000
Axa – Moto#300#2010-04-01#YAMAHA#9#100#moto#YZF R125 (2008)#si#100#Persona fisica#M#40#NA#80100#Napoli#3#SI#Impiegato#M#40#NA#92100#Napoli#veicolo già assicurato con atr#No#No#BM#9#0#0#0#1#0#0#1#0#3,000,000
Axa – Moto#301#2010-04-01#YAMAHA#9#100#moto#YZF R125 (2008)#si#100#Persona fisica#M#40#NA#80100#Napoli#3#SI#Impiegato#M#40#NA#92100#Napoli#veicolo già assicurato con atr#No#No#BM#10#0#0#0#1#0#0#1#0#3,000,000
Axa – Moto#302#2010-04-01#YAMAHA#9#100#moto#YZF R125 (2008)#si#100#Persona fisica#M#40#NA#80100#Napoli#3#SI#Impiegato#M#40#NA#92100#Napoli#veicolo già assicurato con atr#No#No#BM#11#0#0#0#1#0#0#1#0#3,000,000
Axa – Moto#303#2010-04-01#YAMAHA#9#100#moto#YZF R125 (2008)#si#100#Persona fisica#M#40#NA#80100#Napoli#3#SI#Impiegato#M#40#NA#92100#Napoli#veicolo già assicurato con atr#No#No#BM#12#0#0#0#1#0#0#1#0#3,000,000
Axa – Moto#304#2010-04-01#YAMAHA#9#100#moto#YZF R125 (2008)#si#100#Persona fisica#M#40#NA#80100#Napoli#3#SI#Impiegato#M#40#NA#92100#Napoli#veicolo già assicurato con atr#No#No#BM#14#0#0#0#1#0#0#1#0#3,000,000
Axa – Moto#305#2010-04-01#YAMAHA#9#100#moto#YZF R125 (2008)#si#100#Persona fisica#M#40#NA#80100#Napoli#3#SI#Impiegato#M#40#NA#92100#Napoli#veicolo già assicurato con atr#No#No#BM#15#0#0#0#1#0#0#1#0#3,000,000
Axa – Moto#306#2010-04-01#YAMAHA#9#100#moto#YZF R125 (2008)#si#100#Persona fisica#M#40#NA#80100#Napoli#3#SI#Impiegato#M#40#NA#92100#Napoli#veicolo già assicurato con atr#No#No#BM#16#0#0#0#1#0#0#1#0#3,000,000
Axa – Moto#307#2010-04-01#YAMAHA#9#100#moto#YZF R125 (2008)#si#100#Persona fisica#M#40#NA#80100#Napoli#3#SI#Impiegato#M#40#NA#92100#Napoli#veicolo già assicurato con atr#No#No#BM#17#0#0#0#1#0#0#1#0#3,000,000
Axa – Moto#308#2010-04-01#YAMAHA#9#100#moto#YZF R125 (2008)#si#100#Persona fisica#M#40#NA#80100#Napoli#3#SI#Impiegato#M#40#NA#92100#Napoli#veicolo già assicurato con atr#No#No#BM#18#0#0#0#1#0#0#1#0#3,000,000
Axa – Moto#309#2010-04-01#YAMAHA#9#100#moto#YZF R125 (2008)#si#100#Persona fisica#M#40#NA#80100#Napoli#3#SI#Impiegato#M#40#NA#92100#Napoli#veicolo già assicurato con atr#No#No#BM#1#0#0#1#0#0#0#1#0#3,000,000
Axa – Moto#310#2010-04-01#YAMAHA#9#100#moto#YZF R125 (2008)#si#100#Persona fisica#M#40#NA#80100#Napoli#3#SI#Impiegato#M#40#NA#92100#Napoli#veicolo già assicurato con atr#No#No#BM#2#0#0#1#0#0#0#1#0#3,000,000
Axa – Moto#311#2010-04-01#YAMAHA#9#100#moto#YZF R125 (2008)#si#100#Persona fisica#M#40#NA#80100#Napoli#3#SI#Impiegato#M#40#NA#92100#Napoli#veicolo già assicurato con atr#No#No#BM#3#0#0#1#0#0#0#1#0#3,000,000
Axa – Moto#312#2010-04-01#YAMAHA#9#100#moto#YZF R125 (2008)#si#100#Persona fisica#M#40#NA#80100#Napoli#3#SI#Impiegato#M#40#NA#92100#Napoli#veicolo già assicurato con atr#No#No#BM#4#0#0#1#0#0#0#1#0#3,000,000
Axa – Moto#313#2010-04-01#YAMAHA#9#100#moto#YZF R125 (2008)#si#100#Persona fisica#M#40#NA#80100#Napoli#3#SI#Impiegato#M#40#NA#92100#Napoli#veicolo già assicurato con atr#No#No#BM#5#0#0#1#0#0#0#1#0#3,000,000
Axa – Moto#314#2010-04-01#YAMAHA#9#100#moto#YZF R125 (2008)#si#100#Persona fisica#M#40#NA#80100#Napoli#3#SI#Impiegato#M#40#NA#92100#Napoli#veicolo già assicurato con atr#No#No#BM#6#0#0#1#0#0#0#1#0#3,000,000
Axa – Moto#315#2010-04-01#YAMAHA#9#100#moto#YZF R125 (2008)#si#100#Persona fisica#M#40#NA#80100#Napoli#3#SI#Impiegato#M#40#NA#92100#Napoli#veicolo già assicurato con atr#No#No#BM#7#0#0#1#0#0#0#1#0#3,000,000
Axa – Moto#316#2010-04-01#YAMAHA#9#100#moto#YZF R125 (2008)#si#100#Persona fisica#M#40#NA#80100#Napoli#3#SI#Impiegato#M#40#NA#92100#Napoli#veicolo già assicurato con atr#No#No#BM#8#0#0#1#0#0#0#1#0#3,000,000
Axa – Moto#317#2010-04-01#YAMAHA#9#100#moto#YZF R125 (2008)#si#100#Persona fisica#M#40#NA#80100#Napoli#3#SI#Impiegato#M#40#NA#92100#Napoli#veicolo già assicurato con atr#No#No#BM#9#0#0#1#0#0#0#1#0#3,000,000
Axa – Moto#318#2010-04-01#YAMAHA#9#100#moto#YZF R125 (2008)#si#100#Persona fisica#M#40#NA#80100#Napoli#3#SI#Impiegato#M#40#NA#92100#Napoli#veicolo già assicurato con atr#No#No#BM#10#0#0#1#0#0#0#1#0#3,000,000
Axa – Moto#319#2010-04-01#YAMAHA#9#100#moto#YZF R125 (2008)#si#100#Persona fisica#M#40#NA#80100#Napoli#3#SI#Impiegato#M#40#NA#92100#Napoli#veicolo già assicurato con atr#No#No#BM#11#0#0#1#0#0#0#1#0#3,000,000
Axa – Moto#320#2010-04-01#YAMAHA#9#100#moto#YZF R125 (2008)#si#100#Persona fisica#M#40#NA#80100#Napoli#3#SI#Impiegato#M#40#NA#92100#Napoli#veicolo già assicurato con atr#No#No#BM#12#0#0#1#0#0#0#1#0#3,000,000
Axa – Moto#321#2010-04-01#YAMAHA#9#100#moto#YZF R125 (2008)#si#100#Persona fisica#M#40#NA#80100#Napoli#3#SI#Impiegato#M#40#NA#92100#Napoli#veicolo già assicurato con atr#No#No#BM#14#0#0#1#0#0#0#1#0#3,000,000
Axa – Moto#322#2010-04-01#YAMAHA#9#100#moto#YZF R125 (2008)#si#100#Persona fisica#M#40#NA#80100#Napoli#3#SI#Impiegato#M#40#NA#92100#Napoli#veicolo già assicurato con atr#No#No#BM#15#0#0#1#0#0#0#1#0#3,000,000
Axa – Moto#323#2010-04-01#YAMAHA#9#100#moto#YZF R125 (2008)#si#100#Persona fisica#M#40#NA#80100#Napoli#3#SI#Impiegato#M#40#NA#92100#Napoli#veicolo già assicurato con atr#No#No#BM#16#0#0#1#0#0#0#1#0#3,000,000
Axa – Moto#324#2010-04-01#YAMAHA#9#100#moto#YZF R125 (2008)#si#100#Persona fisica#M#40#NA#80100#Napoli#3#SI#Impiegato#M#40#NA#92100#Napoli#veicolo già assicurato con atr#No#No#BM#17#0#0#1#0#0#0#1#0#3,000,000
Axa – Moto#325#2010-04-01#YAMAHA#9#100#moto#YZF R125 (2008)#si#100#Persona fisica#M#40#NA#80100#Napoli#3#SI#Impiegato#M#40#NA#92100#Napoli#veicolo già assicurato con atr#No#No#BM#18#0#0#1#0#0#0#1#0#3,000,000
Axa – Moto#326#2010-04-01#YAMAHA#9#100#moto#YZF R125 (2008)#si#100#Persona fisica#M#40#NA#80100#Napoli#3#SI#Impiegato#M#40#NA#92100#Napoli#veicolo già assicurato con atr#No#No#BM#1#0#1#0#0#0#0#1#0#3,000,000
Axa – Moto#327#2010-04-01#YAMAHA#9#100#moto#YZF R125 (2008)#si#100#Persona fisica#M#40#NA#80100#Napoli#3#SI#Impiegato#M#40#NA#92100#Napoli#veicolo già assicurato con atr#No#No#BM#2#0#1#0#0#0#0#1#0#3,000,000
Axa – Moto#328#2010-04-01#YAMAHA#9#100#moto#YZF R125 (2008)#si#100#Persona fisica#M#40#NA#80100#Napoli#3#SI#Impiegato#M#40#NA#92100#Napoli#veicolo già assicurato con atr#No#No#BM#3#0#1#0#0#0#0#1#0#3,000,000
Axa – Moto#329#2010-04-01#YAMAHA#9#100#moto#YZF R125 (2008)#si#100#Persona fisica#M#40#NA#80100#Napoli#3#SI#Impiegato#M#40#NA#92100#Napoli#veicolo già assicurato con atr#No#No#BM#4#0#1#0#0#0#0#1#0#3,000,000
Axa – Moto#330#2010-04-01#YAMAHA#9#100#moto#YZF R125 (2008)#si#100#Persona fisica#M#40#NA#80100#Napoli#3#SI#Impiegato#M#40#NA#92100#Napoli#veicolo già assicurato con atr#No#No#BM#5#0#1#0#0#0#0#1#0#3,000,000
Axa – Moto#331#2010-04-01#YAMAHA#9#100#moto#YZF R125 (2008)#si#100#Persona fisica#M#40#NA#80100#Napoli#3#SI#Impiegato#M#40#NA#92100#Napoli#veicolo già assicurato con atr#No#No#BM#6#0#1#0#0#0#0#1#0#3,000,000
Axa – Moto#332#2010-04-01#YAMAHA#9#100#moto#YZF R125 (2008)#si#100#Persona fisica#M#40#NA#80100#Napoli#3#SI#Impiegato#M#40#NA#92100#Napoli#veicolo già assicurato con atr#No#No#BM#7#0#1#0#0#0#0#1#0#3,000,000
Axa – Moto#333#2010-04-01#YAMAHA#9#100#moto#YZF R125 (2008)#si#100#Persona fisica#M#40#NA#80100#Napoli#3#SI#Impiegato#M#40#NA#92100#Napoli#veicolo già assicurato con atr#No#No#BM#8#0#1#0#0#0#0#1#0#3,000,000
Axa – Moto#334#2010-04-01#YAMAHA#9#100#moto#YZF R125 (2008)#si#100#Persona fisica#M#40#NA#80100#Napoli#3#SI#Impiegato#M#40#NA#92100#Napoli#veicolo già assicurato con atr#No#No#BM#9#0#1#0#0#0#0#1#0#3,000,000
Axa – Moto#335#2010-04-01#YAMAHA#9#100#moto#YZF R125 (2008)#si#100#Persona fisica#M#40#NA#80100#Napoli#3#SI#Impiegato#M#40#NA#92100#Napoli#veicolo già assicurato con atr#No#No#BM#10#0#1#0#0#0#0#1#0#3,000,000
Axa – Moto#336#2010-04-01#YAMAHA#9#100#moto#YZF R125 (2008)#si#100#Persona fisica#M#40#NA#80100#Napoli#3#SI#Impiegato#M#40#NA#92100#Napoli#veicolo già assicurato con atr#No#No#BM#11#0#1#0#0#0#0#1#0#3,000,000
Axa – Moto#337#2010-04-01#YAMAHA#9#100#moto#YZF R125 (2008)#si#100#Persona fisica#M#40#NA#80100#Napoli#3#SI#Impiegato#M#40#NA#92100#Napoli#veicolo già assicurato con atr#No#No#BM#12#0#1#0#0#0#0#1#0#3,000,000
Axa – Moto#338#2010-04-01#YAMAHA#9#100#moto#YZF R125 (2008)#si#100#Persona fisica#M#40#NA#80100#Napoli#3#SI#Impiegato#M#40#NA#92100#Napoli#veicolo già assicurato con atr#No#No#BM#14#0#1#0#0#0#0#1#0#3,000,000
Axa – Moto#339#2010-04-01#YAMAHA#9#100#moto#YZF R125 (2008)#si#100#Persona fisica#M#40#NA#80100#Napoli#3#SI#Impiegato#M#40#NA#92100#Napoli#veicolo già assicurato con atr#No#No#BM#15#0#1#0#0#0#0#1#0#3,000,000
Axa – Moto#340#2010-04-01#YAMAHA#9#100#moto#YZF R125 (2008)#si#100#Persona fisica#M#40#NA#80100#Napoli#3#SI#Impiegato#M#40#NA#92100#Napoli#veicolo già assicurato con atr#No#No#BM#16#0#1#0#0#0#0#1#0#3,000,000
Axa – Moto#341#2010-04-01#YAMAHA#9#100#moto#YZF R125 (2008)#si#100#Persona fisica#M#40#NA#80100#Napoli#3#SI#Impiegato#M#40#NA#92100#Napoli#veicolo già assicurato con atr#No#No#BM#17#0#1#0#0#0#0#1#0#3,000,000
Axa – Moto#342#2010-04-01#YAMAHA#9#100#moto#YZF R125 (2008)#si#100#Persona fisica#M#40#NA#80100#Napoli#3#SI#Impiegato#M#40#NA#92100#Napoli#veicolo già assicurato con atr#No#No#BM#18#0#1#0#0#0#0#1#0#3,000,000
Axa – Moto#343#2010-04-01#YAMAHA#9#100#moto#YZF R125 (2008)#si#100#Persona fisica#M#40#NA#80100#Napoli#3#SI#Impiegato#M#40#NA#92100#Napoli#veicolo già assicurato con atr#No#No#BM#1#1#0#0#0#0#0#1#0#3,000,000
Axa – Moto#344#2010-04-01#YAMAHA#9#100#moto#YZF R125 (2008)#si#100#Persona fisica#M#40#NA#80100#Napoli#3#SI#Impiegato#M#40#NA#92100#Napoli#veicolo già assicurato con atr#No#No#BM#2#1#0#0#0#0#0#1#0#3,000,000
Axa – Moto#345#2010-04-01#YAMAHA#9#100#moto#YZF R125 (2008)#si#100#Persona fisica#M#40#NA#80100#Napoli#3#SI#Impiegato#M#40#NA#92100#Napoli#veicolo già assicurato con atr#No#No#BM#3#1#0#0#0#0#0#1#0#3,000,000
Axa – Moto#346#2010-04-01#YAMAHA#9#100#moto#YZF R125 (2008)#si#100#Persona fisica#M#40#NA#80100#Napoli#3#SI#Impiegato#M#40#NA#92100#Napoli#veicolo già assicurato con atr#No#No#BM#4#1#0#0#0#0#0#1#0#3,000,000
Axa – Moto#347#2010-04-01#YAMAHA#9#100#moto#YZF R125 (2008)#si#100#Persona fisica#M#40#NA#80100#Napoli#3#SI#Impiegato#M#40#NA#92100#Napoli#veicolo già assicurato con atr#No#No#BM#5#1#0#0#0#0#0#1#0#3,000,000
Axa – Moto#348#2010-04-01#YAMAHA#9#100#moto#YZF R125 (2008)#si#100#Persona fisica#M#40#NA#80100#Napoli#3#SI#Impiegato#M#40#NA#92100#Napoli#veicolo già assicurato con atr#No#No#BM#6#1#0#0#0#0#0#1#0#3,000,000
Axa – Moto#349#2010-04-01#YAMAHA#9#100#moto#YZF R125 (2008)#si#100#Persona fisica#M#40#NA#80100#Napoli#3#SI#Impiegato#M#40#NA#92100#Napoli#veicolo già assicurato con atr#No#No#BM#7#1#0#0#0#0#0#1#0#3,000,000
Axa – Moto#350#2010-04-01#YAMAHA#9#100#moto#YZF R125 (2008)#si#100#Persona fisica#M#40#NA#80100#Napoli#3#SI#Impiegato#M#40#NA#92100#Napoli#veicolo già assicurato con atr#No#No#BM#8#1#0#0#0#0#0#1#0#3,000,000
Axa – Moto#351#2010-04-01#YAMAHA#9#100#moto#YZF R125 (2008)#si#100#Persona fisica#M#40#NA#80100#Napoli#3#SI#Impiegato#M#40#NA#92100#Napoli#veicolo già assicurato con atr#No#No#BM#9#1#0#0#0#0#0#1#0#3,000,000
Axa – Moto#352#2010-04-01#YAMAHA#9#100#moto#YZF R125 (2008)#si#100#Persona fisica#M#40#NA#80100#Napoli#3#SI#Impiegato#M#40#NA#92100#Napoli#veicolo già assicurato con atr#No#No#BM#10#1#0#0#0#0#0#1#0#3,000,000
Axa – Moto#353#2010-04-01#YAMAHA#9#100#moto#YZF R125 (2008)#si#100#Persona fisica#M#40#NA#80100#Napoli#3#SI#Impiegato#M#40#NA#92100#Napoli#veicolo già assicurato con atr#No#No#BM#11#1#0#0#0#0#0#1#0#3,000,000
Axa – Moto#354#2010-04-01#YAMAHA#9#100#moto#YZF R125 (2008)#si#100#Persona fisica#M#40#NA#80100#Napoli#3#SI#Impiegato#M#40#NA#92100#Napoli#veicolo già assicurato con atr#No#No#BM#12#1#0#0#0#0#0#1#0#3,000,000
Axa – Moto#355#2010-04-01#YAMAHA#9#100#moto#YZF R125 (2008)#si#100#Persona fisica#M#40#NA#80100#Napoli#3#SI#Impiegato#M#40#NA#92100#Napoli#veicolo già assicurato con atr#No#No#BM#14#1#0#0#0#0#0#1#0#3,000,000
Axa – Moto#356#2010-04-01#YAMAHA#9#100#moto#YZF R125 (2008)#si#100#Persona fisica#M#40#NA#80100#Napoli#3#SI#Impiegato#M#40#NA#92100#Napoli#veicolo già assicurato con atr#No#No#BM#15#1#0#0#0#0#0#1#0#3,000,000
Axa – Moto#357#2010-04-01#YAMAHA#9#100#moto#YZF R125 (2008)#si#100#Persona fisica#M#40#NA#80100#Napoli#3#SI#Impiegato#M#40#NA#92100#Napoli#veicolo già assicurato con atr#No#No#BM#16#1#0#0#0#0#0#1#0#3,000,000
Axa – Moto#358#2010-04-01#YAMAHA#9#100#moto#YZF R125 (2008)#si#100#Persona fisica#M#40#NA#80100#Napoli#3#SI#Impiegato#M#40#NA#92100#Napoli#veicolo già assicurato con atr#No#No#BM#17#1#0#0#0#0#0#1#0#3,000,000
Axa – Moto#359#2010-04-01#YAMAHA#9#100#moto#YZF R125 (2008)#si#100#Persona fisica#M#40#NA#80100#Napoli#3#SI#Impiegato#M#40#NA#92100#Napoli#veicolo già assicurato con atr#No#No#BM#18#1#0#0#0#0#0#1#0#3,000,000
Axa – Moto#360#2010-04-01#YAMAHA#9#100#moto#YZF R125 (2008)#si#100#Persona fisica#M#40#NA#80100#Napoli#3#SI#Impiegato#M#40#NA#92100#Napoli#veicolo già assicurato con atr#No#No#BM#14#0#0#0#0#0#0#0#0#3,000,000
Axa – Moto#361#2010-04-01#YAMAHA#9#100#moto#YZF R125 (2008)#si#100#Persona fisica#M#40#NA#80100#Napoli#3#SI#Impiegato#M#40#NA#92100#Napoli#veicolo già assicurato con atr#No#No#BM#14#0#0#0#0#0#0#0#0#6,000,000
Axa – Moto#362#2010-04-01#YAMAHA#9#100#moto#YZF R125 (2008)#si#100#Persona fisica#M#40#NA#80100#Napoli#3#SI#Impiegato#M#40#NA#92100#Napoli#veicolo già assicurato con atr#No#No#BM#14#0#0#0#0#0#0#0#0#10,000,000
