Generali - Autocarro trasporto cose#1#2010-03-15#Conto proprio#0#10#00000#NA#Napoli#1a immatricolazione dopo l’acquisto del veicolo#BM##0#0#0#0#0#0#0#0#3,000,000
Generali - Autocarro trasporto cose#2#2010-03-15#Conto proprio#0#10#00000#NA#Napoli#1a immatricolazione dopo l’acquisto del veicolo#BM##0#0#0#0#0#0#0#0#3,000,000
Generali - Autocarro trasporto cose#3#2010-03-15#Conto proprio#0#10#00000#NA#Napoli#1a immatricolazione dopo l’acquisto del veicolo#BM##0#0#0#0#0#0#0#0#4,000,000
Generali - Autocarro trasporto cose#4#2010-03-15#Conto proprio#0#10#00000#NA#Napoli#1a immatricolazione dopo l’acquisto del veicolo#BM##0#0#0#0#0#0#0#0#6,000,000
Generali - Autocarro trasporto cose#5#2010-03-15#Conto proprio#0#10#00000#NA#Napoli#1a immatricolazione dopo l’acquisto del veicolo#BM##0#0#0#0#0#0#0#0#8,000,000
Generali - Autocarro trasporto cose#6#2010-03-15#Conto proprio#0#10#00000#NA#Napoli#1a immatricolazione dopo l’acquisto del veicolo#BM##0#0#0#0#0#0#0#0#12,000,000
Generali - Autocarro trasporto cose#7#2010-03-15#Conto proprio#0#10#00000#NA#Napoli#1a immatricolazione dopo l’acquisto del veicolo#BM##0#0#0#0#0#0#0#0#15,000,000
Generali - Autocarro trasporto cose#8#2010-03-15#Conto proprio#0#10#00000#NA#Napoli#1a immatricolazione dopo l’acquisto del veicolo#BM##0#0#0#0#0#0#0#0#20,000,000
Generali - Autocarro trasporto cose#9#2010-03-15#Conto proprio#0#10#00000#NA#Napoli#1a immatricolazione dopo l’acquisto del veicolo#BM##0#0#0#0#0#0#0#0#26,000,000
Generali - Autocarro trasporto cose#10#2010-03-15#Conto proprio#0#10#00000#AG#Agrigento#1a immatricolazione dopo l’acquisto del veicolo#BM##0#0#0#0#0#0#0#0#3,000,000
Generali - Autocarro trasporto cose#11#2010-03-15#Conto proprio#0#10#00000#AL#Alessandria#1a immatricolazione dopo l’acquisto del veicolo#BM##0#0#0#0#0#0#0#0#3,000,000
Generali - Autocarro trasporto cose#12#2010-03-15#Conto proprio#0#10#00000#AN#Ancona#1a immatricolazione dopo l’acquisto del veicolo#BM##0#0#0#0#0#0#0#0#3,000,000
Generali - Autocarro trasporto cose#13#2010-03-15#Conto proprio#0#10#00000#AO#Aosta#1a immatricolazione dopo l’acquisto del veicolo#BM##0#0#0#0#0#0#0#0#3,000,000
Generali - Autocarro trasporto cose#14#2010-03-15#Conto proprio#0#10#00000#AP#Ascoli Piceno#1a immatricolazione dopo l’acquisto del veicolo#BM##0#0#0#0#0#0#0#0#3,000,000
Generali - Autocarro trasporto cose#15#2010-03-15#Conto proprio#0#10#00000#AQ#L' Aquila#1a immatricolazione dopo l’acquisto del veicolo#BM##0#0#0#0#0#0#0#0#3,000,000
Generali - Autocarro trasporto cose#16#2010-03-15#Conto proprio#0#10#00000#AR#Arezzo#1a immatricolazione dopo l’acquisto del veicolo#BM##0#0#0#0#0#0#0#0#3,000,000
Generali - Autocarro trasporto cose#17#2010-03-15#Conto proprio#0#10#00000#AT#Asti#1a immatricolazione dopo l’acquisto del veicolo#BM##0#0#0#0#0#0#0#0#3,000,000
Generali - Autocarro trasporto cose#18#2010-03-15#Conto proprio#0#10#00000#AV#Avellino#1a immatricolazione dopo l’acquisto del veicolo#BM##0#0#0#0#0#0#0#0#3,000,000
Generali - Autocarro trasporto cose#19#2010-03-15#Conto proprio#0#10#00000#BA#Bari#1a immatricolazione dopo l’acquisto del veicolo#BM##0#0#0#0#0#0#0#0#3,000,000
Generali - Autocarro trasporto cose#20#2010-03-15#Conto proprio#0#10#00000#BG#Bergamo#1a immatricolazione dopo l’acquisto del veicolo#BM##0#0#0#0#0#0#0#0#3,000,000
Generali - Autocarro trasporto cose#21#2010-03-15#Conto proprio#0#10#00000#BI#Biella#1a immatricolazione dopo l’acquisto del veicolo#BM##0#0#0#0#0#0#0#0#3,000,000
Generali - Autocarro trasporto cose#22#2010-03-15#Conto proprio#0#10#00000#BL#Belluno#1a immatricolazione dopo l’acquisto del veicolo#BM##0#0#0#0#0#0#0#0#3,000,000
Generali - Autocarro trasporto cose#23#2010-03-15#Conto proprio#0#10#00000#BN#Benevento#1a immatricolazione dopo l’acquisto del veicolo#BM##0#0#0#0#0#0#0#0#3,000,000
Generali - Autocarro trasporto cose#24#2010-03-15#Conto proprio#0#10#00000#BO#Bologna#1a immatricolazione dopo l’acquisto del veicolo#BM##0#0#0#0#0#0#0#0#3,000,000
Generali - Autocarro trasporto cose#25#2010-03-15#Conto proprio#0#10#00000#BR#Brindisi#1a immatricolazione dopo l’acquisto del veicolo#BM##0#0#0#0#0#0#0#0#3,000,000
Generali - Autocarro trasporto cose#26#2010-03-15#Conto proprio#0#10#00000#BS#Brescia#1a immatricolazione dopo l’acquisto del veicolo#BM##0#0#0#0#0#0#0#0#3,000,000
Generali - Autocarro trasporto cose#27#2010-03-15#Conto proprio#0#10#00000#BZ#Bolzano#1a immatricolazione dopo l’acquisto del veicolo#BM##0#0#0#0#0#0#0#0#3,000,000
Generali - Autocarro trasporto cose#28#2010-03-15#Conto proprio#0#10#00000#CA#Cagliari#1a immatricolazione dopo l’acquisto del veicolo#BM##0#0#0#0#0#0#0#0#3,000,000
Generali - Autocarro trasporto cose#29#2010-03-15#Conto proprio#0#10#00000#CB#Campobasso#1a immatricolazione dopo l’acquisto del veicolo#BM##0#0#0#0#0#0#0#0#3,000,000
Generali - Autocarro trasporto cose#30#2010-03-15#Conto proprio#0#10#00000#CE#Caserta#1a immatricolazione dopo l’acquisto del veicolo#BM##0#0#0#0#0#0#0#0#3,000,000
Generali - Autocarro trasporto cose#31#2010-03-15#Conto proprio#0#10#00000#CH#Chieti#1a immatricolazione dopo l’acquisto del veicolo#BM##0#0#0#0#0#0#0#0#3,000,000
Generali - Autocarro trasporto cose#32#2010-03-15#Conto proprio#0#10#00000#CL#Caltanissetta#1a immatricolazione dopo l’acquisto del veicolo#BM##0#0#0#0#0#0#0#0#3,000,000
Generali - Autocarro trasporto cose#33#2010-03-15#Conto proprio#0#10#00000#CN#Cuneo#1a immatricolazione dopo l’acquisto del veicolo#BM##0#0#0#0#0#0#0#0#3,000,000
Generali - Autocarro trasporto cose#34#2010-03-15#Conto proprio#0#10#00000#CO#Como#1a immatricolazione dopo l’acquisto del veicolo#BM##0#0#0#0#0#0#0#0#3,000,000
Generali - Autocarro trasporto cose#35#2010-03-15#Conto proprio#0#10#00000#CR#Cremona#1a immatricolazione dopo l’acquisto del veicolo#BM##0#0#0#0#0#0#0#0#3,000,000
Generali - Autocarro trasporto cose#36#2010-03-15#Conto proprio#0#10#00000#CS#Cosenza#1a immatricolazione dopo l’acquisto del veicolo#BM##0#0#0#0#0#0#0#0#3,000,000
Generali - Autocarro trasporto cose#37#2010-03-15#Conto proprio#0#10#00000#CT#Catania#1a immatricolazione dopo l’acquisto del veicolo#BM##0#0#0#0#0#0#0#0#3,000,000
Generali - Autocarro trasporto cose#38#2010-03-15#Conto proprio#0#10#00000#CZ#Catanzaro#1a immatricolazione dopo l’acquisto del veicolo#BM##0#0#0#0#0#0#0#0#3,000,000
Generali - Autocarro trasporto cose#39#2010-03-15#Conto proprio#0#10#00000#EN#Enna#1a immatricolazione dopo l’acquisto del veicolo#BM##0#0#0#0#0#0#0#0#3,000,000
Generali - Autocarro trasporto cose#40#2010-03-15#Conto proprio#0#10#00000#FE#Ferrara#1a immatricolazione dopo l’acquisto del veicolo#BM##0#0#0#0#0#0#0#0#3,000,000
Generali - Autocarro trasporto cose#41#2010-03-15#Conto proprio#0#10#00000#FG#Foggia#1a immatricolazione dopo l’acquisto del veicolo#BM##0#0#0#0#0#0#0#0#3,000,000
Generali - Autocarro trasporto cose#42#2010-03-15#Conto proprio#0#10#00000#FI#Firenze#1a immatricolazione dopo l’acquisto del veicolo#BM##0#0#0#0#0#0#0#0#3,000,000
Generali - Autocarro trasporto cose#43#2010-03-15#Conto proprio#0#10#00000#FC#FORLI'#1a immatricolazione dopo l’acquisto del veicolo#BM##0#0#0#0#0#0#0#0#3,000,000
Generali - Autocarro trasporto cose#44#2010-03-15#Conto proprio#0#10#00000#FR#Frosinone#1a immatricolazione dopo l’acquisto del veicolo#BM##0#0#0#0#0#0#0#0#3,000,000
Generali - Autocarro trasporto cose#45#2010-03-15#Conto proprio#0#10#00000#GE#Genova#1a immatricolazione dopo l’acquisto del veicolo#BM##0#0#0#0#0#0#0#0#3,000,000
Generali - Autocarro trasporto cose#46#2010-03-15#Conto proprio#0#10#00000#GO#Gorizia#1a immatricolazione dopo l’acquisto del veicolo#BM##0#0#0#0#0#0#0#0#3,000,000
Generali - Autocarro trasporto cose#47#2010-03-15#Conto proprio#0#10#00000#GR#Grosseto#1a immatricolazione dopo l’acquisto del veicolo#BM##0#0#0#0#0#0#0#0#3,000,000
Generali - Autocarro trasporto cose#48#2010-03-15#Conto proprio#0#10#00000#IM#Imperia#1a immatricolazione dopo l’acquisto del veicolo#BM##0#0#0#0#0#0#0#0#3,000,000
Generali - Autocarro trasporto cose#49#2010-03-15#Conto proprio#0#10#00000#IS#Isernia#1a immatricolazione dopo l’acquisto del veicolo#BM##0#0#0#0#0#0#0#0#3,000,000
Generali - Autocarro trasporto cose#50#2010-03-15#Conto proprio#0#10#00000#KR#Crotone#1a immatricolazione dopo l’acquisto del veicolo#BM##0#0#0#0#0#0#0#0#3,000,000
Generali - Autocarro trasporto cose#51#2010-03-15#Conto proprio#0#10#00000#LC#Lecco#1a immatricolazione dopo l’acquisto del veicolo#BM##0#0#0#0#0#0#0#0#3,000,000
Generali - Autocarro trasporto cose#52#2010-03-15#Conto proprio#0#10#00000#LE#Lecce#1a immatricolazione dopo l’acquisto del veicolo#BM##0#0#0#0#0#0#0#0#3,000,000
Generali - Autocarro trasporto cose#53#2010-03-15#Conto proprio#0#10#00000#LI#Livorno#1a immatricolazione dopo l’acquisto del veicolo#BM##0#0#0#0#0#0#0#0#3,000,000
Generali - Autocarro trasporto cose#54#2010-03-15#Conto proprio#0#10#00000#LO#Lodi#1a immatricolazione dopo l’acquisto del veicolo#BM##0#0#0#0#0#0#0#0#3,000,000
Generali - Autocarro trasporto cose#55#2010-03-15#Conto proprio#0#10#00000#LT#Latina#1a immatricolazione dopo l’acquisto del veicolo#BM##0#0#0#0#0#0#0#0#3,000,000
Generali - Autocarro trasporto cose#56#2010-03-15#Conto proprio#0#10#00000#LU#Lucca#1a immatricolazione dopo l’acquisto del veicolo#BM##0#0#0#0#0#0#0#0#3,000,000
Generali - Autocarro trasporto cose#57#2010-03-15#Conto proprio#0#10#00000#MC#Macerata#1a immatricolazione dopo l’acquisto del veicolo#BM##0#0#0#0#0#0#0#0#3,000,000
Generali - Autocarro trasporto cose#58#2010-03-15#Conto proprio#0#10#00000#ME#Messina#1a immatricolazione dopo l’acquisto del veicolo#BM##0#0#0#0#0#0#0#0#3,000,000
Generali - Autocarro trasporto cose#59#2010-03-15#Conto proprio#0#10#00000#MI#Milano#1a immatricolazione dopo l’acquisto del veicolo#BM##0#0#0#0#0#0#0#0#3,000,000
Generali - Autocarro trasporto cose#60#2010-03-15#Conto proprio#0#10#00000#MN#Mantova#1a immatricolazione dopo l’acquisto del veicolo#BM##0#0#0#0#0#0#0#0#3,000,000
Generali - Autocarro trasporto cose#61#2010-03-15#Conto proprio#0#10#00000#MO#Modena#1a immatricolazione dopo l’acquisto del veicolo#BM##0#0#0#0#0#0#0#0#3,000,000
Generali - Autocarro trasporto cose#62#2010-03-15#Conto proprio#0#10#00000#MS#Massa#1a immatricolazione dopo l’acquisto del veicolo#BM##0#0#0#0#0#0#0#0#3,000,000
Generali - Autocarro trasporto cose#63#2010-03-15#Conto proprio#0#10#00000#MT#Matera#1a immatricolazione dopo l’acquisto del veicolo#BM##0#0#0#0#0#0#0#0#3,000,000
Generali - Autocarro trasporto cose#64#2010-03-15#Conto proprio#0#10#00000#NA#Napoli#1a immatricolazione dopo l’acquisto del veicolo#BM##0#0#0#0#0#0#0#0#3,000,000
Generali - Autocarro trasporto cose#65#2010-03-15#Conto proprio#0#10#00000#NO#Novara#1a immatricolazione dopo l’acquisto del veicolo#BM##0#0#0#0#0#0#0#0#3,000,000
Generali - Autocarro trasporto cose#66#2010-03-15#Conto proprio#0#10#00000#NU#Nuoro#1a immatricolazione dopo l’acquisto del veicolo#BM##0#0#0#0#0#0#0#0#3,000,000
Generali - Autocarro trasporto cose#67#2010-03-15#Conto proprio#0#10#00000#OR#Oristano#1a immatricolazione dopo l’acquisto del veicolo#BM##0#0#0#0#0#0#0#0#3,000,000
Generali - Autocarro trasporto cose#68#2010-03-15#Conto proprio#0#10#00000#PA#Palermo#1a immatricolazione dopo l’acquisto del veicolo#BM##0#0#0#0#0#0#0#0#3,000,000
Generali - Autocarro trasporto cose#69#2010-03-15#Conto proprio#0#10#00000#PC#Piacenza#1a immatricolazione dopo l’acquisto del veicolo#BM##0#0#0#0#0#0#0#0#3,000,000
Generali - Autocarro trasporto cose#70#2010-03-15#Conto proprio#0#10#00000#PD#Padova#1a immatricolazione dopo l’acquisto del veicolo#BM##0#0#0#0#0#0#0#0#3,000,000
Generali - Autocarro trasporto cose#71#2010-03-15#Conto proprio#0#10#00000#PE#Pescara#1a immatricolazione dopo l’acquisto del veicolo#BM##0#0#0#0#0#0#0#0#3,000,000
Generali - Autocarro trasporto cose#72#2010-03-15#Conto proprio#0#10#00000#PG#Perugia#1a immatricolazione dopo l’acquisto del veicolo#BM##0#0#0#0#0#0#0#0#3,000,000
Generali - Autocarro trasporto cose#73#2010-03-15#Conto proprio#0#10#00000#PI#Pisa#1a immatricolazione dopo l’acquisto del veicolo#BM##0#0#0#0#0#0#0#0#3,000,000
Generali - Autocarro trasporto cose#74#2010-03-15#Conto proprio#0#10#00000#PN#Pordenone#1a immatricolazione dopo l’acquisto del veicolo#BM##0#0#0#0#0#0#0#0#3,000,000
Generali - Autocarro trasporto cose#75#2010-03-15#Conto proprio#0#10#00000#PO#Prato#1a immatricolazione dopo l’acquisto del veicolo#BM##0#0#0#0#0#0#0#0#3,000,000
Generali - Autocarro trasporto cose#76#2010-03-15#Conto proprio#0#10#00000#PR#Parma#1a immatricolazione dopo l’acquisto del veicolo#BM##0#0#0#0#0#0#0#0#3,000,000
Generali - Autocarro trasporto cose#77#2010-03-15#Conto proprio#0#10#00000#PU#Pesaro#1a immatricolazione dopo l’acquisto del veicolo#BM##0#0#0#0#0#0#0#0#3,000,000
Generali - Autocarro trasporto cose#78#2010-03-15#Conto proprio#0#10#00000#PT#Pistoia#1a immatricolazione dopo l’acquisto del veicolo#BM##0#0#0#0#0#0#0#0#3,000,000
Generali - Autocarro trasporto cose#79#2010-03-15#Conto proprio#0#10#00000#PV#Pavia#1a immatricolazione dopo l’acquisto del veicolo#BM##0#0#0#0#0#0#0#0#3,000,000
Generali - Autocarro trasporto cose#80#2010-03-15#Conto proprio#0#10#00000#PZ#Potenza#1a immatricolazione dopo l’acquisto del veicolo#BM##0#0#0#0#0#0#0#0#3,000,000
Generali - Autocarro trasporto cose#81#2010-03-15#Conto proprio#0#10#00000#RA#Ravenna#1a immatricolazione dopo l’acquisto del veicolo#BM##0#0#0#0#0#0#0#0#3,000,000
Generali - Autocarro trasporto cose#82#2010-03-15#Conto proprio#0#10#00000#RC#Reggio di Calabria#1a immatricolazione dopo l’acquisto del veicolo#BM##0#0#0#0#0#0#0#0#3,000,000
Generali - Autocarro trasporto cose#83#2010-03-15#Conto proprio#0#10#00000#RE#Reggio nell'Emilia#1a immatricolazione dopo l’acquisto del veicolo#BM##0#0#0#0#0#0#0#0#3,000,000
Generali - Autocarro trasporto cose#84#2010-03-15#Conto proprio#0#10#00000#RG#Ragusa#1a immatricolazione dopo l’acquisto del veicolo#BM##0#0#0#0#0#0#0#0#3,000,000
Generali - Autocarro trasporto cose#85#2010-03-15#Conto proprio#0#10#00000#RI#Rieti#1a immatricolazione dopo l’acquisto del veicolo#BM##0#0#0#0#0#0#0#0#3,000,000
Generali - Autocarro trasporto cose#86#2010-03-15#Conto proprio#0#10#00000#RM#Roma#1a immatricolazione dopo l’acquisto del veicolo#BM##0#0#0#0#0#0#0#0#3,000,000
Generali - Autocarro trasporto cose#87#2010-03-15#Conto proprio#0#10#00000#RN#Rimini#1a immatricolazione dopo l’acquisto del veicolo#BM##0#0#0#0#0#0#0#0#3,000,000
Generali - Autocarro trasporto cose#88#2010-03-15#Conto proprio#0#10#00000#RO#Rovigo#1a immatricolazione dopo l’acquisto del veicolo#BM##0#0#0#0#0#0#0#0#3,000,000
Generali - Autocarro trasporto cose#89#2010-03-15#Conto proprio#0#10#00000#SA#Salerno#1a immatricolazione dopo l’acquisto del veicolo#BM##0#0#0#0#0#0#0#0#3,000,000
Generali - Autocarro trasporto cose#90#2010-03-15#Conto proprio#0#10#00000#SI#Siena#1a immatricolazione dopo l’acquisto del veicolo#BM##0#0#0#0#0#0#0#0#3,000,000
Generali - Autocarro trasporto cose#91#2010-03-15#Conto proprio#0#10#00000#SO#Sondrio#1a immatricolazione dopo l’acquisto del veicolo#BM##0#0#0#0#0#0#0#0#3,000,000
Generali - Autocarro trasporto cose#92#2010-03-15#Conto proprio#0#10#00000#SP#La Spezia#1a immatricolazione dopo l’acquisto del veicolo#BM##0#0#0#0#0#0#0#0#3,000,000
Generali - Autocarro trasporto cose#93#2010-03-15#Conto proprio#0#10#00000#SR#Siracusa#1a immatricolazione dopo l’acquisto del veicolo#BM##0#0#0#0#0#0#0#0#3,000,000
Generali - Autocarro trasporto cose#94#2010-03-15#Conto proprio#0#10#00000#SS#Sassari#1a immatricolazione dopo l’acquisto del veicolo#BM##0#0#0#0#0#0#0#0#3,000,000
Generali - Autocarro trasporto cose#95#2010-03-15#Conto proprio#0#10#00000#SV#Savona#1a immatricolazione dopo l’acquisto del veicolo#BM##0#0#0#0#0#0#0#0#3,000,000
Generali - Autocarro trasporto cose#96#2010-03-15#Conto proprio#0#10#00000#TA#Taranto#1a immatricolazione dopo l’acquisto del veicolo#BM##0#0#0#0#0#0#0#0#3,000,000
Generali - Autocarro trasporto cose#97#2010-03-15#Conto proprio#0#10#00000#TE#Teramo#1a immatricolazione dopo l’acquisto del veicolo#BM##0#0#0#0#0#0#0#0#3,000,000
Generali - Autocarro trasporto cose#98#2010-03-15#Conto proprio#0#10#00000#TN#Trento#1a immatricolazione dopo l’acquisto del veicolo#BM##0#0#0#0#0#0#0#0#3,000,000
Generali - Autocarro trasporto cose#99#2010-03-15#Conto proprio#0#10#00000#TO#Torino#1a immatricolazione dopo l’acquisto del veicolo#BM##0#0#0#0#0#0#0#0#3,000,000
Generali - Autocarro trasporto cose#100#2010-03-15#Conto proprio#0#10#00000#TP#Trapani#1a immatricolazione dopo l’acquisto del veicolo#BM##0#0#0#0#0#0#0#0#3,000,000
Generali - Autocarro trasporto cose#101#2010-03-15#Conto proprio#0#10#00000#TR#Terni#1a immatricolazione dopo l’acquisto del veicolo#BM##0#0#0#0#0#0#0#0#3,000,000
Generali - Autocarro trasporto cose#102#2010-03-15#Conto proprio#0#10#00000#TS#Trieste#1a immatricolazione dopo l’acquisto del veicolo#BM##0#0#0#0#0#0#0#0#3,000,000
Generali - Autocarro trasporto cose#103#2010-03-15#Conto proprio#0#10#00000#TV#Treviso#1a immatricolazione dopo l’acquisto del veicolo#BM##0#0#0#0#0#0#0#0#3,000,000
Generali - Autocarro trasporto cose#104#2010-03-15#Conto proprio#0#10#00000#UD#Udine#1a immatricolazione dopo l’acquisto del veicolo#BM##0#0#0#0#0#0#0#0#3,000,000
Generali - Autocarro trasporto cose#105#2010-03-15#Conto proprio#0#10#00000#VA#Varese#1a immatricolazione dopo l’acquisto del veicolo#BM##0#0#0#0#0#0#0#0#3,000,000
Generali - Autocarro trasporto cose#106#2010-03-15#Conto proprio#0#10#00000#VB#Verbania#1a immatricolazione dopo l’acquisto del veicolo#BM##0#0#0#0#0#0#0#0#3,000,000
Generali - Autocarro trasporto cose#107#2010-03-15#Conto proprio#0#10#00000#VC#Vercelli#1a immatricolazione dopo l’acquisto del veicolo#BM##0#0#0#0#0#0#0#0#3,000,000
Generali - Autocarro trasporto cose#108#2010-03-15#Conto proprio#0#10#00000#VE#Venezia#1a immatricolazione dopo l’acquisto del veicolo#BM##0#0#0#0#0#0#0#0#3,000,000
Generali - Autocarro trasporto cose#109#2010-03-15#Conto proprio#0#10#00000#VI#Vicenza#1a immatricolazione dopo l’acquisto del veicolo#BM##0#0#0#0#0#0#0#0#3,000,000
Generali - Autocarro trasporto cose#110#2010-03-15#Conto proprio#0#10#00000#VR#Verona#1a immatricolazione dopo l’acquisto del veicolo#BM##0#0#0#0#0#0#0#0#3,000,000
Generali - Autocarro trasporto cose#111#2010-03-15#Conto proprio#0#10#00000#VT#Viterbo#1a immatricolazione dopo l’acquisto del veicolo#BM##0#0#0#0#0#0#0#0#3,000,000
Generali - Autocarro trasporto cose#112#2010-03-15#Conto proprio#0#10#00000#VV#Vibo Valentia#1a immatricolazione dopo l’acquisto del veicolo#BM##0#0#0#0#0#0#0#0#3,000,000
Generali - Autocarro trasporto cose#113#2010-03-15#Conto proprio#0#10#00000#AG#Sciacca#1a immatricolazione dopo l’acquisto del veicolo#BM##0#0#0#0#0#0#0#0#3,000,000
Generali - Autocarro trasporto cose#114#2010-03-15#Conto proprio#0#10#00000#AL#Cavatore #1a immatricolazione dopo l’acquisto del veicolo#BM##0#0#0#0#0#0#0#0#3,000,000
Generali - Autocarro trasporto cose#115#2010-03-15#Conto proprio#0#10#00000#AN#Montemarciano #1a immatricolazione dopo l’acquisto del veicolo#BM##0#0#0#0#0#0#0#0#3,000,000
Generali - Autocarro trasporto cose#116#2010-03-15#Conto proprio#0#10#00000#AO#La Salle #1a immatricolazione dopo l’acquisto del veicolo#BM##0#0#0#0#0#0#0#0#3,000,000
Generali - Autocarro trasporto cose#117#2010-03-15#Conto proprio#0#10#00000#AP#Grottammare #1a immatricolazione dopo l’acquisto del veicolo#BM##0#0#0#0#0#0#0#0#3,000,000
Generali - Autocarro trasporto cose#118#2010-03-15#Conto proprio#0#10#00000#AQ#Calascio #1a immatricolazione dopo l’acquisto del veicolo#BM##0#0#0#0#0#0#0#0#3,000,000
Generali - Autocarro trasporto cose#119#2010-03-15#Conto proprio#0#10#00000#AR#Capolona #1a immatricolazione dopo l’acquisto del veicolo#BM##0#0#0#0#0#0#0#0#3,000,000
Generali - Autocarro trasporto cose#120#2010-03-15#Conto proprio#0#10#00000#AT#Antignano #1a immatricolazione dopo l’acquisto del veicolo#BM##0#0#0#0#0#0#0#0#3,000,000
Generali - Autocarro trasporto cose#121#2010-03-15#Conto proprio#0#10#00000#AV#Grottolella #1a immatricolazione dopo l’acquisto del veicolo#BM##0#0#0#0#0#0#0#0#3,000,000
Generali - Autocarro trasporto cose#122#2010-03-15#Conto proprio#0#10#00000#BA#Alberobello #1a immatricolazione dopo l’acquisto del veicolo#BM##0#0#0#0#0#0#0#0#3,000,000
Generali - Autocarro trasporto cose#123#2010-03-15#Conto proprio#0#10#00000#BG#Azzone #1a immatricolazione dopo l’acquisto del veicolo#BM##0#0#0#0#0#0#0#0#3,000,000
Generali - Autocarro trasporto cose#124#2010-03-15#Conto proprio#0#10#00000#BI#Tollegno #1a immatricolazione dopo l’acquisto del veicolo#BM##0#0#0#0#0#0#0#0#3,000,000
Generali - Autocarro trasporto cose#125#2010-03-15#Conto proprio#0#10#00000#BL#Longarone #1a immatricolazione dopo l’acquisto del veicolo#BM##0#0#0#0#0#0#0#0#3,000,000
Generali - Autocarro trasporto cose#126#2010-03-15#Conto proprio#0#10#00000#BN#Airola #1a immatricolazione dopo l’acquisto del veicolo#BM##0#0#0#0#0#0#0#0#3,000,000
Generali - Autocarro trasporto cose#127#2010-03-15#Conto proprio#0#10#00000#BO#Bentivoglio #1a immatricolazione dopo l’acquisto del veicolo#BM##0#0#0#0#0#0#0#0#3,000,000
Generali - Autocarro trasporto cose#128#2010-03-15#Conto proprio#0#10#00000#BR#Ostuni #1a immatricolazione dopo l’acquisto del veicolo#BM##0#0#0#0#0#0#0#0#3,000,000
Generali - Autocarro trasporto cose#129#2010-03-15#Conto proprio#0#10#00000#BS#Ceto #1a immatricolazione dopo l’acquisto del veicolo#BM##0#0#0#0#0#0#0#0#3,000,000
Generali - Autocarro trasporto cose#130#2010-03-15#Conto proprio#0#10#00000#BZ#Merano #1a immatricolazione dopo l’acquisto del veicolo#BM##0#0#0#0#0#0#0#0#3,000,000
Generali - Autocarro trasporto cose#131#2010-03-15#Conto proprio#0#10#00000#CA#Pula#1a immatricolazione dopo l’acquisto del veicolo#BM##0#0#0#0#0#0#0#0#3,000,000
Generali - Autocarro trasporto cose#132#2010-03-15#Conto proprio#0#10#00000#CB#Gambatesa #1a immatricolazione dopo l’acquisto del veicolo#BM##0#0#0#0#0#0#0#0#3,000,000
Generali - Autocarro trasporto cose#133#2010-03-15#Conto proprio#0#10#00000#CE#Capodrise #1a immatricolazione dopo l’acquisto del veicolo#BM##0#0#0#0#0#0#0#0#3,000,000
Generali - Autocarro trasporto cose#134#2010-03-15#Conto proprio#0#10#00000#CH#Vasto #1a immatricolazione dopo l’acquisto del veicolo#BM##0#0#0#0#0#0#0#0#3,000,000
Generali - Autocarro trasporto cose#135#2010-03-15#Conto proprio#0#10#00000#CL#Campofranco #1a immatricolazione dopo l’acquisto del veicolo#BM##0#0#0#0#0#0#0#0#3,000,000
Generali - Autocarro trasporto cose#136#2010-03-15#Conto proprio#0#10#00000#CN#Aisone #1a immatricolazione dopo l’acquisto del veicolo#BM##0#0#0#0#0#0#0#0#3,000,000
Generali - Autocarro trasporto cose#137#2010-03-15#Conto proprio#0#10#00000#CO#Griante #1a immatricolazione dopo l’acquisto del veicolo#BM##0#0#0#0#0#0#0#0#3,000,000
Generali - Autocarro trasporto cose#138#2010-03-15#Conto proprio#0#10#00000#CR#Crema #1a immatricolazione dopo l’acquisto del veicolo#BM##0#0#0#0#0#0#0#0#3,000,000
Generali - Autocarro trasporto cose#139#2010-03-15#Conto proprio#0#10#00000#CS#Castrovillari #1a immatricolazione dopo l’acquisto del veicolo#BM##0#0#0#0#0#0#0#0#3,000,000
Generali - Autocarro trasporto cose#140#2010-03-15#Conto proprio#0#10#00000#CT#Milo #1a immatricolazione dopo l’acquisto del veicolo#BM##0#0#0#0#0#0#0#0#3,000,000
Generali - Autocarro trasporto cose#141#2010-03-15#Conto proprio#0#10#00000#CZ#Curinga #1a immatricolazione dopo l’acquisto del veicolo#BM##0#0#0#0#0#0#0#0#3,000,000
Generali - Autocarro trasporto cose#142#2010-03-15#Conto proprio#0#10#00000#EN#Agira #1a immatricolazione dopo l’acquisto del veicolo#BM##0#0#0#0#0#0#0#0#3,000,000
Generali - Autocarro trasporto cose#143#2010-03-15#Conto proprio#0#10#00000#FE#Bondeno #1a immatricolazione dopo l’acquisto del veicolo#BM##0#0#0#0#0#0#0#0#3,000,000
Generali - Autocarro trasporto cose#144#2010-03-15#Conto proprio#0#10#00000#FG#Apricena #1a immatricolazione dopo l’acquisto del veicolo#BM##0#0#0#0#0#0#0#0#3,000,000
Generali - Autocarro trasporto cose#145#2010-03-15#Conto proprio#0#10#00000#FI#Calenzano #1a immatricolazione dopo l’acquisto del veicolo#BM##0#0#0#0#0#0#0#0#3,000,000
Generali - Autocarro trasporto cose#146#2010-03-15#Conto proprio#0#10#00000#FC#Galeata #1a immatricolazione dopo l’acquisto del veicolo#BM##0#0#0#0#0#0#0#0#3,000,000
Generali - Autocarro trasporto cose#147#2010-03-15#Conto proprio#0#10#00000#FR#Acuto #1a immatricolazione dopo l’acquisto del veicolo#BM##0#0#0#0#0#0#0#0#3,000,000
Generali - Autocarro trasporto cose#148#2010-03-15#Conto proprio#0#10#00000#GE#Mele #1a immatricolazione dopo l’acquisto del veicolo#BM##0#0#0#0#0#0#0#0#3,000,000
Generali - Autocarro trasporto cose#149#2010-03-15#Conto proprio#0#10#00000#GO#Moraro #1a immatricolazione dopo l’acquisto del veicolo#BM##0#0#0#0#0#0#0#0#3,000,000
Generali - Autocarro trasporto cose#150#2010-03-15#Conto proprio#0#10#00000#GR#Capalbio #1a immatricolazione dopo l’acquisto del veicolo#BM##0#0#0#0#0#0#0#0#3,000,000
Generali - Autocarro trasporto cose#151#2010-03-15#Conto proprio#0#10#00000#IM#Castellaro #1a immatricolazione dopo l’acquisto del veicolo#BM##0#0#0#0#0#0#0#0#3,000,000
Generali - Autocarro trasporto cose#152#2010-03-15#Conto proprio#0#10#00000#IS#Filignano #1a immatricolazione dopo l’acquisto del veicolo#BM##0#0#0#0#0#0#0#0#3,000,000
Generali - Autocarro trasporto cose#153#2010-03-15#Conto proprio#0#10#00000#KR#Cutro #1a immatricolazione dopo l’acquisto del veicolo#BM##0#0#0#0#0#0#0#0#3,000,000
Generali - Autocarro trasporto cose#154#2010-03-15#Conto proprio#0#10#00000#LC#Ballabio #1a immatricolazione dopo l’acquisto del veicolo#BM##0#0#0#0#0#0#0#0#3,000,000
Generali - Autocarro trasporto cose#155#2010-03-15#Conto proprio#0#10#00000#LE#Gallipoli #1a immatricolazione dopo l’acquisto del veicolo#BM##0#0#0#0#0#0#0#0#3,000,000
Generali - Autocarro trasporto cose#156#2010-03-15#Conto proprio#0#10#00000#LI#Cecina #1a immatricolazione dopo l’acquisto del veicolo#BM##0#0#0#0#0#0#0#0#3,000,000
Generali - Autocarro trasporto cose#157#2010-03-15#Conto proprio#0#10#00000#LO#Graffignana #1a immatricolazione dopo l’acquisto del veicolo#BM##0#0#0#0#0#0#0#0#3,000,000
Generali - Autocarro trasporto cose#158#2010-03-15#Conto proprio#0#10#00000#LT#Maenza #1a immatricolazione dopo l’acquisto del veicolo#BM##0#0#0#0#0#0#0#0#3,000,000
Generali - Autocarro trasporto cose#159#2010-03-15#Conto proprio#0#10#00000#LU#Altopascio #1a immatricolazione dopo l’acquisto del veicolo#BM##0#0#0#0#0#0#0#0#3,000,000
Generali - Autocarro trasporto cose#160#2010-03-15#Conto proprio#0#10#00000#MC#Montecosaro #1a immatricolazione dopo l’acquisto del veicolo#BM##0#0#0#0#0#0#0#0#3,000,000
Generali - Autocarro trasporto cose#161#2010-03-15#Conto proprio#0#10#00000#ME#Acquedolci #1a immatricolazione dopo l’acquisto del veicolo#BM##0#0#0#0#0#0#0#0#3,000,000
Generali - Autocarro trasporto cose#162#2010-03-15#Conto proprio#0#10#00000#MI#Cuggiono #1a immatricolazione dopo l’acquisto del veicolo#BM##0#0#0#0#0#0#0#0#3,000,000
Generali - Autocarro trasporto cose#163#2010-03-15#Conto proprio#0#10#00000#MN#Monzambano #1a immatricolazione dopo l’acquisto del veicolo#BM##0#0#0#0#0#0#0#0#3,000,000
Generali - Autocarro trasporto cose#164#2010-03-15#Conto proprio#0#10#00000#MO#Campogalliano #1a immatricolazione dopo l’acquisto del veicolo#BM##0#0#0#0#0#0#0#0#3,000,000
Generali - Autocarro trasporto cose#165#2010-03-15#Conto proprio#0#10#00000#MS#Aulla #1a immatricolazione dopo l’acquisto del veicolo#BM##0#0#0#0#0#0#0#0#3,000,000
Generali - Autocarro trasporto cose#166#2010-03-15#Conto proprio#0#10#00000#MT#Accettura #1a immatricolazione dopo l’acquisto del veicolo#BM##0#0#0#0#0#0#0#0#3,000,000
Generali - Autocarro trasporto cose#167#2010-03-15#Conto proprio#0#10#00000#NA#Acerra #1a immatricolazione dopo l’acquisto del veicolo#BM##0#0#0#0#0#0#0#0#3,000,000
Generali - Autocarro trasporto cose#168#2010-03-15#Conto proprio#0#10#00000#NO#Gozzano #1a immatricolazione dopo l’acquisto del veicolo#BM##0#0#0#0#0#0#0#0#3,000,000
Generali - Autocarro trasporto cose#169#2010-03-15#Conto proprio#0#10#00000#NU#Aritzo #1a immatricolazione dopo l’acquisto del veicolo#BM##0#0#0#0#0#0#0#0#3,000,000
Generali - Autocarro trasporto cose#170#2010-03-15#Conto proprio#0#10#00000#OR#Ghilarza #1a immatricolazione dopo l’acquisto del veicolo#BM##0#0#0#0#0#0#0#0#3,000,000
Generali - Autocarro trasporto cose#171#2010-03-15#Conto proprio#0#10#00000#PA#Alia #1a immatricolazione dopo l’acquisto del veicolo#BM##0#0#0#0#0#0#0#0#3,000,000
Generali - Autocarro trasporto cose#172#2010-03-15#Conto proprio#0#10#00000#PC#Caorso #1a immatricolazione dopo l’acquisto del veicolo#BM##0#0#0#0#0#0#0#0#3,000,000
Generali - Autocarro trasporto cose#173#2010-03-15#Conto proprio#0#10#00000#PD#Campodarsego #1a immatricolazione dopo l’acquisto del veicolo#BM##0#0#0#0#0#0#0#0#3,000,000
Generali - Autocarro trasporto cose#174#2010-03-15#Conto proprio#0#10#00000#PE#Alanno #1a immatricolazione dopo l’acquisto del veicolo#BM##0#0#0#0#0#0#0#0#3,000,000
Generali - Autocarro trasporto cose#175#2010-03-15#Conto proprio#0#10#00000#PG#Montone #1a immatricolazione dopo l’acquisto del veicolo#BM##0#0#0#0#0#0#0#0#3,000,000
Generali - Autocarro trasporto cose#176#2010-03-15#Conto proprio#0#10#00000#PI#Calcinaia #1a immatricolazione dopo l’acquisto del veicolo#BM##0#0#0#0#0#0#0#0#3,000,000
Generali - Autocarro trasporto cose#177#2010-03-15#Conto proprio#0#10#00000#PN#Aviano #1a immatricolazione dopo l’acquisto del veicolo#BM##0#0#0#0#0#0#0#0#3,000,000
Generali - Autocarro trasporto cose#178#2010-03-15#Conto proprio#0#10#00000#PO#Cantagallo #1a immatricolazione dopo l’acquisto del veicolo#BM##0#0#0#0#0#0#0#0#3,000,000
Generali - Autocarro trasporto cose#179#2010-03-15#Conto proprio#0#10#00000#PR#Fontanellato #1a immatricolazione dopo l’acquisto del veicolo#BM##0#0#0#0#0#0#0#0#3,000,000
Generali - Autocarro trasporto cose#180#2010-03-15#Conto proprio#0#10#00000#PU#Gabicce Mare#1a immatricolazione dopo l’acquisto del veicolo#BM##0#0#0#0#0#0#0#0#3,000,000
Generali - Autocarro trasporto cose#181#2010-03-15#Conto proprio#0#10#00000#PT#Abetone #1a immatricolazione dopo l’acquisto del veicolo#BM##0#0#0#0#0#0#0#0#3,000,000
Generali - Autocarro trasporto cose#182#2010-03-15#Conto proprio#0#10#00000#PV#Bascape'#1a immatricolazione dopo l’acquisto del veicolo#BM##0#0#0#0#0#0#0#0#3,000,000
Generali - Autocarro trasporto cose#183#2010-03-15#Conto proprio#0#10#00000#PZ#Anzi #1a immatricolazione dopo l’acquisto del veicolo#BM##0#0#0#0#0#0#0#0#3,000,000
Generali - Autocarro trasporto cose#184#2010-03-15#Conto proprio#0#10#00000#RA#Bagnacavallo #1a immatricolazione dopo l’acquisto del veicolo#BM##0#0#0#0#0#0#0#0#3,000,000
Generali - Autocarro trasporto cose#185#2010-03-15#Conto proprio#0#10#00000#RC#Delianuova #1a immatricolazione dopo l’acquisto del veicolo#BM##0#0#0#0#0#0#0#0#3,000,000
Generali - Autocarro trasporto cose#186#2010-03-15#Conto proprio#0#10#00000#RE#Bagnolo in piano #1a immatricolazione dopo l’acquisto del veicolo#BM##0#0#0#0#0#0#0#0#3,000,000
Generali - Autocarro trasporto cose#187#2010-03-15#Conto proprio#0#10#00000#RG#Acate #1a immatricolazione dopo l’acquisto del veicolo#BM##0#0#0#0#0#0#0#0#3,000,000
Generali - Autocarro trasporto cose#188#2010-03-15#Conto proprio#0#10#00000#RI#Accumoli #1a immatricolazione dopo l’acquisto del veicolo#BM##0#0#0#0#0#0#0#0#3,000,000
Generali - Autocarro trasporto cose#189#2010-03-15#Conto proprio#0#10#00000#RM#Affile #1a immatricolazione dopo l’acquisto del veicolo#BM##0#0#0#0#0#0#0#0#3,000,000
Generali - Autocarro trasporto cose#190#2010-03-15#Conto proprio#0#10#00000#RN#Bellaria-Igea Marina #1a immatricolazione dopo l’acquisto del veicolo#BM##0#0#0#0#0#0#0#0#3,000,000
Generali - Autocarro trasporto cose#191#2010-03-15#Conto proprio#0#10#00000#RO#Ceregnano #1a immatricolazione dopo l’acquisto del veicolo#BM##0#0#0#0#0#0#0#0#3,000,000
Generali - Autocarro trasporto cose#192#2010-03-15#Conto proprio#0#10#00000#SA#Amalfi #1a immatricolazione dopo l’acquisto del veicolo#BM##0#0#0#0#0#0#0#0#3,000,000
Generali - Autocarro trasporto cose#193#2010-03-15#Conto proprio#0#10#00000#SI#Chiusdino #1a immatricolazione dopo l’acquisto del veicolo#BM##0#0#0#0#0#0#0#0#3,000,000
Generali - Autocarro trasporto cose#194#2010-03-15#Conto proprio#0#10#00000#SO#Ardenno #1a immatricolazione dopo l’acquisto del veicolo#BM##0#0#0#0#0#0#0#0#3,000,000
Generali - Autocarro trasporto cose#195#2010-03-15#Conto proprio#0#10#00000#SP#Carro #1a immatricolazione dopo l’acquisto del veicolo#BM##0#0#0#0#0#0#0#0#3,000,000
Generali - Autocarro trasporto cose#196#2010-03-15#Conto proprio#0#10#00000#SR#Augusta #1a immatricolazione dopo l’acquisto del veicolo#BM##0#0#0#0#0#0#0#0#3,000,000
Generali - Autocarro trasporto cose#197#2010-03-15#Conto proprio#0#10#00000#SS#Bono #1a immatricolazione dopo l’acquisto del veicolo#BM##0#0#0#0#0#0#0#0#3,000,000
Generali - Autocarro trasporto cose#198#2010-03-15#Conto proprio#0#10#00000#SV#Albisola Superiore #1a immatricolazione dopo l’acquisto del veicolo#BM##0#0#0#0#0#0#0#0#3,000,000
Generali - Autocarro trasporto cose#199#2010-03-15#Conto proprio#0#10#00000#TA#Crispiano #1a immatricolazione dopo l’acquisto del veicolo#BM##0#0#0#0#0#0#0#0#3,000,000
Generali - Autocarro trasporto cose#200#2010-03-15#Conto proprio#0#10#00000#TE#Campli #1a immatricolazione dopo l’acquisto del veicolo#BM##0#0#0#0#0#0#0#0#3,000,000
Generali - Autocarro trasporto cose#201#2010-03-15#Conto proprio#0#10#00000#TN#Amblar #1a immatricolazione dopo l’acquisto del veicolo#BM##0#0#0#0#0#0#0#0#3,000,000
Generali - Autocarro trasporto cose#202#2010-03-15#Conto proprio#0#10#00000#TO#andezeno#1a immatricolazione dopo l’acquisto del veicolo#BM##0#0#0#0#0#0#0#0#3,000,000
Generali - Autocarro trasporto cose#203#2010-03-15#Conto proprio#0#10#00000#TP#Custonaci #1a immatricolazione dopo l’acquisto del veicolo#BM##0#0#0#0#0#0#0#0#3,000,000
Generali - Autocarro trasporto cose#204#2010-03-15#Conto proprio#0#10#00000#TR#Allerona #1a immatricolazione dopo l’acquisto del veicolo#BM##0#0#0#0#0#0#0#0#3,000,000
Generali - Autocarro trasporto cose#205#2010-03-15#Conto proprio#0#10#00000#TS#Sgonico #1a immatricolazione dopo l’acquisto del veicolo#BM##0#0#0#0#0#0#0#0#3,000,000
Generali - Autocarro trasporto cose#206#2010-03-15#Conto proprio#0#10#00000#TV#Conegliano #1a immatricolazione dopo l’acquisto del veicolo#BM##0#0#0#0#0#0#0#0#3,000,000
Generali - Autocarro trasporto cose#207#2010-03-15#Conto proprio#0#10#00000#UD#Artegna #1a immatricolazione dopo l’acquisto del veicolo#BM##0#0#0#0#0#0#0#0#3,000,000
Generali - Autocarro trasporto cose#208#2010-03-15#Conto proprio#0#10#00000#VA#Cassano Magnago #1a immatricolazione dopo l’acquisto del veicolo#BM##0#0#0#0#0#0#0#0#3,000,000
Generali - Autocarro trasporto cose#209#2010-03-15#Conto proprio#0#10#00000#VB#Arizzano #1a immatricolazione dopo l’acquisto del veicolo#BM##0#0#0#0#0#0#0#0#3,000,000
Generali - Autocarro trasporto cose#210#2010-03-15#Conto proprio#0#10#00000#VC#Quarona #1a immatricolazione dopo l’acquisto del veicolo#BM##0#0#0#0#0#0#0#0#3,000,000
Generali - Autocarro trasporto cose#211#2010-03-15#Conto proprio#0#10#00000#VE#Camponogara#1a immatricolazione dopo l’acquisto del veicolo#BM##0#0#0#0#0#0#0#0#3,000,000
Generali - Autocarro trasporto cose#212#2010-03-15#Conto proprio#0#10#00000#VI#Piovene Rocchette #1a immatricolazione dopo l’acquisto del veicolo#BM##0#0#0#0#0#0#0#0#3,000,000
Generali - Autocarro trasporto cose#213#2010-03-15#Conto proprio#0#10#00000#VR#Affi #1a immatricolazione dopo l’acquisto del veicolo#BM##0#0#0#0#0#0#0#0#3,000,000
Generali - Autocarro trasporto cose#214#2010-03-15#Conto proprio#0#10#00000#VT#Blera #1a immatricolazione dopo l’acquisto del veicolo#BM##0#0#0#0#0#0#0#0#3,000,000
Generali - Autocarro trasporto cose#215#2010-03-15#Conto proprio#0#10#00000#VV#Pizzo #1a immatricolazione dopo l’acquisto del veicolo#BM##0#0#0#0#0#0#0#0#3,000,000
Generali - Autocarro trasporto cose#216#2010-03-15#Conto proprio#0#70#00000#AG#Agrigento#1a immatricolazione dopo l’acquisto del veicolo#BM##0#0#0#0#0#0#0#0#3,000,000
Generali - Autocarro trasporto cose#217#2010-03-15#Conto proprio#0#70#00000#AL#Alessandria#1a immatricolazione dopo l’acquisto del veicolo#BM##0#0#0#0#0#0#0#0#3,000,000
Generali - Autocarro trasporto cose#218#2010-03-15#Conto proprio#0#70#00000#AN#Ancona#1a immatricolazione dopo l’acquisto del veicolo#BM##0#0#0#0#0#0#0#0#3,000,000
Generali - Autocarro trasporto cose#219#2010-03-15#Conto proprio#0#70#00000#AO#Aosta#1a immatricolazione dopo l’acquisto del veicolo#BM##0#0#0#0#0#0#0#0#3,000,000
Generali - Autocarro trasporto cose#220#2010-03-15#Conto proprio#0#70#00000#AP#Ascoli Piceno#1a immatricolazione dopo l’acquisto del veicolo#BM##0#0#0#0#0#0#0#0#3,000,000
Generali - Autocarro trasporto cose#221#2010-03-15#Conto proprio#0#70#00000#AQ#L' Aquila#1a immatricolazione dopo l’acquisto del veicolo#BM##0#0#0#0#0#0#0#0#3,000,000
Generali - Autocarro trasporto cose#222#2010-03-15#Conto proprio#0#70#00000#AR#Arezzo#1a immatricolazione dopo l’acquisto del veicolo#BM##0#0#0#0#0#0#0#0#3,000,000
Generali - Autocarro trasporto cose#223#2010-03-15#Conto proprio#0#70#00000#AT#Asti#1a immatricolazione dopo l’acquisto del veicolo#BM##0#0#0#0#0#0#0#0#3,000,000
Generali - Autocarro trasporto cose#224#2010-03-15#Conto proprio#0#70#00000#AV#Avellino#1a immatricolazione dopo l’acquisto del veicolo#BM##0#0#0#0#0#0#0#0#3,000,000
Generali - Autocarro trasporto cose#225#2010-03-15#Conto proprio#0#70#00000#BA#Bari#1a immatricolazione dopo l’acquisto del veicolo#BM##0#0#0#0#0#0#0#0#3,000,000
Generali - Autocarro trasporto cose#226#2010-03-15#Conto proprio#0#70#00000#BG#Bergamo#1a immatricolazione dopo l’acquisto del veicolo#BM##0#0#0#0#0#0#0#0#3,000,000
Generali - Autocarro trasporto cose#227#2010-03-15#Conto proprio#0#70#00000#BI#Biella#1a immatricolazione dopo l’acquisto del veicolo#BM##0#0#0#0#0#0#0#0#3,000,000
Generali - Autocarro trasporto cose#228#2010-03-15#Conto proprio#0#70#00000#BL#Belluno#1a immatricolazione dopo l’acquisto del veicolo#BM##0#0#0#0#0#0#0#0#3,000,000
Generali - Autocarro trasporto cose#229#2010-03-15#Conto proprio#0#70#00000#BN#Benevento#1a immatricolazione dopo l’acquisto del veicolo#BM##0#0#0#0#0#0#0#0#3,000,000
Generali - Autocarro trasporto cose#230#2010-03-15#Conto proprio#0#70#00000#BO#Bologna#1a immatricolazione dopo l’acquisto del veicolo#BM##0#0#0#0#0#0#0#0#3,000,000
Generali - Autocarro trasporto cose#231#2010-03-15#Conto proprio#0#70#00000#BR#Brindisi#1a immatricolazione dopo l’acquisto del veicolo#BM##0#0#0#0#0#0#0#0#3,000,000
Generali - Autocarro trasporto cose#232#2010-03-15#Conto proprio#0#70#00000#BS#Brescia#1a immatricolazione dopo l’acquisto del veicolo#BM##0#0#0#0#0#0#0#0#3,000,000
Generali - Autocarro trasporto cose#233#2010-03-15#Conto proprio#0#70#00000#BZ#Bolzano#1a immatricolazione dopo l’acquisto del veicolo#BM##0#0#0#0#0#0#0#0#3,000,000
Generali - Autocarro trasporto cose#234#2010-03-15#Conto proprio#0#70#00000#CA#Cagliari#1a immatricolazione dopo l’acquisto del veicolo#BM##0#0#0#0#0#0#0#0#3,000,000
Generali - Autocarro trasporto cose#235#2010-03-15#Conto proprio#0#70#00000#CB#Campobasso#1a immatricolazione dopo l’acquisto del veicolo#BM##0#0#0#0#0#0#0#0#3,000,000
Generali - Autocarro trasporto cose#236#2010-03-15#Conto proprio#0#70#00000#CE#Caserta#1a immatricolazione dopo l’acquisto del veicolo#BM##0#0#0#0#0#0#0#0#3,000,000
Generali - Autocarro trasporto cose#237#2010-03-15#Conto proprio#0#70#00000#CH#Chieti#1a immatricolazione dopo l’acquisto del veicolo#BM##0#0#0#0#0#0#0#0#3,000,000
Generali - Autocarro trasporto cose#238#2010-03-15#Conto proprio#0#70#00000#CL#Caltanissetta#1a immatricolazione dopo l’acquisto del veicolo#BM##0#0#0#0#0#0#0#0#3,000,000
Generali - Autocarro trasporto cose#239#2010-03-15#Conto proprio#0#70#00000#CN#Cuneo#1a immatricolazione dopo l’acquisto del veicolo#BM##0#0#0#0#0#0#0#0#3,000,000
Generali - Autocarro trasporto cose#240#2010-03-15#Conto proprio#0#70#00000#CO#Como#1a immatricolazione dopo l’acquisto del veicolo#BM##0#0#0#0#0#0#0#0#3,000,000
Generali - Autocarro trasporto cose#241#2010-03-15#Conto proprio#0#70#00000#CR#Cremona#1a immatricolazione dopo l’acquisto del veicolo#BM##0#0#0#0#0#0#0#0#3,000,000
Generali - Autocarro trasporto cose#242#2010-03-15#Conto proprio#0#70#00000#CS#Cosenza#1a immatricolazione dopo l’acquisto del veicolo#BM##0#0#0#0#0#0#0#0#3,000,000
Generali - Autocarro trasporto cose#243#2010-03-15#Conto proprio#0#70#00000#CT#Catania#1a immatricolazione dopo l’acquisto del veicolo#BM##0#0#0#0#0#0#0#0#3,000,000
Generali - Autocarro trasporto cose#244#2010-03-15#Conto proprio#0#70#00000#CZ#Catanzaro#1a immatricolazione dopo l’acquisto del veicolo#BM##0#0#0#0#0#0#0#0#3,000,000
Generali - Autocarro trasporto cose#245#2010-03-15#Conto proprio#0#70#00000#EN#Enna#1a immatricolazione dopo l’acquisto del veicolo#BM##0#0#0#0#0#0#0#0#3,000,000
Generali - Autocarro trasporto cose#246#2010-03-15#Conto proprio#0#70#00000#FE#Ferrara#1a immatricolazione dopo l’acquisto del veicolo#BM##0#0#0#0#0#0#0#0#3,000,000
Generali - Autocarro trasporto cose#247#2010-03-15#Conto proprio#0#70#00000#FG#Foggia#1a immatricolazione dopo l’acquisto del veicolo#BM##0#0#0#0#0#0#0#0#3,000,000
Generali - Autocarro trasporto cose#248#2010-03-15#Conto proprio#0#70#00000#FI#Firenze#1a immatricolazione dopo l’acquisto del veicolo#BM##0#0#0#0#0#0#0#0#3,000,000
Generali - Autocarro trasporto cose#249#2010-03-15#Conto proprio#0#70#00000#FC#FORLI'#1a immatricolazione dopo l’acquisto del veicolo#BM##0#0#0#0#0#0#0#0#3,000,000
Generali - Autocarro trasporto cose#250#2010-03-15#Conto proprio#0#70#00000#FR#Frosinone#1a immatricolazione dopo l’acquisto del veicolo#BM##0#0#0#0#0#0#0#0#3,000,000
Generali - Autocarro trasporto cose#251#2010-03-15#Conto proprio#0#70#00000#GE#Genova#1a immatricolazione dopo l’acquisto del veicolo#BM##0#0#0#0#0#0#0#0#3,000,000
Generali - Autocarro trasporto cose#252#2010-03-15#Conto proprio#0#70#00000#GO#Gorizia#1a immatricolazione dopo l’acquisto del veicolo#BM##0#0#0#0#0#0#0#0#3,000,000
Generali - Autocarro trasporto cose#253#2010-03-15#Conto proprio#0#70#00000#GR#Grosseto#1a immatricolazione dopo l’acquisto del veicolo#BM##0#0#0#0#0#0#0#0#3,000,000
Generali - Autocarro trasporto cose#254#2010-03-15#Conto proprio#0#70#00000#IM#Imperia#1a immatricolazione dopo l’acquisto del veicolo#BM##0#0#0#0#0#0#0#0#3,000,000
Generali - Autocarro trasporto cose#255#2010-03-15#Conto proprio#0#70#00000#IS#Isernia#1a immatricolazione dopo l’acquisto del veicolo#BM##0#0#0#0#0#0#0#0#3,000,000
Generali - Autocarro trasporto cose#256#2010-03-15#Conto proprio#0#70#00000#KR#Crotone#1a immatricolazione dopo l’acquisto del veicolo#BM##0#0#0#0#0#0#0#0#3,000,000
Generali - Autocarro trasporto cose#257#2010-03-15#Conto proprio#0#70#00000#LC#Lecco#1a immatricolazione dopo l’acquisto del veicolo#BM##0#0#0#0#0#0#0#0#3,000,000
Generali - Autocarro trasporto cose#258#2010-03-15#Conto proprio#0#70#00000#LE#Lecce#1a immatricolazione dopo l’acquisto del veicolo#BM##0#0#0#0#0#0#0#0#3,000,000
Generali - Autocarro trasporto cose#259#2010-03-15#Conto proprio#0#70#00000#LI#Livorno#1a immatricolazione dopo l’acquisto del veicolo#BM##0#0#0#0#0#0#0#0#3,000,000
Generali - Autocarro trasporto cose#260#2010-03-15#Conto proprio#0#70#00000#LO#Lodi#1a immatricolazione dopo l’acquisto del veicolo#BM##0#0#0#0#0#0#0#0#3,000,000
Generali - Autocarro trasporto cose#261#2010-03-15#Conto proprio#0#70#00000#LT#Latina#1a immatricolazione dopo l’acquisto del veicolo#BM##0#0#0#0#0#0#0#0#3,000,000
Generali - Autocarro trasporto cose#262#2010-03-15#Conto proprio#0#70#00000#LU#Lucca#1a immatricolazione dopo l’acquisto del veicolo#BM##0#0#0#0#0#0#0#0#3,000,000
Generali - Autocarro trasporto cose#263#2010-03-15#Conto proprio#0#70#00000#MC#Macerata#1a immatricolazione dopo l’acquisto del veicolo#BM##0#0#0#0#0#0#0#0#3,000,000
Generali - Autocarro trasporto cose#264#2010-03-15#Conto proprio#0#70#00000#ME#Messina#1a immatricolazione dopo l’acquisto del veicolo#BM##0#0#0#0#0#0#0#0#3,000,000
Generali - Autocarro trasporto cose#265#2010-03-15#Conto proprio#0#70#00000#MI#Milano#1a immatricolazione dopo l’acquisto del veicolo#BM##0#0#0#0#0#0#0#0#3,000,000
Generali - Autocarro trasporto cose#266#2010-03-15#Conto proprio#0#70#00000#MN#Mantova#1a immatricolazione dopo l’acquisto del veicolo#BM##0#0#0#0#0#0#0#0#3,000,000
Generali - Autocarro trasporto cose#267#2010-03-15#Conto proprio#0#70#00000#MO#Modena#1a immatricolazione dopo l’acquisto del veicolo#BM##0#0#0#0#0#0#0#0#3,000,000
Generali - Autocarro trasporto cose#268#2010-03-15#Conto proprio#0#70#00000#MS#Massa#1a immatricolazione dopo l’acquisto del veicolo#BM##0#0#0#0#0#0#0#0#3,000,000
Generali - Autocarro trasporto cose#269#2010-03-15#Conto proprio#0#70#00000#MT#Matera#1a immatricolazione dopo l’acquisto del veicolo#BM##0#0#0#0#0#0#0#0#3,000,000
Generali - Autocarro trasporto cose#270#2010-03-15#Conto proprio#0#70#00000#NA#Napoli#1a immatricolazione dopo l’acquisto del veicolo#BM##0#0#0#0#0#0#0#0#3,000,000
Generali - Autocarro trasporto cose#271#2010-03-15#Conto proprio#0#70#00000#NO#Novara#1a immatricolazione dopo l’acquisto del veicolo#BM##0#0#0#0#0#0#0#0#3,000,000
Generali - Autocarro trasporto cose#272#2010-03-15#Conto proprio#0#70#00000#NU#Nuoro#1a immatricolazione dopo l’acquisto del veicolo#BM##0#0#0#0#0#0#0#0#3,000,000
Generali - Autocarro trasporto cose#273#2010-03-15#Conto proprio#0#70#00000#OR#Oristano#1a immatricolazione dopo l’acquisto del veicolo#BM##0#0#0#0#0#0#0#0#3,000,000
Generali - Autocarro trasporto cose#274#2010-03-15#Conto proprio#0#70#00000#PA#Palermo#1a immatricolazione dopo l’acquisto del veicolo#BM##0#0#0#0#0#0#0#0#3,000,000
Generali - Autocarro trasporto cose#275#2010-03-15#Conto proprio#0#70#00000#PC#Piacenza#1a immatricolazione dopo l’acquisto del veicolo#BM##0#0#0#0#0#0#0#0#3,000,000
Generali - Autocarro trasporto cose#276#2010-03-15#Conto proprio#0#70#00000#PD#Padova#1a immatricolazione dopo l’acquisto del veicolo#BM##0#0#0#0#0#0#0#0#3,000,000
Generali - Autocarro trasporto cose#277#2010-03-15#Conto proprio#0#70#00000#PE#Pescara#1a immatricolazione dopo l’acquisto del veicolo#BM##0#0#0#0#0#0#0#0#3,000,000
Generali - Autocarro trasporto cose#278#2010-03-15#Conto proprio#0#70#00000#PG#Perugia#1a immatricolazione dopo l’acquisto del veicolo#BM##0#0#0#0#0#0#0#0#3,000,000
Generali - Autocarro trasporto cose#279#2010-03-15#Conto proprio#0#70#00000#PI#Pisa#1a immatricolazione dopo l’acquisto del veicolo#BM##0#0#0#0#0#0#0#0#3,000,000
Generali - Autocarro trasporto cose#280#2010-03-15#Conto proprio#0#70#00000#PN#Pordenone#1a immatricolazione dopo l’acquisto del veicolo#BM##0#0#0#0#0#0#0#0#3,000,000
Generali - Autocarro trasporto cose#281#2010-03-15#Conto proprio#0#70#00000#PO#Prato#1a immatricolazione dopo l’acquisto del veicolo#BM##0#0#0#0#0#0#0#0#3,000,000
Generali - Autocarro trasporto cose#282#2010-03-15#Conto proprio#0#70#00000#PR#Parma#1a immatricolazione dopo l’acquisto del veicolo#BM##0#0#0#0#0#0#0#0#3,000,000
Generali - Autocarro trasporto cose#283#2010-03-15#Conto proprio#0#70#00000#PU#Pesaro#1a immatricolazione dopo l’acquisto del veicolo#BM##0#0#0#0#0#0#0#0#3,000,000
Generali - Autocarro trasporto cose#284#2010-03-15#Conto proprio#0#70#00000#PT#Pistoia#1a immatricolazione dopo l’acquisto del veicolo#BM##0#0#0#0#0#0#0#0#3,000,000
Generali - Autocarro trasporto cose#285#2010-03-15#Conto proprio#0#70#00000#PV#Pavia#1a immatricolazione dopo l’acquisto del veicolo#BM##0#0#0#0#0#0#0#0#3,000,000
Generali - Autocarro trasporto cose#286#2010-03-15#Conto proprio#0#70#00000#PZ#Potenza#1a immatricolazione dopo l’acquisto del veicolo#BM##0#0#0#0#0#0#0#0#3,000,000
Generali - Autocarro trasporto cose#287#2010-03-15#Conto proprio#0#70#00000#RA#Ravenna#1a immatricolazione dopo l’acquisto del veicolo#BM##0#0#0#0#0#0#0#0#3,000,000
Generali - Autocarro trasporto cose#288#2010-03-15#Conto proprio#0#70#00000#RC#Reggio di Calabria#1a immatricolazione dopo l’acquisto del veicolo#BM##0#0#0#0#0#0#0#0#3,000,000
Generali - Autocarro trasporto cose#289#2010-03-15#Conto proprio#0#70#00000#RE#Reggio nell'Emilia#1a immatricolazione dopo l’acquisto del veicolo#BM##0#0#0#0#0#0#0#0#3,000,000
Generali - Autocarro trasporto cose#290#2010-03-15#Conto proprio#0#70#00000#RG#Ragusa#1a immatricolazione dopo l’acquisto del veicolo#BM##0#0#0#0#0#0#0#0#3,000,000
Generali - Autocarro trasporto cose#291#2010-03-15#Conto proprio#0#70#00000#RI#Rieti#1a immatricolazione dopo l’acquisto del veicolo#BM##0#0#0#0#0#0#0#0#3,000,000
Generali - Autocarro trasporto cose#292#2010-03-15#Conto proprio#0#70#00000#RM#Roma#1a immatricolazione dopo l’acquisto del veicolo#BM##0#0#0#0#0#0#0#0#3,000,000
Generali - Autocarro trasporto cose#293#2010-03-15#Conto proprio#0#70#00000#RN#Rimini#1a immatricolazione dopo l’acquisto del veicolo#BM##0#0#0#0#0#0#0#0#3,000,000
Generali - Autocarro trasporto cose#294#2010-03-15#Conto proprio#0#70#00000#RO#Rovigo#1a immatricolazione dopo l’acquisto del veicolo#BM##0#0#0#0#0#0#0#0#3,000,000
Generali - Autocarro trasporto cose#295#2010-03-15#Conto proprio#0#70#00000#SA#Salerno#1a immatricolazione dopo l’acquisto del veicolo#BM##0#0#0#0#0#0#0#0#3,000,000
Generali - Autocarro trasporto cose#296#2010-03-15#Conto proprio#0#70#00000#SI#Siena#1a immatricolazione dopo l’acquisto del veicolo#BM##0#0#0#0#0#0#0#0#3,000,000
Generali - Autocarro trasporto cose#297#2010-03-15#Conto proprio#0#70#00000#SO#Sondrio#1a immatricolazione dopo l’acquisto del veicolo#BM##0#0#0#0#0#0#0#0#3,000,000
Generali - Autocarro trasporto cose#298#2010-03-15#Conto proprio#0#70#00000#SP#La Spezia#1a immatricolazione dopo l’acquisto del veicolo#BM##0#0#0#0#0#0#0#0#3,000,000
Generali - Autocarro trasporto cose#299#2010-03-15#Conto proprio#0#70#00000#SR#Siracusa#1a immatricolazione dopo l’acquisto del veicolo#BM##0#0#0#0#0#0#0#0#3,000,000
Generali - Autocarro trasporto cose#300#2010-03-15#Conto proprio#0#70#00000#SS#Sassari#1a immatricolazione dopo l’acquisto del veicolo#BM##0#0#0#0#0#0#0#0#3,000,000
Generali - Autocarro trasporto cose#301#2010-03-15#Conto proprio#0#70#00000#SV#Savona#1a immatricolazione dopo l’acquisto del veicolo#BM##0#0#0#0#0#0#0#0#3,000,000
Generali - Autocarro trasporto cose#302#2010-03-15#Conto proprio#0#70#00000#TA#Taranto#1a immatricolazione dopo l’acquisto del veicolo#BM##0#0#0#0#0#0#0#0#3,000,000
Generali - Autocarro trasporto cose#303#2010-03-15#Conto proprio#0#70#00000#TE#Teramo#1a immatricolazione dopo l’acquisto del veicolo#BM##0#0#0#0#0#0#0#0#3,000,000
Generali - Autocarro trasporto cose#304#2010-03-15#Conto proprio#0#70#00000#TN#Trento#1a immatricolazione dopo l’acquisto del veicolo#BM##0#0#0#0#0#0#0#0#3,000,000
Generali - Autocarro trasporto cose#305#2010-03-15#Conto proprio#0#70#00000#TO#Torino#1a immatricolazione dopo l’acquisto del veicolo#BM##0#0#0#0#0#0#0#0#3,000,000
Generali - Autocarro trasporto cose#306#2010-03-15#Conto proprio#0#70#00000#TP#Trapani#1a immatricolazione dopo l’acquisto del veicolo#BM##0#0#0#0#0#0#0#0#3,000,000
Generali - Autocarro trasporto cose#307#2010-03-15#Conto proprio#0#70#00000#TR#Terni#1a immatricolazione dopo l’acquisto del veicolo#BM##0#0#0#0#0#0#0#0#3,000,000
Generali - Autocarro trasporto cose#308#2010-03-15#Conto proprio#0#70#00000#TS#Trieste#1a immatricolazione dopo l’acquisto del veicolo#BM##0#0#0#0#0#0#0#0#3,000,000
Generali - Autocarro trasporto cose#309#2010-03-15#Conto proprio#0#70#00000#TV#Treviso#1a immatricolazione dopo l’acquisto del veicolo#BM##0#0#0#0#0#0#0#0#3,000,000
Generali - Autocarro trasporto cose#310#2010-03-15#Conto proprio#0#70#00000#UD#Udine#1a immatricolazione dopo l’acquisto del veicolo#BM##0#0#0#0#0#0#0#0#3,000,000
Generali - Autocarro trasporto cose#311#2010-03-15#Conto proprio#0#70#00000#VA#Varese#1a immatricolazione dopo l’acquisto del veicolo#BM##0#0#0#0#0#0#0#0#3,000,000
Generali - Autocarro trasporto cose#312#2010-03-15#Conto proprio#0#70#00000#VB#Verbania#1a immatricolazione dopo l’acquisto del veicolo#BM##0#0#0#0#0#0#0#0#3,000,000
Generali - Autocarro trasporto cose#313#2010-03-15#Conto proprio#0#70#00000#VC#Vercelli#1a immatricolazione dopo l’acquisto del veicolo#BM##0#0#0#0#0#0#0#0#3,000,000
Generali - Autocarro trasporto cose#314#2010-03-15#Conto proprio#0#70#00000#VE#Venezia#1a immatricolazione dopo l’acquisto del veicolo#BM##0#0#0#0#0#0#0#0#3,000,000
Generali - Autocarro trasporto cose#315#2010-03-15#Conto proprio#0#70#00000#VI#Vicenza#1a immatricolazione dopo l’acquisto del veicolo#BM##0#0#0#0#0#0#0#0#3,000,000
Generali - Autocarro trasporto cose#316#2010-03-15#Conto proprio#0#70#00000#VR#Verona#1a immatricolazione dopo l’acquisto del veicolo#BM##0#0#0#0#0#0#0#0#3,000,000
Generali - Autocarro trasporto cose#317#2010-03-15#Conto proprio#0#70#00000#VT#Viterbo#1a immatricolazione dopo l’acquisto del veicolo#BM##0#0#0#0#0#0#0#0#3,000,000
Generali - Autocarro trasporto cose#318#2010-03-15#Conto proprio#0#70#00000#VV#Vibo Valentia#1a immatricolazione dopo l’acquisto del veicolo#BM##0#0#0#0#0#0#0#0#3,000,000
Generali - Autocarro trasporto cose#319#2010-03-15#Conto proprio#0#70#00000#AG#Sciacca#1a immatricolazione dopo l’acquisto del veicolo#BM##0#0#0#0#0#0#0#0#3,000,000
Generali - Autocarro trasporto cose#320#2010-03-15#Conto proprio#0#70#00000#AL#Cavatore #1a immatricolazione dopo l’acquisto del veicolo#BM##0#0#0#0#0#0#0#0#3,000,000
Generali - Autocarro trasporto cose#321#2010-03-15#Conto proprio#0#70#00000#AN#Montemarciano #1a immatricolazione dopo l’acquisto del veicolo#BM##0#0#0#0#0#0#0#0#3,000,000
Generali - Autocarro trasporto cose#322#2010-03-15#Conto proprio#0#70#00000#AO#La Salle #1a immatricolazione dopo l’acquisto del veicolo#BM##0#0#0#0#0#0#0#0#3,000,000
Generali - Autocarro trasporto cose#323#2010-03-15#Conto proprio#0#70#00000#AP#Grottammare #1a immatricolazione dopo l’acquisto del veicolo#BM##0#0#0#0#0#0#0#0#3,000,000
Generali - Autocarro trasporto cose#324#2010-03-15#Conto proprio#0#70#00000#AQ#Calascio #1a immatricolazione dopo l’acquisto del veicolo#BM##0#0#0#0#0#0#0#0#3,000,000
Generali - Autocarro trasporto cose#325#2010-03-15#Conto proprio#0#70#00000#AR#Capolona #1a immatricolazione dopo l’acquisto del veicolo#BM##0#0#0#0#0#0#0#0#3,000,000
Generali - Autocarro trasporto cose#326#2010-03-15#Conto proprio#0#70#00000#AT#Antignano #1a immatricolazione dopo l’acquisto del veicolo#BM##0#0#0#0#0#0#0#0#3,000,000
Generali - Autocarro trasporto cose#327#2010-03-15#Conto proprio#0#70#00000#AV#Grottolella #1a immatricolazione dopo l’acquisto del veicolo#BM##0#0#0#0#0#0#0#0#3,000,000
Generali - Autocarro trasporto cose#328#2010-03-15#Conto proprio#0#70#00000#BA#Alberobello #1a immatricolazione dopo l’acquisto del veicolo#BM##0#0#0#0#0#0#0#0#3,000,000
Generali - Autocarro trasporto cose#329#2010-03-15#Conto proprio#0#70#00000#BG#Azzone #1a immatricolazione dopo l’acquisto del veicolo#BM##0#0#0#0#0#0#0#0#3,000,000
Generali - Autocarro trasporto cose#330#2010-03-15#Conto proprio#0#70#00000#BI#Tollegno #1a immatricolazione dopo l’acquisto del veicolo#BM##0#0#0#0#0#0#0#0#3,000,000
Generali - Autocarro trasporto cose#331#2010-03-15#Conto proprio#0#70#00000#BL#Longarone #1a immatricolazione dopo l’acquisto del veicolo#BM##0#0#0#0#0#0#0#0#3,000,000
Generali - Autocarro trasporto cose#332#2010-03-15#Conto proprio#0#70#00000#BN#Airola #1a immatricolazione dopo l’acquisto del veicolo#BM##0#0#0#0#0#0#0#0#3,000,000
Generali - Autocarro trasporto cose#333#2010-03-15#Conto proprio#0#70#00000#BO#Bentivoglio #1a immatricolazione dopo l’acquisto del veicolo#BM##0#0#0#0#0#0#0#0#3,000,000
Generali - Autocarro trasporto cose#334#2010-03-15#Conto proprio#0#70#00000#BR#Ostuni #1a immatricolazione dopo l’acquisto del veicolo#BM##0#0#0#0#0#0#0#0#3,000,000
Generali - Autocarro trasporto cose#335#2010-03-15#Conto proprio#0#70#00000#BS#Ceto #1a immatricolazione dopo l’acquisto del veicolo#BM##0#0#0#0#0#0#0#0#3,000,000
Generali - Autocarro trasporto cose#336#2010-03-15#Conto proprio#0#70#00000#BZ#Merano #1a immatricolazione dopo l’acquisto del veicolo#BM##0#0#0#0#0#0#0#0#3,000,000
Generali - Autocarro trasporto cose#337#2010-03-15#Conto proprio#0#70#00000#CA#Pula#1a immatricolazione dopo l’acquisto del veicolo#BM##0#0#0#0#0#0#0#0#3,000,000
Generali - Autocarro trasporto cose#338#2010-03-15#Conto proprio#0#70#00000#CB#Gambatesa #1a immatricolazione dopo l’acquisto del veicolo#BM##0#0#0#0#0#0#0#0#3,000,000
Generali - Autocarro trasporto cose#339#2010-03-15#Conto proprio#0#70#00000#CE#Capodrise #1a immatricolazione dopo l’acquisto del veicolo#BM##0#0#0#0#0#0#0#0#3,000,000
Generali - Autocarro trasporto cose#340#2010-03-15#Conto proprio#0#70#00000#CH#Vasto #1a immatricolazione dopo l’acquisto del veicolo#BM##0#0#0#0#0#0#0#0#3,000,000
Generali - Autocarro trasporto cose#341#2010-03-15#Conto proprio#0#70#00000#CL#Campofranco #1a immatricolazione dopo l’acquisto del veicolo#BM##0#0#0#0#0#0#0#0#3,000,000
Generali - Autocarro trasporto cose#342#2010-03-15#Conto proprio#0#70#00000#CN#Aisone #1a immatricolazione dopo l’acquisto del veicolo#BM##0#0#0#0#0#0#0#0#3,000,000
Generali - Autocarro trasporto cose#343#2010-03-15#Conto proprio#0#70#00000#CO#Griante #1a immatricolazione dopo l’acquisto del veicolo#BM##0#0#0#0#0#0#0#0#3,000,000
Generali - Autocarro trasporto cose#344#2010-03-15#Conto proprio#0#70#00000#CR#Crema #1a immatricolazione dopo l’acquisto del veicolo#BM##0#0#0#0#0#0#0#0#3,000,000
Generali - Autocarro trasporto cose#345#2010-03-15#Conto proprio#0#70#00000#CS#Castrovillari #1a immatricolazione dopo l’acquisto del veicolo#BM##0#0#0#0#0#0#0#0#3,000,000
Generali - Autocarro trasporto cose#346#2010-03-15#Conto proprio#0#70#00000#CT#Milo #1a immatricolazione dopo l’acquisto del veicolo#BM##0#0#0#0#0#0#0#0#3,000,000
Generali - Autocarro trasporto cose#347#2010-03-15#Conto proprio#0#70#00000#CZ#Curinga #1a immatricolazione dopo l’acquisto del veicolo#BM##0#0#0#0#0#0#0#0#3,000,000
Generali - Autocarro trasporto cose#348#2010-03-15#Conto proprio#0#70#00000#EN#Agira #1a immatricolazione dopo l’acquisto del veicolo#BM##0#0#0#0#0#0#0#0#3,000,000
Generali - Autocarro trasporto cose#349#2010-03-15#Conto proprio#0#70#00000#FE#Bondeno #1a immatricolazione dopo l’acquisto del veicolo#BM##0#0#0#0#0#0#0#0#3,000,000
Generali - Autocarro trasporto cose#350#2010-03-15#Conto proprio#0#70#00000#FG#Apricena #1a immatricolazione dopo l’acquisto del veicolo#BM##0#0#0#0#0#0#0#0#3,000,000
Generali - Autocarro trasporto cose#351#2010-03-15#Conto proprio#0#70#00000#FI#Calenzano #1a immatricolazione dopo l’acquisto del veicolo#BM##0#0#0#0#0#0#0#0#3,000,000
Generali - Autocarro trasporto cose#352#2010-03-15#Conto proprio#0#70#00000#FC#Galeata #1a immatricolazione dopo l’acquisto del veicolo#BM##0#0#0#0#0#0#0#0#3,000,000
Generali - Autocarro trasporto cose#353#2010-03-15#Conto proprio#0#70#00000#FR#Acuto #1a immatricolazione dopo l’acquisto del veicolo#BM##0#0#0#0#0#0#0#0#3,000,000
Generali - Autocarro trasporto cose#354#2010-03-15#Conto proprio#0#70#00000#GE#Mele #1a immatricolazione dopo l’acquisto del veicolo#BM##0#0#0#0#0#0#0#0#3,000,000
Generali - Autocarro trasporto cose#355#2010-03-15#Conto proprio#0#70#00000#GO#Moraro #1a immatricolazione dopo l’acquisto del veicolo#BM##0#0#0#0#0#0#0#0#3,000,000
Generali - Autocarro trasporto cose#356#2010-03-15#Conto proprio#0#70#00000#GR#Capalbio #1a immatricolazione dopo l’acquisto del veicolo#BM##0#0#0#0#0#0#0#0#3,000,000
Generali - Autocarro trasporto cose#357#2010-03-15#Conto proprio#0#70#00000#IM#Castellaro #1a immatricolazione dopo l’acquisto del veicolo#BM##0#0#0#0#0#0#0#0#3,000,000
Generali - Autocarro trasporto cose#358#2010-03-15#Conto proprio#0#70#00000#IS#Filignano #1a immatricolazione dopo l’acquisto del veicolo#BM##0#0#0#0#0#0#0#0#3,000,000
Generali - Autocarro trasporto cose#359#2010-03-15#Conto proprio#0#70#00000#KR#Cutro #1a immatricolazione dopo l’acquisto del veicolo#BM##0#0#0#0#0#0#0#0#3,000,000
Generali - Autocarro trasporto cose#360#2010-03-15#Conto proprio#0#70#00000#LC#Ballabio #1a immatricolazione dopo l’acquisto del veicolo#BM##0#0#0#0#0#0#0#0#3,000,000
Generali - Autocarro trasporto cose#361#2010-03-15#Conto proprio#0#70#00000#LE#Gallipoli #1a immatricolazione dopo l’acquisto del veicolo#BM##0#0#0#0#0#0#0#0#3,000,000
Generali - Autocarro trasporto cose#362#2010-03-15#Conto proprio#0#70#00000#LI#Cecina #1a immatricolazione dopo l’acquisto del veicolo#BM##0#0#0#0#0#0#0#0#3,000,000
Generali - Autocarro trasporto cose#363#2010-03-15#Conto proprio#0#70#00000#LO#Graffignana #1a immatricolazione dopo l’acquisto del veicolo#BM##0#0#0#0#0#0#0#0#3,000,000
Generali - Autocarro trasporto cose#364#2010-03-15#Conto proprio#0#70#00000#LT#Maenza #1a immatricolazione dopo l’acquisto del veicolo#BM##0#0#0#0#0#0#0#0#3,000,000
Generali - Autocarro trasporto cose#365#2010-03-15#Conto proprio#0#70#00000#LU#Altopascio #1a immatricolazione dopo l’acquisto del veicolo#BM##0#0#0#0#0#0#0#0#3,000,000
Generali - Autocarro trasporto cose#366#2010-03-15#Conto proprio#0#70#00000#MC#Montecosaro #1a immatricolazione dopo l’acquisto del veicolo#BM##0#0#0#0#0#0#0#0#3,000,000
Generali - Autocarro trasporto cose#367#2010-03-15#Conto proprio#0#70#00000#ME#Acquedolci #1a immatricolazione dopo l’acquisto del veicolo#BM##0#0#0#0#0#0#0#0#3,000,000
Generali - Autocarro trasporto cose#368#2010-03-15#Conto proprio#0#70#00000#MI#Cuggiono #1a immatricolazione dopo l’acquisto del veicolo#BM##0#0#0#0#0#0#0#0#3,000,000
Generali - Autocarro trasporto cose#369#2010-03-15#Conto proprio#0#70#00000#MN#Monzambano #1a immatricolazione dopo l’acquisto del veicolo#BM##0#0#0#0#0#0#0#0#3,000,000
Generali - Autocarro trasporto cose#370#2010-03-15#Conto proprio#0#70#00000#MO#Campogalliano #1a immatricolazione dopo l’acquisto del veicolo#BM##0#0#0#0#0#0#0#0#3,000,000
Generali - Autocarro trasporto cose#371#2010-03-15#Conto proprio#0#70#00000#MS#Aulla #1a immatricolazione dopo l’acquisto del veicolo#BM##0#0#0#0#0#0#0#0#3,000,000
Generali - Autocarro trasporto cose#372#2010-03-15#Conto proprio#0#70#00000#MT#Accettura #1a immatricolazione dopo l’acquisto del veicolo#BM##0#0#0#0#0#0#0#0#3,000,000
Generali - Autocarro trasporto cose#373#2010-03-15#Conto proprio#0#70#00000#NA#Acerra #1a immatricolazione dopo l’acquisto del veicolo#BM##0#0#0#0#0#0#0#0#3,000,000
Generali - Autocarro trasporto cose#374#2010-03-15#Conto proprio#0#70#00000#NO#Gozzano #1a immatricolazione dopo l’acquisto del veicolo#BM##0#0#0#0#0#0#0#0#3,000,000
Generali - Autocarro trasporto cose#375#2010-03-15#Conto proprio#0#70#00000#NU#Aritzo #1a immatricolazione dopo l’acquisto del veicolo#BM##0#0#0#0#0#0#0#0#3,000,000
Generali - Autocarro trasporto cose#376#2010-03-15#Conto proprio#0#70#00000#OR#Ghilarza #1a immatricolazione dopo l’acquisto del veicolo#BM##0#0#0#0#0#0#0#0#3,000,000
Generali - Autocarro trasporto cose#377#2010-03-15#Conto proprio#0#70#00000#PA#Alia #1a immatricolazione dopo l’acquisto del veicolo#BM##0#0#0#0#0#0#0#0#3,000,000
Generali - Autocarro trasporto cose#378#2010-03-15#Conto proprio#0#70#00000#PC#Caorso #1a immatricolazione dopo l’acquisto del veicolo#BM##0#0#0#0#0#0#0#0#3,000,000
Generali - Autocarro trasporto cose#379#2010-03-15#Conto proprio#0#70#00000#PD#Campodarsego #1a immatricolazione dopo l’acquisto del veicolo#BM##0#0#0#0#0#0#0#0#3,000,000
Generali - Autocarro trasporto cose#380#2010-03-15#Conto proprio#0#70#00000#PE#Alanno #1a immatricolazione dopo l’acquisto del veicolo#BM##0#0#0#0#0#0#0#0#3,000,000
Generali - Autocarro trasporto cose#381#2010-03-15#Conto proprio#0#70#00000#PG#Montone #1a immatricolazione dopo l’acquisto del veicolo#BM##0#0#0#0#0#0#0#0#3,000,000
Generali - Autocarro trasporto cose#382#2010-03-15#Conto proprio#0#70#00000#PI#Calcinaia #1a immatricolazione dopo l’acquisto del veicolo#BM##0#0#0#0#0#0#0#0#3,000,000
Generali - Autocarro trasporto cose#383#2010-03-15#Conto proprio#0#70#00000#PN#Aviano #1a immatricolazione dopo l’acquisto del veicolo#BM##0#0#0#0#0#0#0#0#3,000,000
Generali - Autocarro trasporto cose#384#2010-03-15#Conto proprio#0#70#00000#PO#Cantagallo #1a immatricolazione dopo l’acquisto del veicolo#BM##0#0#0#0#0#0#0#0#3,000,000
Generali - Autocarro trasporto cose#385#2010-03-15#Conto proprio#0#70#00000#PR#Fontanellato #1a immatricolazione dopo l’acquisto del veicolo#BM##0#0#0#0#0#0#0#0#3,000,000
Generali - Autocarro trasporto cose#386#2010-03-15#Conto proprio#0#70#00000#PU#Gabicce Mare#1a immatricolazione dopo l’acquisto del veicolo#BM##0#0#0#0#0#0#0#0#3,000,000
Generali - Autocarro trasporto cose#387#2010-03-15#Conto proprio#0#70#00000#PT#Abetone #1a immatricolazione dopo l’acquisto del veicolo#BM##0#0#0#0#0#0#0#0#3,000,000
Generali - Autocarro trasporto cose#388#2010-03-15#Conto proprio#0#70#00000#PV#Bascape'#1a immatricolazione dopo l’acquisto del veicolo#BM##0#0#0#0#0#0#0#0#3,000,000
Generali - Autocarro trasporto cose#389#2010-03-15#Conto proprio#0#70#00000#PZ#Anzi #1a immatricolazione dopo l’acquisto del veicolo#BM##0#0#0#0#0#0#0#0#3,000,000
Generali - Autocarro trasporto cose#390#2010-03-15#Conto proprio#0#70#00000#RA#Bagnacavallo #1a immatricolazione dopo l’acquisto del veicolo#BM##0#0#0#0#0#0#0#0#3,000,000
Generali - Autocarro trasporto cose#391#2010-03-15#Conto proprio#0#70#00000#RC#Delianuova #1a immatricolazione dopo l’acquisto del veicolo#BM##0#0#0#0#0#0#0#0#3,000,000
Generali - Autocarro trasporto cose#392#2010-03-15#Conto proprio#0#70#00000#RE#Bagnolo in piano #1a immatricolazione dopo l’acquisto del veicolo#BM##0#0#0#0#0#0#0#0#3,000,000
Generali - Autocarro trasporto cose#393#2010-03-15#Conto proprio#0#70#00000#RG#Acate #1a immatricolazione dopo l’acquisto del veicolo#BM##0#0#0#0#0#0#0#0#3,000,000
Generali - Autocarro trasporto cose#394#2010-03-15#Conto proprio#0#70#00000#RI#Accumoli #1a immatricolazione dopo l’acquisto del veicolo#BM##0#0#0#0#0#0#0#0#3,000,000
Generali - Autocarro trasporto cose#395#2010-03-15#Conto proprio#0#70#00000#RM#Affile #1a immatricolazione dopo l’acquisto del veicolo#BM##0#0#0#0#0#0#0#0#3,000,000
Generali - Autocarro trasporto cose#396#2010-03-15#Conto proprio#0#70#00000#RN#Bellaria-Igea Marina #1a immatricolazione dopo l’acquisto del veicolo#BM##0#0#0#0#0#0#0#0#3,000,000
Generali - Autocarro trasporto cose#397#2010-03-15#Conto proprio#0#70#00000#RO#Ceregnano #1a immatricolazione dopo l’acquisto del veicolo#BM##0#0#0#0#0#0#0#0#3,000,000
Generali - Autocarro trasporto cose#398#2010-03-15#Conto proprio#0#70#00000#SA#Amalfi #1a immatricolazione dopo l’acquisto del veicolo#BM##0#0#0#0#0#0#0#0#3,000,000
Generali - Autocarro trasporto cose#399#2010-03-15#Conto proprio#0#70#00000#SI#Chiusdino #1a immatricolazione dopo l’acquisto del veicolo#BM##0#0#0#0#0#0#0#0#3,000,000
Generali - Autocarro trasporto cose#400#2010-03-15#Conto proprio#0#70#00000#SO#Ardenno #1a immatricolazione dopo l’acquisto del veicolo#BM##0#0#0#0#0#0#0#0#3,000,000
Generali - Autocarro trasporto cose#401#2010-03-15#Conto proprio#0#70#00000#SP#Carro #1a immatricolazione dopo l’acquisto del veicolo#BM##0#0#0#0#0#0#0#0#3,000,000
Generali - Autocarro trasporto cose#402#2010-03-15#Conto proprio#0#70#00000#SR#Augusta #1a immatricolazione dopo l’acquisto del veicolo#BM##0#0#0#0#0#0#0#0#3,000,000
Generali - Autocarro trasporto cose#403#2010-03-15#Conto proprio#0#70#00000#SS#Bono #1a immatricolazione dopo l’acquisto del veicolo#BM##0#0#0#0#0#0#0#0#3,000,000
Generali - Autocarro trasporto cose#404#2010-03-15#Conto proprio#0#70#00000#SV#Albisola Superiore #1a immatricolazione dopo l’acquisto del veicolo#BM##0#0#0#0#0#0#0#0#3,000,000
Generali - Autocarro trasporto cose#405#2010-03-15#Conto proprio#0#70#00000#TA#Crispiano #1a immatricolazione dopo l’acquisto del veicolo#BM##0#0#0#0#0#0#0#0#3,000,000
Generali - Autocarro trasporto cose#406#2010-03-15#Conto proprio#0#70#00000#TE#Campli #1a immatricolazione dopo l’acquisto del veicolo#BM##0#0#0#0#0#0#0#0#3,000,000
Generali - Autocarro trasporto cose#407#2010-03-15#Conto proprio#0#70#00000#TN#Amblar #1a immatricolazione dopo l’acquisto del veicolo#BM##0#0#0#0#0#0#0#0#3,000,000
Generali - Autocarro trasporto cose#408#2010-03-15#Conto proprio#0#70#00000#TO#andezeno#1a immatricolazione dopo l’acquisto del veicolo#BM##0#0#0#0#0#0#0#0#3,000,000
Generali - Autocarro trasporto cose#409#2010-03-15#Conto proprio#0#70#00000#TP#Custonaci #1a immatricolazione dopo l’acquisto del veicolo#BM##0#0#0#0#0#0#0#0#3,000,000
Generali - Autocarro trasporto cose#410#2010-03-15#Conto proprio#0#70#00000#TR#Allerona #1a immatricolazione dopo l’acquisto del veicolo#BM##0#0#0#0#0#0#0#0#3,000,000
Generali - Autocarro trasporto cose#411#2010-03-15#Conto proprio#0#70#00000#TS#Sgonico #1a immatricolazione dopo l’acquisto del veicolo#BM##0#0#0#0#0#0#0#0#3,000,000
Generali - Autocarro trasporto cose#412#2010-03-15#Conto proprio#0#70#00000#TV#Conegliano #1a immatricolazione dopo l’acquisto del veicolo#BM##0#0#0#0#0#0#0#0#3,000,000
Generali - Autocarro trasporto cose#413#2010-03-15#Conto proprio#0#70#00000#UD#Artegna #1a immatricolazione dopo l’acquisto del veicolo#BM##0#0#0#0#0#0#0#0#3,000,000
Generali - Autocarro trasporto cose#414#2010-03-15#Conto proprio#0#70#00000#VA#Cassano Magnago #1a immatricolazione dopo l’acquisto del veicolo#BM##0#0#0#0#0#0#0#0#3,000,000
Generali - Autocarro trasporto cose#415#2010-03-15#Conto proprio#0#70#00000#VB#Arizzano #1a immatricolazione dopo l’acquisto del veicolo#BM##0#0#0#0#0#0#0#0#3,000,000
Generali - Autocarro trasporto cose#416#2010-03-15#Conto proprio#0#70#00000#VC#Quarona #1a immatricolazione dopo l’acquisto del veicolo#BM##0#0#0#0#0#0#0#0#3,000,000
Generali - Autocarro trasporto cose#417#2010-03-15#Conto proprio#0#70#00000#VE#Camponogara#1a immatricolazione dopo l’acquisto del veicolo#BM##0#0#0#0#0#0#0#0#3,000,000
Generali - Autocarro trasporto cose#418#2010-03-15#Conto proprio#0#70#00000#VI#Piovene Rocchette #1a immatricolazione dopo l’acquisto del veicolo#BM##0#0#0#0#0#0#0#0#3,000,000
Generali - Autocarro trasporto cose#419#2010-03-15#Conto proprio#0#70#00000#VR#Affi #1a immatricolazione dopo l’acquisto del veicolo#BM##0#0#0#0#0#0#0#0#3,000,000
Generali - Autocarro trasporto cose#420#2010-03-15#Conto proprio#0#70#00000#VT#Blera #1a immatricolazione dopo l’acquisto del veicolo#BM##0#0#0#0#0#0#0#0#3,000,000
Generali - Autocarro trasporto cose#421#2010-03-15#Conto proprio#0#70#00000#VV#Pizzo #1a immatricolazione dopo l’acquisto del veicolo#BM##0#0#0#0#0#0#0#0#3,000,000
Generali - Autocarro trasporto cose#422#2010-03-15#Conto proprio#0#10#00000#NA#Napoli#1a immatricolazione dopo l’acquisto del veicolo#BM##0#0#0#0#0#0#0#0#3,000,000
Generali - Autocarro trasporto cose#423#2010-03-15#Conto proprio#0#15#00000#NA#Napoli#1a immatricolazione dopo l’acquisto del veicolo#BM##0#0#0#0#0#0#0#0#3,000,000
Generali - Autocarro trasporto cose#424#2010-03-15#Conto proprio#0#16#00000#NA#Napoli#1a immatricolazione dopo l’acquisto del veicolo#BM##0#0#0#0#0#0#0#0#3,000,000
Generali - Autocarro trasporto cose#425#2010-03-15#Conto proprio#0#25#00000#NA#Napoli#1a immatricolazione dopo l’acquisto del veicolo#BM##0#0#0#0#0#0#0#0#3,000,000
Generali - Autocarro trasporto cose#426#2010-03-15#Conto proprio#0#16#00000#NA#Napoli#1a immatricolazione dopo l’acquisto del veicolo#BM##0#0#0#0#0#0#0#0#3,000,000
Generali - Autocarro trasporto cose#427#2010-03-15#Conto proprio#0#30#00000#NA#Napoli#1a immatricolazione dopo l’acquisto del veicolo#BM##0#0#0#0#0#0#0#0#3,000,000
Generali - Autocarro trasporto cose#428#2010-03-15#Conto proprio#0#35#00000#NA#Napoli#1a immatricolazione dopo l’acquisto del veicolo#BM##0#0#0#0#0#0#0#0#3,000,000
Generali - Autocarro trasporto cose#429#2010-03-15#Conto proprio#0#60#00000#NA#Napoli#1a immatricolazione dopo l’acquisto del veicolo#BM##0#0#0#0#0#0#0#0#3,000,000
Generali - Autocarro trasporto cose#430#2010-03-15#Conto proprio#0#70#00000#NA#Napoli#1a immatricolazione dopo l’acquisto del veicolo#BM##0#0#0#0#0#0#0#0#3,000,000
Generali - Autocarro trasporto cose#431#2010-03-15#Conto proprio#0#90#00000#NA#Napoli#1a immatricolazione dopo l’acquisto del veicolo#BM##0#0#0#0#0#0#0#0#3,000,000
Generali - Autocarro trasporto cose#432#2010-03-15#Conto proprio#0#120#00000#NA#Napoli#1a immatricolazione dopo l’acquisto del veicolo#BM##0#0#0#0#0#0#0#0#3,000,000
Generali - Autocarro trasporto cose#433#2010-03-15#Conto proprio#0#150#00000#NA#Napoli#1a immatricolazione dopo l’acquisto del veicolo#BM##0#0#0#0#0#0#0#0#3,000,000
Generali - Autocarro trasporto cose#434#2010-03-15#Conto proprio#0#220#00000#NA#Napoli#1a immatricolazione dopo l’acquisto del veicolo#BM##0#0#0#0#0#0#0#0#3,000,000
Generali - Autocarro trasporto cose#435#2010-03-15#Conto proprio#0#360#00000#NA#Napoli#1a immatricolazione dopo l’acquisto del veicolo#BM##0#0#0#0#0#0#0#0#3,000,000
Generali - Autocarro trasporto cose#436#2010-03-15#Conto proprio#0#370#00000#NA#Napoli#1a immatricolazione dopo l’acquisto del veicolo#BM##0#0#0#0#0#0#0#0#3,000,000
Generali - Autocarro trasporto cose#437#2010-03-15#Conto proprio#0#500#00000#NA#Napoli#1a immatricolazione dopo l’acquisto del veicolo#BM##0#0#0#0#0#0#0#0#3,000,000
Generali - Autocarro trasporto cose#438#2010-03-15#Conto proprio#0#600#00000#NA#Napoli#1a immatricolazione dopo l’acquisto del veicolo#BM##0#0#0#0#0#0#0#0#3,000,000
Generali - Autocarro trasporto cose#439#2010-03-15#Conto Terzi#0#10#00000#NA#Napoli#1a immatricolazione dopo l’acquisto del veicolo#BM##0#0#0#0#0#0#0#0#3,000,000
Generali - Autocarro trasporto cose#440#2010-03-15#Conto Terzi#0#15#00000#NA#Napoli#1a immatricolazione dopo l’acquisto del veicolo#BM##0#0#0#0#0#0#0#0#3,000,000
Generali - Autocarro trasporto cose#441#2010-03-15#Conto Terzi#0#16#00000#NA#Napoli#1a immatricolazione dopo l’acquisto del veicolo#BM##0#0#0#0#0#0#0#0#3,000,000
Generali - Autocarro trasporto cose#442#2010-03-15#Conto Terzi#0#25#00000#NA#Napoli#1a immatricolazione dopo l’acquisto del veicolo#BM##0#0#0#0#0#0#0#0#3,000,000
Generali - Autocarro trasporto cose#443#2010-03-15#Conto Terzi#0#16#00000#NA#Napoli#1a immatricolazione dopo l’acquisto del veicolo#BM##0#0#0#0#0#0#0#0#3,000,000
Generali - Autocarro trasporto cose#444#2010-03-15#Conto Terzi#0#30#00000#NA#Napoli#1a immatricolazione dopo l’acquisto del veicolo#BM##0#0#0#0#0#0#0#0#3,000,000
Generali - Autocarro trasporto cose#445#2010-03-15#Conto Terzi#0#35#00000#NA#Napoli#1a immatricolazione dopo l’acquisto del veicolo#BM##0#0#0#0#0#0#0#0#3,000,000
Generali - Autocarro trasporto cose#446#2010-03-15#Conto Terzi#0#60#00000#NA#Napoli#1a immatricolazione dopo l’acquisto del veicolo#BM##0#0#0#0#0#0#0#0#3,000,000
Generali - Autocarro trasporto cose#447#2010-03-15#Conto Terzi#0#70#00000#NA#Napoli#1a immatricolazione dopo l’acquisto del veicolo#BM##0#0#0#0#0#0#0#0#3,000,000
Generali - Autocarro trasporto cose#448#2010-03-15#Conto Terzi#0#90#00000#NA#Napoli#1a immatricolazione dopo l’acquisto del veicolo#BM##0#0#0#0#0#0#0#0#3,000,000
Generali - Autocarro trasporto cose#449#2010-03-15#Conto Terzi#0#120#00000#NA#Napoli#1a immatricolazione dopo l’acquisto del veicolo#BM##0#0#0#0#0#0#0#0#3,000,000
Generali - Autocarro trasporto cose#450#2010-03-15#Conto Terzi#0#150#00000#NA#Napoli#1a immatricolazione dopo l’acquisto del veicolo#BM##0#0#0#0#0#0#0#0#3,000,000
Generali - Autocarro trasporto cose#451#2010-03-15#Conto Terzi#0#220#00000#NA#Napoli#1a immatricolazione dopo l’acquisto del veicolo#BM##0#0#0#0#0#0#0#0#3,000,000
Generali - Autocarro trasporto cose#452#2010-03-15#Conto Terzi#0#360#00000#NA#Napoli#1a immatricolazione dopo l’acquisto del veicolo#BM##0#0#0#0#0#0#0#0#3,000,000
Generali - Autocarro trasporto cose#453#2010-03-15#Conto Terzi#0#370#00000#NA#Napoli#1a immatricolazione dopo l’acquisto del veicolo#BM##0#0#0#0#0#0#0#0#3,000,000
Generali - Autocarro trasporto cose#454#2010-03-15#Conto Terzi#0#500#00000#NA#Napoli#1a immatricolazione dopo l’acquisto del veicolo#BM##0#0#0#0#0#0#0#0#3,000,000
Generali - Autocarro trasporto cose#455#2010-03-15#Conto Terzi#0#600#00000#NA#Napoli#1a immatricolazione dopo l’acquisto del veicolo#BM##0#0#0#0#0#0#0#0#3,000,000
Generali - Autocarro trasporto cose#456#2010-03-15#Conto proprio#0#10#00000#NA#Napoli#veicolo già assicurato con atr#BM#12#0#0#0#0#0#0#0#0#3,000,000
Generali - Autocarro trasporto cose#457#2010-03-15#Conto proprio#0#10#00000#NA#Napoli#veicolo già assicurato con atr#BM#12#1#0#0#0#0#0#1#0#3,000,000
Generali - Autocarro trasporto cose#458#2010-03-15#Conto proprio#0#10#00000#NA#Napoli#veicolo già assicurato con atr#BM#12#0#1#0#0#0#0#1#0#3,000,000
Generali - Autocarro trasporto cose#459#2010-03-15#Conto proprio#0#10#00000#NA#Napoli#veicolo già assicurato con atr#BM#12#0#0#1#0#0#0#1#0#3,000,000
Generali - Autocarro trasporto cose#460#2010-03-15#Conto proprio#0#10#00000#NA#Napoli#veicolo già assicurato con atr#BM#12#0#0#0#1#0#0#1#0#3,000,000
Generali - Autocarro trasporto cose#461#2010-03-15#Conto proprio#0#10#00000#NA#Napoli#veicolo già assicurato con atr#BM#12#0#0#0#0#1#0#1#0#3,000,000
Generali - Autocarro trasporto cose#462#2010-03-15#Conto proprio#0#10#00000#NA#Napoli#veicolo già assicurato con atr#BM#12#0#0#0#0#0#1#1#0#3,000,000
Generali - Autocarro trasporto cose#463#2010-03-15#Conto proprio#0#10#00000#NA#Napoli#veicolo già assicurato con atr#BM#12#0#0#0#0#0#0#0#0#3,000,000
Generali - Autocarro trasporto cose#464#2010-03-15#Conto proprio#0#10#00000#NA#Napoli#veicolo già assicurato con atr#BM#12#1#0#0#0#0#0#1#0#3,000,000
Generali - Autocarro trasporto cose#465#2010-03-15#Conto proprio#0#10#00000#NA#Napoli#veicolo già assicurato con atr#BM#12#0#1#0#0#0#0#1#0#3,000,000
Generali - Autocarro trasporto cose#466#2010-03-15#Conto proprio#0#10#00000#NA#Napoli#veicolo già assicurato con atr#BM#12#0#0#1#0#0#0#1#0#3,000,000
Generali - Autocarro trasporto cose#467#2010-03-15#Conto proprio#0#10#00000#NA#Napoli#veicolo già assicurato con atr#BM#12#0#0#0#1#0#0#1#0#3,000,000
Generali - Autocarro trasporto cose#468#2010-03-15#Conto proprio#0#10#00000#NA#Napoli#veicolo già assicurato con atr#BM#12#0#0#0#0#1#0#1#0#3,000,000
Generali - Autocarro trasporto cose#469#2010-03-15#Conto proprio#0#10#00000#NA#Napoli#veicolo già assicurato con atr#BM#12#0#0#0#0#0#1#1#0#3,000,000
Generali - Autocarro trasporto cose#470#2010-03-15#Conto Terzi#0#10#00000#RM#Roma#1a immatricolazione dopo l’acquisto del veicolo#BM##0#0#0#0#0#0#0#0#3,000,000
Generali - Autocarro trasporto cose#471#2010-03-15#Conto Terzi#0#35#00000#RM#Roma#1a immatricolazione dopo l’acquisto del veicolo#BM##0#0#0#0#0#0#0#0#3,000,000
Generali - Autocarro trasporto cose#472#2010-03-15#Conto Terzi#0#60#00000#RM#Roma#1a immatricolazione dopo l’acquisto del veicolo#BM##0#0#0#0#0#0#0#0#3,000,000
Generali - Autocarro trasporto cose#473#2010-03-15#Conto Terzi#0#70#00000#RM#Roma#1a immatricolazione dopo l’acquisto del veicolo#BM##0#0#0#0#0#0#0#0#3,000,000
Generali - Autocarro trasporto cose#474#2010-03-15#Conto Terzi#0#90#00000#RM#Roma#1a immatricolazione dopo l’acquisto del veicolo#BM##0#0#0#0#0#0#0#0#3,000,000
Generali - Autocarro trasporto cose#475#2010-03-15#Conto Terzi#0#120#00000#RM#Roma#1a immatricolazione dopo l’acquisto del veicolo#BM##0#0#0#0#0#0#0#0#3,000,000
Generali - Autocarro trasporto cose#476#2010-03-15#Conto Terzi#0#150#00000#RM#Roma#1a immatricolazione dopo l’acquisto del veicolo#BM##0#0#0#0#0#0#0#0#3,000,000
Generali - Autocarro trasporto cose#477#2010-03-15#Conto Terzi#0#220#00000#RM#Roma#1a immatricolazione dopo l’acquisto del veicolo#BM##0#0#0#0#0#0#0#0#3,000,000
Generali - Autocarro trasporto cose#478#2010-03-15#Conto Terzi#0#360#00000#RM#Roma#1a immatricolazione dopo l’acquisto del veicolo#BM##0#0#0#0#0#0#0#0#3,000,000
Generali - Autocarro trasporto cose#479#2010-03-15#Conto Terzi#0#370#00000#RM#Roma#1a immatricolazione dopo l’acquisto del veicolo#BM##0#0#0#0#0#0#0#0#3,000,000
Generali - Autocarro trasporto cose#480#2010-03-15#Conto Terzi#0#500#00000#RM#Roma#1a immatricolazione dopo l’acquisto del veicolo#BM##0#0#0#0#0#0#0#0#3,000,000
Generali - Autocarro trasporto cose#481#2010-03-15#Conto Terzi#0#600#00000#RM#Roma#1a immatricolazione dopo l’acquisto del veicolo#BM##0#0#0#0#0#0#0#0#3,000,000
Generali - Autocarro trasporto cose#482#2010-03-15#Conto proprio#0#10#00000#NA#Napoli#1a immatricolazione dopo l’acquisto del veicolo#Franchigia##0#0#0#0#0#0#0#258#3,000,000
Generali - Autocarro trasporto cose#483#2010-03-15#Conto proprio#0#10#00000#NA#Napoli#1a immatricolazione dopo l’acquisto del veicolo#Franchigia##0#0#0#0#0#0#0#516#3,000,000
Generali - Autocarro trasporto cose#484#2010-03-15#Conto proprio#0#10#00000#NA#Napoli#1a immatricolazione dopo l’acquisto del veicolo#Franchigia##0#0#0#0#0#0#0#774#3,000,000
